Cancer_Cells_Patient_001,Regulatory_T_Cells_Patient_001,Effector_T_Cells_Patient_001,Macrophages_Patient_001,Endothelial_Cells_Patient_001,Fibroblast_Patient_001,Cancer_Cells_Patient_003,Regulatory_T_Cells_Patient_003,Effector_T_Cells_Patient_003,Macrophages_Patient_003,Endothelial_Cells_Patient_003,Fibroblast_Patient_003,Cancer_Cells_Patient_017,Regulatory_T_Cells_Patient_017,Effector_T_Cells_Patient_017,Macrophages_Patient_017,Endothelial_Cells_Patient_017,Fibroblast_Patient_017,Cancer_Cells_Patient_028,Regulatory_T_Cells_Patient_028,Effector_T_Cells_Patient_028,Macrophages_Patient_028,Endothelial_Cells_Patient_028,Fibroblast_Patient_028,Cancer_Cells_Patient_037,Regulatory_T_Cells_Patient_037,Effector_T_Cells_Patient_037,Macrophages_Patient_037,Endothelial_Cells_Patient_037,Fibroblast_Patient_037,Cancer_Cells_Patient_043,Regulatory_T_Cells_Patient_043,Effector_T_Cells_Patient_043,Macrophages_Patient_043,Endothelial_Cells_Patient_043,Fibroblast_Patient_043,Cancer_Cells_Patient_044,Regulatory_T_Cells_Patient_044,Effector_T_Cells_Patient_044,Macrophages_Patient_044,Endothelial_Cells_Patient_044,Fibroblast_Patient_044,Cancer_Cells_Patient_050,Regulatory_T_Cells_Patient_050,Effector_T_Cells_Patient_050,Macrophages_Patient_050,Endothelial_Cells_Patient_050,Fibroblast_Patient_050,Cancer_Cells_Patient_098,Regulatory_T_Cells_Patient_098,Effector_T_Cells_Patient_098,Macrophages_Patient_098,Endothelial_Cells_Patient_098,Fibroblast_Patient_098,Cancer_Cells_Patient_104,Regulatory_T_Cells_Patient_104,Effector_T_Cells_Patient_104,Macrophages_Patient_104,Endothelial_Cells_Patient_104,Fibroblast_Patient_104,Cancer_Cells_Patient_107,Regulatory_T_Cells_Patient_107,Effector_T_Cells_Patient_107,Macrophages_Patient_107,Endothelial_Cells_Patient_107,Fibroblast_Patient_107,Cancer_Cells_Patient_108,Regulatory_T_Cells_Patient_108,Effector_T_Cells_Patient_108,Macrophages_Patient_108,Endothelial_Cells_Patient_108,Fibroblast_Patient_108,Cancer_Cells_Patient_114,Regulatory_T_Cells_Patient_114,Effector_T_Cells_Patient_114,Macrophages_Patient_114,Endothelial_Cells_Patient_114,Fibroblast_Patient_114,Cancer_Cells_Patient_128,Regulatory_T_Cells_Patient_128,Effector_T_Cells_Patient_128,Macrophages_Patient_128,Endothelial_Cells_Patient_128,Fibroblast_Patient_128,Cancer_Cells_Patient_148,Regulatory_T_Cells_Patient_148,Effector_T_Cells_Patient_148,Macrophages_Patient_148,Endothelial_Cells_Patient_148,Fibroblast_Patient_148,Cancer_Cells_Patient_161,Regulatory_T_Cells_Patient_161,Effector_T_Cells_Patient_161,Macrophages_Patient_161,Endothelial_Cells_Patient_161,Fibroblast_Patient_161,Cancer_Cells_Patient_171,Regulatory_T_Cells_Patient_171,Effector_T_Cells_Patient_171,Macrophages_Patient_171,Endothelial_Cells_Patient_171,Fibroblast_Patient_171,Cancer_Cells_Patient_174,Regulatory_T_Cells_Patient_174,Effector_T_Cells_Patient_174,Macrophages_Patient_174,Endothelial_Cells_Patient_174,Fibroblast_Patient_174,Cancer_Cells_Patient_176,Regulatory_T_Cells_Patient_176,Effector_T_Cells_Patient_176,Macrophages_Patient_176,Endothelial_Cells_Patient_176,Fibroblast_Patient_176,Cancer_Cells_Patient_179,Regulatory_T_Cells_Patient_179,Effector_T_Cells_Patient_179,Macrophages_Patient_179,Endothelial_Cells_Patient_179,Fibroblast_Patient_179,Cancer_Cells_Patient_180,Regulatory_T_Cells_Patient_180,Effector_T_Cells_Patient_180,Macrophages_Patient_180,Endothelial_Cells_Patient_180,Fibroblast_Patient_180,Cancer_Cells_Patient_210,Regulatory_T_Cells_Patient_210,Effector_T_Cells_Patient_210,Macrophages_Patient_210,Endothelial_Cells_Patient_210,Fibroblast_Patient_210,Cancer_Cells_Patient_211,Regulatory_T_Cells_Patient_211,Effector_T_Cells_Patient_211,Macrophages_Patient_211,Endothelial_Cells_Patient_211,Fibroblast_Patient_211,Cancer_Cells_Patient_212,Regulatory_T_Cells_Patient_212,Effector_T_Cells_Patient_212,Macrophages_Patient_212,Endothelial_Cells_Patient_212,Fibroblast_Patient_212,Cancer_Cells_Patient_213,Regulatory_T_Cells_Patient_213,Effector_T_Cells_Patient_213,Macrophages_Patient_213,Endothelial_Cells_Patient_213,Fibroblast_Patient_213,Cancer_Cells_Patient_230,Regulatory_T_Cells_Patient_230,Effector_T_Cells_Patient_230,Macrophages_Patient_230,Endothelial_Cells_Patient_230,Fibroblast_Patient_230,Cancer_Cells_Patient_232,Regulatory_T_Cells_Patient_232,Effector_T_Cells_Patient_232,Macrophages_Patient_232,Endothelial_Cells_Patient_232,Fibroblast_Patient_232,Cancer_Cells_Patient_236,Regulatory_T_Cells_Patient_236,Effector_T_Cells_Patient_236,Macrophages_Patient_236,Endothelial_Cells_Patient_236,Fibroblast_Patient_236,Cancer_Cells_Patient_237,Regulatory_T_Cells_Patient_237,Effector_T_Cells_Patient_237,Macrophages_Patient_237,Endothelial_Cells_Patient_237,Fibroblast_Patient_237,Cancer_Cells_Patient_238,Regulatory_T_Cells_Patient_238,Effector_T_Cells_Patient_238,Macrophages_Patient_238,Endothelial_Cells_Patient_238,Fibroblast_Patient_238,Cancer_Cells_Patient_253,Regulatory_T_Cells_Patient_253,Effector_T_Cells_Patient_253,Macrophages_Patient_253,Endothelial_Cells_Patient_253,Fibroblast_Patient_253,Cancer_Cells_Patient_255,Regulatory_T_Cells_Patient_255,Effector_T_Cells_Patient_255,Macrophages_Patient_255,Endothelial_Cells_Patient_255,Fibroblast_Patient_255,Cancer_Cells_Patient_257,Regulatory_T_Cells_Patient_257,Effector_T_Cells_Patient_257,Macrophages_Patient_257,Endothelial_Cells_Patient_257,Fibroblast_Patient_257,Cancer_Cells_Patient_262,Regulatory_T_Cells_Patient_262,Effector_T_Cells_Patient_262,Macrophages_Patient_262,Endothelial_Cells_Patient_262,Fibroblast_Patient_262,Cancer_Cells_Patient_265,Regulatory_T_Cells_Patient_265,Effector_T_Cells_Patient_265,Macrophages_Patient_265,Endothelial_Cells_Patient_265,Fibroblast_Patient_265,Cancer_Cells_Patient_275,Regulatory_T_Cells_Patient_275,Effector_T_Cells_Patient_275,Macrophages_Patient_275,Endothelial_Cells_Patient_275,Fibroblast_Patient_275,Cancer_Cells_Patient_277,Regulatory_T_Cells_Patient_277,Effector_T_Cells_Patient_277,Macrophages_Patient_277,Endothelial_Cells_Patient_277,Fibroblast_Patient_277,Cancer_Cells_Patient_279,Regulatory_T_Cells_Patient_279,Effector_T_Cells_Patient_279,Macrophages_Patient_279,Endothelial_Cells_Patient_279,Fibroblast_Patient_279
70.13,0.71,4.13,0.8,0.7,4.03,66.18,3.37,9.86,5.24,2.05,16.32,28.82,4.58,5.06,5.65,4.68,57.97,9.67,12.8,43,2,9.29,20.44,54.3,5.05,6.92,6.96,4.3,16.46,40.9,10.08,34.68,5.51,2.26,6.58,26.99,3.57,4.92,2.28,2.1,52.24,6.54,8.49,54.38,16.33,4.18,10.08,69.56,1.48,14.14,2.99,1.73,13.89,50.41,2.32,20.323,2.63,1.96,20.54,46.39,7.36,18.17,5.11,3.33,19.64,46.78,8.36,17.75,5.13,0.76,21.54,38.38,6.16,13.56,7.67,3.95,30.54,62.26,1.34,4.81,0.53,2.98,28.06,67.84,2.61,7.45,2.54,0.95,18.6,1.8,7,18.72,44.47,1.28,28.24,62.02,2.34,9.65,1.38,1.58,23.03,15.59,12.77,52.89,4.98,1.76,12.02,18.59,6.78,32.15,12.5,3.98,26.27,19.05,6.35,30.69,14.63,5.2,24.08,34.37,5.25,24.01,6.36,5.52,24.44,55.64,7.5,6.67,9.49,2.06,17.67,69.67,1.77,1.47,0.57,5.12,23.33,30.67,1.77,6.419,13.64,8.02,39.6,44.03,5.59,15.05,28.22,2.47,14.67,46.76,1.87,1.47,0.87,0.67,48.38,68.87,4.65,4.13,8.86,0.83,12.68,52.77,1.32,25.68,1.29,2.97,15.99,55.01,4.66,9.71,1.8,2.84,25.97,37.05,3.2,20.38,13.1,6.61,19.66,72.1,0.505,1.71,0.8,1.61,25.11,67.29,1.7,8.82,0.507,2.08,19.73,42.07,4.1,13.65,2.77,7.17,30.27,51.85,3.4,15.92,1.82,4.03,22.99,80.1,1.9005,9.71,1.501,3.46,3.46,45.7,4.41,13.09,10.2,7.01,19.6,34.64,2.62,5.54,3.42,3.37,50.44,2.01,1.66,4.15,3.32,4.41,83.97
64.6817954833105,0.722598004556965,2.2123900090025,0.664827472123384,0.618563895435302,1.289673062353,59.9029403269114,3.36186073211895,7.52291401543122,3.59629798915865,1.67851628559644,9.13239594676542,54.3333060251927,4.23517415886118,4.48351968832866,4.52456720760267,4.04998526032256,27.7593697351088,11.6226897870896,10.811796648336,45.4886206560448,2.62308724756889,7.64928606878603,16.874150898843,62.5959636344169,4.67740778408777,6.20715964692919,5.20868792512569,3.59138638073913,8.84570796579354,33.3549989781822,8.82286987407774,29.3112188635482,4.1471359127851,2.24300326506206,3.4161145969503,45.8029837033193,3.64777905322964,4.73121647359549,1.90302187095812,1.37533547052687,30.2286067969031,3.66032617857306,7.54787663955988,52.6510361519014,17.5318800529616,3.29181620172525,10.2850246688995,73.587223221399,1.4432239729601,5.30424097701406,2.24639750306794,1.33761732382559,5.3904769779398,44.4393254681438,2.4599328646276,12.6080013355183,2.2888722235031,1.70398134436824,11.3484955402335,46.4565341903951,7.07746782082462,12.52659565016,4.35514350039937,2.65219176847592,11.6723415790022,45.045789627155,6.96614296497601,12.2218997217121,3.80457447445988,0.742741709933718,10.8349767985464,50.1476505360615,5.12896455304248,8.68553247768333,5.94197375569157,3.02138279514227,15.1338870486759,67.8680033485404,1.47694693479866,2.92985250885626,0.502550177006822,2.07863037024532,11.9527773113649,70.960378642023,2.6581409154201,3.94887042493286,1.79169499024697,0.810021846285844,6.85969062098336,2.78239738601016,6.20591970415681,19.8149350349484,46.6369104357817,0.952330096332062,27.416380803187,67.9987763820884,2.10419154191691,5.72159084541155,1.1176336608544,1.41048409840785,10.2121222483939,11.2184178949849,11.7267661930844,47.3592282510854,4.40488678171634,1.66155931808779,9.97641077200034,18.1829153465357,6.520336444239,26.6895925488864,11.3797928942253,3.00899910395663,21.2257780579455,16.9532521729649,6.20801784126571,25.6965623737363,13.6729171810627,4.38089170166828,20.3892476320035,35.2501896209962,5.45969467047849,17.943242958025,5.31984160687688,4.37923905771854,16.5175053404936,54.9245468313548,6.90175886340096,4.86834572407551,7.59297328864796,1.86474566003059,8.20587061717032,74.8423265556578,1.6649744483798,1.00874777098561,0.502791785061069,4.4469876747918,8.60170346129146,47.1627198464721,1.82031043841712,4.97135187631917,12.6877810365261,6.25591148126068,24.0694552786392,48.0136267142355,4.81408736961736,9.83933977248697,21.920808945669,2.19544281206414,7.71680648421988,72.5778431854614,1.74620577409373,1.0052445939355,0.668996590438015,0.584048539006103,20.5906746425181,63.7363367887797,5.01744631080246,2.25134460037522,6.38548800656818,0.721812850319268,5.49756276662704,45.6330289726973,1.45244215228336,16.9758354091935,1.05914846301767,2.3438622329525,9.17768073360785,56.548910001665,4.56590157491103,5.79020080357571,1.38821865695136,2.52442698219952,11.5056873374771,44.7939058183635,3.24466491414498,10.4152309391397,10.9190739903896,5.02279578663492,12.0840445824636,74.7701941112793,0.555931566326302,1.00120162521525,0.634567508511863,1.26370671552505,9.75865496013776,66.2973295372663,1.61177006802355,4.91280213149802,0.503213045817625,1.53979213247668,8.66399635360788,46.4135352464494,3.74992121983571,9.17104232317211,2.18274484707578,6.49008123721721,16.7248158599501,49.8847387213495,3.59454988312387,10.1340733969996,1.47966302943461,3.04577032836256,12.3936227386286,78.2579425388521,1.81893115297642,4.08998193144889,1.09635070658524,2.70918975320443,1.12460121066793,57.9734235122313,4.46980603771591,6.32196401782808,7.34752374197427,6.10141180050947,10.4969054443006,48.5817792813374,2.34178072426583,3.83635255328643,2.81663193775018,2.32415919814786,28.4318992267321,5.98287696822413,1.77722814534405,4.47938967585581,3.9833362011823,3.1751642161177,82.512757112404
59.5939297298989,0.735552567388088,1.26243018988761,0.653982990713766,0.600881914083187,0.913710195084863,51.6836133481859,3.3740917244687,6.0248268713986,2.52233897604762,1.41028565101635,5.55859708388468,68.8218380510299,3.9410683957205,3.62215966899806,2.95751048502152,3.17098686202321,10.3381919005885,13.1381678462921,9.08826965757809,47.086323876524,3.39083147149574,6.36901118425869,13.7026996221863,66.7629468973351,4.35318278322497,5.49398839968413,3.7665039996633,2.99325483946186,4.57390924471844,26.4917658441515,7.91008285141768,25.7977966350741,3.29649439282501,2.30082530437926,2.07499314423541,54.6037617916054,3.72621820466105,4.237777161148,1.38830896489702,0.97670870686032,14.1883400137904,2.09335607437465,6.75430782260506,52.0904390045859,18.711554572876,2.59343354357249,10.7403304069312,75.9526452275229,1.41077150276148,1.92920169055462,1.62299048971306,1.06104337037509,2.07491744450417,37.894448969947,2.60669655407973,8.73154971416851,1.99288447179249,1.55161352045421,6.96458799453773,44.528128124558,6.84377388803909,8.99417280506358,3.62659739701032,2.19314134414108,7.15592734436736,40.7043170235864,5.90195352386214,9.00169572884889,2.80826500614965,0.755219130321671,5.74606800005377,56.2518692381366,4.29091163943797,5.16492586382189,4.40581523046332,2.37985210817799,6.72180828137929,64.0320511117295,1.62054549055017,1.7998388229318,0.513045530843887,1.50735900174337,5.2513533496243,68.2715305552821,2.71011340688388,2.11525717782886,1.24529064068128,0.710369835475461,2.58516300662686,4.20993114992313,5.51186959034646,20.4954094731455,48.6372003929208,0.711701661526319,26.0370299729231,67.4437775757085,1.89401953159576,3.38820468377003,0.873204309922735,1.29468805862031,4.47579851075826,8.27666084912982,10.839680269791,44.4747590328042,3.92220171612022,1.60625250841729,8.74980997101207,17.2864106081132,6.27243989407477,22.7404171835694,10.2448553609364,2.32308028766787,17.4019847912067,15.0456604724789,6.06605973534086,22.2092858919999,12.6811462256131,3.78892041050623,17.9804638615026,34.5828864230691,5.6478324778665,13.6663606936343,4.39949259451421,3.56497032017312,11.3756984287071,50.0582485128021,6.40789382390356,3.73608230931271,6.15124441224256,1.75722483783153,4.03929468312297,69.9503449517116,1.56066926659583,1.02018439650281,0.506144599841847,4.00892348527399,3.22540597889428,58.7162233992787,1.85966230279974,3.3188295888444,10.6838700408589,5.00488583309621,12.3614695221644,49.5452439133438,4.20285149938897,6.44315657213051,16.6818482073436,2.0109968839466,4.04998941027459,82.8090731967234,1.63147283630498,1.00453216287136,0.501329936910193,0.520050897995115,6.92703523226519,55.8908314415542,5.41507001517969,1.33943095225632,4.74241156263551,0.650971578292085,2.67994765513617,39.567897386484,1.59278348544186,12.4098051687062,0.873518482399297,1.91699915080218,5.86016951416792,52.0139504714229,4.47610732405499,3.55913356003519,1.05094017782736,2.33862822853376,5.30873604109835,52.3640863692301,3.2824326418439,4.90189290028439,8.49869657576881,3.89105346239,6.7968011446541,67.2701954807054,0.61044903852203,1.00872665606386,0.501644258698284,1.03564685125824,4.07922067216457,60.9335075049267,1.52478534606247,2.87663124115648,0.524643802390844,1.18240777719399,4.08120813435779,45.5817016789285,3.42643603564101,6.13361674959936,1.65424596923201,6.10135777720882,9.0750268529259,45.0298366153339,3.77694763294487,6.89534479425313,1.19433078394441,2.38824894239154,7.14079740968492,78.2752508980724,1.73746164841193,1.80279443197564,0.79733952226263,2.17315998285616,1.01449430092592,67.3959785426532,4.53308419510412,2.71533005676778,4.91399606774149,5.36620331745461,4.88889793302894,52.5139261307015,2.08721162981333,2.41193576926699,2.12734222840036,1.67000094890568,14.2262296282409,16.4298303141151,1.88467461678926,4.4666946035603,4.56242645112288,2.29112238786847,73.3341365209648
55.4729374993999,0.748805709455732,1.00822209318106,0.65426461761465,0.60087037033806,0.914415830917687,43.5379006769689,3.39877830010541,5.06972911074565,1.82038076001436,1.21628225703643,3.69486496630056,71.9997972968635,3.68807215918254,2.85578575719845,1.80026817118295,2.39953200246565,3.50645099904342,14.1493811997663,7.61379803267304,47.9530135734204,4.31312792368869,5.35329750311396,11.0015469744103,68.3098246617238,4.06796780716,4.87312116496094,2.67701640706527,2.5060647940252,2.33250927608319,20.8842438273178,7.21368517209362,23.4902229857631,2.75275517414278,2.4162295491217,1.43742719763372,53.2498854698731,3.80869103379591,3.74996275544295,0.967909315816013,0.73827193767766,6.43789409090143,1.21498306445599,6.07563834148845,52.0910601373403,19.8543295735332,2.03335941831016,11.3237440341499,77.3713335968124,1.38117854441507,1.04570788037718,1.1525256391779,0.85360162180795,1.04309163063778,31.8549942328758,2.75903169671836,6.62779071819915,1.76034779358547,1.46043068984896,4.71926884742726,41.7193831484395,6.64933217031378,6.76315763303216,3.00450116896557,1.86952992886502,4.58907251959081,35.9905787041301,5.06405455359956,7.11272358924678,2.09886901817353,0.789923707287201,3.27246365416821,58.781303755816,3.60411784336508,2.98438847322874,3.22894922637681,1.91091330888965,2.84001477925009,58.3809011998334,1.7656853578795,1.16848342226959,0.537549898340344,1.12689630621173,2.51900353381349,64.1055062809219,2.7643297900254,1.18514725418923,0.875742244004249,0.635927820936156,1.03449201438135,6.19836424460543,4.90510313269817,20.6599746816471,50.2095285490698,0.534046040596672,24.0647700926243,64.4936082631769,1.7062867819343,2.08161872241025,0.680579465399024,1.21446386783752,2.03963096271706,6.16793011410853,10.0746968374253,43.1295789289945,3.51781741386916,1.57948463468643,7.97517989061931,16.0649824512046,6.04219519414568,19.8663648434415,9.1888217426277,1.82626044367259,14.5582497070156,13.3402127597512,5.92978734504905,19.7300827311718,11.726071253584,3.34360027750303,16.4096139429917,33.1638018536884,5.81926778720968,10.6862997866828,3.63975022660601,2.96090336066673,8.06191087889448,44.4780105830484,5.99273790483716,3.07466291512249,5.12310960725302,1.70830818442729,2.16585490222845,62.2421419085203,1.45955298046588,1.06917277459353,0.52270066417046,3.73214524897787,1.33708756769521,63.7575801856423,1.89524605847325,2.05073269223691,8.49344111799513,4.09691261689592,5.80117038145456,49.6023469917459,3.70962948539709,4.27995568935027,12.6283058760238,1.88423950961035,2.15131156948863,83.2577107567931,1.52485816947672,1.0196421160586,0.507032459509917,0.501819153941158,2.20699709623222,48.2171670514972,5.83515943669391,1.00423724779303,3.65762276957189,0.603809551725371,1.47862831302013,34.4771962810365,1.74120902474352,9.80153924980949,0.728903458763685,1.60637602863257,4.07950403886664,46.0609556186638,4.39121985772071,2.33775706697813,0.805732697935258,2.23455611943767,2.66822386144515,58.8039131210812,3.31864513207123,2.14119792119481,6.28271522913761,3.04487755928536,3.5079477923978,57.6258173690466,0.668811875665768,1.00508065261586,0.500982078676056,0.8808661972121,1.96318903269427,55.0680336722625,1.4402922090843,1.80625288093407,0.529539070487362,0.933392305395622,2.10653103547769,42.2216316955194,3.13120166537699,4.24620784740378,1.24446710829707,5.91093051613278,5.10841285719361,39.5738985132316,3.9493776887973,5.05224361676535,0.97607532986318,1.92541292028689,4.47185095962137,79.4145870827669,1.65713974165543,1.04564964255014,0.57716439001031,1.76388617921343,1.06335317134973,73.8183486337546,4.59589793776126,1.10535246029531,3.1322289931199,4.74345041903407,2.05162986811036,49.1335544819049,1.85833538264838,1.52637866741259,1.56697973785928,1.2470778902244,7.19590080478704,35.9799882676828,1.98513008672526,3.74857414627372,4.7013968598622,1.67075035824842,53.1860076094264
51.844414967183,0.762282891930582,1.00753200359088,0.654086510605673,0.600770118544968,0.91359903819398,36.2129086019021,3.43102049101226,4.4612047994619,1.35156261288803,1.07396916220092,2.66289073036124,70.4564784923896,3.46608086567269,2.2810969614131,1.09898496926537,1.81906233127717,1.19543840251284,14.6991371252776,6.36317912283388,48.2783456814119,5.39181959115858,4.5357361658764,8.77682962527718,68.469556242645,3.81397544739479,4.36273524823166,1.88903298984587,2.11391400792889,1.18984347494493,16.4431671907356,6.66213260254271,21.9729875262762,2.39448637208475,2.5804240919072,1.10573649029597,47.7780325991625,3.89474607702082,3.39690964947133,0.683879474507296,0.582267811877661,3.1434800212987,1.02819542986303,5.48829971794124,52.2877929843799,20.9426293248353,1.58142240433243,11.9514186084718,78.0756654190182,1.35387897930604,1.59645039680127,0.810732634752955,0.695196232561662,1.51220864612104,26.6077456860885,2.91594028970276,5.42459690572889,1.58309582222031,1.40884654075798,3.48699510424714,38.6292454036809,6.48611985301471,5.32495160258558,2.49897125678549,1.63352027426942,3.09196064534025,31.6523669938322,4.38829046676504,5.98205240716938,1.59590857704555,0.843459609409856,1.99772039283258,59.7045994127354,3.03640433459022,1.71231488318915,2.37344330105797,1.55376685031023,1.17719103325755,52.3927637803353,1.92303394699449,1.01388797543579,0.50738810966454,0.862050895149185,1.32179968382541,60.0897416412958,2.81962094994407,1.06882753369608,0.627673572975448,0.577750607768529,1.11180208726096,8.82131004159485,4.37835894860203,20.2409987850169,51.0466282983275,0.500612346999029,21.5216844444133,60.9865475275374,1.53824952353099,1.33880791337287,0.535835718744091,1.159007119477,1.08996584451813,4.5997145870139,9.40734689061257,42.7803189603892,3.17876959663047,1.57314440344903,7.47741101984709,14.6735460358155,5.83103894009516,17.7714736173005,8.25015124180026,1.45808211432445,12.4646491942047,11.8322919023886,5.80161045678055,17.9484824330418,10.8404588212767,2.99748691514956,15.4154503617312,31.4702873158638,5.97654558061336,8.59266288450841,3.02925757599893,2.49796364532247,5.89535281325266,39.3176589065541,5.63811450770443,2.7053379142086,4.39199122471992,1.70106660369542,1.26262886340096,54.5520018522659,1.36308126168797,1.01219742131935,0.504318191232224,3.5693426746461,1.01960859833703,64.4679760608938,1.92988854177804,1.24459012583036,6.61026594589944,3.42267321824211,2.66145999745236,48.8203824941281,3.30190866249863,2.90113908361701,9.58526540347909,1.79696304864786,1.16604683490552,80.6798689948281,1.42607080794376,1.01967461958792,0.506019492648019,0.501135066145295,1.03117694253283,41.3706827603541,6.27077622770208,1.0018531749904,2.92356513378464,0.572427678384827,1.00266449010823,30.1783727155821,1.89777847329893,8.2330902382295,0.616425176709833,1.37013579100163,3.04948744091458,40.3537280843146,4.31135513154969,1.64590318294218,0.631061980767338,2.18616051822202,1.46657186267993,63.8104617998691,3.35465274457053,1.01925247928786,4.47827068726062,2.39391611756304,1.68208722820668,48.5890883688999,0.731236231705742,1.00282315810608,0.500549827276445,0.772564024705223,1.08968074662956,49.8052510980392,1.35878391621698,1.21127758715682,0.514447302587324,0.752569579136563,1.18391711437842,38.0433473512052,2.86351305801023,3.08822874131278,0.943914091556855,5.86336450305085,3.05108936796226,34.4047834993118,4.11298237149728,3.9667292161082,0.812653058250903,1.58596572478948,3.03815651247689,80.5996610465142,1.57849195200232,1.00476184720297,0.500947626630235,1.44202364010026,1.00662147428583,77.8017998305744,4.65317091065618,1.00046065539928,1.94168966939324,4.20403497408966,1.00044179606165,42.9533230038333,1.65390846683432,1.02646689607575,1.16661955417017,0.962638239216041,3.93922512772273,55.540567992097,2.08311318388637,2.48695785741351,4.17235573358799,1.24623375877772,29.4519271005028
48.5997480195153,0.775979049558417,1.00426220730818,0.652426395583108,0.600423313223042,0.907797898680272,29.9019257664801,3.46774664536266,4.0796687913633,1.02947355741746,0.96769361004674,2.05889377428367,67.8958370913944,3.26804492304739,1.86366604318088,0.688068634492906,1.39682488285233,1.02319777032662,14.8887717366122,5.30801013664778,48.2302043571302,6.61736809524501,3.86886245257992,6.98560867492295,68.0572303549941,3.58526509905907,3.95078822094087,1.33057078000916,1.79768483093542,0.903017617183234,12.9562292412895,6.21261325562113,20.990136082573,2.15272430414116,2.78892520922774,0.923617015596376,41.5960026019707,3.98306040900036,3.1814401074882,0.502341647584416,0.501541339622232,1.70345171346155,1.05836046113641,4.975545617354,52.381748165437,21.942192407709,1.21778046757072,12.5403401717572,77.7491041474273,1.32917580873474,5.80240030641124,0.56138868973298,0.581430250751429,5.27903283853081,22.1565129682524,3.07654357125656,4.72198906015104,1.44907142541538,1.38477808853851,2.77304739672471,35.5440913080471,6.34785497889986,4.37828563595246,2.09564361919202,1.45658347045994,2.18801711598674,27.8518521534227,3.83294154762817,5.30390077132972,1.23471845957921,0.914652730937569,1.29739077535831,60.2098057077229,2.56384606915496,1.00125434233322,1.75783002908621,1.27295233317647,1.00200865353113,46.8562470316627,2.0902637935927,1.00121255968846,0.502893175268556,0.672980914174179,1.07813249995479,56.4110204729429,2.87508713248495,1.01042329616835,0.503423201681682,0.53094060212668,1.01722446566139,12.0549824903767,3.92762641093104,19.2319253848801,50.8558443618563,0.506281348070209,18.5196521641165,57.5063179240813,1.38793726219623,1.06211845599103,0.503110864124648,1.12265728851229,1.25033468891159,3.41073459444376,8.81944781029623,43.1237264531574,2.89405844285736,1.58227686780734,7.16188728589831,13.2303809055893,5.63833564473069,16.2499814423538,7.43620613454534,1.17955572019945,10.932216052699,10.509911870073,5.68226136989155,16.6647142606008,10.0362986610912,2.72089308331083,14.8374973353958,29.7476332794194,6.12116273033249,7.0964420419414,2.54189965602579,2.13355632244653,4.44468607145553,34.8533515810139,5.33131889112099,2.52266752043976,3.86506921683178,1.72530373512395,1.01495808976661,47.8119522872123,1.27202840717786,1.0007816938519,0.500301898652768,3.48710073831683,1.00132098155692,62.967341680443,1.96421867033229,1.01684897326571,5.14108763434057,2.91110005273042,1.2403499426777,47.5256247043507,2.95774419782802,2.01143569503139,7.32203942301543,1.73876006937481,1.01580903067719,77.3857640905313,1.33386380893923,1.04834754965634,0.515086755921552,0.502589956567978,1.07740657258336,35.6046578856507,6.71599856093829,1.02014930579604,2.41089344245249,0.551592660775382,1.02987649006108,26.5088977970778,2.06242170255071,7.27244739862814,0.528220341648807,1.18459967771714,2.41975837650659,35.3251392102797,4.23658068683985,1.23372598153768,0.505237801297371,2.17866864679238,1.00768744503845,67.2913923390505,3.38988798588287,1.02067866804558,3.11808999590768,1.88591282110124,1.01774731044013,40.8711691910883,0.797965526401571,1.0096411014464,0.5018748756432,0.694406668867352,1.01344384447706,45.3984872681892,1.28016714729228,1.00462916835455,0.502227303180196,0.616567775271629,1.00676514057673,33.8382186136345,2.62184800286428,2.36479016567797,0.726326140570501,5.92617481769131,1.94353106718091,29.7891861690644,4.26841998408235,3.30952280112637,0.689745011269379,1.3287584204964,2.22137802958302,81.6443692153084,1.50180621295967,1.06386000635384,0.51266899542869,1.1852020905127,1.08908490903865,80.5825491065768,4.70140534267262,1.00131134286576,1.1859889068062,3.72809953131478,1.0012793783561,36.3311357986443,1.47175482075693,1.01331237225114,0.889720944774713,0.764004755573243,2.37887195245798,63.3678371428973,2.18283234484461,1.41033023477841,3.31557808735005,0.959519122374615,13.7218215868689
45.6816227030897,0.78989694001813,1.00920004058969,0.655468759891731,0.600862545749271,0.917845803068624,24.5796993821799,3.5069583596035,3.8531865882241,0.801680727410278,0.886877452920529,1.68947650111428,65.4962917071454,3.08930609183543,1.55453221085819,0.501521900784825,1.08684607193483,1.00699487575101,14.8321987604589,4.42059257257159,47.9347694566976,7.96599074254634,3.31812507257571,5.56211758810969,67.6128090556955,3.37743010740616,3.61564635685299,0.937689194584741,1.53998650281876,0.909614760525737,10.2288604100663,5.8379914399246,20.3810089893605,1.98758126654904,3.03908691437331,0.903688647357956,35.8873786906169,4.07241009048965,3.0772281625428,0.51386387788161,0.509368175303167,1.04894508845534,1.05065482636842,4.52494031540061,52.3565308921701,22.8526126902197,0.928547872618162,13.0836447844609,78.4189994635134,1.30405337172856,3.82500666366532,0.50021559085056,0.500132271202323,3.53936466855932,18.4184321864584,3.24001409092861,4.32252128766258,1.34794971738692,1.38092464546323,2.34557600465153,32.5904286798903,6.22971357859229,3.74638941396708,1.77511096073695,1.3210099350067,1.62241904126466,24.5644821559796,3.36967430585063,4.91507438221871,0.970743607486778,1.0035887322594,1.08445189271498,60.679368355125,2.16833228871142,1.02260063225614,1.31170454352679,1.04668060237782,1.03626783852266,42.5534032307211,2.26378292111237,1.03558212877318,0.525556670132729,0.532173389061086,1.07639492110417,53.0793441989787,2.92974816991633,1.00166989636862,0.500568334928024,0.500136911812066,1.00280578528118,15.7267201682881,3.54728649884058,17.7097296307657,49.4383357689196,0.510435258392508,15.2637485192279,54.7498632724921,1.2523063349832,1.01888069240147,0.505595126087815,1.09630713697317,1.03359068162956,2.50305005665207,8.29715831520569,43.9711895620654,2.65460294133547,1.60362723642442,6.97271711961052,11.8150468390879,5.46260014091548,15.1574180970485,6.7393148866375,0.964947934310495,9.81722309146517,9.35802656773344,5.5716190639481,15.7463574754268,9.31484238554501,2.49434958697135,14.5732917048482,28.1081694966723,6.25414575820971,6.00586348626217,2.15164904403318,1.84036268191369,3.44697143126251,31.1434872897117,5.06322155051931,2.46830955026452,3.47972758753562,1.77352468235557,1.04670874905415,41.9382312690076,1.18672334297301,1.0204303820985,0.508753585874507,3.46899589161691,1.03631940896038,60.4740205239608,1.99806832290551,1.04962738504153,4.03827960528334,2.51471588225401,1.0797322176514,46.3648759978387,2.66225400544231,1.42594262043453,5.64478667650936,1.69903593968467,1.03237775655625,74.2347678689112,1.24809356791253,1.23777890436448,0.57596412425147,0.511549410589962,1.38544147440533,30.7971587572551,7.16543612486242,1.00690954565952,2.03987929079093,0.538148170025949,1.01064006785775,23.3429415358168,2.23486488693836,6.69889130119729,0.505538280311644,1.03521035191763,2.02016025056024,31.1227996781863,4.16652653993206,1.00777794783184,0.503557379914466,2.20105033912555,1.01540173611069,70.003963717505,3.4236719074125,1.12647002569229,2.13962052337087,1.48498148060944,1.1107104796502,34.5014565094362,0.869190947272155,1.01515579623501,0.502934506293342,0.636195146767734,1.02162381798862,41.6822986414121,1.20615077697611,1.04723702470744,0.52487088654817,0.515903720235686,1.07114636315044,29.9174542596623,2.4044158111143,1.90091527782937,0.567971682762712,6.0799150985032,1.31739171489604,25.760720006346,4.41609740875581,2.9092890861952,0.596045020713545,1.12863008242278,1.73187316625704,82.5868916776107,1.42760882028995,1.32607378489411,0.56454138554024,0.977988313422319,1.45588406528985,82.6399386082707,4.7395262534324,1.02824138614066,0.715875376125151,3.31127942462522,1.02783253831879,30.1829501656837,1.30961455281317,1.00543605794642,0.697029545789822,0.620602275170202,1.581346935543,61.3597851982958,2.28604593535043,1.00714362506741,2.54280921549629,0.763736878051276,6.30028669326494
43.0437125558088,0.804039181826695,1.00685996417224,0.654278204204721,0.60061461843671,0.9136757580067,20.1436250202111,3.54729327664325,3.73795678801993,0.636116149449889,0.824353192513424,1.45694972426633,63.5187974375158,2.92603546585497,1.3187952981197,0.504877617319321,0.855052436198618,1.02245414364156,14.6292637832214,3.67586811730799,47.4779742085249,9.39889080734593,2.85810805411477,4.4373131236513,67.2076779857872,3.18720452591666,3.33804012440549,0.661316246239005,1.32731179309159,0.925064650386901,8.0979962734013,5.5202256480879,20.0407097889916,1.87499678473732,3.32908380963143,0.902201024543866,31.0171374340074,4.16152865994946,3.06051770521387,0.509764640934933,0.506975729905569,1.031686823259,1.16027476215335,4.12675308793848,52.2235093808744,23.6785606738146,0.70129408797031,13.5832786951785,79.2893937514514,1.279706046405,1.3339280323802,0.50710865825805,0.504083623050059,1.29304997537273,15.2927310694651,3.40554384643042,4.12287912704047,1.27189927492947,1.39258928820908,2.08895224256381,29.8179629532301,6.12798970352707,3.32434055348682,1.51962483314254,1.21537109017888,1.25671806654037,21.72093814294,2.97851971616833,4.7266411937749,0.774322113233261,1.11097081122772,1.01134711555299,60.9674140088151,1.83602017781913,1.09474348219667,0.984762220633769,0.863213285607675,1.15214017545599,39.0241267920383,2.44367190493856,1.00254728052561,0.502150231994004,0.501682049362794,1.00614699587296,50.0416179868329,2.98355894964032,1.05764799406456,0.520378704913828,0.504519609029704,1.09913096914821,19.5221929218964,3.23231082859007,15.8333614929437,46.7906782026603,0.501608372527826,12.0343597014078,52.2241664920635,1.13023451768291,1.0018604142859,0.500566879839096,1.07972449999082,1.00338976521457,1.81170584932375,7.82974268808821,45.1933239012766,2.45298151298708,1.63492612904507,6.87445453327482,10.475730375794,5.30209608693336,14.3916535512309,6.14596182045414,0.796888722868464,9.01474661128614,8.36060878304445,5.46914683358872,15.1032136347203,8.67213072716089,2.30459061603216,14.5548806695389,26.5954841858665,6.37630632937813,5.19538477230992,1.83679522262254,1.60022015662038,2.74225026457868,28.0159214205094,4.82709431005777,2.51232692483971,3.19305120689099,1.84224195148542,1.01701733295958,36.8191641371359,1.10724935365253,1.03521200296347,0.517157357851764,3.504723525619,1.06687233234945,57.8705133630309,2.03122352506072,1.01344894786132,3.21458712137377,2.19960355384514,1.02199025571893,45.1866117624384,2.40512817479821,1.05539936000726,4.38542041795179,1.67442519121381,1.09302932455608,71.2199533019764,1.16825043894292,1.31599628782385,0.603322856593212,0.513758753128361,1.51860209004084,26.7570643584905,7.61406301926513,1.020778871994,1.76267734811448,0.530185608267654,1.03394743281215,20.5871156884363,2.41452662028507,6.39259394204499,0.504499959738654,0.91244225536028,1.76190653880414,27.5736988750722,4.10082371652399,1.00085157054662,0.500439804591047,2.24762459998043,1.0018186910471,72.2484434586199,3.4555279807269,1.02859662142445,1.45161930662042,1.16757574931917,1.02537823826819,29.2133792448259,0.945059040556375,1.019410077199,0.503734679707785,0.59204870691457,1.0286664552481,38.5510919879559,1.13610356041174,1.00120007191691,0.500684112888973,0.500430533723521,1.00185013443703,26.3864762330472,2.2093040963119,1.59652617954815,0.502252812555829,6.31210452236487,1.00617233356798,22.2744459166035,4.55628339191766,2.67409312637125,0.523447132952565,0.969448996450067,1.42728702904462,83.4385327340592,1.35626586953618,1.13789730231811,0.52726493540185,0.809433050599802,1.19299990700098,84.3039278303351,4.76648660651809,1.0752580333693,0.518073474046195,2.93958798656099,1.07477043490597,24.8349141216822,1.16539182698591,1.00127786792075,0.559896788178847,0.513917805496094,1.1450876227253,55.2379866156367,2.39268901138099,1.02933985697436,1.97097245863281,0.626687039653658,3.12002025701093
40.6479069452829,0.818408587614842,1.00841807404551,0.655510152397313,0.600711949181774,0.917501166411809,16.4740199777162,3.58748552191757,3.70642378937598,0.603542618419568,0.775114182573799,1.30910874109133,61.9489801244962,2.77585333840249,1.13328629490887,0.523088414785425,0.678426926339678,1.10708917660404,14.3561606921114,3.05203347403274,46.9158063663058,10.8648922036154,2.47000908195161,3.54917070026589,66.8900969652898,3.01175908664,3.10334484609204,0.630897325648929,1.14964905329743,0.986364628646591,6.42344822883226,5.24685392821975,19.8995645189534,1.79986044842034,3.65826846641059,0.900462445126835,26.9552988284408,4.249725299733,3.11458791933625,0.518364971704341,0.513772671443556,1.05596848170862,1.11846681501542,3.77324658871238,51.9740389346922,24.4223292328364,0.5408942145428,14.0351127849786,79.8924365951246,1.25665440460865,1.0495745840605,0.508336173772009,0.504751958498509,1.04720302680907,12.6837877060909,3.57233110847575,4.0665558981349,1.21520440165437,1.41657265627157,1.94215555666862,27.2403680157801,6.03981060596874,3.04880780195067,1.31472901165525,1.13202971171858,1.02728680125203,19.2712176535054,2.64494907494842,4.68899017650636,0.62577653026919,1.23759040625693,1.04253978308764,61.1260799872201,1.55608091490213,1.06409917052844,0.742848141008588,0.713768478947068,1.10300720194731,36.0861230673101,2.62955198457715,1.02973885933773,0.530429626862436,0.52411567565426,1.08083972205132,47.2739194370564,3.03651105447513,1.01643938291574,0.506020575173149,0.501236245209221,1.02882704111278,23.0683409929951,2.97706654670008,13.8072907131323,43.1318229815175,0.534939483392427,9.1052138753043,49.9067472205466,1.02037965331059,1.01680905581056,0.50527718756911,1.07159795676995,1.03142390122929,1.28994837472056,7.40874205126255,46.6933980232759,2.28314514779531,1.67450800189601,6.84328427770608,9.23830396096187,5.15511167517961,13.8798138805985,5.64151079896559,0.66337702091971,8.4496279569488,7.50170398403419,5.3741234620812,14.6723523661213,8.10194753111424,2.142320864169,14.7354444760658,25.2198634339494,6.48835615894929,4.58248796615334,1.58042524166845,1.40062245046259,2.23191890665671,25.3265269675704,4.61786205466794,2.642638015634,2.97779355837558,1.92959484276082,1.09325922577539,32.3547682655937,1.03354297527915,1.03245547696841,0.518412285893593,3.58775157111125,1.06695947217041,55.2747601931938,2.06352656142411,1.00411992257836,2.59247713798231,1.94582659527053,1.00686917434763,43.8646833280988,2.17909121214814,1.01024882078621,3.43187724461543,1.66350369040649,1.04936126173473,68.3347966088818,1.09387293425622,1.07099639333378,0.52363103686351,0.502812536409303,1.1176362941817,23.3370720156252,8.05721546744038,1.00309817083811,1.54990949659817,0.526386691025537,1.00548282152279,18.1656740685198,2.60088857661235,6.28739643211593,0.509077360308699,0.809893846881342,1.59630415723429,24.525871636546,4.03968409974498,1.01175149418394,0.507044747900769,2.31585040718409,1.02764253004472,74.1044727002877,3.48526491188093,1.04111057407435,0.975301953500284,0.916729408209962,1.03689891981705,24.7988774952367,1.02567312770932,1.01886556426195,0.503593935926756,0.558110100810049,1.02947496308498,35.8783969459629,1.07025057288696,1.01453483018631,0.509088133127601,0.505712100357458,1.02296418323697,23.6354703659942,2.03290678596139,1.39035102205323,0.506892118292572,6.59136048663367,1.04254677441292,19.2654914017352,4.68905955648012,2.55306476796628,0.500866296346364,0.840444390623565,1.23385008753154,84.2089259040819,1.28797833727789,1.29202378160071,0.557705938869123,0.671475484511952,1.40896767614715,85.633470321056,4.78168745416833,1.18971377181383,0.545511424797325,2.61130028145449,1.18972130778132,20.3330474429977,1.03732452219756,1.00418396412487,0.503923206857486,0.503489329958568,1.00906841305865,48.2970222964757,2.50238267613673,1.00095123434762,1.56930103589862,0.527994968693221,1.71370576976215
38.4628369257534,0.833007786983868,1.00226786877546,0.651559695260849,0.600179470373207,0.90495268734033,13.4547402053184,3.62629955068487,3.7407163486683,0.605506457747406,0.735606652343526,1.21661419048528,60.6133847379816,2.63749319659476,1.00699921571076,0.509292300383847,0.541956010903459,1.0325724025939,14.0655079000249,2.53045912010771,46.2854399575687,12.3066228105561,2.13982621020134,2.84636283356408,66.6231710887259,2.84875688091477,2.90127203338023,0.602159472640148,0.999702985410807,0.906018680255594,5.10194905565649,5.00897595251422,19.9100077725004,1.75259097358786,4.02589606620891,0.907218013830061,23.5265075485095,4.33637507194786,3.23001310631163,0.505167398949042,0.504075289588337,1.01448650920646,1.02745847473484,3.45849612613617,51.650676006033,25.108712969036,0.508960630125295,14.4572976692415,80.4357239529398,1.23451393755525,1.09518787181174,0.516021232141898,0.509135077004693,1.09083144009777,10.5077117114293,3.7395775060575,4.12189556331275,1.17373936188096,1.4505724196104,1.8715912311005,24.8835662690391,5.96291950032534,2.88075892883549,1.14931793600917,1.06541771575678,1.00284029519978,17.246131490426,2.35811504170258,4.77230100395797,0.512190650665266,1.38358692404226,1.00869183803907,61.1920296174373,1.31979012317768,1.03327251022192,0.562519910758331,0.591558490944925,1.05351186305978,33.6045608420854,2.82041458489158,1.02352662885001,0.529377574348846,0.52354040986228,1.07298036618943,44.742305754489,3.08855518825456,1.12832467289641,0.549247661867296,0.509088787698022,1.2309929472098,26.0522623201988,2.77490781948654,11.8252707983733,38.8355307157641,0.527295457297681,6.65878005920055,47.7831744559708,0.921490033344149,1.01644293635007,0.50532746522785,1.07081220524381,1.03158498011865,1.0117035379589,7.02741112001912,48.3671355265728,2.13964539924971,1.7208707194878,6.85741198251193,8.11378027438911,5.02007031496138,13.5694049008338,5.21227070618905,0.555968324133862,8.06852669392963,6.76607819600783,5.2857709804008,14.4087350276125,7.59742105138254,2.00085137287227,15.0810453095157,23.9764234210039,6.5909556577887,4.11209262769365,1.36966158738687,1.23269794786537,1.85386167456143,22.9726062180873,4.43160517767378,2.85812405201692,2.81639297146871,2.03449986681094,1.03074791847908,28.4586662176692,0.965444723943991,1.02827688621644,0.519366828102834,3.71402447626684,1.06510202790956,52.7430842089667,2.09488680147726,1.00675210206,2.11711207625793,1.73912835166629,1.01150107031198,42.4242103440574,1.97877710384999,1.00525869534979,2.70907631393557,1.66461829146154,1.00917365148514,65.5731464661739,1.0245429911974,1.03013733232219,0.510262324404454,0.501040049660867,1.05055246497065,20.4229791594166,8.49064889548493,1.01004039686932,1.38279587681701,0.525814137211694,1.02083448791677,16.0201028245429,2.79333149083344,6.34707712572798,0.512646879973686,0.723056581037204,1.49552285434527,21.8908387141968,3.98333829845606,1.03528454438095,0.52571494132899,2.40418711354634,1.0948648917691,75.6531782407304,3.51280089403063,1.15371526005637,0.650078554932368,0.718653965465913,1.13926329759725,21.0964983951712,1.11108932896248,1.01141044729123,0.502133884147737,0.531750238980408,1.01976189769418,33.5725716477353,1.00833165968238,1.02908792551115,0.520020947215811,0.512579011576381,1.04714993844311,20.9500050970948,1.87625183435397,1.24972365674606,0.510475238772002,6.94192154290388,1.02334661538088,16.6700827097608,4.81422028428551,2.51744814438926,0.502782907837459,0.73417320026312,1.11133015069334,84.9835612870836,1.22275461567964,1.20663973346221,0.550953298116352,0.557751979457909,1.25130724072465,86.7028349261781,4.78638024598123,1.27766504321902,0.566559843748976,2.32152495918172,1.27910880556839,16.6413427196416,0.92373707572966,1.00209489395546,0.503021221203375,0.502766024199776,1.00574275233437,41.9021276069069,2.61513519873664,1.02123037282192,1.28614282661283,0.504271593277596,1.04138671448917
36.4622488443398,0.847839525737468,1.00496429800878,0.653591512759196,0.600368791467975,0.910970101636668,10.9761775015428,3.66330309155283,3.82990396660711,0.614541039569307,0.703423788225117,1.16237095552778,59.4387455345511,2.50954194277277,1.00954742500272,0.51396926331388,0.507966491747986,1.0657373557359,13.7905011740068,2.09530258931973,45.6134308202861,13.6687535969741,1.85705165511657,2.28817790975534,66.4259169428644,2.69696930625078,2.72489517070457,0.627198293072173,0.872187258037976,0.975581615675979,4.05697507962916,4.80005378397335,20.0383834282279,1.72697651499745,4.43058783541302,0.937277103882584,20.6017922301661,4.4208881619821,3.40235075619107,0.504096750055741,0.503414416436095,1.01036395096739,1.10281602962059,3.17748127854769,51.2566479593511,25.7653571899161,0.535847888481128,14.8570365860776,80.9313130041769,1.213218799899,1.06973029007225,0.511746157602645,0.50669892107476,1.06666103728832,8.69319319494989,3.90649071685904,4.2711988959104,1.14453382160788,1.49283619594236,1.85833691765234,22.7485324694597,5.89551580253552,2.79532091195779,1.0146619737065,1.01155980021145,1.00986532762135,11.3646265715574,2.10959955545581,4.98299829440809,0.501168668574488,1.58879225580522,5.02385931259014,61.2170605624802,1.11995919511428,1.00624418331223,0.501518993963283,0.501022514670596,1.01004413229415,31.4809772470375,3.01511190050965,1.02765432799074,0.544066384474241,0.535695610158007,1.10199081907283,42.4183735103083,3.13964632442506,1.08773471919806,0.535013120235746,0.505880226416944,1.16149476664242,28.3022566305848,2.61850121374076,10.0257182570552,34.3090177997033,0.520132531304306,4.75269043424657,45.8308888881811,0.832453664399493,1.09928350333964,0.53345751742183,1.07660519183032,1.1973078309997,1.02844932599205,6.68040959423834,50.066384274348,2.01678666566683,1.7723528767847,6.88922624192234,7.10417808424844,4.89596331563586,13.4219967909725,4.8464503349039,0.52293893336519,7.83439630849514,6.13954345417238,5.20331851428052,14.2793810829949,7.15179336422443,1.87528859650793,15.5656230118494,22.8540998306132,6.68473440334476,3.74678047303727,1.19476615817521,1.08998025062264,1.56802422014461,20.8779597033888,4.26522937469518,3.16553668739163,2.6972558868765,2.15634509235228,1.06712540696353,25.0562436166216,0.902737849179601,1.02507721187892,0.521967345370794,3.88114948232056,1.067413873527,50.3009499477472,2.12526619943241,1.05255515375796,1.74952086236195,1.56914729591209,1.09177250591603,40.9884915365611,1.80010884188715,1.01233682610983,2.156930834726,1.67503977539319,1.02190244847851,62.9291963268884,0.959880384172348,1.43716966017981,0.654259967467399,0.511493326200392,1.74782442608023,17.9254680392508,8.91061162402202,1.00823496621716,1.24892125592958,0.527785292620703,1.0248389265704,14.1052960091377,2.99109549315083,6.55354435229639,0.516585848967087,0.64865795227734,1.44335196094535,19.599375089083,3.93197237009242,1.02585492103447,0.523329323694383,2.511725506568,1.08113829010829,76.9639550916737,3.53808306691413,1.10693579193396,0.521071507324671,0.562441723679298,1.09756202008993,17.9792316443989,1.20131256284652,1.0052006052107,0.500921260459285,0.51112437701184,1.01166467250345,31.5627822129401,0.950098217574852,1.03964253929915,0.530146096854387,0.518931094032169,1.06611992131415,18.6164296244377,1.73643835150843,1.15617838586909,0.506146746100938,7.34710736639327,1.01211249217286,14.427220025369,4.93193963196893,2.55149660182113,0.500861548196097,0.645431023196711,1.03701923984729,85.6070432279447,1.16082051296828,1.01362632910131,0.502723855280331,0.501414264892244,1.01894535870525,87.5526096088669,4.78242434781898,1.05270582116913,0.512628346252459,2.06602101343537,1.05317159099923,13.6213119614936,0.822872563897283,1.00313893905102,0.511004646054389,0.510341246666913,1.01626180303085,36.1226090433417,2.73034179632054,1.01109664965928,1.08266788530733,0.500218975882728,1.03135877511437
34.6240326970361,0.862906610317993,1.00016370749421,0.650125032043787,0.600010991217986,0.900385576174092,8.9445485989873,3.69817623222145,3.96699167095895,0.617857225861429,0.676831736791587,1.13599881281559,58.4052233615944,2.39119609601858,1.01109294189612,0.516506815990196,0.509502197782485,1.0782597801105,13.5498607840727,1.73307708461592,44.9207454057756,14.9058852706406,1.61367143048804,1.84306769086997,66.2855421815086,2.55540461480385,2.5690940924032,0.652218910892293,0.763029492394996,1.04479801059028,3.22994353244577,4.61515349407113,20.260044802067,1.71890259857767,4.87009383624307,0.988465858773764,18.0846089817846,4.50268671185624,3.63043654518295,0.504539842442329,0.504010610872023,1.01014722755516,1.00858651977437,2.92531960447512,50.7897286556865,26.384891573249,0.503161125709257,15.231210902607,81.3828533784874,1.19272144340869,1.52228592391529,0.588055452588927,0.550229873043167,1.50033522315599,7.18045603802808,4.07229020449811,4.50492382074544,1.12545433087589,1.54194999288567,1.89177669249242,20.8006953734364,5.83614962683395,2.77762126817683,0.903994715811682,0.967860682251285,1.04489311217272,9.39383805578646,1.89297386784066,5.57626186734104,0.507372248564619,1.79311329908161,5.90977997161448,61.2157169682964,0.95074886784542,1.02108000715632,0.505119478824312,0.503442644285776,1.0339200015218,29.6434622438208,3.21239668561853,1.00662535091882,0.513395300185313,0.510941487913543,1.02925401233141,40.278109166778,3.18974356767538,1.05254776374779,0.52184187982001,0.503306240997282,1.09903753245666,29.7940537505113,2.50047809399043,8.47863724057099,29.8901566755671,0.513497716224471,3.34482076242868,44.0307205747079,0.7522714795231,1.09485723721492,0.533136239689168,1.08841292155459,1.19448178874627,1.18236090139893,6.36340202895184,51.7135300344187,1.91060671782455,1.82803417236256,6.92556198658962,6.20662065013307,4.78296492374746,13.4089571380369,4.53436585418845,0.502930765421166,7.72231081606899,5.609156985237,5.12603632008955,14.2595332243906,6.75879091587556,1.76199990526847,16.1676976375209,21.839956605851,6.77029831608188,3.4606464006656,1.04835244611389,0.967645244042509,1.34796017911458,18.9838542462655,4.11624184151207,3.57834227885807,2.61262191789748,2.29479495974637,1.01965534457652,22.0830067614804,0.845173267902018,1.01954920215599,0.524068798978147,4.08786242215201,1.06649329220057,47.9740513399172,2.15464847889905,1.04605629423916,1.46214637022064,1.42798964310661,1.08247483072896,39.5235348904026,1.64007337249501,1.01760485284961,1.73107314020135,1.69531901546229,1.0318673962482,60.3974573596684,0.899538125713652,1.38022465965866,0.637653118898886,0.507682850850009,1.65977204087341,15.7738671511538,9.31391405455338,1.00032589867742,1.13978293582922,0.53179141182024,1.00445379389355,12.386037450971,3.19329164302248,6.90056900804409,0.513932768451639,0.584263350855108,1.43044099455179,17.6057750052063,3.88562493029012,1.00493988406887,0.505588163547663,2.63753854184885,1.01811345767332,78.1298221856141,3.56075392450659,1.04849816650334,0.509561212270767,0.505647136117497,1.04449191950452,15.3460496801088,1.296298823499,1.0000150658031,0.499912710287187,0.502452446493028,1.00490209730889,29.7955551785714,0.895319402915613,1.0131860878956,0.510982849411006,0.506893280200704,1.0226153533814,16.5797374955748,1.61197975650924,1.09672486965915,0.503705432215339,7.80319748119179,1.00633892101128,12.4840441327783,5.04250450378848,2.64733285224981,0.50261601949811,0.570453828852473,1.00431605522901,86.1771190986123,1.10250936335719,1.05877832122156,0.511744825379132,0.506094619342951,1.08168291606932,88.2193463469386,4.77145757565869,1.05452814911627,0.513060334358103,1.84083385296303,1.05519048742161,11.1508790798074,0.7332527509965,1.00026208349828,0.514917874125093,0.514371590387094,1.01610975076002,29.217168941823,2.82418317610034,3.15497076068879,0.913641357633227,0.679559839243564,4.58114763759064
32.9296646834634,0.878211522004956,1.00329824527455,0.652658484996254,0.600203262007072,0.908128587237325,7.28124958510034,3.73063330919835,4.14750600837484,0.619852806670204,0.654552700308134,1.13101108456502,57.4984915103225,2.28147087395847,1.04957292389674,0.575118262504295,0.543670376195597,1.35896551573658,13.3523148255705,1.43225533897878,44.2249722921406,15.987759007877,1.40345038332155,1.48678007594608,66.1919060911023,2.42318372835807,2.43004201567278,0.677247760431865,0.669079240433255,1.1138514845741,2.57500731077681,4.45047353471693,20.5565540233113,1.72563148241242,5.34121359512372,1.0599794939392,15.901454263327,4.5811874057506,3.91530031518244,0.509576430851437,0.509008640396677,1.01830317916522,1.08807200746551,2.69807091525685,50.257022734173,26.9607363354967,0.534539140931272,15.5797681754098,81.7938211794793,1.17297774373154,1.2080160361217,0.535089689194843,0.520019047906144,1.19953130022093,5.9196995521361,4.23621439021216,4.81838780904884,1.11497951660956,1.59670340660565,1.96626973993998,19.0122793367869,5.78364179256352,2.81960491974832,0.812281242545042,0.932422566078211,1.00144944598233,9.00849325441193,1.70299772530777,6.24056625171999,0.503496743759672,2.00380787163732,5.24367850113299,61.2101063453818,0.807407830886082,1.0273229776678,0.506627813272229,0.504453236275993,1.04396441494128,28.0380641353585,3.41095312520495,1.00971804831272,0.528265859764321,0.523307390010349,1.05753247539827,38.3010605955114,3.23881022082812,1.02217956510453,0.50961800420976,0.501297118538558,1.04286009697828,30.6061774996452,2.4140235686159,7.1981587055341,25.8017115248068,0.507394693517993,2.34275359647905,42.3662768133312,0.680046621703518,1.09038732744227,0.53280386587417,1.10582163680584,1.19158098162718,1.1758344109178,6.07285350349366,53.3002927245304,1.81877411954442,1.88763525443955,6.96605715304668,5.41409726890275,4.67990600319536,13.5085383919888,4.26763892363888,0.516741987857692,7.71339136925989,5.16329527536052,5.05325244403668,14.3300245358624,6.41277159542224,1.65825452416818,16.8681650601364,20.9211804322901,6.84823121837065,3.23542455742678,0.924780842039257,0.862018154353555,1.17580081091925,17.2438157685062,3.98260348098526,4.11667753218701,2.5574046476408,2.4496658116898,1.04686361664185,19.4832079859545,0.792486145686854,1.01220295004583,0.525767498741626,4.33365432300461,1.06296433451778,45.7724668833729,2.18303973892963,1.13656611856705,1.2350057217815,1.30974885951183,1.25137381305752,38.05603584211,1.49622382073546,1.06103430678663,1.40016583959011,1.72500853996975,1.11308962199988,57.9727324645822,0.843198781972204,1.32800912889155,0.621999902247574,0.504475787950061,1.57788420313859,13.9114833139162,9.69797175983792,1.0067635743333,1.04943685816653,0.537448458365858,1.00434626314086,10.8346936815412,3.39891231311681,7.3903711364075,0.511555333933596,0.5280283303561,1.45182393941041,15.8466850476626,3.84468469266913,1.00065523641511,0.501071188414898,2.78225456485935,1.00329477412946,79.1843462294788,3.58293476305348,1.47502775530025,0.593675095691876,0.55537324639313,1.43819307382864,13.1155499704522,1.39603534499512,1.01064749973096,0.502505200331586,0.501798869969864,0.999918053160218,28.229463397095,0.843779936327439,1.06913993179224,0.565584959629364,0.541130333468,1.12378603625556,14.7954388402981,1.50148464861155,1.06325616351891,0.507533474724015,8.306489165437,1.0108484466709,10.7984074659446,5.14600335211507,2.8020481135869,0.502820236429708,0.506442763903933,0.999990839153506,86.7111120537267,1.04765448502898,1.27796409878738,0.555518262619928,0.528792717326377,1.38609460141104,88.7352320080564,4.75490357402093,1.63344534654015,0.65168484560617,1.64234053110187,1.64318993736801,9.12885288365567,0.653575309651496,1.01598972550132,0.511455547803766,0.511280282684603,1.00829228834618,26.0662023648491,2.94697496626261,2.61511978135176,0.820226772664468,0.607089267703628,3.59666073264641
31.3631043373116,0.893757154772552,1.00271088717709,0.652294944598787,0.600148696640112,0.906624062124958,5.92085749807499,3.76041255069615,4.36862595483961,0.620689449778867,0.635629422916292,1.14324095550566,56.7000600835583,2.17947310788019,1.03450977808861,0.553003647853249,0.531035989599351,1.25476759424016,13.2001513111377,1.18296243553791,43.5407525968068,16.9006569764287,1.22143183402746,1.20063285583095,66.163501611289,2.29949672951164,2.30467093233128,0.620153596103425,0.608042285344093,0.946297361212536,2.1034024379721,4.30300996478569,20.9123946585133,1.74517298662179,5.83949383185761,1.1519188890953,13.9956464770681,4.65579131019477,4.25952441712582,0.513541239558327,0.513602176512505,1.02122412791986,1.16183993909045,2.49255447910786,49.6663176259389,27.4875975854492,0.56752760231336,15.903208363,82.1674932038269,1.15394696765438,1.66491151941532,0.612238196763838,0.564043638168198,1.63885746581432,4.86952191756202,4.39752827726278,5.20979736097806,1.11204569123223,1.65600231212155,2.07940250372568,17.3556553508921,5.73701792073622,2.91813401341858,0.735708558957717,0.903902018048465,1.00162855944635,8.50410923513271,1.53571614459848,6.98799612574135,0.509237100897719,2.23751473544977,4.69082720817408,61.2050990043132,0.685907535749598,1.19926858787835,0.548281525607071,0.532414053204224,1.32062737388967,26.6237372593382,3.60943027587283,1.00865622473639,0.542373840460547,0.53524829511448,1.08040914364933,36.4697022452597,3.2868137968621,1.10123909223414,0.54639640946108,0.505307282928269,1.20224977251396,30.8648749274381,2.35321950779749,6.16451813234993,22.1561963406625,0.501796121498577,1.64540724403743,40.8235069671447,0.614975576347614,1.08587829448606,0.532461347850097,1.12853427458167,1.18860881816856,1.16783518917526,5.80575615257573,54.8214299660771,1.73934630549894,1.95090147526045,7.01072013365888,4.71794351686772,4.58544675834549,13.7037685468026,4.03933147446698,0.529622401630785,7.79378107850861,4.79160999260872,4.98435514918268,14.4757931981088,6.10868898277069,1.56203088804026,17.6491929490342,20.0859226456387,6.91909395043352,3.05802109752639,0.819707140945018,0.770248549297473,1.03921592169698,15.620206071063,3.86261656670485,4.80779392176369,2.52846270924149,2.62083191785907,1.01164133171638,17.2085727785363,0.744407678890119,1.00361272165375,0.54579436712448,4.61847364966614,1.09458897190765,43.7123854560401,2.2104444735169,1.0127057136343,1.05368202197527,1.2097177006875,1.02405360997842,36.6048479202759,1.36656978143695,1.0353547293744,1.1411202172877,1.76379641274731,1.06698387076808,55.6500921628524,0.790571402477658,1.28025201925554,0.607245184409136,0.501836392046973,1.50180230018078,12.2906543915367,10.0608020699734,1.03368434879885,0.973652659759913,0.544466910126391,1.00020316148762,9.42991674950969,3.60700928416811,8.03139763193241,0.501805294598112,0.502322063830652,1.50556006463354,14.2964310845089,3.8091901500727,1.00256919475342,0.507635217608263,2.94550814656522,1.02175064926966,80.1446449326719,3.60497721578348,1.48834601438172,0.596321479975612,0.556974871024836,1.45230816026071,11.2200266188769,1.50032487492616,1.04551732761617,0.509735276063382,0.501735447102084,1.01648998746857,26.8320463434757,0.795279211272471,1.02391278058318,0.524842328818129,0.515570207072151,1.0442187382119,13.2274736813903,1.40366276378878,1.05066074005123,0.500376700095768,8.85287859174732,1.00044463539153,9.33191219251934,5.24342373930435,3.01637353848698,0.501822175962544,0.503122017673182,1.0109175024268,87.2108701239619,0.995998745815212,1.50018286487038,0.599863036075615,0.551762222005736,1.69445505697849,89.1280293134898,4.73398190131357,1.36073506607793,0.586374162186386,1.46727477810084,1.36693963516646,7.47181736659862,0.582697055498603,1.05359964311372,0.508433677442343,0.508473332061445,1.00331806689845,23.1433673958856,3.07088633575945,2.24591038776928,0.744410294972085,0.548184272824199,2.95771923647012
29.9107270853877,0.909546163952863,1.00331712413504,0.652994981032089,0.60015711979175,0.908932959984266,4.80925739536937,3.78727029230734,4.62865452885437,0.621532965840914,0.619338974184137,1.17000043589313,55.9947828527416,2.08443194562268,1.02038951351182,0.531709747639063,0.518689075994303,1.15323690407732,13.0918076980393,0.976752880544826,42.8797604997239,17.6454235777388,1.06357690160131,0.97018553864548,66.1485176023086,2.18396774058288,2.19061088813291,0.612726291286886,0.60470365050294,0.935191920217073,2.00278371257753,4.17039269726715,21.2998008397058,1.77410170420818,6.35707436710197,1.26169865902545,12.3225740121565,4.72587760114326,4.66673099082619,0.516598111866668,0.517868713231692,1.01989555994603,1.07438416905046,2.30615686430778,49.0258221884312,27.9615518241507,0.532604710279001,16.2025136007636,82.5069384417745,1.1355913991778,1.34829572507997,0.558818039503645,0.53356512198426,1.33499815349274,3.99552545537891,4.55553080254612,5.67887772456305,1.1159393211539,1.71880875231213,2.23095579642731,15.8178871651547,5.69546203919296,3.07355647705149,0.671420522264666,0.881172856961181,1.00026545986437,7.90879384506613,1.38788313861394,7.83424871202367,0.524301792813139,2.49505388608367,4.23787254100691,61.2006297483598,0.582846465544698,1.12543774918171,0.530369029422464,0.52037713657707,1.20182845915771,25.3684827927355,3.80648015500934,1.00134456702241,0.513907014675514,0.511647074170624,1.02490848777361,34.7689344486004,3.33372600975362,1.07134929108143,0.534267891480907,0.503355732291646,1.14669622757174,30.7034484316577,2.31314510408004,5.34314676026112,18.9847969995186,0.527375349564184,1.16534606395199,39.3902359025655,0.556336233858565,1.04488166725318,0.517632350498454,1.15634017084479,1.10196102031306,1.15843874253139,5.55957424199521,56.2728638475788,1.6707025929379,2.01758260768191,7.0595827263942,4.10900109952012,4.4983997248375,13.9810494116539,3.84380998647469,0.513151779698975,7.95365804586595,4.48498598297782,4.91879638275791,14.6846260265396,5.84207089165479,1.47183775078527,18.4933411084378,19.3312994228035,6.9834220130699,2.91885283096628,0.729792248092004,0.690024230691548,1.00137365805732,14.0822789305897,3.75484173636006,5.6867224358192,2.52419009121678,2.80815426635526,1.03048519586567,15.2230292898812,0.700652771208996,1.00180631425993,0.529462399557128,4.94200808484231,1.05194850929616,41.75265555194,2.23692178843519,1.01095715563966,0.907206135413533,1.12495493665812,1.02143172501497,35.1830724727223,1.24946068585028,1.00927290985507,0.936844901441519,1.81147749516939,1.01799836193782,53.4248615961739,0.74138925727684,1.23670085795488,0.593337403930478,0.499731213456239,1.43120446138397,10.87410327851,10.4010268537209,1.07990240756176,0.9093729005472,0.552610294742559,1.01424693262598,8.1549390473971,3.81712670689091,8.83726270138191,0.500718164722532,0.500992812416775,1.59221475827273,12.9255703357599,3.7792995055788,1.00046363212514,0.506527127109939,3.12738769024024,1.01714813902732,81.016897907772,3.62687878577694,1.50139184169731,0.59891311542872,0.558544174170471,1.4660673195043,9.60734497020443,1.60890771253705,1.10317843969777,0.521115307542107,0.501564717704021,1.06040062228552,25.5775795222759,0.749630143328022,1.04621070558277,0.554851744875132,0.53434888109652,1.08990913791921,11.8459949033741,1.3173258347689,1.05574562752972,0.527779550895324,9.43765834945826,1.02428166313735,8.05336766564278,5.33598955010712,3.29373842909155,0.502450968277191,0.504558134092971,1.04288734148217,87.6782023709419,0.947310718119663,1.15787119457389,0.531511033323616,0.516327044931537,1.21912518501582,89.421289431074,4.70972423891319,1.0861470326701,0.520626099029671,1.31272702087252,1.0877583531899,6.11268727208252,0.519615237725695,1.11126884388204,0.505751854855612,0.505886243785076,1.00052331140571,20.4984711694377,3.19565439844014,1.99213284350243,0.682806279364694,0.508514739675616,2.53677336327763
28.560724966367,0.925581304793436,1.00688517391637,0.65658597840966,0.600268873037563,0.919208424310816,3.9017572610899,3.81097716324137,4.92662902918698,0.622380809523881,0.605127156936798,1.20953208225366,55.3700991408104,1.99567680686864,1.06521472637976,0.602918551326964,0.561116254273309,1.5004838540961,13.0323047913243,0.80643010354955,42.250305106775,18.2351558140183,0.926420223642594,0.940147360301612,66.1671917152221,2.07599886948317,2.08622490913691,0.632877748363658,0.612123810504554,0.990909418074793,2.01275227134615,4.05081159728093,21.6876382701994,1.80853062170939,6.88392000535849,1.38477488250986,10.8466757280605,4.79080115169623,5.14118399820163,0.518870352524644,0.521869419274639,1.01510211790148,1.14668247225358,2.13669677195784,48.3439053423016,28.3800608719929,0.568159103739978,16.4790617887558,82.815038768904,1.11787578717589,1.02979008478423,0.505032583379278,0.502872101679124,1.02867750985731,3.2691047979496,4.70956150920789,6.22587164195671,1.12622287130401,1.784099802859,2.42233892087149,14.3838904662266,5.65828193051066,3.28916558118782,0.617187485534331,0.863409972297292,1.00068095464305,7.24854502291619,1.2568206531039,8.79526400799386,0.511903396405425,2.77667814721298,3.87162639179487,61.2305919986593,0.506647471156508,1.03777416008457,0.50929686531734,0.506724085761256,1.05978846266834,24.2470323692093,4.00079371416875,1.00004049479504,0.567778875079408,0.55727708844509,1.11181581615036,33.1856625943743,3.37952269221091,1.04543149858041,0.522918851235821,0.501868164490203,1.09631877370555,30.266254694805,2.28988991260642,4.69643115848908,16.2707658855282,0.501155400418342,1.00399648345027,38.055888212616,0.503480546892094,1.00981248825421,0.504017358116635,1.1890972213073,1.02311394273704,1.14772617389674,5.33214122976818,57.6516254662521,1.61147752908897,2.08742573915224,7.11269497522143,3.57824042129195,4.41777571814057,14.3291132614349,3.67652612675371,0.527652942846378,8.18619898439243,4.23545917873134,4.85609206332813,14.94624159931,5.60897236938329,1.3865803214887,19.3830840108576,18.8993487294038,7.04167321859774,2.80718416331062,0.653436016888626,0.617404421502564,1.05427827867941,12.6053020929039,3.65803286056366,6.79675831753644,2.54429904406303,3.01141968180045,1.00593250550616,13.4796495663409,0.660988158081462,1.02128834308312,0.500929702851102,5.30503323292366,1.00140285268317,39.9100683563027,2.26249005013813,1.01568184354594,0.787950293128384,1.05253259808233,1.03181511251352,33.811719879088,1.1434980304599,1.03285272662749,0.774689417236565,1.86767000975758,1.05884928633341,51.2926421752896,0.695408468882275,1.19711553866104,0.580227996661786,0.500720082079257,1.36578813199814,9.63295328972641,10.717847439528,1.145362316322,0.854333628681644,0.561673319110266,1.04905999219776,6.9969527257613,4.02823367511884,9.82511346335572,0.501716582241944,0.50265396648562,1.71405318476913,11.7094992564803,3.75518437420799,1.00281305547274,0.515047189290528,3.32802355685903,1.03584357083061,81.8073208620092,3.64863706763203,1.92552788163745,0.682624380862108,0.608166207297853,1.86353853807507,8.23423562530463,1.72146098291249,1.18364679665678,0.536328187000924,0.50144359832071,1.13071663220574,24.4452616911817,0.706657969595684,1.01249319824284,0.516440115756224,0.510288295630229,1.02535654164794,10.6258820639405,1.24138510023453,1.07658482592303,0.520425028506429,10.0554136798455,1.01266174284566,6.93634582445657,5.42367358092391,3.6397437708621,0.501940116772607,0.503909684020564,1.09501856283496,88.114873285117,0.901380035519836,1.38148274122281,0.576117885670599,0.539419871563949,1.52929788675979,89.6347341752987,4.68299559346237,1.66975326650225,0.660375846548204,1.176129655374,1.68338355693339,4.9973898530808,0.500547894411368,1.18839202759149,0.500555959525487,0.500579290547405,1.00330901403422,18.1378296498895,3.32139020890041,1.81886171843764,0.63256385388994,0.500995473142068,2.25934605620937
27.3030025793761,0.941865013615096,1.00178783470353,0.65182084753854,0.60005413290849,0.90529408983806,3.16156201091742,3.83133995405905,5.26207285658644,0.623222295185371,0.603023171974696,1.26070501087277,54.8154224460053,1.91261853208802,1.03273033649914,0.552145705482025,0.531115087650212,1.25461212413781,13.0325879935099,0.665903563038066,41.6536113903176,18.6888696109765,0.806959553025181,0.902699225382272,66.2157906549666,1.9749226573585,1.98999545260984,0.62135566430165,0.607861845256615,0.959057469569363,2.08593949752634,3.94280771197778,22.0739302510615,1.84846810777153,7.41358211207555,1.52240463970206,9.53941552184695,4.8498940716894,5.6874134940672,0.520451463486264,0.525653702252421,1.00748684121235,1.21320137207299,1.98232544919852,47.6288668697782,28.7419129026183,0.604775473222691,16.734534417381,83.0944723676094,1.1007674227747,1.48999590284262,0.582820555401565,0.547271147567521,1.47231555640585,2.66643633949054,4.85900629024385,6.85071700634928,1.14268418996141,1.85083926442645,2.65625008033508,13.0419325542442,5.62488227137026,3.57094060639164,0.571282209200773,0.849960497548151,1.00543404753025,6.54679094257941,1.14029064381924,9.88626680174443,0.5003696773023,3.08192858983142,3.58005993509521,61.2243279365005,0.518944760161972,1.13187339339058,0.531904270714643,0.521397020770816,1.21215871675954,23.2386213506679,4.19113023992629,1.00709904436567,0.540197036763055,0.534172573490163,1.06259108990735,31.7084933963868,3.4241837638979,1.06634020432429,0.535475074406979,0.502238253258348,1.14596402159525,29.7169414890266,2.28012464909665,4.18754216978728,13.9705877263513,0.505789645221604,1.0199313727703,36.8473862419002,0.501822086849114,1.00515232623866,0.502219839513508,1.22591943958156,1.01233895155948,1.13578460926258,5.12159196820017,58.9558004644378,1.56051609479742,2.16017060412293,7.17012158295777,3.11708184074121,4.34274614974971,14.7383113872271,3.53382506642745,0.511624026858376,8.4867637766869,4.03609252684301,4.79581881954479,15.2517481412165,5.4058975700452,1.30547809588048,20.3007917019362,18.2877869416785,7.09431999083205,2.71656414750577,0.58567488504232,0.554824769127858,1.00690852617912,11.1706301791388,3.5710848551951,8.18917291662128,2.58974094262207,3.23028185594073,1.01681768846796,11.9444510866619,0.625172683978133,1.06051339962028,0.502132250529772,5.70793651085888,1.00245115407732,38.1785991326328,2.28718355765118,1.06877705962259,0.689989549601512,0.990328682672533,1.14615511532132,32.4733023243315,1.04749798852028,1.05247366504991,0.644873084732953,1.93272782457549,1.10858937418956,49.249511376041,0.652412523106294,1.16126877169096,0.567867922768652,0.504717320403025,1.30523673552256,8.54338577714404,11.0109860678384,1.23088958157133,0.806824012147241,0.571480480572059,1.10403001269435,5.93103003974463,4.23034658899057,11.0209856428944,0.506117884161568,0.51977602506073,1.87510718436991,10.6268884574643,3.73702690542013,1.01835525549696,0.522583614432507,3.54752581012845,1.0482272244505,82.5220588250311,3.67024973489006,1.78936064148058,0.65578232834892,0.592316669610465,1.73840089534215,7.06415257251312,1.83754225477321,1.2880567587133,0.555179729998428,0.501380018104491,1.22829007499998,23.4181141276166,0.666199411141149,1.0295516940771,0.545385516050896,0.528376048649096,1.06421089323467,9.54578945626965,1.1748469146263,1.11215774124302,0.513691835618767,10.700019095671,1.00499581384988,5.95867923664246,5.50642407555155,4.06178597182135,0.504467191629776,0.509875562720551,1.16756559035269,88.522595247827,0.858015439243605,1.03486458255976,0.506955046346686,0.50360066058191,1.0483615699947,89.7847286398249,4.65451445193427,1.39405997641497,0.59436497002612,1.05523015274505,1.402450964331,4.08230388852759,0.508919741704526,1.2852535794666,0.508688999222661,0.509230806762398,1.02067282919397,16.047221110897,3.44822305717562,1.70376363279476,0.591391026490577,0.500790357867324,2.08078953224277
26.1285307534289,0.958400226583453,1.00055602307016,0.650603304531268,0.600011213208483,0.901730981633063,2.55846229679166,3.84824140017117,5.63481480522414,0.624064937227097,0.602894393722809,1.32281886690632,54.3217834986428,1.83473866863581,1.00159832150354,0.502568936818687,0.501540022711248,1.01259041200461,13.0677219086836,0.60009352697293,41.090444721004,19.02111417666,0.702993791818955,0.905360754998269,66.2883883973989,1.88014785491416,1.90071498888621,0.609818632109339,0.603609968412781,0.927160083843189,2.00200555064113,3.8450569623676,22.4584723679546,1.89419786602291,7.939464373357,1.67643559899899,8.37769207779834,4.90247119148618,6.30979670400406,0.501059332685726,0.50141558179356,1.00001302899935,1.06395139328924,1.84146379361583,46.8887304383517,29.0471663456123,0.532690197517793,16.9708347197952,83.3477374181985,1.08423568271103,1.16981498519802,0.528711109993556,0.516388240159971,1.16381266034204,2.16763154220382,5.00330204392878,7.55234040704743,1.16530181338567,1.91795837196592,2.93647904259946,11.7840900355153,5.59474358192418,3.92739230613636,0.53236331122275,0.840276130243799,1.02983635719,5.82454309863735,1.0364055769518,11.1204687372968,0.513733180904874,3.40950152783745,3.35272854975665,61.2177945574549,0.511120069340423,1.07739277607128,0.51872445176804,0.512557997744244,1.12451325521115,22.3248005031813,4.37634596969985,1.02529091899513,0.513516246993635,0.511558909716073,1.0198703198042,30.3274567806515,3.46769308985094,1.00925547503838,0.50519120708769,0.500253378024464,1.02100536071761,29.1007201533232,2.28142729816026,3.78562216232316,12.0250113904359,0.514139093149857,1.0480047324154,35.6822632697933,0.506739892684665,1.01732940807404,0.507865744452566,1.26767400504476,1.04466259147163,1.12270555912746,4.92631011419335,60.1844534422998,1.51683831945691,2.23554625708819,7.23193870360991,2.71755521429184,4.27260832499128,15.2000498495023,3.41275644322957,0.524370456739039,8.85222410257795,3.88083601733404,4.73760999838306,15.5932762472047,5.22971952961337,1.22800298926394,21.2289568328581,17.7357837341285,7.14192082269986,2.64745013043552,0.52668181399461,0.520731873678311,1.03338080479752,9.76663377562769,3.49299050729995,9.92123515557403,2.66272673388988,3.46419385830113,1.00213540213804,10.592889491398,0.592959452012683,1.11904250618594,0.505516827264438,6.15026592463123,1.00420798678837,36.5516408297473,2.31103728058298,1.02926288660097,0.608851174169579,0.936659937059259,1.06473452246385,31.1813639052021,0.960428526139972,1.00068363431277,0.540336412812554,2.00650353887216,1.00145692217,47.2918443653521,0.612204867433351,1.1289466174881,0.556216064011997,0.511647560364135,1.24926682117679,7.58518131783834,11.2806158479164,1.33806644409931,0.765532195864931,0.581882586512163,1.17964399713563,4.93240835254182,4.40893067714953,12.4644760902212,0.54042195912173,0.614001223220312,2.08406486649059,9.65937820492123,3.72502364106134,1.0461916449884,0.502819470068558,3.78593650076789,1.00550596084197,83.1671156195339,3.69171454098316,1.65096161090689,0.628490012946166,0.57618182568742,1.61035221679978,6.06651196787169,1.95669546773661,1.4184781603352,0.577584400609975,0.501334293574334,1.35540910496903,22.4821612096423,0.628101850334558,1.00510048280668,0.508853481885743,0.505531655833512,1.01174705851395,8.58743044774454,1.11680697327098,1.16211641043178,0.50751037786423,11.3647217393584,1.00081770892557,5.10186678563979,5.58423257815537,4.56873183365615,0.501790102802244,0.504334479572873,1.26171571058599,88.9030277764568,0.817042183150906,1.25978564699989,0.551808002397401,0.526808787356343,1.36023785374992,89.8847421135528,4.62487209596741,1.11765038938789,0.528172376606572,0.948060844898009,1.12025273151365,3.33205183970596,0.518249879689173,1.40274438696635,0.517142544012929,0.518555894307215,1.05116930665241,14.175581999638,3.5606590191206,1.63250275310875,0.556712780288943,0.533166154711815,1.973881610341
25.0296316440981,0.975189335534896,1.00218300398715,0.652499416422746,0.600017397564338,0.906831259564852,2.06754047126056,3.86148480492006,6.04483958626643,0.624891670116848,0.602869634713776,1.39549929059014,53.8816387513325,1.76158264173318,1.04411618311293,0.571719435942328,0.543228887127256,1.3532122409988,12.8626521768023,0.633712949055093,40.6254735329988,19.2248912832129,0.624727392946479,1.11564696195868,66.3801519995,1.79115265621219,1.81742989213731,0.697130233676529,0.635666305507647,1.1688048882655,2.09157612823469,3.75636810650051,22.8409958126179,1.94602947323005,8.45494345932173,1.84889163854597,7.34301414435739,4.94784028833936,7.01208941867052,0.503847436303611,0.505635189454513,1.00804247837353,1.12872288887481,1.71274911651712,46.1310695580438,29.2970202453861,0.569327195814688,17.1900021909905,83.5771432244119,1.06825200699061,1.63270696873971,0.607014304108206,0.561087645864167,1.6109481443434,1.75603742410909,5.14194020810505,8.32805140500999,1.19422196672643,1.98434361610096,3.26778626910229,10.6044049222982,5.56740757349394,4.36957433449984,0.500386391060951,0.83389245173579,1.07398068468467,5.10076463090848,0.943563857134982,12.5073714398369,0.515248988253631,3.75714531720306,3.1808595549555,61.2119508117849,0.547295245590959,1.32911551878351,0.579628476659731,0.553405350169321,1.52950985242933,21.489819553179,4.55542482198669,1.05409807026647,0.564700871805449,0.555764268247613,1.08743209023235,29.033757851667,3.51003829001015,1.06517722467549,0.539340579300352,0.501108394162504,1.15527814107995,28.4383238105943,2.29184319748169,3.46774145704666,10.3791075961,0.504253358720368,1.0142051104624,34.5916852683523,0.517373509670151,1.04003781128436,0.519375267095946,1.31384796228009,1.10916742986129,1.10858296169,4.74488567502974,61.3375347603669,1.47961026544583,2.31326886684446,7.29823096752285,2.37236723397794,4.20676247802998,15.7064417823587,3.31094401013204,0.506846522232298,9.28052387463641,3.76439250997874,4.68115258954536,15.9636913611518,5.07762292598395,1.15382124364431,22.1505548402432,17.2399878698236,7.18611434731957,2.59630663950988,0.501207254079856,0.501221839098452,1.00179872218115,8.39030595722622,3.42280466887647,12.0512293052329,2.7668190720405,3.71232073916826,1.00530368483733,9.40122047699507,0.564124979670434,1.19736886920436,0.504968693383692,6.63138573841283,1.00190786641093,35.0224286591656,2.334085979935,1.06460185984699,0.541117014486774,0.890176585466302,1.15130871723829,29.9466706331199,0.881350760998961,1.00992525365539,0.506207966639962,2.08876046275664,1.022008230229,45.4161624787162,0.574602600195666,1.09994629418115,0.54523368270847,0.521489141821188,1.19762938788798,6.74111920814275,11.5272808587288,1.46917426672768,0.729440865504268,0.592748287179862,1.27730585153222,4.08865245762741,4.61754106703586,14.128159416188,0.518229686182,0.559657651436001,2.34582572150064,8.79174961990164,3.71939128737496,1.08597219695963,0.510292325628675,4.04317918871197,1.01750441162381,83.7482906822429,3.71302932881962,1.51062502280622,0.600803103117471,0.559795100275094,1.47977419146108,5.21547889930016,2.07837177119179,1.57782516477277,0.603542441248761,0.501324523761458,1.51565291964128,21.6258125179395,0.592222564646749,1.01759751420068,0.536871962352733,0.523015649636003,1.04465067181355,7.7351080374225,1.06644402151048,1.22664112829743,0.517897513430999,12.0422782343437,1.00232835089025,4.35039382081696,5.65710776301693,5.170529654105,0.508073698780131,0.522231621054232,1.3794680678237,89.2577711699364,0.778300568065557,1.25926033597035,0.551690246461067,0.526737402576898,1.35941528092376,89.9457377123804,4.59455126831072,1.70270633790475,0.668321028374823,0.852909135699185,1.71880391966925,2.71726683154929,0.501628074591686,1.54227350971383,0.501490580836076,0.501636706748521,1.09351013051206,12.3187050746761,3.55152694266018,1.59878056410727,0.522366232833369,0.97195847619529,1.93048154257642
23.999355156987,0.992235220633126,1.00158793371886,0.651936187040306,0.600022233842624,0.905166856824387,1.6683482242545,3.87087432634044,6.49217913403571,0.625705282743625,0.602835203463115,1.47860838938026,53.4885506328921,1.69274709060805,1.01416179800573,0.523192104359476,0.514029052737799,1.11458471167627,13.0164538987198,0.601497544482018,40.1850560902854,19.4082313092757,0.601097420430196,0.902589296645301,66.4870922973794,1.70747197780986,1.73937314639688,0.685665392015119,0.631435691341815,1.13719755578997,2.18069563356086,3.67565324837271,23.2211692911149,2.00429916305752,8.9536056380235,2.04197333634105,6.4212603728869,4.98531777120207,7.79688226470942,0.505945846698214,0.509671816840258,1.03290684579495,1.18814056933097,1.59498499988169,45.3628769954014,29.4936054733862,0.606522468462685,17.3941240936246,83.7848180200459,1.05278972150167,1.31109614750502,0.552630203494735,0.530044300160964,1.30058343406911,1.41765381838564,5.27446919971826,9.17305290855094,1.22974344288086,2.0488300939271,3.65582185228557,9.49780805499622,5.54229596013565,4.91083170710429,0.501536027745477,0.830228771458828,1.13898050053058,4.3927108340236,0.86039685574759,14.0506850130784,0.527416936284391,4.12161242045012,3.05725357748548,61.206731605398,0.52475293122159,1.17223261788009,0.541671880670396,0.527948788488696,1.2771078229335,20.7210863481462,4.72749643580839,1.09343470021051,0.538642219570821,0.533484620440551,1.04918176059192,27.8196774727389,3.55121080740994,1.01690924055015,0.510782088621495,0.500147976926259,1.04180610504032,27.7475231363712,2.30982750724082,3.21685029140443,8.98524553338605,0.519501919037738,1.06365457967556,33.5695090705102,0.51782369518668,1.0370310249159,0.51909459557284,1.36443983472796,1.10680415601468,1.37048241764736,4.57608212163692,62.4157828322711,1.44812127453775,2.3930403967984,7.36908880470512,2.07491580858698,4.14469499376362,16.2500898714716,3.22648891711565,0.548329409630269,9.77036582268226,3.68208610695791,4.62618405982717,16.3563840969954,4.94705965596423,1.08274123815445,23.0494820594843,16.79090036714,7.22724951556534,2.5602995402821,0.503745793179521,0.503826476305981,1.00516993394499,7.04907408592013,3.35961535655625,14.6289829951399,2.90706316702143,3.97342148451445,1.00009444357765,8.34777727438421,0.538474487622146,1.29678912726665,0.507197552841896,7.15036098030239,0.999828957772236,33.6048999954816,2.35629415608884,1.00947496952865,0.503985472046513,0.849597272632685,1.02281418070266,28.7656541456336,0.809392891112385,1.00084547886934,0.500567352820837,2.17950520172132,1.0019558166882,43.6191005441123,0.539434260547126,1.07407453105655,0.534881656035569,0.534269560638653,1.1500870300745,5.99651881380153,11.751818038463,1.62718532271863,0.697759576497519,0.603957437231308,1.39926363038678,3.33617483712322,4.82052870631649,16.0478876109888,0.50315417862568,0.510186463606497,2.66923346041358,8.01128854171558,3.72036670465444,1.13776374251458,0.51698081386799,4.31901002482066,1.02452776137796,84.2711077294126,3.73419201671362,1.3685758002426,0.572767673762915,0.543184887668022,1.34696028427054,4.48928141833357,2.20197385538961,1.76982466558234,0.633136478519254,0.501197488224778,1.71385813905449,20.8393596659496,0.558428004862568,1.00077092116174,0.501888687750638,0.501178126484802,1.00213420163006,6.97643807923426,1.02298378753977,1.30631214663915,0.504312680728308,12.7245509546683,1.01942034982727,3.69131688722017,5.7250717389067,5.87774473219409,0.505399129629234,0.516763574258836,1.52361046710472,89.5883642132425,0.74164361224868,1.25864441802078,0.551555786607949,0.526657864705187,1.35847340884832,89.9765665191299,4.5639430633222,1.42583347171463,0.602019870307232,0.768287718185531,1.43577693659605,2.2137253254095,0.505317281574881,1.7056902711998,0.504734334562006,0.505286955905918,1.14693842374423,10.9376888520522,3.69024816709783,1.59430869230095,0.50206927413636,0.907995938499783,1.93456664722698
23.0316947088492,1.00954161696736,1.00433710225932,0.655771342536843,0.601073782628957,0.915832363814837,1.34412041190649,3.8762394813467,6.97681624953201,0.626497743324604,0.602810823349943,1.57218330572191,53.1369519655323,1.62787230693443,1.05488419866374,0.590721058268382,0.555129751284885,1.45002163257251,13.1831308938774,0.611233214427158,39.7618646180982,19.518293166435,0.608234873253167,0.919339303956403,66.6059035067496,1.62868968968883,1.66592204265151,0.627954806854474,0.610254582781846,0.977444746327207,2.01280494645339,3.6019146126215,23.5985903303191,2.06937273429594,9.4294930237734,2.25806606191033,5.60070373171401,5.01425005913946,8.66501189427819,0.507409076388101,0.513559044236777,1.07388503880817,1.16151120067654,1.48711523710186,44.5904783055219,29.639812152523,0.595403653743675,17.5852712148882,83.9727016557277,1.03782403199206,1.86373621896209,0.646166980567842,0.58344351389011,1.83522113487689,1.14066187158788,5.40049569159882,10.0801170223172,1.27230916628899,2.11020008520199,4.10706726344492,8.45967420095413,5.51890630645579,5.56681722721166,0.502452500942558,0.82888030331882,1.22698406703098,3.71603962383132,0.785729624650987,15.7461502441645,0.508462834575926,4.4986852854829,2.97609299227914,61.2020675262908,0.567024081559444,1.46630211388793,0.612824615725631,0.575670754123393,1.75025918387942,20.0082385819287,4.8918464927424,1.14354078842969,0.513275168244361,0.51156511486247,1.01590091092455,26.6783921636521,3.59120572555044,1.06179538429539,0.542775212149876,0.500009596502559,1.16170543548134,27.0426193082308,2.33414464348875,3.02017844529738,7.80279901968482,0.510034487958485,1.03200600844169,32.6101322006806,0.518264783792959,1.03404937365758,0.518816148485253,1.41945967630988,1.10445557221373,1.24156699354766,4.41880442456936,63.4205947658134,1.42176145217247,2.47454879538541,7.44460585618633,1.81927578469697,4.08596243682439,16.8239219512626,3.15787908732305,0.530902474656708,10.3209263334143,3.62972847585631,4.57248827106529,16.7651597830681,4.8357051175817,1.01467335072693,23.9110511517364,16.3831382593089,7.26559086499207,2.53737720871665,0.505615635470036,0.505788003934515,1.00718673090553,5.76204157629533,3.30252249717736,17.6808998429325,3.0901200993068,4.24567130577621,1.00656008625713,7.4153834965413,0.515817321779553,1.41925416857957,0.507060839070331,7.70532145385683,1.00834002729204,32.2561219665779,2.37761883981202,1.0139728564512,0.506314869068354,0.814319304927685,1.03647959555101,27.6425497380047,0.743884822877094,1.00606796979942,0.504399246333713,2.27855940053427,1.01471915616475,41.8974255453512,0.506539746150365,1.05114797945512,0.525122251444303,0.550059328890561,1.10639952155918,5.33883043294641,11.9552801842416,1.81577889929947,0.669871174448927,0.615395026490237,1.54859060990969,2.67445539416997,5.01697047221232,18.2291692944289,0.500053127704144,0.500235370772895,3.06600726123285,7.30720226890715,3.72820533705574,1.2019802888848,0.500078054952076,4.61297320461176,1.00009639048801,84.7407652203318,3.75520059836114,1.22500784665089,0.544427168652072,0.526377977095145,1.21216633529934,3.86953638811009,2.32686961434577,1.99901719821256,0.666531225489587,0.502355829308774,1.95616083987025,20.1146077632493,0.526593141401313,1.00926925618273,0.529093829601095,0.518131043724832,1.0298204798849,6.29990010945435,0.985812497803423,1.40220541875467,0.504654175324242,13.4039476040658,1.05257593780773,3.1138164116197,5.78815678821432,6.70087655422597,0.503190552042244,0.511403788939064,1.69771152109307,89.8962840214259,0.706935901071299,1.25795175531828,0.551406827520899,0.526571103276752,1.3574298823019,89.9843947566469,4.53336142825048,1.14888104825679,0.535668002535185,0.692905605324384,1.15242227824184,1.80149334248556,0.531204623771162,1.89523934880104,0.526971480831175,0.530723449486445,1.2110726341546,9.72198975066587,3.827748898543,1.61356244188549,0.502423718582085,0.850747817894721,1.97549959679993
22.1214478519276,1.02711466965587,1.00330028690773,0.654724081502454,0.603624331097011,0.912757818784749,1.08110557731653,3.87742037326277,7.49860381996908,0.62726076344043,0.602816804394715,1.6764032378868,52.8220134838991,1.56663735617848,1.02589357958321,0.54305856900422,0.526242621625783,1.21414435389405,13.3752081040581,0.654068628286593,39.3559523216784,19.5726559624879,0.640015594711339,0.994798014409999,66.7338282068155,1.55443115150603,1.59656442044126,0.722377102136354,0.644875417783388,1.23929749627053,2.10317405476038,3.53422954264677,23.9727847743988,2.14164695562989,9.87730727818178,2.49972407055595,4.87099950374424,5.03404033844019,9.61501556519881,0.50827252736376,0.517347690250761,1.13099339306997,1.13652875995667,1.38820204063656,43.8194820562519,29.7391115735294,0.584009617506745,17.7654452780126,84.2468636191756,1.02322766776819,2.08025017558926,0.720108925773153,0.628616370970832,2.05116097428843,1.00258352691271,5.51968643843488,11.034971658586,1.322273200313,2.16698084962841,4.62624922328902,7.48555083667235,5.49696445991352,6.35545691106871,0.500952456045051,0.829580287387098,1.34125798028952,3.08462029023953,0.718547574967878,17.5794298158156,0.518979109221027,4.8832893085625,2.93270545667896,61.1979074791635,0.609295229613184,1.76031904567802,0.683967619594463,0.623387000916255,2.22333836093242,19.3423150022559,5.047921363164,1.20494950401846,0.562291714030324,0.554675522257889,1.06817502453143,25.6038431119368,3.63002466174921,1.0213702155643,0.515749741787479,0.500914215605376,1.05845180792263,26.3345953946518,2.36379207788254,2.86809377161088,6.7974774583479,0.501001044559342,1.00311134240079,31.7086073101168,0.506397942152011,1.01080515369511,0.506375998440966,1.4789210477106,1.03515663152603,1.10811314273922,4.27207803713642,64.3539239013429,1.40000655188198,2.55746864960724,7.52487682918489,1.60016632834847,4.03017822883368,17.4210902545245,3.10391366197587,0.513359150683343,10.9316104312664,3.60349536161464,4.51989124264962,17.1841936206611,4.74142444021881,0.94959691261091,24.7224643673009,16.0098804538243,7.30128339459058,2.52600259176823,0.504482360169119,0.504658629107326,1.00532667804301,4.55946297112267,3.25062385017696,21.1905758979345,3.32438416361712,4.52631945486983,1.03334539984787,6.58990144699637,0.503199418760762,1.56732817362636,0.50679552993474,8.29331139374532,1.03408793866644,30.9974518929228,2.39798374610723,1.01814756336247,0.508900880053405,0.783397008990027,1.05097701430753,26.5745828212123,0.684233430226966,1.04472351067959,0.53600895089332,2.38587492358362,1.11592918208522,40.3154927438615,0.502488628533089,1.0084795186517,0.505003867754788,0.568463315211321,1.00528055004364,4.75729309966415,12.1388650822301,2.03937507764929,0.645293222271059,0.626945807789787,1.72921033216718,2.10282980280782,5.20644365540901,20.6649141784058,0.500146784612686,0.501115991158411,3.55029538133019,6.67027262878543,3.7431793691748,1.27935104329021,0.506679308606804,4.92436268922362,1.00659991963848,85.1621198679675,3.77605316280885,1.08012859843707,0.515824292177551,0.509399875807789,1.07566468809968,3.34066968770393,2.45234137209046,2.27077521515706,0.703972943511913,0.500891319438238,2.2500837093571,19.4454189607784,0.517097933698652,1.0128415862993,0.554851172424754,0.534249299554679,1.05090475566354,5.69653892252587,0.95427084228565,1.51561251360609,0.501440495699382,14.0721437167365,1.10198488695638,2.60883374086516,5.84640331271359,7.6494586037718,0.506611604687152,0.529353945656847,1.90614510231887,90.1829415500462,0.674053543736449,1.25718963150021,0.551243805757864,0.526477293499707,1.35629757633523,90.0608705275637,4.5022599481928,1.01307493734328,0.503198064946218,0.625008222660433,1.01337888298722,1.46428224821418,0.514967343700787,2.11348186976235,0.512844587175764,0.514607605298115,1.28587755404237,8.65264586070183,3.96356967935983,1.65435368632991,0.50531974169045,0.798985491150709,2.05076932970002
21.2638274319087,1.0449613801229,1.00030413505463,0.650474292135741,0.607587755627208,0.901285065700947,1.00182760614537,3.87421616815112,8.05414386407708,0.600688958527287,0.600072240611952,1.79032084706512,52.5395631720435,1.50875526286398,1.06524839685472,0.609335139608568,0.566881995833857,1.54561645700286,13.5960564527812,0.609551299913431,38.9664741500259,19.583459934228,0.60773730356627,0.915733882526566,66.868567234726,1.48435855329254,1.5308771291214,0.664543312616116,0.623665951539712,1.07905708616605,2.19677776348282,3.4717416436473,24.3432074429535,2.22155246165952,10.2925506772224,2.76964999322586,4.22316652876986,5.04417960261369,10.6426587419055,0.508568153141374,0.521073412133953,1.20482861243583,1.11312359810157,1.29740913918714,43.0547637734222,29.7953906994727,0.572410773981468,17.9365395762165,84.5199653157066,1.00906795963441,1.00467338660506,0.50079685359247,0.504810763127936,1.0045279284849,1.01932056426809,5.63177537650857,12.010566076792,1.37960792165512,2.21728603268688,5.21216662558619,6.57221710303978,5.4762081398294,7.29619983775295,0.501590632174504,0.832100692255103,1.48629765221978,2.51001771039924,0.65797130639521,19.5248337558337,0.503130051558511,5.26970454091022,2.92333133213416,61.1941957882829,0.528035425579799,1.19501501626777,0.547186812631853,0.531648409517549,1.31377970807548,18.7155966434338,5.19532664678006,1.27849392551457,0.537404873186201,0.533002132675756,1.03832830816113,24.5906738448115,3.66767991382786,1.05657840590803,0.545851668465049,0.503191454937817,1.1657214483868,25.6314972652124,2.39794624004325,2.7533262743154,5.94057001238673,0.515317422747226,1.04609888019228,30.8605112083954,0.531455397179918,1.04561540522988,0.529916211808515,1.54283506881654,1.16329189134207,1.38246886243271,4.13503893158836,65.2182124769293,1.38241088740452,2.64146150784653,7.60999533050658,1.41290711890789,3.97700458313583,18.0349604772259,3.06365785915169,0.555840542082502,11.60189137344,3.59982091160061,4.46825707688017,17.6080193287599,4.66225062938563,0.887530638129091,25.4731873952101,15.6655306748525,7.33447117944839,2.52501538947703,0.503385449220027,0.503547442856955,1.00372597074657,3.47688678097831,3.20300935810088,25.0801072418558,3.61981575767111,4.81160778882096,1.08032747467634,5.858817713148,0.500309279198799,1.74417057635924,0.500680236595418,8.90987207222942,1.07697908552792,29.8092976397224,2.41749407766088,1.02685118647142,0.514525270937109,0.756347622827814,1.08239949840201,25.5591257490926,0.629903307325031,1.00830981292121,0.507231560426517,2.50136397551509,1.02265818368301,38.7325302858133,0.504126649914216,1.0283078251649,0.51525787305091,0.590369183485528,1.0624641316125,4.24264490659479,12.3038536403911,2.30318288350782,0.62365177905015,0.638489646277669,1.94596233529759,1.61934874753398,5.38789156625429,23.3323587618278,0.500064754646747,0.501879594523502,4.13802303429365,6.09257730472281,3.76557494443252,1.37090133485063,0.512627530516644,5.25219089654993,1.00903665572396,85.5397006359098,3.79674788543489,1.94089987778816,0.685855565898937,0.610467889465802,1.89018447614643,2.8895241555782,2.57770934395619,2.59132733338716,0.745809240741732,0.502383490107859,2.60465595668231,18.8291708986343,0.500411522238875,1.00023502218943,0.501288884884909,0.500804235595762,1.00111644931278,5.15774898429167,0.92779837117522,1.64821593674951,0.505000344473734,14.7215882903345,1.16850438150327,2.16878299623851,5.89985936201273,8.73096048245346,0.502360769215979,0.512775281858568,2.15413901224554,90.4496811902797,0.6428827622213,1.25635466869679,0.551066292324709,0.526376409974178,1.35507511837682,90.0252748451674,4.47246116634703,1.2678101753451,0.564172742352341,0.564829714825852,1.27440243875108,1.18837742101262,0.503687831061976,2.36344989401873,0.503067797306998,0.503597743756722,1.37132581368407,7.71231734177073,4.09734745658666,1.71556191531277,0.501995153824458,0.751759325367073,2.15976521462643
20.4547264279791,1.06308824217996,1.00287681350495,0.654849265211786,0.612891035110224,0.912829293105519,3.86018285655666,3.90555413393744,8.73394911066104,1.27168146746048,0.604077106689622,1.90411908004451,52.285978366106,1.4539682711059,1.03705385323964,0.562395100434188,0.538258269240543,1.31205845413599,13.8292267489319,0.605230801151925,38.5879249336226,19.5577595834069,0.603928473046423,0.909450777829394,67.0082219465726,1.41816777605537,1.46851122533328,0.606556605833337,0.602404050477367,0.918199567277531,2.02468241427697,3.41365691142837,24.709236084065,2.30955737298068,10.6716058139053,3.0706673547694,3.64938671066609,5.04427951665291,11.7405926996464,0.508322495487236,0.524771849784813,1.29649513528111,1.0912237546639,1.21398641327945,42.3004713664428,29.812778629835,0.560670256531697,18.100304858209,84.6372309039946,0.995462960573403,1.23508525641755,0.539816802274579,0.522734474435649,1.22781657688768,1.04580138221311,5.73656985136424,12.9871560716811,1.44476428214357,2.259799932993,5.86728303813111,5.71786692772194,5.45636579721755,8.4088892954388,0.502118300384154,0.83622022537244,1.6680038096821,2.00080363857909,0.603237952115567,21.5455736470919,0.512051235870845,5.65185827390636,2.94492723564762,61.1908907435545,0.570306574889146,1.48903718042958,0.618330557266481,0.579364973300417,1.78686562730197,18.1214115045234,5.33381954559043,1.36530331360938,0.513100093617146,0.511618553019058,1.01253345590749,23.6341043278832,3.70418894794183,1.02316031607566,0.520195064356549,0.506771354423526,1.07160283599872,24.9389122421142,2.43592129934085,2.67040020684463,5.20814406200558,0.518254459213298,1.05315983237802,30.0618859938158,0.519636810345546,1.02539850259632,0.518093011252011,1.61120522269703,1.0980333164695,1.24562230385863,4.00690975247532,66.0162467135345,1.36859026588689,2.7261787061513,7.70005124777862,1.25337467731828,3.92614567590069,18.6591305232,3.03640693884687,0.572091416890819,12.3311695905245,3.6153085408493,4.41748362817945,18.0315561471088,4.59636829823586,0.828508851361937,26.1552114787138,15.3454436281133,7.36529479125848,2.53355527622734,0.502322213671893,0.502452842506063,1.00236117336436,2.54675976319279,3.15876824403978,29.2019320311543,3.98750688382519,5.09683174469003,1.14767537918998,5.21086932377515,0.500525698652025,1.95351572959797,0.501257680671636,9.54997657440675,1.13777286472716,28.6916289640969,2.43618787513368,1.01811860804558,0.51086861893495,0.732635270433099,1.06109104163453,24.5936712991512,0.580406954717975,1.02424285220704,0.52380214421619,2.62488735867803,1.07166908870889,37.2162791814114,0.51063344138725,1.06671177341048,0.538141922988801,0.615603962738156,1.15296893022662,3.78688653300033,12.4515569908761,2.61325516086496,0.604663440214306,0.64989701005672,2.20470528176965,1.22051830143658,5.56157970849597,26.1908177350898,0.500979701189967,0.523095209465785,4.84712749742339,5.56725658651533,3.79568824603774,1.47794753959541,0.517980087166593,5.5951652772197,1.0078214063294,85.8777194355687,3.81728300406113,1.79685740552364,0.657415585456725,0.593602618420845,1.7547689875264,2.50491658544981,2.70222864877005,2.96777317680741,0.792495531603598,0.502230535250431,3.03054394137094,18.2511770441979,0.504045402060796,1.00134137771035,0.512510336333144,0.507799953210764,1.00971904804498,4.67589672300409,0.905883663945895,1.80203903044912,0.505246182086256,15.3454307632309,1.25359830151472,1.7872619687995,5.94858154385481,9.94951724441431,0.503879977748271,0.530874911458908,2.44782285909356,90.697778157486,0.613318411001484,1.25544223385596,0.55087489986156,0.526268889749693,1.35375320157847,89.9819509852758,4.44328898591588,1.15163975235271,0.536341065845656,0.510993473397665,1.15539754815734,1.00408335097305,0.501108741409851,2.64816426300155,0.500905830604186,0.5010793303789,1.46759213680653,6.8855357575132,4.22877532467681,1.79684247199665,0.501276594081919,0.708307595722725,2.30328487110054
19.6902900923088,1.08150235976173,1.00299013197716,0.655521210998633,0.619477387085506,0.914499891976189,3.09335925998521,3.88682786458275,9.21679296320488,1.09754347508463,0.600668073441737,1.98224870900199,52.0580840201789,1.40204442898652,1.00946970264288,0.516017892840264,0.50984289336506,1.0802728696407,14.0823904898784,0.619408945734262,38.221542299706,19.504966540238,0.615066388325306,0.934765487463627,67.151212331141,1.3555830584279,1.40917341478285,0.701380619451818,0.637180551950617,1.18168996390624,2.12226149227174,3.35924087628357,25.0701685439461,2.40617151972683,11.0117527315385,3.40568189416378,3.14277599838107,5.03410475738284,12.8982290392898,0.501004415303799,0.50354052480434,1.40756093397466,1.07076114780004,1.13725742797931,41.560052560168,29.7954882629288,0.548841440783702,18.2583249342769,84.743128600918,0.982267647852536,1.22411803210681,0.537964090378194,0.521676537535774,1.21727293170424,1.03540555601239,5.83393378629608,13.9516991187693,1.5186087965657,2.29356672077748,6.59779435364894,4.92212878780738,5.43717483967728,9.71202481769124,0.501097881252041,0.84170655636687,1.89392266598579,1.56192138809285,0.553684057918856,23.595767503499,0.51870249413128,6.02367832470868,2.99499715153514,61.1879441100289,0.612577727123302,1.7830255329515,0.689466618085373,0.627076759118706,2.25991234672038,17.553824186526,5.46329670114914,1.4668116263003,0.560201541728944,0.553800361314945,1.05189055886479,22.7298363316631,3.73957082522888,1.04984370745309,0.548631051405619,0.511599442703566,1.16774131627463,24.2604308984883,2.47713861908976,2.61522771847266,4.58030365097657,0.510514032865385,1.02963598904832,29.3091986149764,0.507914174752711,1.00905269351666,0.507069147835561,1.68402210079568,1.03801320740853,1.10540991713492,3.88698786118918,66.7510701148595,1.3582131688066,2.81126400102185,7.79512926733564,1.12562351251062,3.87754619941449,19.2873314093068,3.02168964875779,0.587628088905469,13.1191771180261,3.64666350752,4.36749798361674,18.4501688991601,4.54210262389105,0.77256416718265,26.7631812701891,15.0457089027828,7.39389031668184,2.55099740597758,0.501289886083046,0.501373154712875,1.00120813550487,1.7895991192434,3.11700073237879,33.3512160456277,4.4389374140117,5.37649047638432,1.23562057848905,4.63608787985324,0.500755708881317,2.19962034136763,0.501965545202348,10.2079950723162,1.21800370761341,27.6385769281321,2.45411850854989,1.01115468533998,0.50755732237904,0.711847912279279,1.04206432758836,23.6758284414544,0.535302394194967,1.01745962226406,0.519321832895832,2.75623934339876,1.05608198633262,35.7639310984019,0.510786017900901,1.06217051248283,0.537664378140345,0.644387222416507,1.14813886615861,3.38310597052604,12.5832736284205,2.97652808445355,0.588119820669399,0.661024360370578,2.51241415501095,1.0018262647598,5.73017762603017,29.174479465431,0.506563513873261,0.502119721626085,5.69572213237107,5.0883395122424,3.8338205909161,1.60210453793204,0.503871077055747,5.95167658318997,1.00086642830319,86.1800602133357,3.837656827502,1.65173737525786,0.628755774424934,0.576592207946032,1.61794359919825,2.1773824280932,2.82521574761664,3.40807667461414,0.844627326065187,0.50180214282718,3.54015628451987,17.7125092944184,0.501670789911497,1.0002228152741,0.505101014561214,0.503181754499204,1.00358233489792,4.24428147306841,0.888056904239594,1.97944782837224,0.520117831927773,15.9376932391108,1.35933721522096,1.45875427994629,5.99263765380061,11.3044536318257,0.501171517275919,0.514298612357891,2.79428026700332,90.9284354410796,0.585263049408891,1.25445801320439,0.550671451738658,0.526155471912525,1.35233152290169,89.9886135750649,4.41503656889468,1.0155335220609,0.503722295927382,0.500677230569532,1.01591956992158,1.00387199806649,0.501041057186541,2.96717893042087,0.500841294593972,0.501016078795224,1.57227125566693,6.15882640959698,4.35756159399273,1.89846922483881,0.500856797095128,0.668020857236539,2.48334784893736
18.9671899083726,1.10021045608884,1.00115222681093,0.652355288430645,0.627298829926428,0.906193179268032,2.47286487514203,3.86622340111668,9.75160998310281,0.952061345979901,0.601923637997803,2.07828803366574,51.8530803016378,1.35277399279336,1.01761273230256,0.52994046916205,0.518442455033262,1.15037331021429,14.3461290378703,0.607005149864905,37.8631960775901,19.4294732290851,0.605351205146528,0.913128611834067,67.2962167693046,1.29635328891182,1.35261442169614,0.643252763816957,0.615865889599032,1.02025914339839,2.2286982574509,3.30781637001837,25.425220190654,2.51195089095257,11.3111355705339,3.7776288497176,2.69719871875505,5.01360095847638,14.1018950307238,0.501581234442211,0.507397543010901,1.54003405432225,1.05166751489531,1.06661158915963,40.8363021060899,29.7477036249902,0.536970548688782,18.4120071812151,84.9087123948565,0.969400293355222,1.05152123436646,0.508728989795346,0.504984173771783,1.04997328656912,1.02487544311799,5.92377933914045,14.8917279545194,1.60209710805673,2.31766296735685,7.409893929813,4.18601688139087,5.41838871425249,11.2202581992637,0.500382850191775,0.848304888863017,2.1735214849148,1.19435554860522,0.510382655605095,25.6243486439007,0.506778804034716,6.37946341092806,3.07146823425163,61.1853189635458,0.53131792200296,1.21782624401999,0.552706973377739,0.535350991868982,1.35048915507446,17.0074325091036,5.58377930637478,1.58478956291674,0.536299809334021,0.532616049615839,1.02890966750012,21.8739875045146,3.77384622435696,1.0560362743675,0.561352821065947,0.517633832011195,1.2062026902451,23.5980733275957,2.52110304453891,2.58480450640946,4.04050264623824,0.526614584908192,1.0720450530958,28.5992757479484,0.532569864110031,1.03068628110569,0.527865578339595,1.76125823213974,1.14817580141829,1.61554855990196,3.77463597627473,67.4259017501509,1.3509936921196,2.89635663325697,7.895306721625,1.0155782025315,3.83162092747109,19.9126030584133,3.01924127792059,0.511949079662755,13.9660014999131,3.69065182815751,4.31825202658362,18.8597433125746,4.49791418485802,0.719715184035591,27.2943845451762,14.7629740917623,7.42038877514533,2.57690233760667,0.531127060030426,0.533482929604415,1.02592746956693,1.20794024451812,3.07682640598226,37.3011743551741,4.98487233312137,5.64466182993275,1.34430772158455,4.12561386352777,0.500402588159555,2.48724621601854,0.501178723872189,10.8776226167054,1.32001037800261,26.6449277138022,2.47133423867617,1.01728250266366,0.51383870382727,0.693642907592625,1.07612363918957,22.8247164615883,0.507996666854367,1.01034386563544,0.511588329000507,2.89404216083206,1.02761267031803,34.372886038527,0.510932863767144,1.05767654265304,0.537194486791797,0.676976783208025,1.14335877802886,3.02532628820225,12.700255135172,3.40084327720645,0.573876807038409,0.671709776183729,2.8772855162979,1.01826715526021,5.88227218749256,32.1470595247503,0.516624184659255,0.502912644921847,6.68522581790864,4.65060353154287,3.88027233100969,1.74530183678168,0.500636443901178,6.31979945741601,0.999974307920974,86.4502682508745,3.85786776396158,1.50564507114671,0.599905861367382,0.55945435528326,1.47985605758145,1.89886174424302,2.94591145261976,3.92102276300353,0.90295900014191,0.502111527725729,4.14771626024209,17.2098428077774,0.526098617562184,1.00004758107411,0.578040027301186,0.54877770333132,1.04673049888253,3.85703428904478,0.873887711444151,2.18316704630422,0.524445364909504,16.4933721046711,1.48843030594441,1.17837953270056,6.03211097894868,12.7890312070003,0.500607518947055,0.532780574757311,3.20158607302684,91.1427873480123,0.558626359036043,1.2534177039738,0.550457542697816,0.526036767911568,1.35082834591257,89.9430769887128,4.38907594695973,1.25108198692844,0.560164713174619,0.510914783727399,1.25728334856919,1.07463430228765,0.519821570114655,3.32127108268347,0.515790864145556,0.519407038299048,1.68422907857029,5.51880286464372,4.48397955870445,2.02147541044437,0.501093975645177,0.630400872055916,2.70303666159941
18.2822896922941,1.11921984334798,1.00305415033056,0.656900576243882,0.636318846686423,0.917838660608086,1.97206113343646,3.84325813424167,10.3348185422026,0.829656787780249,0.600902990056369,2.19144482448863,51.6685126694849,1.30596740887693,1.0256024146265,0.543717400411133,0.526986704356028,1.22002101108324,14.6211610169609,0.634774470190625,37.5126176960677,19.3367484921046,0.626821745828643,0.966570295956949,67.4421320513896,1.24024954830035,1.29862134813083,0.738469018844997,0.650812856976826,1.28535606313228,2.0403284479735,3.25876206588438,25.7735206490986,2.6275021308493,11.5686859864642,4.18940412955969,2.30709637849752,4.98291487485366,15.3353043248128,0.501632230329814,0.51125059301242,1.69635609294284,1.03386996660977,1.00149798378677,40.1314201399087,29.6734970107409,0.52509984821517,18.5625820668499,84.9881024083482,0.956975393357113,1.16979063292766,0.528768711269891,0.516426259774327,1.16473865260844,1.01440689049351,6.0060627018726,15.7958859252722,1.69628381144118,2.33121759761243,8.30954249552838,3.51174129495148,5.39976649609986,12.941128545095,0.500037804695087,0.855725670652692,2.51849235072702,1.01254502433098,0.501756521717347,27.5637361278334,0.50104943645825,6.71287293698177,3.16996850356469,61.1829780461717,0.573589074401807,1.51180861872076,0.623841588784385,0.583061974946955,1.82353254067895,16.4772706930514,5.6953961687823,1.72138770524986,0.512936793189707,0.511688671469482,1.00946003679916,21.0630480643741,3.80703782494911,1.0589143056912,0.573425496721279,0.524843179445974,1.24031840154989,22.9707051392254,2.56771678388538,2.57680987596323,3.57550449522416,0.506780484131062,1.01704390214134,27.9292458794142,0.520906953159394,1.01689852490554,0.51736882001321,1.84286374313949,1.09160847675874,1.04358453656607,3.66927382696206,68.0440625525486,1.34668527853313,2.98109498825381,8.0006517655921,1.00145918117522,3.786212140783,20.5228420963868,3.02786504671704,0.501235637018008,14.8553461404286,3.74408572330177,4.26971813279866,19.2567650144007,4.46239811751811,0.669958315439953,27.7486189679201,14.4943492688457,7.44491569314685,2.61099093764232,0.523009012331457,0.524927862461272,1.0175655934817,1.01965762815825,3.03738700820383,40.8205654486297,5.63219328080639,5.89446727335552,1.47225627958544,3.67162167135696,0.501774672563834,2.82159171871349,0.506297638929458,11.5519368583523,1.44698972578907,25.7060044082954,2.48787926653962,1.00278957925103,0.502626171334168,0.677731233253303,1.01430546052216,21.9983734770872,0.501023607665851,1.00114788995987,0.501679645968044,3.03920566812587,1.00450950121964,33.0406782157286,0.529648731358101,1.1384977080282,0.597629127500779,0.713670228831848,1.36609486034864,2.70836161515057,12.8036795180191,3.89494713242385,0.561848361095597,0.681768829416536,3.30886257968183,1.04510570096618,6.02374051107166,35.0173756623148,0.531478851104995,0.507184782968104,7.82633123437387,4.24959778913269,3.93533528187878,1.90980489805211,0.524152376312007,6.69725694261377,1.00527377414028,86.6915681424201,3.87791432575457,1.35872921164461,0.570892432819895,0.542204811649196,1.34070267968479,1.66253717118431,3.06362932240724,4.5161187454109,0.96845609024949,0.502515263636033,4.86929970272647,16.7470073334399,0.500746883422991,1.00425686422642,0.501586947044366,0.501204027946849,1.00124154045796,3.50904735210914,0.862980705452841,2.41629598365082,0.50886449381097,17.0084726361246,1.64428889151096,1.05417642767991,6.0674756666065,14.3825241802847,0.500098759045634,0.514983794649455,3.6766859655049,91.341910369277,0.53332461511778,1.25233447055321,0.550233735691439,0.525913147357945,1.34927012483269,89.9050517633665,4.36501304486827,1.57799812284769,0.638494733826249,0.525061690034298,1.59220338755687,1.02100533255848,0.505522688046629,3.71347324936123,0.504348344790832,0.505420626310991,1.80394539543411,4.9499237472086,4.60961057661527,2.16803048367284,0.501440810241373,0.595041324489419,2.96657505973693
17.6329260455759,1.1385373204914,1.00008821419387,0.650223226692218,0.646506199446373,0.900573896580079,1.56888114508359,3.81749900301316,10.9629543732577,0.726038152691073,0.600052114029259,2.32133035116721,51.5022303463028,1.26145303310722,1.03346558999835,0.557371994996528,0.535483798841444,1.28930515462654,14.9071131239284,0.621305664347303,37.1683590761021,19.2305135164259,0.616567876123002,0.941529859616796,67.5880441403741,1.18706282033318,1.24701122108885,0.680195866111603,0.629438409212831,1.12333111918228,2.15362624360221,3.21151125382234,26.114110773705,2.75348664705194,11.7840233140096,4.6437807853113,1.96734302820624,4.94240291709707,16.5803293131477,0.501187723157337,0.515137307674498,1.87940669837782,1.01729638351554,0.941418959442539,39.4470747444262,29.5767583692379,0.513265895917845,18.7111068682056,85.0597418506362,0.944909044183485,1.49288912419883,0.583518538113233,0.547685723967426,1.47835829299223,1.00422553709755,6.08077559871665,16.6543915353598,1.80233320410889,2.3334360454493,9.30223022312792,2.90225349814841,5.3810692311902,14.871372492054,0.500278087095944,0.863629723434082,2.94304361273831,1.05226106923207,0.50685813163854,29.3326520519276,0.503674175526433,7.01791525873321,3.28303669480311,61.1808905652961,0.615860225232417,1.80575856830626,0.694970123135022,0.630769406631542,2.29653532090835,15.9587047647403,5.7983656617373,1.87918958837697,0.558170257110521,0.553000962811187,1.03711132722593,20.2938407513328,3.83917006977593,1.0003825380527,0.500517007387953,0.533205476563094,1.00166509175672,22.3419189577313,2.61597286263677,2.58974579718862,3.17277486382945,0.506020777230568,1.01516282359845,27.2965083083202,0.509358376648058,1.00636378021353,0.507554050172961,1.92876247286758,1.03950785633707,1.12629608976835,3.570372014964,68.6089231403778,1.34507614090928,3.065119720786,8.11122205906555,1.00130534465897,3.74224577736756,21.1049874028489,3.04695385686648,0.501229983963925,15.7770715305612,3.8038343990218,4.22188497746914,19.6383947420563,4.43428549256341,0.623263710757218,28.1279552423513,14.237315245496,7.46759078819942,2.65312182902317,0.53607071270646,0.539433608284091,1.02443553708238,1.06761577776859,2.99786961085487,43.6771578823151,6.37757306298094,6.11729181442615,1.61334617562046,3.26727702305439,0.500474375054547,3.20817034994675,0.502114517144984,12.2235812410606,1.60310744542277,24.8175857997282,2.50379438214062,1.01302055186488,0.516741262975589,0.663866689247006,1.08981865291263,21.2097235824398,0.501072171338917,1.00096849761848,0.50173091371069,3.19052461765829,1.00444726436924,31.7704063677346,0.532696673568359,1.13714780784016,0.60446500714169,0.754761722757478,1.38026046471661,2.42770214564799,12.8946323299627,4.46844139758126,0.552003476375254,0.690990731466126,3.81814961390487,1.10956427969906,6.15454013853704,37.7267339714966,0.551555969206086,0.517756973509589,9.13489608977292,3.88164945777515,3.99928279412623,2.09823750067847,0.520332341859714,7.08138108296926,1.0189012407649,86.9069056136531,3.89779509767674,1.21115405503058,0.541737774965465,0.524857329200349,1.20068825761089,1.46263417414868,3.17773602717305,5.20341760699534,1.04234697531596,0.503011337452289,5.72269848508503,16.302920243298,0.502214158510256,1.01377159880377,0.506517156184916,0.504070882591587,1.00316548120512,3.1958906978044,0.854970562435729,2.68231260741476,0.523424814616636,17.4799530051455,1.83109024815854,1.0206069530455,6.09818578367989,16.0481586935461,0.502176624682148,0.504590019269414,4.22323591395451,91.5268318298037,0.509280126637174,1.25120838335385,0.550000217922017,0.525784903498152,1.34766925007327,89.8733130447393,4.34269479793689,1.10749196055304,0.525755677397194,0.50465271853195,1.1101243432856,1.13308186638301,0.534405217265467,4.14686302905022,0.526571861807583,0.533898085426951,1.93192558795897,4.43462167628215,4.73731223938812,2.34158714548036,0.516190790141649,0.56159969982312,3.2795000444644
17.016585943483,1.15817020602721,1.0010962913222,0.653143367776225,0.657837937750774,0.90802653779779,1.24512781705183,3.7886498345494,11.6324999705699,0.637863418100962,0.602707118586888,2.46785467227744,51.3523369151344,1.21907469934262,1.04122432612366,0.570923836739166,0.543940603042322,1.35828628487517,15.2027281019082,0.687820474236272,36.8288825591167,19.1135659725013,0.669080546986728,1.07560098558712,67.7332005190487,1.13660189745657,1.19762557579969,0.621760548943829,0.607990751357612,0.960639629145675,2.28147849961819,3.16555051041812,26.4459398488492,2.89062416043387,11.9573417892926,5.14330684036659,1.67313640284592,4.89262615392642,17.8180053372591,0.500280658209176,0.519097234287293,2.09251512715409,1.11597669153249,0.885924360887957,38.7844629039756,29.4611431219227,0.592798175404585,18.8584715400463,85.1243701975919,0.933186314666706,1.13554907909142,0.522969081304118,0.513114074604849,1.13158104874549,1.09200703530972,6.14793752281292,17.4593703204565,1.9215306660862,2.32362940740455,10.3926859664161,2.36051421312113,5.36208802015294,16.9935807945713,0.504046963849193,0.871595967348756,3.46413425331215,1.00051761548747,0.500064844109974,30.8871672941609,0.500031783778633,7.29134830419438,3.40655834956995,61.1790297618213,0.534600418641555,1.24063050609661,0.558225282540521,0.539052595761163,1.38719838169538,15.4473213128933,5.8929777774001,2.06127771809982,0.535178084094442,0.532250972349096,1.02011620067013,19.563485649326,3.8702689421391,1.00876118845111,0.513665485927237,0.54270699114746,1.04297616371726,21.7274783606361,2.66581313399171,2.62319363164273,2.82357275355063,0.508073535738899,1.01947653060998,26.6987028060239,0.533541597110659,1.016965414954,0.526011797550426,2.01884804285916,1.13435307164099,1.21011223857444,3.47744603460215,69.1238517264208,1.34598479149945,3.14807730707069,8.22706323883311,1.00930846622237,3.69958863771695,21.6567828112726,3.07645262935308,0.510021997383586,16.7283923610538,3.86685842677891,4.17475357430967,20.002528389371,4.41244621334095,0.579574555569712,28.4364201166371,13.9896433330127,7.48852772063278,2.7032736276021,0.548725430228097,0.55375783646892,1.02886846982366,1.03163773789339,2.95751108485263,45.8646408186086,7.21811557378052,6.31054657176123,1.76688379901673,2.90665071555591,0.501179412585061,3.65262733850541,0.508283732237911,12.8849372814546,1.79362853880296,23.9758770407682,2.51911721394419,1.01051360281196,0.52064715192526,0.651840660712571,1.10917372344876,20.4592300085169,0.509446327673994,1.00632407286128,0.51497641201536,3.34733782999083,1.03646726717902,30.6036241511188,0.500945189609806,1.00006816235975,0.500053687453491,0.800039350135707,1.00019324103089,2.17943310720244,12.974093626663,5.13166163445077,0.544364818783317,0.699134935201704,4.41767889593483,1.07419269150336,6.2748147330985,40.2296209087216,0.57738891078018,0.512415471933154,10.6258674709653,3.54355404312189,4.07235649094887,2.31361190272115,0.516789072246679,7.46918853942084,1.04072736895571,87.0989744998555,3.91750871547386,1.06303336425183,0.512460825151163,0.507423842812579,1.05995228186162,1.29427179859354,3.28761305470167,5.99324222507837,1.1261881492694,0.501990943633695,6.72714198951578,15.8833038760173,0.506840327701966,1.02837769037545,0.519890603867839,0.512432532267404,1.00822280574799,2.91373788983253,0.849517289436904,2.98507935060513,0.508964656644675,17.9056242695248,2.05387888797247,1.01638623742232,6.12464247785054,17.7444634565872,0.506827688250014,0.503577456375623,4.84533088834533,91.9189784126354,0.50510553963736,1.00403501206756,0.521405221626404,0.515963418510249,1.0055796336026,89.8468480264026,4.3219836952293,1.30467732842608,0.572997913061071,0.513163503661007,1.31212017877929,1.07873720146209,0.520095564692417,4.62451753966096,0.515291072165335,0.519854856666756,2.06870343499307,3.99908937013076,4.85566093458753,2.53952805498314,0.520602921916826,0.529787858066722,3.64821234557744
16.4308889668672,1.17812640029459,1.00179026088898,0.655849058101463,0.670298499237631,0.91466010703951,1.00753958543241,3.75639129788944,12.3389771284864,0.602390216896007,0.600272060672726,2.63093628353681,51.2171466548442,1.17868992148709,1.04889615161946,0.584388383337042,0.552362649519736,1.42699480086786,15.5069604915527,0.665903973701192,36.4928597845213,18.9880481334318,0.652260055343912,1.03415093829092,67.8769781515741,1.08869117510031,1.15032523767479,0.64641393441774,0.61705198555378,1.02944406526918,2.06253092020503,3.12041821608269,26.7678630673244,3.03969509019291,12.0892979179895,5.69018486971383,1.4199269908999,4.8343300991561,19.0296473968719,0.50039573448072,0.523173250493829,2.33947593859256,1.2056355158502,0.834606229135352,38.1443718725841,29.3300244209974,0.67151376541472,19.0054057436814,85.1826279937017,0.921793512419662,1.54440782708832,0.592254496511224,0.552670395721688,1.5285744426098,1.07857328248259,6.20758834397825,18.2050041428873,2.05529463148515,2.30124592496927,11.5845477383129,1.88865485617431,5.34262454605591,19.273904586388,0.512311758064521,0.879098850650044,4.10160449060481,1.05794521095849,0.506938302384893,32.2263091054782,0.503065022021644,7.53302102561516,3.54062681807664,61.1773682937418,0.576871567915502,1.53457488639039,0.629353405061441,0.586759793289649,1.86018857008419,14.9388566979744,5.97957685700672,2.27131587312853,0.512734397573715,0.511751415745468,1.00642413556628,18.8693656528697,3.9003617811126,1.01393675921239,0.526186514012846,0.5533412220577,1.08008752947436,21.1275647745232,2.71697055571539,2.67691228025336,2.52001394885349,0.518707610182859,1.04300467974672,26.1336799608142,0.542971636048722,1.01550843693849,0.532205713310598,2.11298060253928,1.16445107003948,1.29474016813291,3.39004961821528,69.5921564593299,1.34925503061484,3.2296245690171,8.34820706689454,1.01515888389249,3.65810444226474,22.1770239065682,3.11641414619216,0.519146145336018,17.7066005180015,3.93026146945666,4.12833364396077,20.3478321062585,4.39589249458057,0.538808556398438,28.6796315642519,13.7493429063496,7.50783399561813,2.76153639021792,0.505102893462504,0.505653148543758,1.00282318314534,1.14756537388584,2.91558984790983,47.4583773795792,8.14676928564527,6.47342425193099,1.93304749610555,2.58464780902093,0.500287703374212,4.16049303628552,0.504494443708095,13.5282948839229,2.02512793196321,23.1774535787156,2.53388267865374,1.00535819900933,0.524033613490339,0.641475138411967,1.12509312251576,19.745778229914,0.521688953647757,1.00935614684414,0.53376371028765,3.50897838932989,1.07729980677919,29.4327629764593,0.503519069508251,1.01262809718673,0.510925500085601,0.851063470336539,1.0386837381746,1.960164796706,13.042930159968,5.89546570977318,0.539009678810675,0.705928646608758,5.12152292805567,1.03725519677431,6.3848619625281,42.4958924997556,0.609649051901969,0.506541440434104,12.3122498585705,3.23234200857721,4.15475302705188,2.55936472321011,0.513507212784436,7.85749355232774,1.07083469409063,87.2702133674692,3.93705388756638,1.93763277688885,0.685342490628486,0.610484423431044,1.89249910639674,1.15333934973787,3.39264298948342,6.89578288205856,1.22195214749877,0.5001012595525,7.90277493933119,15.485288084512,0.500787596310871,1.04800517730151,0.502268072830993,0.501418472726205,1.00080617537956,2.65930030484148,0.846301786500407,3.32883969556705,0.522349212184984,18.284010970287,2.31868034106195,1.07257591521163,6.14713741094043,19.4390367138397,0.514198925813649,0.515656395738785,5.55103149178549,92.0637193958662,0.500180231494767,1.00756493882551,0.501501598825962,0.500774542991225,1.01048341828574,89.8247556225556,4.30274765058678,1.50176926450414,0.62021330595484,0.52163957679762,1.51399244909298,1.02290143966512,0.505765006289087,5.14945177669476,0.504316554271647,0.505712568700375,2.21484162641725,3.62911438208562,4.96636626200121,2.76405144347355,0.518305039200368,0.501020186463116,4.07862588807429
15.8736949368199,1.1984139203922,1.00140503699125,0.655348509193897,0.683877345526007,0.913272841774687,1.01269811789717,3.72020980307519,13.0692942304354,0.603920984717801,0.600449193969854,2.80758663563445,51.0951512625194,1.14016850044502,1.05649598609735,0.597778505509437,0.560754654452966,1.49545596125979,15.8189237679919,0.644174336110901,36.159142962197,18.8556312585279,0.63531555935722,0.991551262177644,68.0188687125063,1.04316948321648,1.10498788263139,0.671147426092399,0.626152194035064,1.09857755733139,2.19859980130369,3.07570294836333,27.0786389989069,3.20154103532958,12.1809108824648,6.28613755805785,1.20338987720471,4.76840116982903,20.1978924595467,0.503157180904012,0.501955289269836,2.62456082755247,1.28686458160192,0.787095139137155,37.5272388052389,29.1864788872484,0.749269424127511,19.1524911826667,85.2351380325229,0.910716738465587,1.61042665710041,0.603446208686081,0.559058105078106,1.59277442442477,1.06526970813249,6.25978164638441,18.8875209494772,2.20518847402198,2.26590448372502,12.8800006632365,1.48708403894656,5.32252745286971,21.662252669216,0.525422653776476,0.885528176715347,4.87815780202832,1.01993892949858,0.502315133934301,33.3603126872505,0.500938305364827,7.74374883903865,3.68535027346914,61.1758837448682,0.619142717190001,1.82849971341799,0.700477892784674,0.634464737187608,2.3331472897209,14.4291502220582,6.05854556731192,2.51364802064901,0.555963959221709,0.552173436584498,1.02266501860004,18.2090828198828,3.92947715044248,1.0161592300656,0.538128246804927,0.565107506430283,1.11331780189964,20.540229034833,2.76917545625499,2.75114959443004,2.25545597547075,0.502860922437767,1.00630812840396,25.5994749272286,0.552238848773108,1.01164257956949,0.537870757311531,2.21098445315199,1.19108574431685,1.37991122166841,3.30777046437072,70.0170504443484,1.35475264650524,3.30943245158236,8.47467006585134,1.0133490450756,3.61766789663321,22.6649286617803,3.16696190762821,0.520349011466081,18.7085421341196,3.991396731802,4.08272706967644,20.6737463019018,4.38381140654358,0.507046558502778,28.8649964179759,13.5146354932225,7.52561097235159,2.82810932867179,0.517938780399212,0.520060880650033,1.00843300132624,1.2006816120833,2.87145578358693,48.5591132263261,9.15100374450948,6.60603089141223,2.11182172382635,2.29692509765444,0.500033725091204,4.73684330043106,0.501307632489732,14.1460091038664,2.30571552409406,22.4192028144707,2.54812329496244,0.999489776352821,0.52694331806123,0.632617845220006,1.13785644278645,19.0744084010835,0.508754646423833,1.00237742470223,0.513077026048015,3.67422267739092,1.02805146423317,28.3111064678573,0.502285904172349,1.00730492977498,0.506947258481366,0.907815838720026,1.02401727887524,1.76695989518917,13.1018919495645,6.77091211066831,0.536073523162818,0.711065810726541,5.9452361207041,1.00028332054563,6.48509240981364,44.5107073954747,0.649185554317697,0.500053733586599,14.2038468408612,2.94528134656387,4.24661191493037,2.83939650715575,0.510474139978781,8.24298810115737,1.10947979090974,87.4228053754934,3.95642942805715,1.78979884693296,0.656141208161991,0.593110844919325,1.75214274942641,1.06802365260499,3.49220898258468,7.92013936876671,1.33211366635704,0.511149283506922,9.26929921118855,15.1062489746128,0.523327610683065,1.072672936157,0.56619838888109,0.541442578757769,1.01772305028758,2.42976369354147,0.845021185360397,3.71820006671661,0.508956377635442,18.6141744878851,2.6326336395379,1.02333186389627,6.16590925990607,21.1008142310465,0.524470292707728,0.505025645561587,6.34907627955098,92.1964482684839,0.500058386674164,1.00244604443217,0.500486615366095,0.500251199256327,1.00338486073113,89.8063016974569,4.28486962623903,1.03163295662631,0.507578380086461,0.501362710946449,1.03240226271543,1.14107988333028,0.534731062124195,5.72453119180878,0.525327345823455,0.534569718870499,2.37093413582766,3.30787875224635,5.07343211995361,3.01931925700503,0.517513462496651,0.501362608470328,4.57894786393228
15.3432324228922,1.21904017906523,1.00019227456071,0.650876576821074,0.698564114347556,0.902172111985842,1.06957422976618,3.68014603488892,13.8129953015669,0.620808343287673,0.602421393529992,2.99545527666177,50.9850005451466,1.10339129803351,1.06403712838035,0.6111059595571,0.569120856189215,1.56371410940926,16.1378778477978,0.685489428683105,35.8267711015267,18.7175780340189,0.669095107391414,1.08147598052847,68.1584619618751,0.999888673716158,1.06150518701986,0.695959004943927,0.635291343143623,1.16803226718811,2.35165095285545,3.03104165728626,27.3769296516559,3.37706366293916,12.2334743806713,6.93226175927169,1.02103758373995,4.69589788304961,21.3075570895574,0.50847860066227,0.50547358897114,2.95264607548877,1.07297477399688,0.743056829492778,36.9332060167035,29.0332869485215,0.564514554918164,19.3001761936039,85.2824675891301,0.899942922500969,1.67648625539836,0.614644103939562,0.565448742611339,1.65702729295353,1.05239236434882,6.30457907346659,19.5050531344852,2.37293122909859,2.21742912632807,14.2793951685401,1.15386218872476,5.30170603885301,24.0955323194259,0.543832661067292,0.890188569649218,5.81909352988947,1.14081380995322,0.515879939317353,34.3068491108483,0.505819328848823,7.92507418204093,3.84083025363272,61.1745573377405,0.537882911460901,1.26342768420702,0.563743861624778,0.542754413987728,1.42388483524978,13.9141048175129,6.13029041868415,2.7934131358308,0.533895153631823,0.531846747480759,1.01126328584208,17.5804433572941,3.95764473896148,1.01565566753636,0.549534037528874,0.57801067792978,1.14295410792575,19.9631779169318,2.82218220139574,2.84663945163592,2.02434574632045,0.5133103825814,1.02780755603867,25.0942858179463,0.505982264983441,1.0009662361338,0.504272200602871,2.31264641894638,1.02143533337984,1.46537930206827,3.23022718315717,70.4016303571492,1.36236300515051,3.38718924344391,8.60645249584558,1.01117725331743,3.57816153816946,23.1200594952205,3.22827673276474,0.521593991297731,19.7306762188017,4.04802262420779,4.03817324237114,20.9804312411248,4.37559117589642,0.50064921646521,29.0020525253662,13.2838904550908,7.54195378341767,2.90329192881101,0.530362704414073,0.534287585455273,1.01168131957055,1.18803991174988,2.82457223998327,49.2691345396939,10.2132719117368,6.70929724661883,2.3030051692994,2.03980984061114,0.501424569322399,5.38586803460505,0.507704283254802,14.7305713466092,2.64529983669046,21.7006876044928,2.5618604836654,1.0020295001036,0.52933152392698,0.625120390428486,1.14660532680579,18.4304727958043,0.500577817468645,1.00005382465294,0.500878349295954,3.84319570863846,1.00182068682412,27.2377298403029,0.506261710539426,1.01746135074303,0.518622594080262,0.970803134748078,1.06267408323418,1.59727734810214,13.1516127107225,7.76879959516085,0.535756196120446,0.714208278084887,6.90566686978257,1.12198874245623,6.57598609774363,46.2724507219937,0.697069462972369,0.525349804978852,16.3058963478161,2.67994072261981,4.34800232056646,3.15811237744442,0.507684856240612,8.62230230401739,1.15707539700367,87.5587090702176,3.97563425355335,1.64146229523544,0.626838782164978,0.575663738595412,1.61114534634051,1.00327430282192,3.58639781219375,9.07145007738867,1.4597172831178,0.500716171212836,10.8411843268094,14.7438471422578,0.519940189977602,1.1024777796641,0.556039488496007,0.535109306649239,1.01175727417072,2.22273498479473,0.845384485141837,4.15809435845881,0.521137338756236,18.8955375599492,3.00412384730067,1.0817254955993,6.18122236120042,22.7010167265025,0.537846870747675,0.517808096736992,7.24836672159219,92.3195006218272,0.500038797434014,1.00161670413548,0.500323038307199,0.500166976323587,1.00223102395088,89.7908925299438,4.26824498894632,1.96839661080672,0.731985953865998,0.541632717717706,1.99188299655821,1.08420146851823,0.520385870674235,6.35237504397314,0.514567292690267,0.520357965997261,2.53760558490165,3.03061475021718,5.17706611626079,3.30819588888913,0.51825191463794,0.500823855905667,5.1583620570479
14.837850777703,1.24001289374773,1.00026858726608,0.651452922440033,0.714351755193246,0.90340434229661,1.03124651218462,3.63638079031787,14.5669194493345,0.609096813655255,0.601072549481422,3.19516584812394,50.8854931000181,1.06824910990705,1.07153120188391,0.624381469157499,0.577465018761221,1.6318279689972,16.4769574030727,0.72118441898762,35.4965362595357,18.5764673771288,0.699608236282313,1.15874363808162,68.4809132149784,0.958629155713239,1.02214873574944,0.689337418222749,0.639309535865477,1.08527176491397,2.09167846341454,2.98611783192025,27.6612993721485,3.56721970614019,12.2484914461516,7.62887160253057,1.02598642106791,4.61776892964967,22.3395982536896,0.516079084807057,0.507653464182466,3.32523815266537,1.15441798123016,0.702187846359018,36.3621760671981,28.8729095214347,0.642145474746217,19.4487858324601,85.325131014052,0.889459775166152,1.74258660518839,0.625847030953286,0.571841659789621,1.72133256253888,1.04025410681697,6.34204589727855,20.0573936216409,2.56040523522067,2.15588200725648,15.7808742276252,1.00290716524912,5.28013466000585,26.4921187526919,0.568004302547009,0.892211710150579,6.94758233954065,1.10168609260173,0.511269074260995,35.0874559128624,0.503826771147198,8.07902156662044,4.0071693753968,61.1733701092548,0.580154061941882,1.55735429899516,0.634868309847223,0.590459282441995,1.89684495774727,13.3896663179534,6.19522891872054,3.11667831299101,0.512437257210197,0.511785337346121,1.00318701945077,16.9814390941594,3.98489521701001,1.01263836077656,0.560444744633058,0.592060582768845,1.169270036886,19.3938428356148,2.87576484404357,2.96459650323061,1.82201394056799,0.523493468764764,1.04633006050036,24.6164597736726,0.515421211164458,1.00050562155343,0.5106670244962,2.41771539013029,1.05284894111181,1.55092349912069,3.15706655157399,70.7488611456046,1.37198892743396,3.46260351520458,8.74353762843571,1.00865393548259,3.53947430713634,23.5422849184115,3.30058965754718,0.522878062709452,20.7691061049368,4.09859003199969,3.99527794087223,21.2686395701271,4.37091181418346,0.502125576930742,29.1018203042427,13.0555863521224,7.55695137330523,2.98748342975353,0.542363389964669,0.548329884306969,1.01258708947272,1.17424848435367,2.77455674486178,49.6802425625342,11.3119810564597,6.78487097971722,2.50623170903553,1.81023535234018,0.504634988733251,6.11039083995023,0.502680178626484,15.2746174059908,3.05588565605751,21.0364557939069,2.57504978191393,1.01236590265688,0.505877478164391,0.618711154185157,1.02891850295994,17.8166496251627,0.500818063890553,1.00086213237797,0.501227099851478,4.01484307614754,1.0023822647656,26.2107808530731,0.505817144651936,1.01408851928721,0.51697193116292,1.04060688080973,1.0556425894401,1.4489371408785,13.1926136980099,8.89905496370265,0.538330983158408,0.714989942758114,8.02058949678375,1.01391474991879,6.65805669646766,47.7900031299794,0.754648647717444,0.5031730039837,18.6176295351235,2.43417445275021,4.45890803566361,3.52046039387747,0.505137703946267,8.99207986418866,1.214193875783,87.6797025456571,3.99466734603719,1.4927638652438,0.597448286857877,0.558151586690146,1.46966787280018,1.00942209899149,3.67428345566314,10.3509903264823,1.60844821975929,0.502834413356577,12.6266375893242,14.3959589666361,0.516552352097312,1.13758865094379,0.54607569567356,0.528890788882419,1.00704091925036,2.03618958866119,0.847107711174996,4.65372176678895,0.508803187525843,19.1276945524759,3.44293085508476,1.02998106612628,6.19335894900657,24.2150478237844,0.554566770262959,0.50666354601536,8.2577216043788,92.4335763187284,0.500134819298618,1.00564043164036,0.50112511012781,0.500581452629692,1.00779124332324,89.7780245922712,4.25277746712356,1.86817520962268,0.707967982267796,0.537279904962118,1.88920213219478,1.02580407655874,0.506204291207185,7.03026505888785,0.504335517394932,0.506211793833069,2.71323833230874,2.79321883829576,5.27727474686978,3.63381730720329,0.520575424407109,0.501183174202575,5.82670630543503
14.3558794748231,1.26134077807367,1.00016247654536,0.651182155574479,0.731239737139626,0.902879233640424,1.19630187898308,3.58912310799935,15.3277295867454,0.654952537409836,0.606605895583528,3.40736688999612,50.7955661481933,1.03464164341789,1.07898803225491,0.637614165299204,0.585790356911604,1.69984192415541,16.8349636066892,0.618345388292223,35.1623727878229,18.4305389580265,0.615158352321214,0.939332663941889,68.6122435418275,0.919414336975622,1.00622103799145,0.63219104754008,0.611875529760554,0.990146541616701,2.25042989519385,2.94065969269122,27.93021504152,3.77301212582241,12.2276279353206,8.37534540741469,1.02176618142894,4.53524974133089,23.277189342363,0.525649475704319,0.506655003286541,3.74216172071025,1.22815335233546,0.664214379041573,35.8138531234146,28.7075412637329,0.718748314306919,19.5985423084673,85.3635909856586,0.879255728481118,1.80871840824211,0.637053372706545,0.578235967624011,1.78567793725376,1.02917390415917,6.37224798221696,20.5456962566016,2.7696591994003,2.08159271448826,17.3800357423614,1.02327354275558,5.25787602807752,28.7385281772695,0.598176023627627,0.89045365497941,8.27201961215196,1.24373158318268,0.52659869743391,35.7248181669284,0.5082650256036,8.20788771003014,4.18447836441899,61.1723079366881,0.622425213082931,1.85126915042404,0.705990030203476,0.63816251630295,2.36979208059395,12.8518314200751,6.2537786085291,3.49058884444786,0.553327298427262,0.551226252861619,1.00747381056072,16.4102298618915,4.01126008702664,1.00730211649818,0.57089805686663,0.607271557411332,1.19251991505417,18.8294227716321,2.92971420868711,3.10673952810801,1.64452851453459,0.50818181299793,1.01533656539384,24.1643482394321,0.524693277492903,1.00070452227847,0.516558150287529,2.52590216536992,1.08096263178399,1.63634970256014,3.08796091998586,71.0615620748814,1.38354871143774,3.53540673818962,8.8858908119375,1.00577406890131,3.50150141292847,23.9317832818906,3.38418200437121,0.52420160769047,21.8195648833113,4.14165856780945,3.95389447453374,21.539616464986,4.36934145951244,0.502068771793212,29.1708901995638,12.828302417617,7.57068661046499,3.08118994982713,0.50111024077369,0.501272100982971,1.0002906797714,1.15985749274789,2.72121160374032,49.868969009324,12.4230786265107,6.83497747078782,2.72101090283676,1.6056678274911,0.509542621274622,6.91133692370303,0.50662551444764,15.7710586765633,3.5518855775218,20.3775066422571,2.58787568709587,1.03050942918127,0.502998002566349,0.613623386108646,1.01465520865155,17.2320075365649,0.500304619458734,1.00771381829454,0.500450119111936,4.18821274602091,1.00080833133579,25.2285139535277,0.505374229490537,1.0111141243007,0.515401039266333,1.11785724947659,1.04913401858329,1.32009046483146,13.2253110451952,10.1699579305392,0.544157091541146,0.713025098800765,9.30810802889084,1.12986646083248,6.73181929042773,49.0795896993652,0.823610917094931,0.534601258863999,21.1309520169781,2.20607427999703,4.57921203345556,3.93196568458788,0.502830721883781,9.34906649589913,1.28157047116349,87.7874023974538,4.01352772943434,1.34376610784582,0.567981535851168,0.540581700633146,1.32777800967583,1.01807367179988,3.75558001064319,11.7579580424587,1.78315632000555,0.508046823708442,14.6310087394388,14.0606799542906,0.513163939293569,1.17825769161962,0.536299245513021,0.522781221424364,1.00350925785649,1.8684306832473,0.849909529089095,5.21045913908772,0.519685159806789,19.3102502932948,3.9603581436853,1.08789002678368,6.20260992979134,25.6237752669394,0.574910625350576,0.520324992818103,9.38556019239203,92.5393813501358,0.500047876824695,1.00201400886887,0.500400649457359,0.500206959471588,1.00278642774494,89.7672746632773,4.23837890185093,1.76798852739885,0.683960481186117,0.532941899941218,1.78656752021474,1.01653230487283,0.5038503925397,7.76944698824174,0.502619057066475,0.503873859075194,2.90282653315491,2.59221748417787,5.37373159870634,3.99955664127582,0.524568375578616,0.500062788930119,6.59432843229804
13.895943439252,1.28303199372224,1.00052893704756,0.655412875359948,0.749225855280144,0.912994644953732,1.15806589410237,3.53860496595978,16.091964618107,0.643054698280024,0.605246518231885,3.63272637884864,50.714277151267,1.00247661223431,1.08641581032229,0.650811420205345,0.594099621686291,1.76776692552443,17.1712697747729,0.604692785541746,34.8231048003559,18.2773967088383,0.603888286427843,0.910536356802245,68.7079706856412,0.882014490780805,1.00379360867334,0.61938476263976,0.607154515283138,0.954325833286211,2.42100775014208,2.89443840638484,28.1820499962743,3.99547626980617,12.172682706588,9.16997923482317,1.05348005935633,4.44952188715929,24.1180121088562,0.537202289424794,0.517264097697227,4.20772477642237,1.03779668819401,0.628888411444894,35.2877809335565,28.5391026399007,0.536852319417198,19.7495741983957,85.3982619734812,0.869319852129928,1.87486714861844,0.648261751737787,0.584630923918252,1.85004481114007,1.01946576045301,6.39525013192675,20.9721581142991,3.00290441634937,1.99518101356879,19.0696671054427,1.04232337085879,5.23505981323845,30.7745192212266,0.634989080440064,0.884157839265164,9.80761151772327,1.12854600219515,0.513926316252802,36.2409873468003,0.504080087282047,8.31408158763265,4.37287817581611,61.1713593442745,0.541165407594671,1.28623659107814,0.569263655588674,0.546456824941661,1.46058641640866,12.2966866948097,6.30634777788718,3.9235296975494,0.5322835487658,0.531347576859295,1.00169539845388,15.8651269024442,4.03677154522495,1.00044264717095,0.508125000510865,0.623661945237045,1.02174592557056,18.2669143745022,2.98383527788539,3.27532672946019,1.48856421243637,0.518204609469921,1.03191702653525,23.7359664486979,0.533792411778394,1.00590900444366,0.521973886164182,2.63688247523171,1.1060140819335,1.04188948007541,3.02260577364174,71.342394768752,1.39697427421077,3.60535552996329,9.03345843760837,1.00252676401468,3.46414321458128,24.2889946782027,3.47937622289828,0.525565490522531,22.8774734152888,4.17614547276599,3.91395620350364,21.7950418937205,4.37058813377132,0.513403078366528,29.2159880048488,12.6006945322158,7.58323637344961,3.18502982562856,0.513281902128194,0.515390015731595,1.00220936345598,1.04635717184944,2.66453463189285,49.8966505348519,13.5219950988932,6.86226458396788,2.94677898763315,1.42402767626109,0.516014319536888,7.78714790809954,0.502758863702486,16.2130935008173,4.15046723863726,19.7437937273333,2.60028149690943,1.05654830643855,0.501769734044219,0.609632918971278,1.00847504151786,16.6738145107494,0.506448731118166,1.02118475390377,0.50944059923453,4.36246128255059,1.01575646823869,24.2892814690682,0.504791446387072,1.00827834465971,0.513504808442068,1.20324220695796,1.04188407165014,1.2091868396285,13.2500261944976,11.5872355724848,0.553696028734951,0.707921883224912,10.7858038137736,1.03290447781659,6.7977649168726,50.1619150275202,0.906054466258341,0.510000514365325,23.8294734758029,1.99395489064739,4.70868197033028,4.39875787066948,0.500763439406639,9.69019102602916,1.36010199415554,87.9880110836137,4.03256149246657,1.00337267301308,0.506267876665572,0.509496577415483,1.0032225698353,1.00131219310441,3.82993392392462,13.2900930021614,1.99012509563725,0.500861872089973,16.8565306788276,13.7362751926779,0.509774784455227,1.2248173969633,0.526703210136582,0.516775246333573,1.00110253033986,1.71805078814591,0.853506465311892,5.83372853957901,0.508451460900502,19.4426618132913,4.56935215789564,1.03534695625498,6.20926526398154,26.9141579899592,0.599213385313993,0.508550379188138,10.6395056652679,92.6373897526975,0.500048090692437,1.00201567066553,0.500402216365932,0.500207965327496,1.00278327979294,89.7582923628443,4.22496910025077,1.66782755694306,0.659961863362256,0.528616952509413,1.68396704044768,1.04815988830113,0.510946461487414,8.56682870800134,0.507204441363583,0.511064666727551,3.10513258047465,2.42490215788906,5.46639148311275,4.40895199338284,0.53036458484399,0.504610306404677,7.47214750280231
13.4567100712039,1.30509529655001,1.00030776103507,0.655226961000171,0.768311516281602,0.912443714687701,1.11925802357876,3.48507894536137,16.8560888763173,0.631603826532799,0.603904750576914,3.87193211428724,50.6407804638579,0.971668945223343,1.09382135358755,0.663979315276067,0.602395183706093,1.83559465844112,17.5121035521807,0.601987958491115,34.483970004189,18.1216900805771,0.60166409286683,0.904544686916706,68.792099342675,0.846314207740165,1.02534531069623,0.72779359695933,0.647185380630625,1.2584359396419,2.12230850165962,2.84726648701215,28.4150892305746,4.23566028334777,12.085573111991,10.0098689858927,1.08257796229147,4.36166269712583,24.8633114580724,0.550779593886655,0.528574540293161,4.72663818487092,1.11159745034286,0.595985328982576,34.7833829793302,28.3692584311934,0.613423788994994,19.901929973068,85.4295148489185,0.859641786083449,1.94102102440897,0.659471330545243,0.591026038133633,1.9144183880127,1.0114286618566,6.4111157291393,21.3397081069242,3.26250113006104,1.89756976599369,20.8395821079258,1.02468807564377,5.21182505536908,32.5742615702116,0.679381942725708,0.872720770735643,11.5716531105877,1.01203137239768,0.501297269562997,36.6562966834868,0.500359425631196,8.40000285108484,4.57250486189694,61.1705119661847,0.583436558558478,1.58015097457806,0.64038517587324,0.594159980222077,1.93353825015637,11.7205017970099,6.35332771394854,4.42529050939883,0.511975353575219,0.511768599259768,1.00002092347334,15.3445486853746,4.06146222294653,0.999647617384656,0.519349118201226,0.641253668311204,1.050162177377,17.7031272570356,3.03794532536984,3.47322387161542,1.35130827415838,0.528287090412052,1.0460688737205,23.3416420908837,0.541639795499817,1.01586070900916,0.526515197986034,2.749722561223,1.12324252536614,1.12647855668097,2.96071754254563,71.5938554501241,1.4122094716675,3.67223349576335,9.18616711631461,0.998917971793519,3.42730402566701,24.6145571391389,3.58652330311306,0.52696915609051,23.93801585973,4.20218060143667,3.87738372916946,22.0368352730965,4.37513371981948,0.50952817395341,29.2432558634858,12.371481474035,7.59467167237242,3.29974248517732,0.525004217095829,0.529314307265631,1.00174442972514,1.30504594054686,2.60470939933361,49.8113296715992,14.5856481293477,6.86964020570363,3.18295339200371,1.26362124101801,0.523899983590414,8.73333159554061,0.500162124959429,16.5941329052692,4.87182933195043,19.1327376273485,2.61228345170123,1.09070176248582,0.500655785467746,0.6066696868567,1.0030697733163,16.1394645364213,0.511244895988198,1.04120761521649,0.516264954073948,4.53672987026104,1.0247923700279,23.3915164408641,0.504214763007543,1.00589381962928,0.511700335533522,1.29750204246615,1.03523607867853,1.11495547767574,13.2669995173533,13.1530619572512,0.567533257669374,0.699301714971212,12.4695710695089,1.12088875954164,6.85633764150088,51.0594477918467,1.00457654742171,0.545783649458965,26.687915012426,1.79636153118598,4.84695689130404,4.92758616233963,0.514734270335486,10.0126311844609,1.45084860857632,88.0617994881814,4.05107886599514,1.29558244760876,0.558465345053101,0.534926438872852,1.28209743513581,1.00914924133965,3.89701427573865,14.9406853531716,2.23726229813056,0.513021890405416,19.297287679649,13.4211327760794,0.50638471210713,1.27767951650591,0.51728110275865,0.510867712326167,0.999765662454546,1.58390436207322,0.857608744114548,6.52883363714338,0.517864741845299,19.5241223940092,5.28456585590021,1.08954338376911,6.21360467472757,28.0791208655446,0.627876852631725,0.523294570699149,12.0259300097459,92.7282413539533,0.500106081013648,1.00448635324242,0.50089068152691,0.500460043261179,1.00621356352188,89.7507856894665,4.21247479813071,1.5676877185219,0.63597090133501,0.524303517259958,1.58139452791847,1.02998348830251,0.506659278222926,9.42268226286544,0.504240780657178,0.50676127750907,3.32081514984616,2.28920515347603,5.55511296774899,4.86567932091156,0.538140846756407,0.51279434772523,8.47121619028814
13.0367520113687,1.32754096250629,1.00035048950819,0.668480698283258,0.788511240171908,0.944069054965245,1.07993329128602,3.42881637932517,17.6165467955837,0.620607704864653,0.602582187966824,4.12569157022184,50.5743087970944,0.942140078879847,1.00722840342694,0.512642612361565,0.507897354776645,1.06446375675616,17.8578481499987,0.601570734847694,34.1444874512183,17.9638088382946,0.601327726206463,0.903662220164123,68.8660121298593,0.812221856562527,1.01536053537219,0.676805650411231,0.628365373397709,1.11553835413181,2.29014706054576,2.79899636385768,28.6275383072594,4.49459864667323,11.968331358289,10.8908264522008,1.02113405366924,4.27263234437336,25.5169243306425,0.566446834224454,0.507770341184806,5.30382679423038,1.17830254356452,0.565301615970237,34.2999868645501,28.1994396220443,0.688991150718319,20.0555888684828,85.4576823811361,0.850211695518878,2.00717577219539,0.670681616931397,0.597421018689056,1.97879350491164,1.00533392620632,6.41990750862068,21.6517330771285,3.55093255704116,1.78998525112558,22.6766060948734,1.00762436648902,5.1882942895714,34.1299013466537,0.732511925218273,0.85560444914973,13.5766466696652,1.15421417763233,0.5165855978957,36.9886687958774,0.504275169171919,8.46794018642732,4.78351002825619,61.1697566323389,0.502176752792519,1.01513681552353,0.503662625532562,0.502456591145846,1.02435535645849,11.1202453107563,6.39508648067041,5.00720863974809,0.549940845644019,0.550086628056723,1.00708556966775,14.8669894963356,4.08506996279249,1.00448631403454,0.526051305572632,0.659835367653317,1.06252763524671,17.1346997320721,3.09187190754285,3.70396904069292,1.23036550966344,0.501363870196337,1.00209485687521,22.971688269985,0.50777781509097,1.03016391920075,0.504890979919083,2.86411690010776,1.022466134008,1.6308398720592,2.90203211234056,71.8182774801847,1.42920894852026,3.73585207753604,9.34392346214958,1.00782379876682,3.39184029681748,24.9087138945955,3.70628912739301,0.532503501723475,25.0021907343544,4.22261617349989,3.85140550442205,22.2665956859492,4.38532271267078,0.500250039271934,29.2575332357109,12.1394426816233,7.60505778338677,3.42620115757925,0.536251167611,0.543036194298117,0.999621925254931,1.19292967271372,2.54207956296931,49.6500053153284,15.5942250902121,6.86011044858477,3.42898471322109,1.12307292141189,0.533027306928363,9.74217889432068,0.501361461194795,16.907717172358,5.73938089240771,18.5414825961107,2.62390067745634,1.13336038901996,0.503083323329412,0.604680242386738,1.0140727215764,15.6265800716476,0.502707820030892,1.0678547503799,0.503880470904111,4.71019386898927,1.00545179296797,22.533725794823,0.503644543813621,1.00392659622415,0.509980810956031,1.40142707636541,1.02914435739587,1.05040489224768,13.2764069139077,14.8649748130333,0.586405638918522,0.686824377092786,14.3720242557945,1.04043505971386,6.90791922999817,51.7946221526924,1.12236755236497,0.518450066937943,29.6723381302527,1.61206707318559,4.9935352859361,5.52581514741608,0.512045581260662,10.3138674901823,1.55504038039874,88.1273153395104,4.06941275484849,1.26681889586103,0.552780686852787,0.53154152885967,1.2547058229429,1.00146576338411,3.95649670585376,16.6979533084221,2.53449001340711,0.50999342689911,21.9375621067029,13.1139375152058,0.50299352902873,1.33733959311335,0.508028543372211,0.505052492515676,1.00262455584466,1.46508471561703,0.861915978508347,7.30073220571044,0.507829552127285,19.5534640785498,6.12235587807777,1.0383651955953,6.21588931581035,29.1170064144126,0.66138486225454,0.510753225851913,13.5494175743794,92.8124038795807,0.500028668729174,1.00120029016341,0.500239999822608,0.500124195136414,1.00165512529871,89.744511195736,4.20082885555039,1.46756656646413,0.611986442186428,0.52000022648688,1.47884685428427,1.12058714180068,0.526012955015918,10.3365892101521,0.515848818906674,0.526562898642944,3.55066456971046,2.18377740973875,5.63979287826213,5.37342460700033,0.548124413701263,0.516256542418049,9.60218919117868
12.6348959340329,1.35037869042024,1.00037569555094,0.695821439901758,0.809832890824414,1.00833146315526,1.04015863958925,3.37010288607603,18.3698335220504,0.610071506560702,0.601280170523035,4.39472933517852,50.5141673473787,0.913817400316737,1.01489900329759,0.526089296564123,0.516307550713385,1.13310576411337,18.2081307339343,0.603273922756056,33.8041835285695,17.8039712842102,0.60279256948678,0.907813797372181,68.9309457770009,0.77965153724149,1.00519098365274,0.625768250832526,0.609518000653217,0.972346727582226,2.45344518364235,2.74951906857855,28.8175358070156,4.77327690073936,11.8231066314591,11.8073415318748,1.04800179488346,4.18325928381695,26.0846063062871,0.584297498448724,0.51950377528815,5.94437612926753,1.0093085081334,0.536652835971768,33.8368485972241,28.0308564523339,0.510053275493612,20.2104704125086,85.4830649544493,0.841020236721999,2.07333366751743,0.681892214757706,0.603815616455032,2.04317303278368,1.00141716213487,6.42168925965212,21.9118418985988,3.87076268442821,1.67394209801166,24.5647224084506,1.11375395822732,5.16455719637287,35.4481624696884,0.795819489069303,0.832393287468129,15.8279068421426,1.03711015367305,0.503992641556678,37.2535129917004,0.500980150869504,8.52001990531867,5.00606147818171,61.1690840867882,0.54444790325966,1.30904860990616,0.574783820466218,0.550159570272414,1.49730549356923,10.4941875593376,6.43196411976105,5.68223138200646,0.530124312073138,0.53072387106922,1.02341899613158,14.4108726886857,4.10789295967845,1.01475728808506,0.505785839282883,0.679650187312869,1.01914039547089,16.5581046417835,3.14545164114552,3.97189190919283,1.12370094515992,0.511433546796713,1.01603348349776,22.5996393538791,0.505549853807254,1.04901755743738,0.503359107367405,2.98101593551573,1.01567257796686,1.03589470077994,2.84630272841101,72.0178249245564,1.44793653237408,3.79605226526692,9.50661337389197,1.03066053421789,3.35585877143203,25.169372655709,3.83821282485623,0.50005517381673,26.047173757128,4.24327640889233,3.8489995752334,22.4847437489663,4.40544850262559,0.552223372605147,29.261044980241,11.9034726201862,7.61446733179728,3.56542031315322,0.546961447203689,0.556513361106244,1.00096947712912,1.08486399241436,2.47710855785943,49.4408837602054,16.532453768218,6.83663107462914,3.68439890892162,1.01571996838319,0.543195937070282,10.801751482644,0.500037633861058,17.1470908194465,6.77898786492203,17.9673143868963,2.63515176315935,1.18510962109773,0.507259175485397,0.603619674706518,1.03211474619678,15.1329454935595,0.519232163031432,1.101319146639,0.527173795752327,4.88207175005299,1.03337106826518,21.7144987653739,0.503082497747595,1.00235356392071,0.508341993392681,1.51586307864878,1.02358015571356,1.0024818424885,13.2783818503037,16.71238590689,0.611193852811626,0.670198103021857,16.4974351296669,1.09370772941209,6.95281728693683,52.388651235404,1.26331277616405,0.55893582792226,32.7411895417498,1.44005872886012,5.14776534274882,6.20139342252446,0.509584663447855,10.5917250901937,1.6740852772901,88.1855395377067,4.08757087069232,1.2379920481855,0.547082876361502,0.528146258936737,1.22723162506316,1.00383659342373,4.00804663041661,18.5443894041627,2.89419341361159,0.505944357337388,24.7501880952636,12.8139460175891,0.525561507321325,1.40438047294802,0.567599773078139,0.542676168366145,1.01001612696311,1.36091241997197,0.866113865121662,8.15378005814016,0.515526024345948,19.529109605726,7.10066487291108,1.08545891886316,6.21635534244757,30.0305650987989,0.700318022523743,0.52680110736878,15.2122255980613,92.8903734136655,0.500136009622352,1.00576324772127,0.501144157508915,0.500591150429648,1.00798133264452,89.7392663689117,4.18996963038245,1.36746145581188,0.588007405301333,0.515705886137945,1.37632072138186,1.03133836938058,0.506616512306833,11.30717819041,0.503893365715571,0.506785517076136,3.79549502241594,2.10803291831284,5.7203441314054,5.93575283722461,0.560597829676297,0.520149894655644,10.8746737978933
12.2501285109258,1.37361574075638,1.00444145959335,0.665547889353863,0.832264394968948,0.936522686203098,1.00001369840846,3.30923431258916,19.1125592871581,0.599997724267864,0.599999769280006,4.67978461007127,50.459732495768,0.886633639934993,1.02252815988128,0.539489601469615,0.52469788696823,1.20161174000516,18.5626090359145,0.601068014701334,33.4626971687789,17.6423478123387,0.600920499681621,0.902599659288219,68.987981694086,0.748523574840395,1.02821511860623,0.738683027527002,0.651235560260367,1.28962077707654,2.14044094052142,2.69876308580063,28.9831706234167,5.07258809972629,11.6521688972676,12.7526097800179,1.07014997624022,4.09424124069357,26.5732209646202,0.604456950008246,0.53221272725051,6.65344406896078,1.05521786836405,0.512333600022424,33.3418515449466,27.8947267513512,0.537329880477689,20.3439653150315,85.5059352272,0.8320585275571,2.13949862536021,0.693102708002039,0.610209591975187,2.10756159007745,1.00265792660206,6.41652826534341,22.1236790977871,4.22457489438674,1.55121154069942,26.4854003854547,1.09510380573112,5.14066067327187,36.5458749556859,0.8710970999827,0.802854646031843,18.3212410933138,1.37397041333294,0.540415037033805,37.4638439188594,0.509163284819023,8.55817882010108,5.24034295285801,61.168485052327,0.58671905341766,1.60295090558284,0.645903336763393,0.59786153322845,1.97024267812836,9.84128879409404,6.4642688951035,6.46487139725695,0.511251986410007,0.51169561065268,1.04984597558672,13.9512949180896,4.13031510197244,1.03046481550281,0.504142066630052,0.700918106357029,1.00986027112892,15.9696610492117,3.19852888802384,4.2822557344875,1.02958775257683,0.521252492510212,1.02685922784284,22.2416457641683,0.517749322186711,1.0724871175333,0.510408043873243,3.0992351207098,1.04780741752,1.53908278299256,2.79330003758751,72.1945154438631,1.4683652791104,3.85270271323112,9.67410319844853,1.06846463582374,3.32001087824705,25.3945238988996,3.98243057954643,0.500618965611325,27.066727706323,4.27277692701306,3.88853739356284,22.689707744078,4.44155240011421,0.527244027497822,29.2525030652968,11.6648965908791,7.6239350581897,3.7183167825257,0.506922220228119,0.508101767823573,1.00597122876314,1.32516924774908,2.41033255328058,49.205230982266,17.390176323283,6.8019846772923,3.94882413379225,1.00509102058051,0.554166349548024,11.8927464084188,0.500685511802593,17.3042815571954,8.01525629203262,17.4144418606951,2.64602028681262,1.24666419338147,0.504149867235658,0.603392643723165,1.01657938252932,14.6564871314333,0.51087302425053,1.1419231725358,0.515214749373846,5.05164053310164,1.01676778127846,20.9325047752717,0.502531052445598,1.00115635832757,0.506781196919927,1.64170673785059,1.01852730633764,1.00565268910518,13.2730423018463,18.6757383558502,0.642966246833891,0.649236185001182,18.8390806308418,1.03410554433172,6.99125414902941,52.8606477614925,1.43210380922983,0.528626171413355,35.8470856523264,1.2795234691432,5.30883844504331,6.96278596394099,0.507358401867173,10.8444014429993,1.8095760870625,88.2372844709878,4.1055526220167,1.20912746579231,0.541376321734643,0.524743262367199,1.1997080007069,1.02975874111129,4.05130129027562,20.4541648746464,3.33145023501872,0.500779280959188,27.6916970680237,12.5205792378492,0.522173564661466,1.47947609854359,0.558082206048337,0.536744662212039,1.0219215450738,1.27093273564077,0.869871377126059,9.09139835395985,0.506848904998178,19.4490624624627,8.2387290971754,1.03806294984184,6.21520867413737,30.8259150221291,0.745371721205595,0.513339550231746,17.0136904852794,92.962599031056,0.500029881565316,1.00125349363245,0.500250609360239,0.500129719715749,1.00172843703994,89.7348826667423,4.17984045727319,1.26736889075833,0.564032878174743,0.511419459213412,1.273811617132,1.12714230621515,0.526038654278735,12.3320304496956,0.514522567038076,0.526876130493966,4.05615003246291,2.06227642105634,5.79669316593228,6.55591286141339,0.575907629468989,0.500564984398537,12.2962937754414
11.8809284857048,1.39726084554149,1.0128548812605,0.722168328601987,0.855810472579202,1.06806575740349,1.1698047978734,3.24651270072331,19.8415179439773,0.639888317312005,0.605256482124565,4.98160875582183,50.4104531669898,0.860526408050656,1.03012297695159,0.552850104871077,0.533070740089904,1.27002166808144,18.9209490383852,0.600504857396668,33.1197596405865,17.4790716229142,0.600439587968067,0.901252242449916,69.0380684488913,0.718763599934667,1.01792906960899,0.687614274751037,0.632370741176898,1.1462431884136,2.28609407023585,2.64669327620629,29.1225043576916,5.39328145363027,11.457910112452,13.718625388313,1.05473908737228,4.00615032195684,26.9902074751409,0.627087229519591,0.528588371986053,7.43615973707007,1.0340721636541,0.505646265656946,32.9120305199477,27.7238436259987,0.539720831327071,20.4985570993492,85.526540948689,0.823318121824753,1.01134622182407,0.501923290891153,0.501097642820075,1.0110263767872,1.00445395300599,6.40449830120348,22.2905523789894,4.61486842378507,1.42376801844054,28.4177091215797,1.07568928645194,5.11660385475067,37.4457199543973,0.960570796006574,0.766999962748862,21.0408312852054,1.00013320710244,0.500014458351865,37.6304461246795,0.500003333977589,8.58414790949711,5.48655188144521,61.1679511468771,0.505459247688159,1.03795838082921,0.509185140181556,0.506160747668714,1.06108372263836,9.16114930828376,6.49227484967433,7.37102075610514,0.545411297814865,0.548769677468253,1.08753936367558,13.5079689427777,4.15204546987137,1.05176948318286,0.519501759233059,0.723518708769649,1.04475816885274,15.3655589461973,3.25095407623815,4.64140068484574,0.94654839263238,0.530812404104044,1.03444470414474,21.8966460541884,0.513408971054972,1.10065274363218,0.507656292570457,3.21833879811428,1.03469712210021,2.03924729288882,2.74280815410216,72.3501879538828,1.49047446041805,3.90570414158654,9.84623733714391,1.12275122838652,3.28434852018691,25.5821955079913,4.13873577888423,0.506415453193265,28.0494348817571,4.28660879127588,3.91147984459002,22.8796783132531,4.47366735897923,0.691810659269018,29.2499516581961,11.4188628915498,7.63147020819269,3.88662405426258,0.500076265259343,0.500092233304957,1.01448470461339,1.21936446340634,2.34231706994089,48.9587728979391,18.1622747525797,6.75869097925997,4.22200120302642,1.00506079146404,0.565650755931374,12.9906327359091,0.504125577983166,17.3714169671694,9.46989126013936,16.8675741136611,2.65658554570407,1.31898512404135,0.500100514583485,0.604072723484799,1.00041250513619,14.195247785626,0.502756333730053,1.1901190650842,0.503819066089415,5.21824870338081,1.00371725497596,20.1864864684219,0.501992218783001,1.00031225104629,0.505294722630747,1.7798964274959,1.01396273110276,1.00421330884452,13.2605177828047,20.7316982069265,0.683092448823954,0.623947033126812,21.3841854504803,1.04980406327063,7.02335780560399,53.2271739267862,1.63434887970068,0.573846936907417,38.9392395756938,1.12983858128527,5.47578670910306,7.8188604262221,0.505378002652194,11.0704779487026,1.96329556919234,88.2832711782256,4.12335749766232,1.71833083021532,0.642137873997573,0.585034258512744,1.68611118125063,1.08248865865693,4.08585447961369,22.3922214340013,3.86419785487966,0.519944973933022,30.700500163676,12.2332205332701,0.518784451633568,1.56339930512976,0.548730322857459,0.530902453224162,1.03838963259626,1.19492726639304,0.872839608651603,10.115730614256,0.512505428160023,19.3109527416839,9.55658955576754,1.07485438447232,6.21262215699477,31.5114161880752,0.797371911882437,0.530910253592664,18.9497504921523,93.029492886863,0.500110187950638,1.00467634596717,0.500928426049115,0.500479822920505,1.00647528166601,89.7312192183362,4.1703891893656,1.16728532278218,0.540062147770463,0.50714004314066,1.17131480816986,1.03282437839641,0.506575719582429,13.4075425773435,0.503516286667463,0.50682015965696,4.33350406167423,2.04784579302202,5.86877812388353,7.23656893106341,0.594470426384806,0.503842219968736,13.8715230688431
11.5259027691426,1.42132293848497,1.02554722859389,0.6874843484384,0.880476910111011,0.986796543675126,1.12956142518526,3.18224160303934,20.5537198575179,0.629649023595248,0.60396694978834,5.3009607075212,50.3658414212421,0.835437759990231,1.03768961916365,0.566176477855018,0.541428231524026,1.33835031181404,19.2829577016259,0.601173401889277,32.7751877730199,17.3142662276215,0.601030820768529,0.90297064181053,69.0820420851573,0.690301888666438,1.02531185912146,0.722912940533892,0.645414083754698,1.24560126699077,2.39875653700881,2.59330974862877,29.2336005979717,5.73590065600221,11.2428397842929,14.6963505334822,1.04049840368219,3.91944151452679,27.343163320944,0.65239223397432,0.524695705152082,8.29749913859708,1.04623721319472,0.507930040118929,32.5043941934467,27.5554933825614,0.556011323718232,20.6563937827505,85.5451063874228,0.814790985125767,1.07729511341531,0.513098586471417,0.507475291255276,1.07513465860088,1.03527369568209,6.38568702529502,22.4121215679856,5.04358405651412,1.2936974279299,30.3328728396431,1.05627470461565,5.09233757875868,38.1726881660816,1.06698936947748,0.725133157644274,23.9579112202936,1.07887547684235,0.508604903855889,37.7621458541987,0.501792753666325,8.59945258329506,5.74489830872157,61.1674747292575,0.547730397909914,1.33185953923888,0.580304492709009,0.55386259028209,1.53401599728045,8.45467409371839,6.5162210638153,8.41751911554814,0.527171545933137,0.529987578895925,1.13806550629181,13.0799839315716,4.1731038728879,1.07879766777738,0.504657769519369,0.747485148687736,1.01038619091919,14.7418965736246,3.30258246707318,5.05694554899817,0.873321538645565,0.525856727414439,1.02535249982551,21.5628684385065,0.50914114506641,1.13365526856723,0.505079567426511,3.33792511047993,1.02269774162518,1.44689509526025,2.69462770246541,72.4865650584988,1.51425193406774,3.95498156690049,10.0228422280513,1.19559016992476,3.24880645337659,25.7302720576319,4.30664463142882,0.51884776970612,28.9825020302599,4.2664412711012,3.8754535733582,23.065747587729,4.48805676142658,0.641224972030244,29.2608761905472,11.1668040831292,7.63812658047598,4.07170623674812,0.50311555644073,0.503879952193635,1.02680869442087,1.11772268322301,2.27361905055917,48.7128436805387,18.8481295072966,6.70894840577669,4.50378116878669,1.01426065806756,0.577314763985298,14.0782728527179,0.510668477320054,17.3443200957988,11.170781110644,16.3298043103928,2.66683782611591,1.4033338087392,0.505334664623489,0.605607449503608,1.02114008939416,13.7473579149451,0.518459684656948,1.24648927918745,0.525209061915118,5.38132549512326,1.01977547943286,19.4752529084041,0.501467758985754,0.999796306373729,0.503877960401723,1.93140220167218,1.0098548474099,1.00498275332967,13.2409563114701,22.8550770510508,0.733331171590205,0.594539984948272,24.1151047699535,1.0138195803393,7.04915441884845,53.5021238282079,1.87666950246299,0.540435699965695,41.9662910271746,1.04276786486494,5.64742995613925,8.77573239890901,0.503502842930576,11.2679633074769,2.13626905042677,88.3241209420064,4.14098507150467,2.30409894598179,0.758073033256739,0.654457138863692,2.24581799306824,1.16704842279991,4.1112418386598,24.3163855650126,4.51322914793062,0.514617978268608,33.700894171888,11.9511693196029,0.515393900985623,1.6570342760138,0.539542314470601,0.525145791258886,1.05953623707054,1.13294469847428,0.874652328825512,11.2272280872744,0.505410021330702,19.1121487051924,11.0742592472455,1.03369599423842,6.20873325196611,32.0967388298534,0.857294695317877,0.51636584011707,21.0124767707536,93.0914292296533,0.500060149383708,1.00253501052398,0.500505788755796,0.500261741178507,1.00349957903161,89.7281577828363,4.16156778673557,1.0672081205758,0.516094653850581,0.502866849605237,1.06882670178667,1.24521297209712,0.547405852153777,14.5289660443218,0.523505907115998,0.549581258049961,4.62845850739007,2.06733999245447,5.93654771651305,7.97944144650404,0.616779839611053,0.507572687239828,15.600243703879
11.1837950825831,1.44581113428226,1.04250930358111,0.653428077938694,0.906270047352328,0.907895468554133,1.08909148736045,3.11672267519372,21.2464496151181,0.619872072244879,0.602700301387654,5.63860432864921,50.3254555993943,0.811313806448884,1.04523333038822,0.579473600968246,0.549772252360374,1.40658973529128,19.648298007153,0.601762189026956,32.4288491966812,17.1480193525262,0.601565489843059,0.904555363379897,69.1206424007236,0.663072864410271,1.03276843738738,0.758224380656638,0.658461048680837,1.34506129845377,2.123665305446,2.53864665187407,29.3145603008432,6.10071640928254,11.0095722089288,15.6759542615548,1.02778833128182,3.83446388608555,27.6395279659302,0.680623113245295,0.520484235848566,9.24214186617401,1.04453246256982,0.507896660034373,32.1145430008321,27.39115487434,0.55598761252107,20.8151396396784,85.5618343597169,0.806469454789011,1.14326851430903,0.524277242281013,0.513854356528776,1.13927435069664,1.09799464931117,6.36021214066879,22.4848884973321,5.51165469563576,1.1631786262014,32.1935997435639,1.03758969243791,5.06776638487921,38.7515984167353,1.19372022409838,0.677873907743582,27.0306967115302,1.15624007983177,0.517197310235618,37.8660505136481,0.503381148188867,8.60541318329632,6.01560195800565,61.1670484735608,0.590001548302346,1.62575500598658,0.651422661160341,0.60156370551438,2.00693789919663,7.72460382585714,6.53631187800281,9.6213337183491,0.510161147131747,0.511573820494947,1.20346381740491,12.6658395653633,4.19352075496861,1.11177023231847,0.513742235215859,0.772862360908312,1.02952360395745,14.0947426235844,3.35327279881131,5.53801382104573,0.80883319012024,0.521002810261927,1.01753411684997,21.2385736431965,0.500970765381171,1.17170207004742,0.500526167989465,3.45759349428108,1.00231944206847,1.94406617679321,2.64857034516468,72.605200147613,1.53968993891343,4.00049187139335,10.2037224489579,1.28965330506815,3.21333860352445,25.8364776187666,4.48533920315495,0.513826949041021,29.852096702215,4.2377953053709,3.83929541484792,23.2518405646804,4.50487137958328,0.59481137495979,29.270735896058,10.9081194166197,7.64398126603266,4.27526567738951,0.512000257091571,0.515225185753961,1.04317120640242,1.02007997714132,2.20475731750719,48.4753082000592,19.4507243478767,6.65460915304958,4.7941111189355,1.02512530175418,0.58878316986065,15.1387057237437,0.520599240578403,17.219112928737,13.1437108374156,15.7997669562428,2.67678695535297,1.50116696468316,0.501290135780492,0.607977532956842,1.00489209290457,13.3110211800012,0.510514409031641,1.3117568210251,0.514206008865504,5.54038804939863,1.009202152655,18.8202969336249,0.502074089147987,1.00693579230694,0.505423692367931,2.09632183737297,1.01320019221005,1.06832674442286,13.2145409233998,25.0091717547606,0.795762057584528,0.561367478018655,26.9942974127115,1.00016435402936,7.06856130141313,53.6967216707309,2.1667677385974,0.504249143341743,44.879105161722,1.00026764436448,5.82252777827047,9.83884244365498,0.500017365039149,11.4356995388412,2.32955970181041,88.3603996073655,4.15843497100987,1.12057684857558,0.523861095162358,0.514283134912346,1.11519305133017,1.29071220046514,4.12693120621888,26.1780089644925,5.30149504655132,0.508035618014683,36.6050803378475,11.6736901455028,0.512001632806974,1.76139174296849,0.530518315767454,0.519470053045369,1.08554352615372,1.08535323755162,0.874929029984631,12.4242625602025,0.508646843355509,18.8499289410426,12.810613966614,1.00103158656808,6.20364386273974,32.5920530274358,0.926280908102991,0.500614678098119,23.1898708397172,93.1488065581416,0.500073841132811,1.00312835082356,0.500622347147529,0.500321865112847,1.00432626939971,89.7256044700993,4.15333300141327,1.85410277135762,0.704529444204755,0.536402019400531,1.87465744763277,1.26170512127374,0.549275733227633,15.6904449402884,0.52292983016086,0.551885771931995,4.94193914719146,2.12495106408135,5.99996053196779,8.78481903301314,0.643412661312571,0.511819121468128,17.4759805189593
10.8534670422262,1.4707347952971,1.06379222551884,0.703709815604551,0.933196556569825,1.02277762390618,1.04851147988881,3.05025165360469,21.9172977898853,0.610552817499087,0.601456781917309,5.99530359513449,50.2888877979566,0.788104364614988,1.05275849075618,0.59274565948133,0.55810442358099,1.47473631488831,20.0168413593892,0.600370845012469,32.0806771898411,16.9804294250521,0.600332795234031,0.900980573266719,69.1545250598523,0.637014810878165,1.04028576932973,0.793545334139859,0.671509117937077,1.44460836825688,2.19914093442969,2.48277078204827,29.3635616704559,6.48765530749844,10.760805123099,16.6471040009748,1.0169829580371,3.75147437985378,27.8863206823278,0.712085097407705,0.515899324142867,10.2742848128312,1.08850251926776,0.516339752143773,31.7416293560351,27.2314244170827,0.616363582874242,20.9745538346642,85.5769064615521,0.798346239247347,1.20926045786019,0.535458614987674,0.520234466706934,1.20343787527077,1.1978668616437,6.3282354608061,22.5050394283027,6.01878265445501,1.03444667875382,33.9588333607705,1.02031183658627,5.0427512017505,39.2054126061949,1.34485365223086,0.626149094900781,30.2057693526494,1.23191836621843,0.525798195616031,37.9478964177215,0.504781852179066,8.60316920129925,6.29889070793882,61.1666667178336,0.508741742730265,1.06077855172754,0.514707538381328,0.509864780178376,1.09780184612005,6.97589563998318,6.55271890523594,10.9982035655991,0.539386988512544,0.547344682524705,1.28634198711019,12.2641617754314,4.21332630538416,1.15100173785471,0.502656184712424,0.79969848775651,1.00552975467999,13.4202321407251,3.40288585357834,6.0954684507923,0.752172861280168,0.516254825636769,1.01104501612323,20.9220905162955,0.526761628541165,1.21506284214253,0.513918607432578,3.57696258328998,1.06002233555188,1.35485396719145,2.60446251718276,72.7075414608857,1.56678804830086,4.04221302301797,10.3886650743174,1.40824797348717,3.17790450776705,25.8982898749443,4.67358734013803,0.508641316014847,30.6433671359991,4.2009554303658,3.80309584708632,23.4399835419194,4.52435788963196,0.552180291697288,29.2836238098378,10.6421013068329,7.64906883614364,4.4992354522356,0.506124694800269,0.50790258898401,1.0638533637108,1.24163452069311,2.13619304472369,48.2513115612281,19.9756512195163,6.59718060505834,5.09301308606878,1.01330072183903,0.599637504721824,16.1567452243634,0.534291079059381,16.9927730780119,15.4108457662695,15.275306627315,2.68644597730491,1.61422672063681,0.506472623279099,0.611177376042344,1.0227056342676,12.8845043417124,0.502795393978019,1.3868003884268,0.503734540049298,5.6950463252714,1.00189333131963,18.1725183573219,0.500954437524524,1.02170568709047,0.502510684617885,2.27720718433679,1.00589316388834,1.24182753917091,13.1815316322744,27.1358968848061,0.872653271224413,0.524927063473819,29.9468447448666,1.0159607926688,7.08257975554846,53.8168963171562,2.51355379969833,0.504019336387862,47.6381496847463,1.02657980408062,5.99956355560804,11.0072672085556,0.501310720010677,11.5716741488502,2.54263407213794,88.3926065530325,4.17570690475614,1.7063616541865,0.63980550901207,0.583722043915586,1.67492307689273,1.46367218932646,4.13232658173662,27.9229912735045,6.25240071801712,0.500203019709314,39.3161375602756,11.4000368115233,0.508607349011229,1.87762564124762,0.521660939721438,0.513870316818436,1.11666307465534,1.05293350040825,0.873281449738997,13.7026974356873,0.503417316783515,18.5217505143544,14.7817360992968,1.02485994569561,6.19741988017469,33.0074418291487,1.00565379921816,0.519863785398137,25.4657623113916,93.2018847606613,0.50004613482667,1.00194743926747,0.500388483330583,0.500201070438751,1.00268854263281,89.7234707070309,4.14564272508868,2.64096229510342,0.892941420990153,0.569886738081875,2.68043882523537,1.27876101668853,0.551155467605372,16.8850828821162,0.522198798150561,0.554252468852823,5.274894068038,2.22690459380329,6.0589848451812,9.65090954254795,0.675030508556845,0.516639053723771,19.4838463318301
10.5338807814145,1.49610351750121,1.0895049126169,0.670246596340599,0.96126310758943,0.946055118565391,1.00794806106503,2.98311484766443,22.5641864423005,0.601684816331648,0.600236320942129,6.37181767979037,50.2557632518275,0.765762644747894,1.06026879483997,0.605996233367542,0.566426098326185,1.54281146018012,20.3883106218766,0.600541714524979,31.730638135622,16.8115683677818,0.600491143137659,0.901464873869466,69.2384714503714,0.625273650741947,1.04743694720357,0.820434909983456,0.683239604565948,1.49932392700311,2.00848970210179,2.42577985004093,29.3789116106302,6.89622505191409,10.4992892668795,17.5993165595142,1.00846266383211,3.6706520886172,28.0899771541273,0.747145404528227,0.510882044641542,11.3974281686993,1.0657773506901,0.512548134786541,31.3847878577461,27.0767663620112,0.589670336266468,21.1343678286518,85.5904856329436,0.790414387881506,1.2752664560813,0.546642161844555,0.526615297135138,1.26761964588798,1.34297924023669,6.28997825170135,22.4680863939794,6.56292258615424,0.909683587972731,35.5839853833346,1.00502052957011,5.01711170203951,39.5543600226346,1.52530946550323,0.571145403677182,33.4210483642429,1.30564843825332,0.534413047217669,38.0122964331161,0.506001539262283,8.5936984716788,6.59499750210485,61.1663262039096,0.654738581052711,2.07583671971999,0.76033590355243,0.674615248424091,2.73118299194404,6.21611705484775,6.56558578229385,12.5606713324066,0.52322255957105,0.529204763520087,1.38997615049562,11.8736688917529,4.2325504766738,1.1968973971769,0.533968408497977,0.828044669348192,1.06732339302204,12.7147262630595,3.45128268539993,6.74219732251565,0.702571073864405,0.511618947858292,1.00596125642488,20.6117764990555,0.518608181727819,1.26407107157657,0.509403695554922,3.69567168340058,1.03991108319012,1.84860475708088,2.56214114879258,72.7948976804356,1.59554983406447,4.0801504553432,10.5774366845004,1.55536852189974,3.14247885191723,25.912848844202,4.86964371065404,0.533810447380477,31.3404678693026,4.15640366446724,3.76694873504881,23.6320967962807,4.54682837143781,0.51993812122819,29.3030963380319,10.3680160372494,7.65341557556986,4.74581556468699,0.52471878420241,0.532749225672678,1.08920899955108,1.14613537259702,2.06831927703306,48.0438929352354,20.4301522862173,6.5378459406587,5.40055969297556,1.00376724248242,0.609424530933626,17.1195993767103,0.552214478574421,16.6635004754482,17.9875771663177,14.7542742366526,2.69582685182037,1.74459992790693,0.502621464267788,0.615208430412621,1.00856702115937,12.4661267021901,0.529500078468038,1.47267337354885,0.538622447910309,5.84500488904883,1.01017774437459,17.5519152958948,0.500991364052476,1.04408504948493,0.502611622048779,2.47442324808602,1.00586611299648,1.45865262576991,13.1426553261491,29.1620407952829,0.966421198128514,0.50255493267311,32.8658392536322,1.07391296402396,7.08841020051302,53.8517011717643,2.92594628754137,0.517018036670214,50.1660856319978,1.05316093831896,6.17689800886136,12.2842893727271,0.501873353078828,11.6763066123983,2.77668890058482,88.6027387249704,4.19326423231753,1.71662777736265,0.705307555504967,0.632209391388986,1.70060583902746,1.69983387105229,4.12679664628105,29.4931534177644,7.38660499427817,0.526751696546782,41.7316449948423,11.1294472922873,0.505210703054923,2.00705192124184,0.512973529780223,0.508342067922321,1.15322117600665,1.03701069054113,0.869323207269707,15.0555326962874,0.50009811393727,18.1255685105971,16.998969189353,1.0024604817369,6.19009232687234,33.3524787358602,1.09692771285019,0.502748139901648,27.8200786519533,93.2510797232931,0.500040106356346,1.00169280290721,0.500337836708381,0.500174888664728,1.00233632224771,89.7216909393764,4.13845997982656,1.50462194972297,0.62083417119587,0.521486565038849,1.51676123507078,1.29627948957352,0.553044546130202,18.1050724082174,0.521315425549638,0.55668591711893,5.62829070906391,2.38203669525004,6.11359943338299,10.5729855901418,0.712373356504484,0.522079537830525,21.5982171640846
10.224078261006,1.52192710610649,1.11981059758038,0.777007479034993,0.990476043352802,1.18664390792605,1.17711614516701,2.91558556659584,23.1853953787078,0.636376163360388,0.605228247694209,6.76889477161424,50.2257470088594,0.744244967886571,1.06776747246037,0.619228443652465,0.574738447778981,1.61085146346812,20.7625074182969,0.600257194876876,31.3787368258998,16.6415119856185,0.600235606249175,0.900711553011699,69.4175641550998,0.600755176958267,1.00020991801318,0.600987249544546,0.600363703148325,0.902797906005586,2.00078185420081,2.36780031131448,29.3591024948531,7.32544409392587,10.2277893047826,18.5223334070231,1.00262170274867,3.5921106117007,28.2562990553009,0.786241683861467,0.505370908236757,12.6141538882475,1.04468664543638,0.50881641287634,31.0431758384581,26.9275309296915,0.563218451753393,21.294305513931,85.6027185652835,0.782667271168684,1.34128432911851,0.55782740868311,0.53299659338258,1.33181693833662,1.54486649692842,6.24574036147279,22.3684040057395,7.13965185971937,0.79090668123655,37.0208219898683,1.00477823681959,4.99062715644022,39.815284281922,1.74093620660427,0.514226605201469,36.609659537472,1.37719239824825,0.543046545901157,38.0629339304529,0.507041927690878,8.57783336435914,6.90415731268087,61.1660211807296,0.573478775429061,1.5108681074977,0.623622330930069,0.582917270707228,1.82205983361025,5.45569454268945,6.57503548603134,14.315491434321,0.508628974652996,0.511436290062176,1.51842009166019,11.4931625996263,4.25122293880455,1.2499682348677,0.52297403115409,0.857955391824711,1.04395068661529,11.9750460128517,3.49832265977923,7.49340454133005,0.659381213664885,0.507102988534096,1.00237254159205,20.3060068367011,0.510589623629425,1.31913587145212,0.5051929953363,3.81338832014412,1.02166954551223,1.26348190927178,2.52145523698438,72.8684587542107,1.62598410086261,4.114328945399,10.7697841885078,1.73568603735147,3.10705441339448,25.8768978443292,5.07114866346722,0.506621024997094,31.9265847981303,4.10488968888215,3.73111468132783,23.8298960302866,4.57271375872083,0.500741089806023,29.3334213700493,10.0851202019155,7.65704320478475,5.01749393908616,0.517093954662201,0.523119169915733,1.11967164057622,1.05419672615929,2.00145805200794,47.8544995700925,20.8222924937015,6.47749834403452,5.71684933606835,1.00215928755982,0.617665120209145,18.0173454078509,0.574958231996449,16.2313101566278,20.8788090791567,14.2345311015133,2.7049403904481,1.89473242768747,0.5060716034957,0.620078330069123,1.01723867061035,12.0542505669741,0.533350365611288,1.57062714088635,0.542946065430774,5.99006151144778,1.00313162760257,16.9573419993218,0.514296168457902,1.07418663368046,0.537889325214092,2.68890926388307,1.08010053511529,1.54020398184937,13.1003396053329,31.0877302775722,1.0809039941845,0.500737083300756,35.7476851110049,1.17866388139864,7.0869992814205,53.7849909276875,3.41308167252583,0.516212203195105,52.4089780727039,1.10621185650989,6.35282979268454,13.6728355970238,0.502265426500386,11.7506418952295,3.03323638403285,88.6893506920973,4.21083579272347,1.20331680134147,0.54024782623702,0.524116134804436,1.19446704797901,2.01766039445944,4.10973954686075,30.8278824167507,8.71692806409175,0.518600771632486,43.7474832191843,10.8611357604033,0.501811285991462,2.15117050264182,0.504460220580273,0.50288129089812,1.19562582327588,1.03966268289077,0.862683536537287,16.4725555428429,0.500864603445062,17.6602317011239,19.4663755774639,1.01156746155484,6.181657873516,33.6359587809194,1.20181561503097,0.523827555774682,30.2292913989837,93.2965798634267,0.500149143117565,1.00635031978929,0.501260648649088,0.50065184335995,1.00879220340402,89.7201996681301,4.13174810008102,2.29147242140756,0.809238201561723,0.554953047792233,2.32252933137339,1.3141510380399,0.554942376801588,19.3418872319805,0.520283236544453,0.559190922043145,6.00311157961318,2.60250835386385,6.16379566728682,11.5422808723736,0.756238203459806,0.52816708739381,23.7802105576332
9.92316710281833,1.54821555878758,1.15492750494139,0.66301168878507,1.02084113079776,0.929291221849388,1.13619729759744,2.84792237988325,23.7795432435706,0.627362879753304,0.604000661270465,7.18726650006932,50.1985464793409,0.723510511157094,1.07525739594003,0.632445102230254,0.5830425528185,1.67887740779179,21.139229110887,0.600366929475886,31.0250071921471,16.4703314930903,0.600339795574018,0.901028543262545,69.2543655466199,0.601705303663139,1.00323455846603,0.615383798080039,0.605686786809925,0.943315347772299,2.00084484355714,2.30898497448615,29.3028629596075,7.7737859737367,9.9490429610736,19.4064601257942,1.00499070507972,3.51590886404527,28.3904466385825,0.829891741908104,0.573869961439544,13.9258954822636,1.02517451437323,0.505141668580438,30.7159742947237,26.7839573955687,0.536993251013117,21.4540842473967,85.6137378937531,0.775098562191451,1.40731348577824,0.56901394823632,0.539378127400371,1.39602888140687,1.81920190363283,6.19592452414811,22.1987789712856,7.74142388778869,0.67986630140257,38.2171381289393,1.05040492179562,4.96325331805152,39.9929356468446,1.9988652115462,0.501746331605613,39.6973406669921,1.0225146991046,0.502586691712614,38.1027334383996,0.500411298452819,8.55627765028464,7.22660408836765,61.1657460459857,0.719475614482265,2.52591217294527,0.869247580268043,0.747665813744669,3.45541731929188,4.70774286670575,6.58118065136092,16.260503255629,0.531775526596236,0.546048012524036,1.6766174457013,11.1215143598744,4.26937294848039,1.31084106104711,0.512318612924535,0.889488430890004,1.02271010529005,11.1987888150463,3.54386149867124,8.36683046906812,0.622068210710079,0.502716198843228,1.00038123454314,20.0031586131713,0.502704021773148,1.38074586192734,0.501284721488654,3.92981336239475,1.00526436646786,1.75347674230231,2.48226385870858,72.9293067824699,1.65810343215997,4.14479514521927,10.9654366749483,1.95443789231666,3.07164487901867,25.7867767379597,5.2750510459313,0.56352434121454,32.3840849088316,4.0475133378926,3.69607620421011,24.0348058843733,4.60259883943131,0.500901275907114,29.3797293526739,9.79267128507909,7.65996839438495,5.31707102989835,0.509837817929841,0.513612774020924,1.1557636821405,1.26101358318421,1.93586278410432,47.683414210116,21.1603166729891,6.41678161228424,6.041982867722,1.03283695823231,0.623872286015285,18.8405114920907,0.603208865815321,15.6982127866741,24.0710805763847,13.7139388448782,2.71379605362354,2.06752744551468,0.502887783677607,0.625801683213447,1.00704316111407,11.6472748472608,0.504065102622732,1.68213763880923,0.505191840069641,6.13010384284446,0.999899445147327,16.3959043444328,0.510587838497528,1.11221332870023,0.527070859694765,2.92106195001317,1.05437392599658,1.66155643284076,13.0555132706184,32.8919492530612,1.22050769961436,0.501330903658597,38.5524952447509,1.33903707651287,7.0779147309099,53.5995891263229,3.98288022339988,0.536749704779383,54.3081341047931,1.04283294950653,6.52563266324839,15.1742088404805,0.500512352698958,11.7959867676498,3.31379227389759,88.6847984180686,4.22755918348683,1.88614208238632,0.675437380501962,0.605166184126573,1.8475555469459,2.44085554760189,4.08069663811984,31.8662186721109,10.2412593360402,0.509326201638628,45.2618693371085,10.5942914962035,0.524452562221409,2.31169114136194,0.55918865463626,0.53854587347769,1.24437581286669,1.06404312931103,0.853028443844915,17.940078896447,0.500119334224419,17.1260188314464,22.1777318632403,1.0008543402476,6.17208039428529,33.8657539988346,1.32222247237689,0.505249850188535,32.6671991910501,93.3387093287536,0.500051832170546,1.00219054716559,0.500437092683418,0.50022630349456,1.00302341537291,89.7189514871563,4.12547538461263,1.15516167371222,0.537152385268185,0.506601340354575,1.15889383248414,1.3322506987336,0.556848212023555,20.586515974135,0.519107519327662,0.561772560863511,6.40034845447516,2.90460922734842,6.20958140234918,12.544608116243,0.807432461910558,0.534903929487587,25.9751179244623
9.63031472531448,1.57497905212416,1.19513103616429,0.68798300578122,1.05236340987306,0.985049373874261,1.09550663205695,2.78036666100773,24.3455968250394,0.618788494471615,0.602795685343698,7.62764097471727,50.1739037104319,0.703521077683834,1.08274102884067,0.645648716123779,0.591339428970892,1.7468799670895,21.5183094980091,0.603109134448048,30.6695084099006,16.2980999350714,0.602908985258277,0.908929021618153,69.2718854612747,0.609148540950496,1.01739809683048,0.682549776549931,0.630522729627899,1.13246398741772,2.09197113745644,2.24951573489856,29.2050667222788,8.23719591966357,9.66511621385369,20.231845012639,1.00057837670701,3.44212092449586,28.4969346168464,0.878718531467077,0.569762477672246,15.333569497984,1.00718730240789,0.501520861664896,30.4023890992034,26.6461901553217,0.510978892018294,21.6134181554166,85.6236637821205,0.767702219487386,1.47335346056401,0.580201423282761,0.545759716471459,1.4602546520258,2.18631648184624,6.14106507929433,21.9500271915886,8.35677351965287,0.577963322155069,39.1164254860536,1.14783040695236,4.93511277003703,40.0808017905245,2.30767201721906,0.500096766530353,42.6031192112231,1.09606672245589,0.511208229543342,38.1340066037707,0.501658494686331,8.52962273736026,7.56256753447901,61.1655016635118,0.638215808714498,1.96094949737287,0.73253522532565,0.655968585733236,2.54630466514868,3.9873537202848,6.58413714367191,18.3814721282475,0.51830477666081,0.528568967538271,1.87050162408168,10.7576456249578,4.28702924353809,1.38026462304441,0.501997825418061,0.922704607945139,1.00354257566786,10.384760488742,3.58775106676789,9.38284938639121,0.590200210368754,0.549199252571663,1.0000999879392,19.7015958025182,0.527531134357933,1.44947560993675,0.512453670955734,4.04468539660539,1.04958284906779,1.17323398966597,2.44443604283557,72.9784223024138,1.69192412774422,4.17161318367133,11.1641065016902,2.21740519520355,3.03677066404498,25.6384467673547,5.47780853207356,0.530423684621697,32.6998533954408,3.98535564531657,3.66193657332402,24.2479133029674,4.63697766610477,0.502866183645379,29.4431105059804,9.48994050930966,7.66220195613914,5.64773800888558,0.502982743321941,0.504233275600345,1.19812237261956,1.17098725682127,1.8717240634403,47.5301028470372,21.4521895943193,6.35613251015305,6.37604353220192,1.1067691647813,0.627574327752652,19.5776062755115,0.637708503651887,15.0689495852381,27.5219033846814,13.1903562927725,2.72240182443108,2.26641205544927,0.500396983748419,0.632400149811058,1.00075665468042,11.2447278421627,0.507374866571257,1.80884914103483,0.508978299088791,6.26429311455243,1.00352594368611,15.8506912136585,0.500125465461199,1.15853548547232,0.500331987660859,3.17246694152986,1.00064188094386,1.83130273649401,13.0082704177546,34.5361899137741,1.39000276536959,0.500587666815957,41.2067053968577,1.56881060835285,7.06071516237285,53.2755156435375,4.64054179833126,0.551835134802403,55.8075293500936,1.10222119708226,6.6935880299631,16.7878043265083,0.499980109799669,11.8138497104943,3.61986230101157,88.6807448457647,4.24410533854553,1.64521453482508,0.627748235764623,0.576600336227095,1.61711238971743,2.99840905412353,4.03951883863272,32.5496193709682,11.9342531095538,0.540690564107615,46.1799240504137,10.328080691223,0.521060634921549,2.49056299655532,0.550354415717829,0.533000023939574,1.30007236021867,1.11484233500718,0.84007478913073,19.4405846589394,0.50345563802434,16.5249525173255,25.1132836217348,1.00409040538301,6.16148422253089,34.0484335487332,1.46023536268591,0.527203086320025,35.1065147458682,93.3777254644091,0.500021431979175,1.00091162941597,0.500181203441834,0.500093735350262,1.00126118292677,89.7179043079828,4.11961157962064,1.94199926931571,0.725548332090355,0.540050912575186,1.96464370790455,1.35042472972263,0.55876110659645,21.8297204991525,0.517795333784332,0.564436025099815,6.82099705671499,3.30949756100923,6.25098784242525,13.5587179342472,0.866687206082254,0.502146822327276,28.1100911834761
9.34474136706756,1.60222792359771,1.24075633993778,0.712306924380748,1.08504702884614,1.03882827263583,1.05519497103228,2.71314090128299,24.8828606531125,0.610643241892112,0.601612515001704,8.09069513222331,50.1515823124284,0.684240888506507,1.09022034580551,0.658841380161035,0.599629964948226,1.81483769828808,21.8995590057377,0.601284860637189,30.3123174068751,16.1248870968593,0.601215368774097,0.90375052239902,69.2872786767741,0.603131131313677,1.00596653283616,0.628258140757792,0.610450357844673,0.979584699462424,2.43578559767102,2.18968130916404,29.0371443955015,8.69789144630625,9.37566101097035,20.9126979410555,1.02074093971878,3.37085939266661,28.5784775603127,0.933429259633391,0.50401565136405,16.8356694750374,1.07988088851937,0.517849389239089,30.1016547127384,26.5142948337433,0.629469974138093,21.7720231051935,85.6326027123508,0.760472518985165,2.52916815364992,0.759079384474283,0.647812173416083,2.48691447122301,2.67127550787396,6.08191516178522,21.6107695617874,8.9699240045744,0.502423090298285,39.6587954743251,1.30842923744302,4.90583716825276,40.0699092042655,2.675726634669,0.500392995658719,45.238177872296,1.1673007262671,0.519850822615817,38.1585683627426,0.502720589721229,8.49836218379546,7.9122698003469,61.1652816583102,0.556956002838902,1.39598907581368,0.595823355491514,0.564271658870414,1.6371963445828,3.31035106826263,6.58403987475739,20.649626772964,0.506697514466043,0.511381022552283,2.10707131902299,10.400516710536,4.30421993400736,1.45912416182822,0.531133631571683,0.957667767237178,1.05199997990776,9.53457664597369,3.63025760668081,10.5643165560819,0.56346500375703,0.502913728778384,1.01045566341367,19.3996579219494,0.519664574792283,1.52599690647184,0.50857344617109,4.15778475735674,1.03338351664006,1.65915124330372,2.40785005330421,73.0166882700243,1.7274655706864,4.19486389779229,11.3654886810292,2.5300070211579,3.00160803139715,25.4275871893701,5.67434352094767,0.500757025483797,32.8461743679934,3.9193307908061,3.62859070061911,24.4700114833024,4.67627796057089,0.50029124075494,29.5227372340072,9.17623168672419,7.66374898120674,6.01310604998838,0.519161707906906,0.528357951421355,1.24751520351949,1.08414139125022,1.80917737617913,47.3934901087506,21.705294068176,6.29582159936333,6.71907954995702,1.23826339582096,0.628345843640259,20.2174475095844,0.679252663647145,14.3525565375108,31.1571703654114,12.6616438129489,2.7307640811151,2.49540878955179,0.502439390481415,0.639902470223153,1.00178201851414,10.8441548305155,0.50197174690537,1.95291338202541,0.502425308379207,6.39412636655733,1.01405742943595,15.322100520437,0.50167025478928,1.21384727012108,0.504589771766859,3.44389466781319,1.00833826930401,2.06066838476627,12.9583848445361,35.9830593981158,1.59460180836263,0.500997925622636,43.6318501698546,1.8874155693949,7.03501313264122,52.7885459385147,5.38633363543847,0.560796878369276,56.8516272372833,1.02838426012491,6.85502264491703,18.5106939517123,0.500564634691033,11.8058906137957,3.95291980030616,88.6771445016506,4.26047319938849,1.40430699577083,0.580056001362289,0.548016515486127,1.38669369554274,3.72316232715734,3.98657257113998,32.8257812798372,13.739858851393,0.530860899971877,46.4195506856219,10.0616478546627,0.51766578677009,2.69000817025937,0.541693788486439,0.527518756542138,1.36343344678762,1.19897559695471,0.823615256073136,20.9524600259315,0.511269306357936,15.8612693351187,28.236218609807,1.03924245586982,6.14952267759472,34.1838217799836,1.61791740891984,0.500590530346418,37.5083074408667,93.4137905411217,0.500188158726877,1.00802367129387,0.50159268769343,0.500823699352885,1.01110879874678,89.7170271106107,4.11412947858669,2.72881440064012,0.913929707423462,0.573466789541221,2.77036139440243,1.36849623088229,0.560679994294387,23.0623032503914,0.516355098830104,0.56718681077741,7.26605038151977,3.8435138057961,6.28807949158533,14.5545438546086,0.934511977133701,0.50765515376822,30.0926661940307
9.06570873564584,1.62997263874334,1.29220333584621,0.735969603016646,1.11889497599267,1.09069284491087,1.01541830790176,2.64644772027286,25.390956346746,0.602916998144024,0.600450130566985,8.57706673045898,50.131359397715,0.665636390548553,1.00557399606828,0.509814299411191,0.506156296564003,1.05036621905205,22.2827546914748,0.603083986884494,29.9535263607668,15.9507588920489,0.602947983719511,0.909224517976051,69.3007836315693,0.614980411483964,1.02858421100931,0.735212801306445,0.650010259347607,1.28083246587034,3.07352481788373,2.13000073597144,28.7604689167632,9.12580054194808,9.08239253589863,21.3256791163016,1.06847618444426,3.30163295721443,28.6351756035766,0.994553444942274,0.506047209446493,18.4133488295377,1.06117654438505,0.514207122787673,29.8130365251336,26.3882738015932,0.603383390010186,21.9296210587883,85.6406508964182,0.75340397107372,1.39963096530402,0.567706385289026,0.538627659543489,1.38859228304695,3.3032676156822,6.0200472370477,21.1674696255075,9.56578130281918,0.505427930948221,39.7924658159821,1.55090131254843,4.87497757935952,39.9470619657213,3.11105048861589,0.500544866976636,47.5138803690498,1.236029796321,0.52851823748722,38.1778482587106,0.50359251559821,8.46290742218351,8.27592219227017,61.1650832743194,0.702952842535034,2.41102489096928,0.841446626153177,0.729019006263813,3.27054838357695,2.69153708219862,6.58105902221289,23.020904231054,0.523154397181001,0.545365047950995,2.39442812847825,10.049120654923,4.32097238383658,1.54846040761108,0.520893768663625,0.994444828854161,1.03337340199469,8.65169712028638,3.67031608264858,11.9359357166887,0.541584067305529,0.500769341464767,1.03402590653089,19.0956499279773,0.528037853279869,1.6110929333779,0.511637538068618,4.2689368930363,1.04395194630266,1.0844363758228,2.37239283428038,73.0449001819373,1.76474983581477,4.21464234796705,11.5692630437472,2.89685380754352,2.96656243231673,25.1500866315158,5.85936265247387,0.517047836730907,32.8091764934179,3.85025697268563,3.59594559365959,24.7016236653244,4.72093513351348,0.508599511904169,29.6179949272044,8.85090455321305,7.66460878455643,6.4172438800203,0.512435757048818,0.519028092212066,1.30486116239671,1.00035605765139,1.74831163193291,47.2721698878909,21.926269195374,6.23599033344325,7.07108967457943,1.45068808279222,0.625844751545316,20.7477774955455,0.728611288340405,13.5626930461503,34.8653818671953,12.1257016779937,2.73888741296441,2.7592199117233,0.500672001863015,0.648344523999443,1.00009415302261,10.445868598567,0.500289983050826,2.11661966912512,0.50034841638968,6.51883520504602,1.03157699254689,14.813060977696,0.500444337328347,1.27886697242652,0.501236661307941,3.73571212532871,1.00211046201929,2.36385375060282,12.905720930912,37.1963942843378,1.83963536394281,0.516146838394273,45.748424019739,2.32050009225291,7.00057251442994,52.1093281006943,6.21286032020965,0.569737195619314,57.3833664905586,1.09456710760087,7.00832958878236,20.3374174407083,0.503380819776771,11.7738296790876,4.31436955028583,88.673949504291,4.27666270366664,1.16341668723934,0.532360211725947,0.51941467187307,1.1562958727822,4.64800060123667,3.92319540352217,32.6537803454833,15.5684008083134,0.501263934518407,45.9223365265804,9.79411730967071,0.514267464920757,2.91256129914863,0.533215032049175,0.52209835288141,1.43531206158556,1.32656131094583,0.803544212758429,22.4496800732181,0.523806543793874,15.1418388806042,31.489274968807,1.11337037344232,6.1359958739542,34.2649880374137,1.79706828968823,0.509635914220937,39.822231746895,93.4472017010899,0.500070130423395,1.00296827438756,0.500592193260005,0.500306659806654,1.00409690293034,89.7162904451938,4.1090031994072,1.59253877021397,0.641870118491843,0.52517554171372,1.60677657633579,1.00744033641301,0.50121510667765,24.2753771967184,0.500307882475414,0.501352109012453,7.73649217183135,4.53757724609084,6.3213751862237,15.491680857477,1.0109956518804,0.512088501935053,31.8131031644469
8.79251367108424,1.6582237582112,1.34994223019993,0.758952084954126,1.15390893313465,1.14069495002511,1.1777204719293,2.58046881153484,25.8698046823971,0.632793086657001,0.605207119184213,9.08734440310235,50.1130279261868,0.647676096934099,1.01311886964823,0.523100789657935,0.514492568509399,1.11855615033969,22.6677565801076,0.600507545460226,29.5932440101724,15.7757902039204,0.600490493397861,0.901543431391615,69.3126300660822,0.608962999847883,1.01712315742081,0.680908545443977,0.629928476525916,1.12789633309337,4.03828962183995,2.07126311307624,28.3360399099752,9.48124212746583,8.79050555099399,21.3402156233545,1.14921972294498,3.23468878912796,28.6664516359856,1.0628187257207,0.536849543734805,20.0531575218967,1.0929302078902,0.522718176142322,29.5358336068704,26.2680748349387,0.665989166058468,22.0859434443698,85.6478992875875,0.746491229245198,2.45557493963412,0.746596803115711,0.640680437525046,2.41541728059656,4.11242853719295,5.95677361012339,20.6051138678663,10.1221228104523,0.518234516998451,39.4581137231464,1.90332110545211,4.84207668056092,39.6927964078659,3.62017647645159,0.500361975029727,49.3412390866142,1.30206735876632,0.537213817837828,38.1929774367829,0.50426729055201,8.42360144972117,8.65372177846156,61.1649074841792,0.62169303647208,1.84606839978136,0.704735620812441,0.637322608654912,2.36144603013983,2.14277645704173,6.57541356261954,25.4378592586215,0.512922303611882,0.528419610648368,2.74176799312716,9.70247599921193,4.33731307438266,1.64949245637247,0.510985518155327,1.03310580327645,1.01672966862587,7.74264324997013,3.70692373204146,13.5230109005565,0.524372223352919,0.502003194126441,1.07228400704726,18.7878326428658,0.536248594795333,1.70567398705368,0.514246321402073,4.3780146105771,1.05194097797889,1.56590996081239,2.33795969241025,73.0637792029403,1.80380146133051,4.23105606174998,11.7750964566736,3.32094839956591,2.93186239125719,24.8022896961989,6.02686901176619,0.517710704108476,32.575118878718,3.77884668822368,3.56392038130125,24.943031368597,4.77138530221739,0.511069282363894,29.7278755175004,8.51340355260487,7.66477459898354,6.86472630434916,0.506187770547243,0.509831231535491,1.37125965257977,1.19251550151673,1.68917743025309,47.164569966385,22.1209441214042,6.17668341559488,7.43201260360626,1.78174597885535,0.619848244076273,21.1528265232089,0.786367338740987,12.7174825566325,38.4913282484629,11.5808880876256,2.74677432307932,3.06332127915369,0.501161513325445,0.657764469252852,1.00649156582618,10.0493036118783,0.507904129589593,2.30265844942279,0.509257625234512,6.63836897392209,1.05633458262372,14.3217999071501,0.500142186260513,1.35449164945127,0.500405563836347,4.04834738782208,1.00064349881494,2.75823816096008,12.8501165291954,38.1406733767092,2.13001665891452,0.503213183204139,47.475586341463,2.89976351363346,6.95744315359313,51.2032977121956,7.10187472718212,0.578500275419108,57.3430903006881,1.00875033893089,7.15200750694908,22.2598297737233,0.50859634781554,11.7194138524773,4.70552037630766,88.6711144864436,4.29267396096516,2.47543600587039,0.792203861880282,0.675388873085062,2.41113655204235,5.79704516983586,3.8508020993624,32.0110670369934,17.3001841930502,0.511211349154773,44.6530275448978,9.52459549798646,0.51086502420803,3.16111380073559,0.524928447098752,0.516735057314476,1.51671822276268,1.51233890835562,0.779878928045478,23.9012510584095,0.541306513643733,14.3763337497444,34.7913816565949,1.23348568644701,6.12095297852023,34.2841871177373,1.99910313865162,0.529030132906047,41.995919779271,93.47813038517,0.5000204187349,1.00086966703396,0.50017284733131,0.500089428013155,1.00120311525243,89.7156737481782,4.10420937808236,2.37935157657956,0.830248243497934,0.55858012237482,2.41249028747399,1.27763695570699,0.544481519068601,25.4606006983989,0.509289212004324,0.550207480369769,8.2332876884328,5.42375237833708,6.35024517424136,16.318869305671,1.09541904084612,0.517983399644187,33.1405752813897
8.52448282486722,1.68699189952464,1.4145205638539,0.651453840993558,1.19008916199044,0.903203999903627,1.13732114497538,2.5153655760345,26.3195860653883,0.624937688983536,0.604040660493761,9.62206003346137,50.0964031386662,0.630330420184113,1.02065388879025,0.53637094490479,0.522820415909115,1.18670740084141,23.0543777674705,0.600432396116944,29.2315885059396,15.6000513543788,0.60042246111463,0.901348672045575,69.3230108122267,0.602945588450544,1.00563509561128,0.626592940877409,0.609838120174914,0.974909974390258,5.35114698613725,2.01452929261229,27.7287325930583,9.71759475193356,8.50811374091931,20.8422305925467,1.27134960702913,3.17001295079867,28.6709121470181,1.13888100731362,0.510085200529518,21.730816167985,1.12058568752827,0.531103142506112,29.2693786572894,26.1536004036299,0.72815758125079,22.2407329440439,85.6544267111584,0.739729248163809,1.32587260641508,0.555206620811724,0.531494112687554,1.31688333748617,5.12225793836769,5.89308061293165,19.9097696889957,10.6068088737144,0.525715107482961,38.5954689644299,2.40550541283915,4.80669307231563,39.2793414127427,4.2060873671036,0.501045683199439,50.6272209205508,1.36522050552031,0.545940624469009,38.2048484091015,0.504736590698508,8.38072961557023,9.04584796582911,61.1647498639147,0.540433230308259,1.28111339701434,0.568024963106271,0.545626422470114,1.45234551279923,1.67147777634513,6.56753228574201,27.8339998942011,0.504255129141779,0.509539805026867,3.15958230447557,9.35962052123647,4.35326746082592,1.76364440847859,0.501411653014652,1.07372380983772,1.00204214079943,6.79266586209273,3.71176961984093,15.3508998543986,0.510542777506469,0.593194931447626,1.12744612612535,18.4744135142015,0.544303509665328,1.81079550936288,0.516375731597208,4.4849392284227,1.05726455778825,2.03935834147301,2.30445363312169,73.0739778798199,1.84464692085204,4.24422301189203,11.9826434340347,3.80226903450066,2.89766922866259,24.3816997172943,6.17043367709539,0.518329221034533,32.1333658254192,3.70574391530333,3.53243290719904,25.1943165497301,4.82808894665278,0.522603671071458,29.8511579698907,8.16329470439183,7.66423321781109,7.36068265300551,0.500464151052019,0.500769284206491,1.44802656807372,1.11031113696787,1.63179476541098,47.0690733503779,22.2943354755763,6.11787642690291,7.80171896497934,2.29133081929089,0.610282316672471,21.4097541850483,0.852620844019131,11.8388455898439,41.828503037989,11.0264047299116,2.7544248123082,3.41403240727254,0.500158914956357,0.668195946558743,1.02124620408616,9.65365442227971,0.500922238860405,2.51415598541899,0.50105431122997,6.75278139911394,1.088737913729,13.8465541940306,0.506841254838615,1.4417968108731,0.520258620440209,4.38200788934376,1.02918227963384,3.26381083016885,12.7914051440591,38.7810848849569,2.46926205477469,0.504860237668325,48.7337865213003,3.66097090616089,6.90612154615832,50.0321571708575,8.02141499294949,0.507455014907254,56.6702788901809,1.08204288169023,7.28470353774047,24.2670805292962,0.51641183630641,11.6444005788229,5.1275601186781,88.6685961184706,4.30850719030421,1.28822444636896,0.55708395654759,0.534268918248629,1.27566169744054,7.1739722291376,3.77248048229748,30.9015899818334,18.8029334667342,0.505507248756916,42.6320544577467,9.2521752551906,0.507457712268763,3.43896432464396,0.516846775250324,0.511424967204054,1.60884594877732,1.77759218359636,0.752773224922915,25.2702479902405,0.563940640570975,13.5771784535878,38.0343686162463,1.41080159813316,6.10429187129205,34.2319672737241,2.22466587023569,0.524253790874631,43.9721066002031,93.5067117220248,0.500169058149582,1.00721653989115,0.501432529096319,0.500741007461505,1.00999045698939,89.7151570335115,4.09972560073955,1.24309463922613,0.558202579205157,0.510322428795427,1.2489327058032,1.50229491723708,0.58516254605347,26.5664379909212,0.514082883630839,0.596757383496839,8.73985165415195,6.52878632611189,6.37532491280998,16.9758604609249,1.18598573174866,0.513344872472344,33.9447571322988
8.26096773434089,1.7162876890549,1.48657241967707,0.675089703652901,1.22743440656358,0.955146037259881,1.0977071697706,2.45127943422251,26.7407113343336,0.617485074761678,0.602893125429183,10.181679880659,50.0813276780288,0.613571532276449,1.02818111586173,0.549626841319431,0.53114065141609,1.25484311534933,23.4424171739064,0.600638538300495,28.8686859919486,15.4236125545547,0.600630722473452,0.902030259110264,69.3321106472773,0.614794867568594,1.0283251563929,0.733577950303889,0.649420990029777,1.27629128279264,7.01584897470614,1.96109195514883,26.9118028752842,9.78718459448404,8.24500307889483,19.7623739183299,1.44724595881507,3.10748718337707,28.646008479142,1.22324728251324,0.507275441142251,23.4098113335758,1.0308909507757,0.508155476038756,29.0130402566125,26.0447168897891,0.559923351013136,22.3937475222194,85.6603082184895,0.733113111742021,2.3819270335454,0.734107026224627,0.633545867419681,2.34384912282189,6.33838359013848,5.83029341857434,19.0726142449079,10.9850377912718,0.515279041152697,37.1671645143751,3.10624561933843,4.76094698764905,38.6699471840895,4.82627202373499,0.571968156158368,51.2756556846322,1.04091528195459,0.505197157580189,38.2141625469809,0.500508496334935,8.33452894691354,9.45245889989159,61.1646093261288,0.686430069805281,2.29614121039264,0.81364659000629,0.710372843836277,3.08569891869746,1.27932148792185,6.55741619161159,30.1428527920485,0.500599282574786,0.501752799655091,3.65857833181958,9.01960663891223,4.36885981045382,1.89257813087317,0.528342137077515,1.11637511034454,1.03779274205783,5.73610017271713,3.59243342522226,17.4506066274303,0.501923493834463,1.25541385853166,1.2055215773554,18.1535372603794,0.505500728744953,1.92768125280238,0.501973214083608,4.58968119477705,1.00675258269824,1.47397258097251,2.27178528720906,73.0760899521532,1.88731460189431,4.25426997016711,12.1915498275359,4.33638466766099,2.86417432460796,23.8877723968178,6.28364251869092,0.518895704153253,31.4797368123039,3.63148981340525,3.5014032124384,25.4553672013728,4.89150994091286,0.510177662305013,29.9865071182314,7.8003112094781,7.66296465156573,7.91083582280134,0.513535048159992,0.52414051763751,1.53673760692503,1.03100620681624,1.57615983818489,46.9840959806798,22.4506932714376,6.05949809100149,8.18000498033767,3.07186314719891,0.597239716164976,21.4839342390835,0.926482055561261,10.9514241663994,44.6094423055902,10.461617755257,2.761835450562,3.81856424203598,0.500228045920721,0.679674457047087,1.04484788243151,9.2581126076313,0.501514859442105,2.75471199322671,0.501678156195451,6.86216100267072,1.12936019440792,13.3856128840611,0.502089804227086,1.5420592182075,0.506393140867725,4.73665408683644,1.00848152262415,3.90162647693973,12.729467933909,39.0839888900273,2.85819050655416,0.506569933662925,49.4474172629617,4.63868656531154,6.84770900764412,48.5579095264212,8.9245484685186,0.515598198299737,55.3102483676597,1.16588352729114,7.40523976920829,26.3457153186069,0.527063956074518,11.5505236416755,5.58152356469288,88.6663653842889,4.32416260946408,1.65388896326679,0.629516670449983,0.577777605424174,1.62538614160222,8.74791316165384,3.69168686272806,29.3630994795766,19.9545371930606,0.510657454607494,39.9354617524172,8.97594260534671,0.504044650837858,3.74987555757307,0.508985777959665,0.506163911215082,1.71310608870567,2.15254924219255,0.722521787638139,26.5123350341185,0.591709584327062,12.7592742446621,41.0797615616365,1.66178503802408,6.08593233076141,34.096007121209,2.47315902911929,0.5191006624565,45.6886968856855,93.5331805389932,0.500034660239051,1.00146757251961,0.500292906541401,0.500151717292564,1.00202498746664,89.7147255168021,4.09553132464762,2.02991415329937,0.746577897325926,0.543715902213614,2.05465461969003,1.03966983483345,0.519294583899868,27.6006646964008,0.502849684548429,0.519952585730104,9.26001165920553,7.86301814942836,6.39701863985239,17.3990916779724,1.27945757158454,0.50830091290674,34.1075525219931
8.00134194345146,1.74612172248078,1.56682616675651,0.698019800082676,1.26594184109713,1.00524634112657,1.05904322015948,2.38833183259527,27.1337974501371,0.610425623416396,0.60176298698324,10.7665931075643,50.0676656078266,0.597373236860894,1.0357023811758,0.562870412599967,0.539454059863659,1.3229620362461,23.8316999740303,0.600367587089325,28.5046712438594,15.2465473338264,0.600367063920623,0.901190062703518,69.3400900227368,0.608777456492598,1.01681841452723,0.679254519137649,0.629324707057526,1.12327053680683,9.01280362384261,1.91239182234005,25.8715400547565,9.65044849607907,8.01097175084083,18.1029284512225,1.69496821735588,3.04715347578521,28.5876105986607,1.31622993147197,0.508918777519298,25.0454944108654,1.05925986338112,0.516568284375839,28.7662122421159,25.941268281512,0.622206239200409,22.5447566144754,85.6656068987053,0.726638225089713,1.25209069789927,0.542705090770684,0.524360670675236,1.24514407876794,7.73453324039075,5.77001125007722,18.0952877742381,11.2238998651849,0.504469268504748,35.1778690705207,4.01597383183225,4.62207825727036,37.8508139451335,5.00246002591746,2.15875661079811,51.4818718786006,1.10691154896711,0.513895464461248,38.2214721033905,0.501192422331088,8.28519659639937,9.87368850494107,61.1644856046632,0.605170263590237,1.7311891854987,0.676936579390852,0.618677038837181,2.17660018123501,1.00000750769922,6.54562251106475,32.3022908269313,0.500001162959971,0.500003166517829,4.25071625590531,8.68149876688314,4.38411303118792,2.03823022537629,0.518841855611522,1.16113916002124,1.02358999127748,4.84131049270014,3.61499120443432,19.8382090443316,0.505023981705251,1.26911869661129,1.31220376919564,17.8232772595243,0.513737782309084,2.05774980712332,0.504573813947941,4.69226017966295,1.01479619209875,1.85895262101041,2.23987500737028,72.9486919968172,1.93048657986774,4.25965025690136,12.3742552532358,4.91320630394475,2.83159337773965,23.3227807898602,6.36063988830133,0.519403197400859,30.6187839757921,3.55653645692986,3.47075280197356,25.7259048875048,4.96212113835465,0.521792054903855,30.1325092055986,7.42440399526911,7.66094181616399,8.52152524506745,0.507990633994333,0.515134700010206,1.63927624851815,1.10902385219471,1.52225072061471,46.9081382647659,22.5935698759931,6.00144766810733,8.56658872652394,4.25766380734871,0.580983106541085,21.3238548887284,1.00527867373265,10.0812789664341,46.4967596012438,9.88591927042299,2.76899454759495,4.28505561536221,0.502123494899454,0.69223913767368,1.0780408084177,8.86184113151331,0.509398633425722,3.0284694637611,0.509988786854578,6.96662206417763,1.17895767986132,12.9373069240451,0.501958617415437,1.65678788854605,0.506264253154936,5.11196365549662,1.00745803419899,4.69056988674161,12.6643152519332,39.0188719050986,3.29324698150844,0.508286568636813,49.5498387504386,5.85640192158096,6.78403695105672,46.7504010539663,9.75102940309143,0.523553371701548,53.227549534159,1.06366756949506,7.51263215114346,28.4799352967317,0.540829940382711,11.4394618785556,6.06825563294048,88.6643885139842,4.33964052424209,2.01954007582025,0.701959023629589,0.621320582778703,1.97509593439418,10.4432722560898,3.61216882035058,27.47142836315,20.6702088565851,0.539510255970434,36.7049108175949,8.69498656294736,0.500624814186254,4.09813765356359,0.501363775058458,0.500947263321848,1.83116630827942,2.67888178360382,0.689553291954825,27.5737712889954,0.624279155469883,11.9395203401991,43.7559034660596,2.00927679842431,6.06583848302851,33.8599491604612,2.74213974218473,0.53038548308576,47.0772193472657,93.5576909093061,0.500050007625685,1.00211913936057,0.500422808335958,0.500218991798509,1.00292461030868,89.7143668567773,4.09160730451585,2.81674229970215,0.934944574313853,0.577085618633894,2.86038680653719,1.08004220104995,0.512516825971443,28.6656787106349,0.501566196444492,0.514569576548505,9.8385810006609,9.40552798974263,6.4158189566013,17.5322627867244,1.37104614884452,0.50297614620104,33.5510334667027
7.74499619353476,1.77650448760572,1.656119728275,0.720211613179794,1.30560699048572,1.05353450080414,1.02149423058646,2.32662531752011,27.4996326070895,0.603750338993617,0.600648602950127,11.3771021993125,50.055289942614,0.581710851188683,1.04321918775421,0.576103325160023,0.547761356664077,1.39104521463858,24.2220402863594,0.601170772884051,28.1396851328102,15.0689287444799,0.60118183574268,0.903854740468011,69.3470835286603,0.613062170664792,1.02505070520675,0.71795195129315,0.643646652056705,1.2323011187133,11.2943006787578,1.86989531411983,24.6108623494097,9.28636439218942,7.81405180110126,15.9522844433556,2.04008472308346,2.98902523707511,28.4894560186377,1.41767482346402,0.503403256668588,26.5773995731886,1.08377117838863,0.524869319866969,28.5283335480437,25.8430623145028,0.684120824059627,22.6935510546479,85.6703825774062,0.720300125619955,2.30824545307699,0.721612766072642,0.626409671428263,2.27223773713879,9.24120909236122,5.71400026963774,16.9952232380765,11.2989786089671,0.539429733499834,32.6918546887405,5.35982515417586,4.60852088928244,36.7506533734603,5.81509122566626,1.71632331620005,51.0045229910255,1.16990360360927,0.522626838788767,38.2272079010359,0.501662783326079,8.23289640272192,10.3096428685271,61.1643761059638,0.523910457379057,1.16623838519731,0.540226834667803,0.526981385646734,1.26750127503842,1.02057745989183,6.53258882483,34.208053330316,0.501119563835579,0.504741483854078,4.93683564617633,8.34437226906164,4.39904846336596,2.20285834519991,0.509687615598224,1.20809866697151,1.01131269794543,4.00933360596712,3.66553340498928,22.4834252406238,0.508281081251316,1.14327169806294,1.44490644029372,17.4816260364833,0.521824344677651,2.20265163470594,0.506662262819512,4.79274455417411,1.02004184551202,1.06558603372305,2.20874909129181,72.6204122994843,1.9711962251874,4.26036889251088,12.5058743967414,5.51627246073869,2.80015737674718,22.6925952558719,6.39675923712603,0.519846363634976,29.5656444673654,3.48124946682195,3.44040448800911,26.0054935526194,5.0404089218848,0.509303292134764,30.2877034208527,7.03580463222655,7.65813019768645,9.19971312232059,0.503083190786041,0.506264010109669,1.75789479364002,1.18329249135575,1.47003243888906,46.8398251118853,22.7258946746408,5.94361007510435,8.96110776385709,6.02154425074727,0.56193260049241,20.8587548865233,1.08349267313685,9.25454866036861,47.088427491709,9.29893907785265,2.77588093956825,4.822555177092,0.505977776685417,0.705931175847557,1.12184832793816,8.46400488169084,0.500164802866051,3.34016710030299,0.500169656965845,7.06629488348771,1.23848770854805,12.4999091749158,0.505507937724529,1.7877371846137,0.518718422888087,5.5073089898498,1.01924803923614,5.6419116622862,12.5961968736209,38.5624958183146,3.76472796402421,0.509949409005466,48.9919010665865,7.31205398694,6.7176979658722,44.598669485992,10.4335653719011,0.5311428564863,50.4262330214269,1.15478034173164,7.60610229000296,30.6519897691732,0.558033450059775,11.3128194936943,6.58837549279129,88.6626359834004,4.35494130577451,2.38518056171704,0.774410952534024,0.664897541321194,2.32479445166431,12.1424121020677,3.53749036031173,25.3366904869331,20.9216362959977,0.526503846138964,33.1387487202018,8.40841331062078,0.523440588439472,4.48863891230943,0.549664976331406,0.535297830728718,1.96500026756385,3.41089354451085,0.654412171160764,28.3894828418825,0.660740576849705,11.1361862612022,45.8571404579701,2.48340156946239,6.04404830321437,33.5023633852712,3.02661334698609,0.542010779482214,48.0611402116683,93.580344108163,0.500103979634164,1.0044412880127,0.500881765111732,0.50045619188192,1.00614749347733,89.7140697024587,4.08793554702382,1.68049229205873,0.662914437007552,0.528869913551952,1.69684112986613,1.00040247969307,0.500062591298847,29.6800459528023,0.500006061938788,0.500073642648522,10.4471087814909,11.0910136462802,6.43233196530665,17.3409137260028,1.45476047786095,0.519276843732226,32.2674086486558
7.49133658638272,1.80744629718753,1.75541418196225,0.741625419212208,1.34642372159142,1.10003046641731,1.17001034862078,2.26624434823528,27.8391469073592,0.629213076381213,0.605232671825815,12.0134111729744,50.0440756602638,0.566561098301058,1.05073269865967,0.589326887878888,0.556063124736583,1.45908349527391,24.6133216530337,0.600413167838763,27.7738750032343,14.8908369457517,0.600422006459846,0.901407075976913,69.3532061104132,0.617346890981891,1.03328807859071,0.756652086177716,0.657970343908655,1.34134568743515,13.7831239108701,1.83495194939186,23.1508994378733,8.70071309922037,7.65902629115391,13.4781574920893,2.51785422321519,2.93315627145834,28.34245818463,1.52665157092844,0.536690819581936,27.9270039144703,1.00764635192872,0.502330611327818,28.2988751911838,25.7498908910527,0.517281317182862,22.8399391480073,85.674686295623,0.714094610468802,1.17829553107317,0.530202939257141,0.517227717867797,1.17338815870039,10.7456251915703,5.6640141903401,15.8082718511496,11.201086692596,0.5278161904769,29.8388255738412,7.16041562016879,4.5846293882051,35.2592237935077,6.61366791390084,1.35125740251932,49.3036612361106,1.22972518868007,0.531393997924989,38.2317065126575,0.501909714208225,8.17776543741804,10.7603958354176,61.1642800062539,0.669907295895435,2.18125898488179,0.785847326755629,0.691727204966136,2.90085644218856,1.02474445276328,6.51879801860158,35.8169654665692,0.501098716476099,0.505684925052427,5.71966665314451,8.00731490650786,4.41368564229425,2.38909550187451,0.500890636699342,1.257339650005,1.00096195382838,3.23165370179477,3.7097612092443,25.3588224033977,0.516673543072373,1.03280828314699,1.60841686069403,17.1264912243696,0.529767003794938,2.36430517483844,0.508197357139597,4.89124966509457,1.02232572947498,1.01143298042356,2.17828524654547,72.6307915202091,2.01674349737657,4.26354478389599,12.7122295484523,6.12303009862198,2.77010039772439,22.0071572631234,6.38914526821812,0.520222162305094,28.3468177881626,3.40592713351509,3.41028216228613,26.2935764876678,5.12687461520908,0.533942662017289,30.4506207757796,6.63509536147394,7.65448757526269,9.95295643739502,0.512599639679312,0.528990751371314,1.89528533591807,1.25380125258917,1.41946110945285,46.7779266011796,22.8500544384479,5.88586732893258,9.36311855485298,8.53176074226679,0.54063895696273,20.006954887325,1.15184015694993,8.49613812026935,45.972263809253,8.70071737532306,2.78246798122851,5.44092671323247,0.511962485033696,0.720792945175326,1.17762116679002,8.06380370620954,0.507897822448892,3.69525258883637,0.507690909687133,7.16131686433702,1.3091533745017,12.07161230202,0.508268943593672,1.93693934536835,0.530281624597231,5.92174809745332,1.02589452052645,6.75208318471511,12.5257177203909,37.7053313910685,4.25564870013914,0.511494261491535,47.753826155284,8.96240692871756,6.6519276686653,42.1241544583127,10.9090247248992,0.538192379662491,46.9724215200991,1.03889110390553,7.68508289542309,32.8427250165563,0.579051656347254,11.1721109391402,7.1422371589764,88.6610825364412,4.37006538321704,1.19807057433023,0.539240247159593,0.523583312618354,1.18943594689532,13.7050557792785,3.47059159137138,23.089905777704,20.741390724852,0.514278284674419,29.4650010172266,8.11536440777719,0.520038865858256,4.92693776051989,0.541525486141492,0.530042963720219,2.11694404537047,4.41247256301754,0.617730333034005,28.882662834152,0.699301501502846,10.368194863804,47.1492764874277,3.12145259287085,6.0207109451432,32.9961563519411,3.31828369696148,0.553794796668541,48.5550310123372,93.6012865366369,0.500036968579007,1.00156767585959,0.500312741441005,0.500161994152004,1.00216362173579,89.7138255223484,4.08449949918566,2.46732284300456,0.851276631137928,0.562231302589765,2.50257643493226,1.14323162553417,0.522257211030254,30.6396410742488,0.501369157372128,0.526621314546428,11.0861419699925,12.807102975725,6.44724363859768,16.8264356768937,1.52433827627414,0.513700703686939,30.3390678471425
7.23978255303144,1.83895720398642,1.86581094421701,0.762213282241321,1.38838424437656,1.14474411837128,1.13159669023054,2.20725671730866,28.153380661252,0.622416006870152,0.604117513490405,12.6756159309338,50.0339040913432,0.551902008345908,1.05824386487421,0.602542145109464,0.564359818371774,1.52709391005055,25.0052479851539,0.600148668505624,27.4073867672008,14.7123371855522,0.600153444450056,0.900509282627104,69.3585656388605,0.621631600905721,1.04153308374228,0.795354624153562,0.672296241859679,1.45039914038551,16.3762519118463,1.80865965460107,21.529826209432,7.92830222329025,7.54662023267444,10.8968798530318,3.17458077513712,2.87965958535423,28.1340162673511,1.64100372081979,0.531494152866736,28.9948605469786,1.03277816634146,0.510653160195415,28.0773407588816,25.6615314189629,0.579277747111775,22.9837474089386,85.6785661171032,0.708017596584774,2.23453955634706,0.70911375582975,0.619271762512539,2.20059544849583,12.1093224209839,5.62157800482501,14.5859026839384,10.9402238769163,0.516677856078478,26.7990024877178,9.44506250795523,4.55302310621762,33.3330644422769,7.32550526643169,1.05673474426032,46.3657929025967,1.28619600224158,0.540199511549369,38.2352345944549,0.501922575112031,8.11991968009617,11.2259869059337,61.1641961276228,0.588647489842717,1.61631075786065,0.649138063844507,0.600031821891165,1.9917571701437,1.07270257238258,6.50469166595326,37.1471266230283,0.502574593493612,0.516981205140337,6.60820412044166,7.66943134310384,4.4280420139403,2.60001615364984,0.525431992603996,1.30895148717176,1.02409115773814,2.53020873167558,3.74784914614889,28.4131842741218,0.530609607785478,0.935245312331079,1.80825449906419,16.7556922166258,0.537571723545068,2.54494102252634,0.50912808692232,4.98793617674898,1.02144233752862,1.00383785885967,2.148380776582,72.6470965977065,2.06445737109204,4.26431946881025,12.9221966530811,6.70641369222363,2.74164523847011,21.280432669739,6.33723551454596,0.520530399686939,26.9993234852104,3.33080196072489,3.38031089075603,26.5894773313823,5.22203902493145,0.534386343076534,30.6198080939678,6.2232854444872,7.6499638583469,10.7893288794823,0.507876465602351,0.520185543439468,2.05466306613023,1.3205285262819,1.37048694805924,46.7213582909198,22.9679744403697,5.82810579462647,9.77209788421884,11.8371778180878,0.517743449587966,18.7064266129477,1.19760269039012,7.82819044567213,42.8775582098625,8.09187715071311,2.78872434773148,6.15063290388302,0.520294496742153,0.736866405300211,1.24709918764589,7.66051181186345,0.515455520537933,4.09992677288177,0.514123065611004,7.25182073988127,1.39243301560533,11.6505126981431,0.503025414074504,2.10675673374074,0.511819082808291,6.35400388499892,1.00853544219249,7.99500428698793,12.453934083401,36.4594544428507,4.7419228769255,0.512859445639551,45.8588989040593,10.7149039934502,6.59094023929483,39.3906590063313,11.1329106361728,0.504565647750254,43.0128078440726,1.13681805319489,7.74921504015881,35.0322059598077,0.604323031194424,11.0187523455621,7.72989181855161,88.659704769925,4.38501322533354,1.56371802444458,0.611688223181958,0.567146048734685,1.53914224249108,14.9999577842335,3.41349875001371,20.862179410993,20.210216535168,0.503090785368795,25.9019980825559,7.81504172799183,0.516629983219702,5.41934247703874,0.533631866105077,0.524831375095304,2.28976721959047,5.74433753010544,0.580190981096802,28.9691741215355,0.736971857883613,9.65433357760036,47.3903273620268,3.96527862768735,5.99616421735618,32.3091444382543,3.60493380631632,0.565281855042545,48.4669200373814,93.6207036098669,0.500040170508737,1.00169988075186,0.500339623275761,0.500175988900486,1.00234391574184,89.713624553412,4.08128359478045,1.33106637314949,0.57925492899227,0.514039023336987,1.33902329227816,1.22767256062468,0.535431397968837,31.5421906079486,0.501015134895092,0.543041398710082,11.7563299909239,14.4098865185077,6.46125829560352,16.0323349188728,1.57460107733678,0.508137536427538,27.9344905475701
6.98976563108166,1.87104689488935,1.98857339689238,0.663416406689616,1.43147914611913,0.929252306153754,1.09455645079481,2.14971545247266,28.4434542081311,0.615989838993668,0.603015400879575,13.363699058145,50.0246724578635,0.537712827995415,1.06575358184013,0.615750081446956,0.572651842456727,1.59510512663813,25.3977635512292,0.600655085151022,27.0403773928363,14.533515711773,0.600683934280746,0.902299264284049,69.3632581851787,0.625916311410008,1.04978550331635,0.834060018918061,0.686624489688839,1.5594625547165,18.9537008687682,1.79176685847089,19.7988924914642,7.02726429013623,7.47361346417643,8.4264195518176,4.06615407675648,2.82873021947016,27.8476041660772,1.75678927547693,0.525730353536783,29.660460704939,1.0542835320723,0.518876890269754,27.8632663249843,25.5777511469632,0.640969518869892,23.1248215939308,85.68206337614,0.702065213710121,1.10448982159074,0.517699272939868,0.510094741011952,1.10161913704976,13.2002497213135,5.5877900131891,13.3866766149927,10.5444260360408,0.506489447961071,23.7687507744584,12.1404437012344,4.51679782836691,30.9795489054107,7.86870609490274,0.824293797471856,42.3073538259992,1.33913158767884,0.549045847589396,38.2380001836126,0.501690795223169,8.05945829623968,11.7064165802182,61.164122879788,0.507387683917338,1.05136368128591,0.512428997517675,0.508336543745866,1.08265701392889,1.07394328403713,6.49062990943071,38.227953955102,0.502074813443989,0.517846385712532,7.61074970497218,7.32985082052357,4.44213262513354,2.83920864177566,0.51670474932935,1.36302693607801,1.01419317108431,1.92186768792597,3.77999996857762,31.5712678838334,0.550565742465035,0.848515906644467,2.05053252863476,16.3669599789495,0.500341647235238,2.74715504347075,0.500077908331128,5.08300817767956,1.00016637427781,1.09495724191947,2.11897520365309,72.6540538539187,2.11423998042828,4.2625901594748,13.1319626984947,7.23767332878048,2.71498861464825,20.5297209796497,6.24297082405237,0.520773996060329,25.5680446885113,3.25606089779692,3.35041664832741,26.8924319794143,5.32644198632555,0.534848523601849,30.7938434153417,5.80188419688561,7.6445011165348,11.717282999437,0.503932074116936,0.511504753165259,2.23985565625393,1.0122070656908,1.3230567109405,46.6691765214742,23.0811896779308,5.7702217059616,10.1874449527317,15.7009015524349,0.503354801530895,16.9695897247533,1.20782608894891,7.2679553165311,37.9155218886521,7.47383337685459,2.79461311024483,6.96234610547308,0.531243056167699,0.75419022943826,1.33248337981573,7.25352818743393,0.506473837476586,4.5611998780891,0.505610257422282,7.33792240099066,1.4901271617446,11.2346050949272,0.505235385947708,2.29991622769078,0.522795933547798,6.80248370764678,1.01197210178457,9.31726463021721,12.3823842220607,34.865465241855,5.19470079986957,0.513991979946702,43.3841174162208,12.4326951208714,6.53690703650399,36.5044122497186,11.0899451368215,0.506533326293052,38.7511257737348,1.00774635290674,7.79833916400097,37.2004128196565,0.634356769336512,10.8540575837381,8.35104889889455,88.6584820553413,4.39978535377405,1.92935242359506,0.684145737730984,0.610742241288849,1.88883415754007,15.9346578067081,3.36725008676659,18.7641305733899,19.4336295169398,0.526463010713288,22.6224228465932,7.50673936971021,0.513212479130789,5.97298946463466,0.526011933416907,0.519656834246719,2.48675691178354,7.43612063050096,0.542489372446854,28.5713670451324,0.769448817084731,9.01238453170807,46.377584808267,5.05443829497436,5.97136935096677,31.4069050378691,3.87042359073704,0.500646456322813,47.7094677583872,93.6386602797354,0.500039935272012,1.00170188507802,0.500338531379928,0.500175240394157,1.00235297554507,89.713458649368,4.07827345687805,2.11788344034549,0.767613053309929,0.547392623576502,2.14474008905466,1.13504230245188,0.521091996967268,32.3865245494788,0.500064577793831,0.525952573597358,12.4582191958558,15.7562171918967,6.47502178127376,15.0374775227322,1.60272483997489,0.502752040679169,25.2750391383948
6.7407294210815,1.90372459565432,2.12514649281798,0.684741785413591,1.47569743984355,0.975770541253521,1.05904948643584,2.09365935446744,28.7105487774105,0.609928032464477,0.601924471727419,14.0775153997045,50.0162973763782,0.523973937176017,1.07326272055927,0.628951723812148,0.580939624694611,1.66312795907598,25.7906128827839,0.600690845261924,26.6729998978052,14.3544425300579,0.600729251225927,0.902466209300636,69.3673680190939,0.602032213527667,1.00390387746443,0.618353506699896,0.606792562546532,0.951710380902474,21.3895080147371,1.78463135600827,18.01655235163,6.06721681197944,7.43382404610473,6.24102818198938,5.24988240631879,2.78066953135953,27.4632834034406,1.86773509490521,0.519484634785375,29.78934360831,1.07232227391626,0.52701027603926,27.6562169546297,25.4983152174992,0.702395981838493,23.263026509329,85.685216510665,0.696233693054902,2.16080328681542,0.696609363823985,0.61213232414883,2.12891419533846,13.9255553836922,5.56320058340125,12.2650703851876,10.0534513933815,0.532937103193426,20.920434146368,15.0395307022234,4.47935570212782,28.2829428488953,8.17359603282964,0.644552120463154,37.4181060628574,1.05369974655518,0.507873122537685,38.2401684161154,0.500223256714365,7.99646760050288,12.2016448402834,61.1640590647037,0.653384521544104,2.0663790374664,0.758048856976034,0.673082010591942,2.71600953765631,1.07410730683121,6.47689205871926,39.0939935798874,0.5015699340629,0.518782995040269,8.73438796146302,6.98773957255795,4.45596973457047,3.11086584518066,0.508365444934327,1.4196621114516,1.00624629528696,1.41588960981928,3.80646234829857,34.7395636777142,0.577086304052848,0.770902594028714,2.34189027153766,15.9579425847469,0.508304979419363,2.97397046794922,0.501584421969105,5.17671101660624,1.00239611592046,1.15433654122892,2.09001605425473,72.6519141993583,2.16610802432107,4.25849487267325,13.341057781634,7.68995036218917,2.69028803709533,19.7743659673951,6.11065577330089,0.520958879500218,24.1016019467676,3.18184771813167,3.32052636116348,27.2015864842348,5.44064679909312,0.535328316619392,30.9713499262944,5.37297503816112,7.63803387781913,12.7454188563434,0.500848253969551,0.502934066080684,2.45540981050689,1.08225060250719,1.27711559107984,46.6205699829715,23.1909082625621,5.71212503284582,10.6084845262142,19.532549194011,0.500288853367828,14.9290762465797,1.17538295609092,6.82479708963201,31.7337480322566,6.84901679507743,2.8000913104466,7.88630113011677,0.545139632677748,0.772795553904833,1.43652785717274,6.84243233333779,0.513926390188571,5.08693615776931,0.51105973086752,7.41970925177545,1.60441533911031,10.8217824613855,0.501178939294922,2.51955758914672,0.505649943157387,7.26530712221368,1.00210263817758,10.640084447989,12.3130127817557,32.9948329910566,5.58492157303451,0.514855243832622,40.4613388183874,13.9641247876424,6.49383916841989,33.6000754430702,10.8007392759631,0.500393350824865,34.4445888051612,1.23650638365929,7.83247994071767,39.3279406261213,0.669743800495222,10.6792395655975,9.00503887748728,88.657396614208,4.41438234744952,3.69737867635315,1.03453672343904,0.821613482341522,3.57977010072525,16.470900190583,3.33199581496565,16.872749860956,18.5179899845499,0.515729707655065,19.7337937943676,7.18988345382726,0.509784629974898,6.59591608448626,0.518697633877249,0.514511569404312,2.7118178029269,9.44402665223162,0.505291081534736,27.6442832555004,0.791498211461734,8.45802771056774,44.0253668734526,6.41059320806064,5.94597858614312,30.2597103750689,4.09511677121171,0.531083099503095,46.2029798198986,93.6552406917963,0.500159698302651,1.00682848758543,0.501355537181532,0.500701385126178,1.00945213796417,89.7133192188887,4.07545567887548,2.90467710588046,0.955965432872892,0.580729664283796,2.95042354538988,1.04275500871097,0.506717008531895,33.1723627547398,0.500442417021696,0.508375222804641,13.1922464228562,16.7393680487737,6.48905197113644,13.9377819691533,1.60883127010273,0.517475104755949,22.5845720000226
6.49212988704373,1.93699892341561,2.27718714162371,0.705183021264445,1.52102664075953,1.0204956030384,1.02523174026014,2.03911464566264,28.9558823071798,0.604224912449005,0.60084283885186,14.8167849763945,50.008707995196,0.512369069627992,1.08077207506748,0.642148002305693,0.589223563700748,1.73114509925343,26.1836267284944,0.600276446063,26.3054118190999,14.1751951951025,0.600295460274924,0.901023072644532,69.3709698249537,0.60631692855257,1.01214207486261,0.657053400236882,0.621116403372923,1.0607504056271,23.5616391677359,1.78723468712328,16.241941197363,5.11563800396497,7.41974682667707,4.44227615693372,6.76450686543811,2.73590294157738,26.9602290598959,1.9650316965981,0.512904744717165,29.2541049704395,1.01279312783992,0.504930357755937,27.4557870429355,25.4229858751643,0.536996888406972,23.3982461153549,85.6880581759311,0.690519456369496,1.03066918144664,0.505193393567472,0.502961705808106,1.02983107972346,14.2497219231775,5.5477996566358,11.2624331417499,9.51005287676751,0.522449201173658,18.3741433771166,17.8270148116178,4.44403706504554,25.4050935481093,8.2071990619239,0.510109151709392,32.138347878919,1.1101892874324,0.516679439809062,38.2418702984649,0.50024178130725,7.93102437857973,12.7115877304696,61.1640033271603,0.572124715858199,1.50143409784287,0.621340120085107,0.581386915964178,1.80690945336356,1.07318902289895,6.46368313297469,39.7801271342686,0.501050796251643,0.519797191147137,9.98433658793204,6.64231876203043,4.46956236330136,3.41988880028566,0.500437127755846,1.47895638066926,1.0002782985725,1.12980690042121,3.82754216867046,37.8098478524541,0.61074045430937,0.700958237716846,2.68878197043525,15.5262160416343,0.516133690541044,3.22890645200471,0.502428584731922,5.26932901034607,1.00122626711376,1.00409082641909,2.06145563057564,72.6412304532086,2.22008159922837,4.25217595541981,13.5490959054643,8.04176168304931,2.66765234540814,19.0340981343697,5.94648003801067,0.521093505729836,22.6476022931172,3.10827042047277,3.29056787566919,27.5160024968777,5.56524369306346,0.535824894714561,31.1510076424967,4.93927117462066,7.63048986902414,13.8821353691737,0.505164568963255,0.525149176430657,2.70670362200154,1.14849256232777,1.23260862862079,46.5748475167214,23.2980680892697,5.65374183131271,11.034471251462,22.5987271605929,0.501281971829067,12.8148450822043,1.10396493984508,6.49997896342771,25.3316173889588,6.22109691736058,2.8051101404207,8.93144385401882,0.562388243294588,0.792700885917135,1.56263437117582,6.42705564728673,0.505115585157431,5.68586451785563,0.503771214759894,7.49722572866064,1.73792652960013,10.4098444808018,0.501303674778272,2.76929321153511,0.507253377780051,7.74034317135378,1.00119420841519,11.8702336034009,12.2479776085998,30.9447155170348,5.8889789509447,0.51543462151209,37.2642846682295,15.1757475216949,6.46209198637779,30.8159919219877,10.313294114209,0.506023839923648,30.3280755166938,1.22696664551446,7.85182712613166,41.396638709551,0.711169274695008,10.4954152315973,9.69077904133344,88.6564347296631,4.4288048676558,2.51033237585675,0.799311476578061,0.680110226859002,2.44447974492685,16.6218759379656,3.30721161135957,15.2289420380675,17.5534911721406,0.50622117873027,17.2794782567661,6.86408107899262,0.506344406242944,7.29712009970733,0.511727540967571,0.509385740445558,2.96959005141734,11.6135829765353,0.500350698208083,26.2088633370697,0.798073759192301,8.00275438396225,40.4496050145558,8.01913601215891,5.92150820728825,28.8531660235907,4.25886385463868,0.522947987567411,43.9287956139839,93.6705926424508,0.500079425530607,1.00337150273565,0.500672503060214,0.500348378817788,1.00465334238906,89.7131996416648,4.07281765426529,1.76842669161663,0.683955350628743,0.532567028806497,1.78688041782985,1.24135601242604,0.538398811782572,33.9002396855484,0.502538485395439,0.548831108144073,13.9586913025546,17.3109207061395,6.50369779262843,12.8247375994158,1.59564882526599,0.512016948089038,20.0446863182964
6.25198314184243,1.97071183156771,2.44595743146548,0.719332601623136,1.56619917299927,1.04497937392609,1.15320383447582,1.9860962575547,29.1806900678259,0.625557837173715,0.605331607781595,15.5810841799551,50.0277332527853,0.513171495812237,1.08786552451542,0.653394712347469,0.596750090517242,1.77381348896934,26.5766256127443,0.600075705114883,25.9377716203581,13.9958506220329,0.600081727514555,0.900281174650502,69.3741286275814,0.610601644501357,1.02038654998198,0.695756179946021,0.635442264200957,1.16980487506862,25.3583324607278,1.79924118294876,14.5291045242073,4.22706690515784,7.4244095862954,3.05526687476399,8.59638161620415,2.69497642757803,26.3224219545953,2.03801650179487,0.50620432166863,27.9740222686327,1.03141583434316,0.51308236102219,27.2615993298833,25.3515241322474,0.598489077780151,23.530383114092,85.6906186430192,0.684919019447453,2.08702529827982,0.684101192380817,0.604992350895976,2.05717903530698,14.1924278857398,5.54109941739584,10.4031742155716,8.95238131266885,0.513483239964205,16.1901493079869,20.1761737862397,4.41417144225678,22.5485643878624,7.99155849050634,0.501508938672059,26.9606313862361,1.16304405271717,0.525528180838983,38.2432076436526,0.500007671222117,7.86319831985312,13.236114034322,61.163954354634,0.718121553361102,2.51644598251914,0.866959528611688,0.746132069737567,3.44025249961039,1.07120173341287,6.45114374647637,40.3188573984506,0.500508326316585,0.520894027471836,11.3632466940108,6.29289023921352,4.48291574608937,3.77201054163899,0.522193389667013,1.54101212213042,1.01036008562948,1.02543728221434,3.84362688134941,40.628503695234,0.651749571862192,0.637303334314969,3.09214279582725,15.069408346763,0.523832295703955,3.51605917507092,0.502534111387524,5.36117397073405,1.00050991476792,1.24045346008087,2.03324967860187,72.6225265431901,2.27618054672174,4.24377843167484,13.7556863658719,8.27952827077254,2.64713716946297,18.327355303732,5.75780483307493,0.521188100201419,21.2483174305904,3.03541224128812,3.26046984286376,27.8346685032711,5.7008514596323,0.536337088217774,31.3315583184729,4.5041404196587,7.62179128968,15.1351607285106,0.502361028355612,0.516649851778361,3.00005663838787,1.21090755892396,1.18948183720517,46.5314318770825,23.4033769378536,5.5950161931005,11.464595091916,24.4028370114681,0.502278310231813,10.8585071048752,1.00668492915225,6.2872319076973,19.5985254913526,5.59509500941649,2.80961543579983,10.1042293361999,0.583478139411222,0.813905052044431,1.71497158535537,6.00755735443752,0.512484480538669,6.36753200012435,0.508113123594988,7.5704583357676,1.8938139990658,9.99651553070807,0.501285061186589,3.05326584418225,0.508695424765548,8.22525960249655,0.999452600313485,12.9177829646257,12.1893729906191,28.8252314688373,6.09348646543293,0.515739283823123,33.9827563366849,15.9855029239169,6.44307052725509,28.2694597580865,9.69193627703577,0.502894838726132,26.5888791808584,1.2156098795473,7.85671489984385,43.3901158085405,0.759425768514966,10.303613080017,10.4067460881409,88.6555798945068,4.44305351932268,1.32329984541024,0.564072361745919,0.538560690209886,1.30920363517086,16.4372856211223,3.29193705744022,13.8434268467944,16.6067697028833,0.524800958980257,15.2536699237131,6.52917849994372,0.502889432073167,8.08659375278022,0.505146272180598,0.504266757529443,3.26558691442914,13.6856873487838,0.501831701147571,24.3728859451423,0.786058199326727,7.65339318383992,35.9999212923356,9.80835934385745,5.89905695813715,27.2012733114524,4.34448376434397,0.54259517136711,40.9433256194106,93.6848179936944,0.500070280923293,1.00298028969183,0.50059492159644,0.500308254430435,1.00411144748399,89.7130940600862,4.07034782067748,2.55521074625742,0.872307574276909,0.565898274597138,2.5925489251113,1.14913607444503,0.524002207367309,34.5713755806411,0.506343456090444,0.530959990513719,14.7576604902157,17.4810435928208,6.5191346340453,11.7698874732551,1.56751148713986,0.506940981251347,17.7725040469631
6.007387742677,2.00507880225194,2.63407424090101,0.660159876444312,1.61283131525291,0.922287171352581,1.11833224443269,1.93460904014427,29.3862073808295,0.619733799660323,0.604252115356585,16.3698364804861,50.2155772922648,0.500169640490958,1.00113430730085,0.50198233324889,0.501240576967288,1.01017574065742,26.969433693806,0.600060167026289,25.5702386301083,13.8164860149634,0.600065729124179,0.900229212744799,69.3768999900808,0.614886359764857,1.02863576733145,0.734460931308744,0.649769607231798,1.27886947110448,22.3490249544835,1.81991479691037,13.061383373692,3.49791276049907,7.48246840704258,2.13161364885458,10.6419630550653,2.65851235600291,25.5474863683793,2.07626521030892,0.540231034749666,25.966369777053,1.07885430493447,0.536578628311399,27.0733025744063,25.2836942305597,0.776502486997582,23.6593583881772,85.6929229863947,0.67942907031732,3.14342465982582,0.863005845587197,0.707011938609363,3.08457974917309,13.8119725648847,5.54227066186024,9.6960859682389,8.40968988469591,0.506053233350428,14.3786512466258,21.8661314662539,4.39331939137791,19.8978695003402,7.60074472533872,0.537787242430924,22.2768072561788,1.21210302513649,0.534421590051054,38.2442544356637,0.500098875476902,7.79305396246161,13.7750397392241,61.1639110736073,0.636861747870853,1.95150275682303,0.73025103480306,0.654437114497462,2.53115338313682,1.06816783522252,6.43936155009452,40.7388722642714,0.499934556157218,0.52207717849417,12.8704998192289,5.93886834632397,4.49603073574779,4.17392632360021,0.514334893984664,1.60593431792598,1.00483945653097,1.00273401633874,3.85518891302741,43.084541870299,0.7003589925954,0.578961332636148,3.55227253394184,14.5856514078356,0.530756167334314,3.84017974053453,0.501786984169951,5.45222887773428,1.00738391121333,1.09171474521099,2.00535672671773,72.5962814244335,2.33442393021214,4.23345010654773,13.9604262569999,8.3986029525083,2.62874555549383,17.6699185342144,5.55237412070259,0.521253780493685,19.9376552551798,2.96334090830701,3.23016161127491,28.1565074751359,5.84811862534005,0.536863609575339,31.5118053013118,4.07158839429682,7.61185677531751,16.5109397837981,0.500605866843099,0.508209967882,3.3428336500505,1.26947848905191,1.1476831466355,46.4898504508171,23.5073551500484,5.53591140450133,11.8979882692405,24.8797751309703,0.501039002473521,9.20527921978908,0.899323789119432,6.17560529047205,14.9843930732215,4.97740874924208,2.81354871785203,11.4070571137994,0.608998955646709,0.836378010925505,1.89860734241745,5.58451410879302,0.503811848884179,7.14217758548631,0.502215870203498,7.63931781614204,2.07584601971098,9.58043440776949,0.501078137840309,3.37605986042351,0.508600252719904,8.71712180044041,1.00566074162003,13.7142430353167,12.1389442454069,26.7430072697659,6.19725727783203,0.515799206114108,30.7923820504474,16.371974245153,6.43753870199171,26.0405100517319,9.00151101169925,0.513744185907795,23.3356564217648,1.20255570076268,7.84759714378323,45.2941880300775,0.815429690839243,10.1047833912645,11.1509499086303,88.6548209786472,4.45712903496636,3.09128858380911,0.91450835697076,0.74957646352699,3.00010283405343,15.9852037235006,3.28498464723724,12.7063099090365,15.7210788768783,0.51589556866099,13.6206905395382,6.18532820658641,0.526080680445149,8.9753155104062,0.543576979872513,0.538494689859811,3.60635326329041,15.3700484429687,0.50318595187905,22.3167105388751,0.755678653350013,7.41234544843559,31.1845010116371,11.6430233756406,5.87976515971013,25.3559308659395,4.34246721893255,0.512643676674227,37.4020509619496,93.6979683943855,0.500058629382527,1.00249973871943,0.500497304724936,0.50025746785582,1.00345563403928,89.7130003123672,4.06803518746736,1.41897878619822,0.60030360310371,0.517752341504205,1.42903272779779,1.05867347088396,0.509575352598286,35.1875599119649,0.511867158114596,0.512532410440177,15.5890936267281,17.3024166483262,6.53538886047925,10.8191600640716,1.52922329789014,0.502268842176839,15.8222683926596
5.75645553960279,2.04017185269181,2.8445676411518,0.653154899975325,1.66134451280759,0.906944666388377,1.08539012349013,1.88464968136288,29.5736561826417,0.614260633384822,0.603178931287227,17.1823182091511,50.1893528838296,0.507769201424542,1.0518580383255,0.590710142617599,0.556795853746223,1.46575840147221,27.3618900471446,0.601939451466327,25.2029731521872,13.6371793178745,0.602141458767809,0.907488878661503,69.3793302166855,0.635729600806692,1.06875539073531,0.922737948628547,0.71946282368146,1.80939674254947,19.1513735744091,1.8477375872315,11.9729270185258,2.9732020121949,7.63239585897318,1.59685504189354,12.6950123734928,2.62712440792615,24.6556483367546,2.07290986911939,0.532082030189282,23.3821123709712,1.03071406444702,0.51478844496727,26.8905697512848,25.2192652020666,0.611932952979023,23.7851098182183,85.6949959591893,0.67404639065907,2.01320659283566,0.671592392626815,0.59785298925828,1.9853914381513,13.1847805053992,5.55028667183279,9.1385451148581,7.9014146055836,0.500070438290335,12.917041895655,22.801187590269,4.37917244377134,17.5770050939149,7.0788128922269,0.508806852848986,18.2963507293324,1.25718787652877,0.543363525445551,38.2450458571112,0.500736802236169,7.72064958804311,14.3281181545521,61.1638721416388,0.555601942457207,1.38656023449821,0.59354263096782,0.562742213807237,1.62205524016574,1.06411847776502,6.4283781557071,41.0644965246746,0.500997299224847,0.523348795640606,14.5015610490748,5.57982391052286,4.50890304835832,4.63345232890617,0.506945399026047,1.67382985785007,1.00137115091333,1.00049142213213,3.86272738249589,45.1625003182048,0.757221187532199,0.525373510367759,4.07470797739657,14.0738905984805,0.500168367742987,4.20672638589018,0.500005424316706,5.54295651200157,1.02239234921022,1.32402838873319,1.97773987896429,72.5629140111268,2.39482870842992,4.22133597871493,14.1629163170254,8.40275136814234,2.61243295692092,17.0740774696683,5.33760767168922,0.521302126882593,18.7398147011803,2.89211502489994,3.19957316553917,28.4803792708813,6.00772460942124,0.53740333119188,31.6906106372362,3.64618150064862,7.60060425556296,18.0138627191062,0.499998929913087,0.530441138186594,3.74352925869908,1.32420683972957,1.10716288431574,46.4497207395637,23.6103707203038,5.47640959319135,12.3337329969509,24.2848116631316,0.500310531338628,7.89746007572835,0.794291493592072,6.15290754551942,11.5203151261178,4.37567691722854,2.81684876615962,12.8367586794377,0.639655633241444,0.860051163370722,2.11962098934852,5.15900666851208,0.511121351919916,8.0205001878919,0.505300515148615,7.70362066469622,2.28849829329558,9.15908883785806,0.500178254632244,3.74326167659074,0.502246888190553,9.21385729982362,1.02152467620484,14.2240099946951,12.0978747597319,24.7867616891782,6.20994838073246,0.515658461495709,27.8306905749953,16.3655243461213,6.44549843547877,24.1693043247832,8.29632631741676,0.525629531242418,20.6044644292794,1.18794524775241,7.82502096383456,47.0971994236074,0.880240520320085,9.89981041620465,11.9209125314364,88.6541471200008,4.4710321550415,1.90428083382738,0.679241377195991,0.607935698037424,1.86485158671793,15.3371194265232,3.28509400338521,11.7963648641834,14.9205624345594,0.508037135094294,12.3316483503377,5.83306318226585,0.522669098961483,9.97517406302183,0.53600827622018,0.533495024301938,3.9996454102631,16.4519166658119,0.508489365402061,20.2436124483262,0.710500176628235,7.27693005795714,26.5111989378015,13.3440818588242,5.86465113728143,23.4055886933929,4.25441793178146,0.531119363356083,33.5472694716585,93.7101032763113,0.500167738493695,1.00717707433785,0.501424706465366,0.500737248610599,1.00993442668428,89.7129174165435,4.06586963654701,2.2057801419338,0.788654845213173,0.551078098390387,2.23472331014662,1.24740541544441,0.54136455451748,35.7510292651673,0.519138559583831,0.555313556954384,16.4527524675175,16.8488896790205,6.55237704032067,9.99525225251051,1.48519880073485,0.51458477053422,14.2010844867634
5.50401030790012,2.07588586301327,3.0799391774275,0.663107872333469,1.71090859074292,0.929018128518996,1.05451641329671,1.83620719573123,29.744233843497,0.609134985718645,0.602110196720593,18.0176452118211,50.1655380601735,0.505384224290011,1.03588820569115,0.562823191980223,0.539347620940085,1.32264211887144,27.7538088854008,0.600499174769292,24.8361337260592,13.458006607652,0.600557477078837,0.901962017164736,69.3814584461448,0.611845503749961,1.02279615483459,0.706998793229559,0.639606261026749,1.20149981049048,16.3155058690105,1.88141136369054,11.168077986467,2.59141851235948,7.85526640718273,1.27574479740231,14.4890463310843,2.60133403202895,23.6927664743759,2.02771369300957,0.519154823376382,20.4878558265697,1.07008130463954,0.538094578066504,26.713101506583,25.1580059892056,0.789450441046342,23.9075938034328,85.6968573437757,0.668767915596566,3.06961601678162,0.850494721874187,0.699864994326577,3.0128038365387,12.3886719316933,5.56404451772521,8.72122352452727,7.43846021988266,0.51505094255644,11.7664094632354,23.0326848408457,4.37298247356154,15.6435992294099,6.50642137856083,0.508328574122566,15.0723316541807,1.01015976556806,0.501743209647501,38.2455964472903,0.501935804896609,7.64604112820924,14.8950404944889,61.1638365580749,0.70159878067324,2.40157166085285,0.839161794735463,0.72748715208648,3.25538591961249,1.0590988809545,6.4181833116984,41.3156944234396,0.50431899263542,0.524708749648698,16.2474541176043,5.21553874164945,4.52152240736344,5.15969458636365,0.500065378738707,1.74480647186626,1.000001872257,1.00569181362969,3.86695358012815,46.867801957033,0.823062770801699,0.50067084183918,4.66458958290413,13.5332938955427,0.501322044916713,4.62190627369695,0.500138581832539,5.63414122220357,1.04632517306946,1.17684653245227,1.95036678185585,72.5227969067907,2.45740906228037,4.20757685458005,14.362767820489,8.30246933850567,2.59810919931544,16.5483687307186,5.12008093768236,0.521307222103388,17.6695007099484,2.8217888635041,3.16863510380853,28.8050805779446,6.18038049225162,0.537955319649288,31.8668906463812,3.23289727730834,7.58794424937434,19.6453285601729,0.501592530195535,0.522104497362425,4.21179985141249,1.05896951786937,1.06787407580337,46.4107367556598,23.7126671763278,5.41651093533077,12.7708695499905,22.9763975333527,0.500185659554008,6.90992542360148,0.698674040392199,6.2079403148338,9.01931882239295,3.79836496114455,2.81945375881047,14.3830814928849,0.676286712262196,0.884805826893753,2.3852206007115,4.73270566380743,0.502550515204012,9.01327040500052,0.501006938139439,7.76306802876817,2.53705368747658,8.73195135722854,0.500017647658954,4.16080154503397,0.5004637321527,9.71223490359864,1.04756124405546,14.4457867639101,12.0666938846744,23.0192387142524,6.14837740202158,0.515367406777729,25.1863288311569,16.0279251315562,6.46624128496728,22.6637495071109,7.61557638741716,0.525024526695988,18.3789102109132,1.17194184373791,7.78960302678422,48.7901180630075,0.955080839599917,9.68952450232639,12.7136585484885,88.6535465669663,4.48476360489093,3.6722315166805,1.02973571684949,0.819136982489367,3.55571687631016,14.5584653642473,3.29103107260907,11.0880466939292,14.2156634664301,0.501086951198561,11.3357556055217,5.47336951414525,0.519241936988863,11.0988049243397,0.528844743908867,0.528506184980298,4.45461563566725,16.8592468494552,0.503503418330871,18.3237043077955,0.656017021933392,7.2406978225434,22.3449816511288,14.7338739233494,5.85444938621026,21.4595707374192,4.09322537256007,0.50313613956107,29.6591309810125,93.7213445132082,0.500077778143882,1.00330350494265,0.500658941569236,0.500341386768829,1.00455933168667,89.7128476126513,4.06384164982771,1.06955651441972,0.516655349767535,0.502946765363135,1.07122070101866,1.3072056007332,0.552668835864137,36.2643555022846,0.528205448009362,0.571787068082796,17.3482051829476,16.1976640546625,6.56994637287896,9.30385344535817,1.43901729570498,0.509989226356418,12.8877484208852
5.24962982358042,2.11222353988687,3.34352061198239,0.669635116017391,1.7615053782188,0.943782192272187,1.02584237872859,1.7892642290647,29.8991036797063,0.604354048269745,0.601044099931721,18.8747740326785,50.1439468996116,0.502999248285014,1.01996419387398,0.534973237627916,0.521911294438743,1.17965048037688,28.1450203694256,0.600354843496808,24.4698799474659,13.2790443088807,0.600401305746076,0.901439148138269,69.3833258041064,0.632688740282902,1.06292771935501,0.89528036494451,0.709303178351305,1.73204565877043,13.8615051858312,1.92005176009504,10.5755030358756,2.30980858686468,8.13625262770307,1.07816893701408,15.7986141410775,2.58358907763713,22.7222729241576,1.94912900002762,0.5843728749188,17.5856033488565,1.02905664593524,0.516476092884177,26.5406149843184,25.0997001840544,0.62534214974402,24.0267798109268,85.6985292568243,0.663590668497402,1.93936962359362,0.659084765849973,0.590714680244024,1.91358095079963,11.4926330459386,5.58245198832822,8.43190674021894,7.02536918058236,0.509255696309095,10.8834200588024,22.6844634230749,4.37409145285267,14.0985543514156,5.93557408032093,0.506433825267874,12.5483651345944,1.05941172609527,0.510636149409152,38.2459111798315,0.503711653217935,7.56928530892775,15.4754355379682,61.1638039507308,0.620338975279183,1.83663014005341,0.702453545111945,0.635792353328575,2.34629091076153,1.05317402248414,6.40873920218754,41.5085867672409,0.509982636847066,0.526153670161874,18.0945497702285,4.84611471190423,4.53387149627261,5.76323344919445,0.518331028119132,1.81896751896342,1.00152032742382,1.01126910463143,3.86899433441522,48.2659491552757,0.899147392026716,0.501342652421508,5.3339741985877,12.963179065961,0.503279577887675,5.09272975936171,0.501825723340183,5.72552271670446,1.08023754972573,1.27110903793461,1.92320880148154,72.4762631181703,2.52217588725875,4.19231023443731,14.5595991592862,8.11271299239486,2.58563009192528,16.0977939520992,4.9052270672669,0.521215247451921,16.7332483897195,2.75241655750942,3.13727864259301,29.1293445516346,6.36682897088913,0.561690996598086,32.0396103422572,2.83700279233502,7.57422206259622,21.402840012281,0.506645079423258,0.512976986450103,4.75870594385695,1.11709745831748,1.02977265942302,46.3726566215442,23.8143891436023,5.35623266026457,13.2084048848347,21.2723468377811,0.504182232477474,6.19105458268108,0.615217204574431,6.33142772016606,7.24585079612205,3.25417128443898,2.82130378055101,16.0276037636163,0.71988497320163,0.910461131660121,2.70382853820412,4.30793416046237,0.509828845466424,10.1307665130178,0.502662143356301,7.81722457420832,2.82769080830323,8.29790147078489,0.500019862297602,4.63534968846988,0.501644178992148,10.2093071609397,1.08461518733737,14.4056936250639,12.045305355189,21.4763326775974,6.03224379318391,0.514976036416248,22.9013199432519,15.4334294013732,6.49875337308168,21.5107027062095,6.98370512418301,0.508018348522581,16.6129983954101,1.15474274039681,7.74200838118641,50.3664699394147,1.04135767500416,9.47471349672666,13.525716258467,88.6530132000048,4.49832427103276,2.48524452047322,0.794440835368505,0.677406825980079,2.42048526640761,13.7041188245021,3.30164347244036,10.5559116730418,13.607989652415,0.515744753477382,10.5865913867837,5.10815443066419,0.515365724404189,12.3590368677985,0.521234235884537,0.522464876410949,4.98223902597578,16.6548784903595,0.512439332495948,16.6628742427386,0.597814951783718,7.29518477589805,18.858027371672,15.6854993864124,5.84950804778378,19.6240264355565,3.87956061381823,0.520426592900106,25.9908446456114,93.7317638680156,0.500059601432759,1.0025279485634,0.50050473515692,0.500261562077029,1.0034868525004,89.7127924060396,4.06194233403701,1.85638712102566,0.705003775946769,0.536267412400005,1.8769514848509,1.36256834427938,0.563994408737838,36.7303390279536,0.539135165642044,0.588940132608628,18.2748122152269,15.4183019754501,6.58790834853569,8.74021250897069,1.39331883482564,0.505764253217158,11.8480922546766
4.99294583577481,2.14918555980178,3.63912300286161,0.675726793968414,1.81311548845142,0.957905267735841,1.12740373462559,1.74379805979285,30.0393877056616,0.621708656367713,0.605515682891898,19.7525021899092,50.1243821434425,0.500614274924239,1.0040797833058,0.507155439182872,0.504485281187201,1.03676826132567,28.5353200993231,0.601481600172851,24.1043686746697,13.1003661848169,0.601692175780901,0.906048683129366,69.3849614108877,0.608804643993668,1.01694920572989,0.679533163060923,0.629440510835767,1.12411227115671,11.7648664790564,1.96305000438905,10.1438719946969,2.0995370129706,8.46325287996588,0.956404262584048,16.5233051925146,2.57848218787377,21.8080763526108,1.85175332687098,0.526936570253431,14.9228633249106,1.06080376220659,0.539608985572527,26.3728576724266,25.0441277635749,0.802430059103827,24.1426571017643,85.7000293170031,0.658511813463856,2.99581489037712,0.837983248912807,0.692718514419147,2.94103871043554,10.5524199203685,5.60448137474359,8.25800238463479,6.66248094234598,0.504626461195161,10.227212020166,21.9027829128209,4.38147510413118,12.9111919462254,5.39861622903774,0.520724798451341,10.6174468510777,1.10459712756821,0.519578022381248,38.2459946420221,0.506082085971998,7.49044255108012,16.0688693408806,61.1637730124933,0.539079169849839,1.27168894094983,0.565745351338887,0.54409759664926,1.43719799977544,1.04642497821953,6.3999949546941,41.6560312833342,0.518104013779355,0.527677926611364,20.0246914987083,4.47220094893673,4.54592476658727,6.45628365448033,0.511522775517844,1.8963928819733,1.00907994585493,1.06567050553458,3.86931111937413,49.3820877182419,0.986634534185465,0.508026178225063,6.08920785111442,12.3631220904507,0.503750127117533,5.6270111370754,0.50556407093816,5.81727223862663,1.12552431054578,1.36385626477443,1.8962405085185,72.4236141526203,2.58913656992249,4.17567048409413,14.7530362759899,7.85065374882192,2.57481580967053,15.7243400120715,4.69723464821385,0.520953501063669,15.9312791482913,2.68405671596136,3.10543567054451,29.4518404672758,6.56784280732315,0.522598204869303,32.2077750656328,2.46341688034808,7.55849546547049,23.2789849964975,0.515407271871932,0.510754962030095,5.39554265777402,1.17142013439425,0.992817436594122,46.335292224734,23.9155986142641,5.29560742324696,13.6453221043357,19.4027566143105,0.50019204949814,5.68772990878468,0.544055815114271,6.51598863848411,5.99572990189128,2.75123908052437,2.82234327707576,17.7435327231296,0.771621040951149,0.936762450822606,3.08512009936764,3.8876962960547,0.501321614804704,11.3819911454014,0.500230292510305,7.86549715134345,3.16755440500827,7.85588853218888,0.501068995347492,5.1742468941005,0.501615967750111,10.702203456958,1.13388749635846,14.1465789263533,12.0330997030549,20.1713678221559,5.88065491782132,0.514529771654705,20.9814284874704,14.6498369655864,6.5362951552236,20.6866021521972,6.41088452383769,0.503640032695329,15.2507564836838,1.13657180761748,7.68293032956837,51.8221869709029,1.140686006844,9.25613331945259,14.3531272536873,88.6525386839219,4.51171497103707,1.29826624923478,0.55913205802776,0.535632709308402,1.28526134482861,12.8173151671448,3.31588560523951,10.1769480244557,13.0940278763867,0.509215234571277,10.044755861003,4.73890596577266,0.502958189970993,13.7692898522,0.503889897112412,0.50442548259184,5.59471493167109,15.9784634860634,0.511104354161557,15.3042127955237,0.540302117252113,7.43139161260308,16.0672064758962,16.1506017959512,5.84977500501061,17.9810104732413,3.63644016330307,0.536032533187292,22.7199628055561,93.7413951753027,0.500039593685133,1.00168935403404,0.500336037282678,0.50017398318391,1.00233549786639,89.7127547084302,4.0601634613146,2.64324526802476,0.893346772072416,0.569577557928202,2.68272223174075,1.01758911385393,0.503151680144872,37.1519186464406,0.552015570033844,0.504420456107104,19.2317165926476,14.5678748088813,6.6060349420373,8.29432170695897,1.34989846404811,0.501857918553085,11.0450077927381
4.73366039088562,2.18677013449514,3.97114798393038,0.681336707503984,1.8657184459684,0.971376690001345,1.09756504572248,1.69978137147113,30.1661592207996,0.616806711079853,0.604453841402862,20.6494647710809,50.1066483502704,0.508605639044386,1.05715068618682,0.600241683485495,0.5628351224572,1.51511169852953,28.9245652440192,0.601664907478969,23.7397572217053,12.9220492593963,0.601923422052984,0.906927776392345,69.3863964921895,0.629647880320931,1.05709109744225,0.867818868465383,0.699140701980791,1.65467275374524,9.98560821038234,2.00997598387794,9.83627845433782,1.94110617742607,8.82583641454241,0.91153790276148,16.5603357894872,2.56465791641223,21.0058023695196,1.73391605369636,0.658783434842785,12.6553897668727,1.02652942931634,0.518147613318453,26.2095858253932,24.9910909486046,0.638724717882008,24.2552228551539,85.7013779564357,0.653528591751571,1.86554663471653,0.646577457772165,0.583577212184405,1.84178936528332,9.61001974020807,5.62919741151234,8.18789866061545,6.34766906885679,0.500973191767881,9.7625540798309,20.8230067873014,4.39401216085242,12.0389681733272,4.91229680867122,0.500469584845988,9.16458310465709,1.14558095194766,0.528571989062284,38.2458508451745,0.509066789956953,7.40957840668322,16.6748441566987,61.1637435539257,0.685076008732603,2.28670033285193,0.811364192139353,0.708842302580504,3.07051823598744,1.03895360824162,6.39188962168612,41.7681557153147,0.528825336794587,0.52927271839975,22.0156912408838,4.09497890259664,4.55764691748294,7.25285068229263,0.505325565246923,1.97713509345404,1.02288049099822,1.01190904731474,3.86807413941758,50.2597822441085,1.08702178947446,0.501505381048817,6.9382564794183,11.7331315709526,0.501321684205641,6.23333408144094,0.511556874504523,5.90953093449876,1.18400153745219,1.45509143407448,1.86943952220841,72.3651240824266,2.65829437731185,4.15778851342463,14.9427144990902,7.5337712642144,2.56544773326757,15.4276320080171,4.49911559642482,0.520441130570602,15.2594315256113,2.61677247200935,3.07303876903078,29.7711735635073,6.78422389409953,0.546505514981084,32.3704289906192,2.1167155381742,7.54092239097573,25.2609039285641,0.528233514249219,0.503828886300841,6.13485659416232,1.22197237292645,0.956970144677405,46.2985043942296,24.0162920034175,5.23468224923018,14.0805907355545,17.5156464954439,0.517218350482559,5.35552286969438,0.511519965435359,6.75552097709199,5.11588391974539,2.2963044914072,2.8225228684322,19.4966862239942,0.832871741455591,0.96337133618373,3.53999354460266,3.47564387965625,0.508548412918902,12.7736662868015,0.500265983790458,7.90711631726201,3.56478146827842,7.40519972930993,0.503688184673586,5.78541202001874,0.505745993766796,11.1880824832197,1.19699227640887,13.7177411108321,12.0291033340726,19.1015679771195,5.71003738640121,0.514067623985009,19.4088977259064,13.7411148728048,6.57843938521721,20.1657711506226,5.90271689772477,0.508885924098575,14.2351277546284,1.1176511531657,7.61307184349971,53.1553744678395,1.25491388744069,9.03451697134508,15.1914621039327,88.6521165767325,4.52493661413664,3.06619968386354,0.909669529208951,0.74697036039902,2.97611529935944,11.9304701761653,3.33282503485457,9.93150209988353,12.6676961013371,0.503313005105855,9.67837022468636,4.368370814453,0.501964473925737,15.3420303480463,0.502353610559691,0.502967781250402,6.3065541865589,14.9869119820565,0.506056805179176,14.2470912232767,0.515059920272195,7.64057875531476,13.9018263376693,16.1554222891973,5.85486472692244,16.5791536413435,3.3844036702573,0.511146145246481,19.9342843251745,93.7502782612935,0.500140901410403,1.00603075247302,0.50119726318596,0.500619612578802,1.00834699068054,89.7127323830147,4.05849725276171,1.50699036955505,0.621353504425659,0.521464648819005,1.51917769665461,1.07785657983901,0.514441985050216,37.5320996816808,0.566956122821203,0.52066176870726,20.2178362636538,13.6900933458319,6.62398705374847,7.95437384065744,1.30987603703038,0.507544555930396,10.443923347026
4.47156507549425,2.22497253097663,4.34467915406699,0.666397617408016,1.9192924263266,0.937833849316976,1.12742101477432,1.65718346042464,30.2804429246014,0.62233469003654,0.606252913462953,21.5641526930709,50.0905772434687,0.506220665865745,1.04127412191156,0.572430251712165,0.545411147091239,1.37225198221167,29.3125950460102,0.600971369488872,23.3762008590387,12.7441682931767,0.601135889723474,0.904137134834016,69.3876542920543,0.605763784664663,1.01109785896217,0.652065577460617,0.619273370241912,1.04671313087328,8.48276866150199,2.06051065158178,9.62593206487977,1.8211986598418,9.21422862084731,0.900014917824243,16.111973935951,2.55970680960803,20.3523552081935,1.6195121666984,0.54692820564866,10.8159339236783,1.05108652806134,0.541121577663924,26.050586077458,24.9403889922628,0.815434903245634,24.3644945187459,85.7025923403435,0.648638375040162,2.92205522704899,0.825469729295315,0.685572562948919,2.86932708437029,8.69513898359981,5.65576754916872,8.21151179011483,6.07757527755384,0.509652839767008,9.46071193407833,19.5555249942376,4.41060480258793,11.4396594698999,4.48269451160007,0.502209859020141,8.08781341291279,1.18221561328763,0.537621167140257,38.2454817782762,0.512687254020778,7.32676309077876,17.2927983436542,61.1637157325291,0.603816203179795,1.72175957266406,0.674656118369232,0.617147632951007,2.16142944489558,1.00676304550646,6.38435607807848,41.852870125079,0.542311108356402,0.50652110321402,24.0422281057231,3.71606324761758,4.56899131760368,8.16883795109361,0.519565070995963,2.06122542169,1.04322329548818,1.1421220478949,3.86540086577079,50.9400324861426,1.2021424654887,0.518991792450957,7.8889130582822,11.0738616229547,0.510672251300233,6.92093292184337,0.520055500745057,6.00238828378166,1.25801579102195,1.5448166248897,1.84278656397737,72.3010389686155,2.72964758006661,4.138791228832,15.1282803197909,7.17849304470837,2.55727707823128,15.2055842725871,4.31285814968456,0.519594737374138,14.7108644519076,2.55063728346154,3.0400213573437,30.085884027687,7.01679774556641,0.506835172798545,32.5266391713007,1.8006301211964,7.52156675175816,27.3300107830445,0.545566291850123,0.516743975159989,6.98944682040872,1.26881322927547,0.922195364434798,46.2621957675352,24.1164142448108,5.17351691699799,14.5131773697835,15.7007665830211,0.501577406998311,5.16021375868591,0.503629268126629,7.04494141280276,4.49858786027042,1.893956872036,2.82179982415568,21.2477846836673,0.905255351235654,0.989858237146152,4.08044663687876,3.07596993708825,0.50010475971862,14.3090583696995,0.500554821936196,7.94112165580585,4.02845729071626,6.94539399872577,0.507864890520698,6.47728395246697,0.510163006218999,11.6642390385689,1.27603592242613,13.1673594041854,12.0321258090692,18.2543847406433,5.53333053389655,0.513622054819418,18.153662174106,12.7599812209433,6.62472361883117,19.9228844858308,5.45918517622788,0.511299772083845,13.5180265221182,1.0981844436184,7.53312979107329,54.3660100878457,1.38614795666868,8.81058204335106,16.0358490434497,88.6517417106464,4.5379901466236,1.87923566224845,0.674333283846603,0.605109829616643,1.84090281587331,11.0668244916252,3.35163830134895,9.80338683074066,12.3219614558537,0.507755624632911,9.4625001670834,4.00008218880408,0.50302882441942,17.0879133108414,0.503231509780778,0.504636846064884,7.13440907241131,13.8201985986776,0.503319246956301,13.4667704196808,0.504827966458347,7.91407702321451,12.2589138338515,15.7755917123269,5.8641665894047,15.4360874837879,3.13888007018038,0.525792392895022,17.6470765823991,93.7584955067175,0.500043868052511,1.00186376026969,0.500371794275545,0.500192638415524,1.0025720558156,89.712723369164,4.05693653351474,2.29382689327097,0.809694713618336,0.554770964102014,2.32492146890615,1.13347792636906,0.52575371380747,37.8738695967452,0.584089396885959,0.537595868555132,21.2318553170686,12.8168270405082,6.64127435470346,7.70875212779662,1.27388365120497,0.51244271651437,10.0151190177517
4.20656295534677,2.26378458996428,4.76556893241231,0.652370382167441,1.97381398765812,0.905553423154587,1.15162332274269,1.61597061311712,30.3832097128299,0.627170792412543,0.60806350886293,22.4949088680472,50.0760154845646,0.503835692314361,1.02542765615229,0.544643013625233,0.527994979114843,1.22947287169177,29.6992110977174,0.600854044070797,23.0138519938261,12.5667946825737,0.601008928515498,0.903670067710608,69.3887567974238,0.626607023399056,1.05124786508724,0.840354919214124,0.688976202720337,1.57728763735786,7.22486010761177,2.11439347895615,9.49289573804493,1.73064393490486,9.61780961080454,0.900413466210509,15.2931043422697,2.55756726057375,19.8601951121563,1.51186205956393,0.500983868016204,9.36883294011365,1.02321149341513,0.519804742750615,25.8956497173307,24.8918425103963,0.652085325857515,24.4704930048033,85.7036895056098,0.643838603437911,1.79175290001922,0.634068906986969,0.576440528838381,1.7700355822382,7.82745319406478,5.68346135417715,8.32033920234,5.84840961297101,0.51156648281276,9.29913229078436,18.1842010502029,4.43030094163784,11.0771802555223,4.10983492298633,0.517140687113517,7.30541064835554,1.34853723125391,0.577403177903732,38.2448852562973,0.516966892259655,7.2420717770074,17.9221044416805,61.163688579588,0.522556397528062,1.15681888601066,0.537948094456655,0.525453002496073,1.25234299816921,1.04051833190958,6.37732390637957,41.9163043803866,0.558744723674491,0.563188054859735,26.0770493619171,3.33756605709932,4.57989846369678,9.22208208900604,0.513391405531748,2.14867058323649,1.07051103677246,1.08766831827084,3.86135828766555,51.4591671747632,1.33424290348956,0.512391546443225,8.94849603484646,10.3868593534622,0.50540012993292,7.69943892649464,0.531368915494673,6.0958594824724,1.3505780667928,1.03885144672194,1.81626529643578,72.2315801672572,2.8031887575442,4.11880127209017,15.3093930470745,6.79936628683266,2.55003402154213,15.0549671226077,4.13961821807858,0.530822996892003,14.2773957442185,2.48573245247183,3.00631786771876,30.3944477801178,7.26641066246142,0.530912883107249,32.6754987620746,1.51772875211395,7.50039459175994,29.462193480759,0.567952612997501,0.515448412774367,7.97164746367748,1.0394083980759,0.888460372588682,46.2263028636546,24.2158699915885,5.11218220029283,14.9420556439809,14.0039071618564,0.501742968915004,5.0775283494378,0.503929241035858,7.3801286556971,4.07097711233579,1.54617501632049,2.8201365649013,22.9558264276746,0.990676877589736,1.01569910888994,4.71933457468225,2.69321606628167,0.50694300454589,15.9866050282107,0.504200783331898,7.96633768865849,4.56844442476955,6.47670688972776,0.513587866722876,7.25852751223978,0.506304416332783,12.1281270760668,1.37372726370745,12.5380828366295,12.0408830875735,17.6124914519247,5.36004990748128,0.513219755668908,17.1814535450924,11.7470729763088,6.67365680351241,19.9358856452033,5.07694653591087,0.526334652060551,13.0593494260289,1.07836910971205,7.44378229177452,55.4555990584794,1.53677799958529,8.5850361619656,16.8810160102171,88.6514097363234,4.55087654280028,3.64715039686914,1.02492654397674,0.816623015467465,3.53174559120832,10.2422712476753,3.37159831118819,9.77957359960128,12.0497936276712,0.521262480419302,9.37815442846781,3.6378835432292,0.501112705779162,19.0149723017609,0.501037414298006,0.501731199211352,8.09673513006817,12.5828876646293,0.506530717634821,12.9316760645505,0.509594407507856,8.2441519496641,11.0377688723516,15.1068561327729,5.87695491160205,14.5473149478983,2.90975498980026,0.503330927117592,15.8245337479921,93.7661264277882,0.500019083541474,1.00080631149993,0.500161429986246,0.50008371639903,1.00111027845792,89.7127199678481,4.05547453839923,1.15755358400791,0.537705803441498,0.506668392742255,1.16134979431409,1.18392035160476,0.537086354666016,38.1801308171321,0.603572980591059,0.555253232984464,22.2722176045204,11.9700419932982,6.6575010771204,7.54703503015018,1.24222078100929,0.516342715785387,9.73439942456483
3.93869751561194,2.30319409151035,5.24055216525399,0.696543363418285,2.02925757570165,1.01234856029894,1.02585402334632,1.57610701139133,30.4753771566166,0.604690856185898,0.601430214772446,23.4399465684023,50.0628212437358,0.50145071848048,1.00960763344803,0.516877039321749,0.51058567092848,1.08676469650787,30.0840282380677,0.606093384585496,22.6528601260766,12.3899919679985,0.60728615412237,0.926777950588751,69.3897241619035,0.602722927649465,1.00524330428611,0.624596883743602,0.609105269151408,0.969308557919749,6.19442469275061,2.17138178118567,9.42164018060839,1.66301929657525,10.0247772326228,0.900789901505448,14.2470136860434,2.55788622341856,19.5286339492272,1.4151922929604,0.501516841210703,8.26570952253141,1.04098792655291,0.542631794041637,25.7445957703792,24.8452744722741,0.828455452816106,24.5732587851122,85.7046847796372,0.639126835551334,2.84832130664093,0.812954058978536,0.678427513803675,2.79764680327041,7.01890231967482,5.71164132691047,8.50724548713877,5.65641155152248,0.504143139238745,9.26063210307439,16.7690612717801,4.45210169139637,10.9234486719646,3.78964742511101,0.500849603469141,6.75485906496015,1.15411691823951,0.535136351593361,38.2440607275841,0.521931378320406,7.15558560225811,18.5620722965714,61.1636628371584,0.668553236506641,2.17182947423864,0.78356656535338,0.690197501968536,2.88565875183589,1.0152634328302,6.37072123121928,41.9631662371632,0.578325721525322,0.539630270002987,28.0923345613498,2.96220154588532,4.59029463731382,10.4322572262019,0.507965845487015,2.23944410212736,1.1052450546646,1.03550467025229,3.85596589580859,51.8480285314827,1.4860709295997,0.505361447726083,10.1234614676126,9.67485728949994,0.50018935160279,8.57846252047607,0.545876616951539,6.18985410202219,1.46555221093207,1.13081387848181,1.7898621033021,72.1569467799174,2.8789042605576,4.09793691654764,15.4857256659433,6.40862818975426,2.54346258277813,14.9718578395831,3.9798914591182,0.528600428686647,13.9504658185952,2.42215082550585,2.97186393822748,30.6952761105741,7.53392366755514,0.555462870576025,32.8161151620285,1.26925298257197,7.47740291116044,31.6286866188553,0.596064177044984,0.51413884653013,9.09257878553674,1.24287549034155,0.855734930518367,46.1907896487919,24.3145316906411,5.05075804445304,15.3662157496429,12.4451459266438,0.504439866815863,5.09081000532209,0.509834690723758,7.7569910712454,3.78433378614712,1.25224938487177,2.81749681767441,24.5819641289222,1.09138729854077,1.04027684418996,5.4699817741524,2.33198060687794,0.512433676891055,17.7987011286764,0.511501198785092,7.98138638753497,5.1950810224449,6.00012588014004,0.520848780495734,8.13769740314092,0.503026440617791,12.5773463990034,1.49349344704259,11.8651857756997,12.0540889250169,17.1571685033334,5.196796801716,0.51288277415295,16.4588051770087,10.7330703387769,6.72391484994013,20.186592919064,4.75138993572155,0.510210005674079,12.8285101789471,1.05840962081043,7.3456786490142,56.4268115912061,1.70949883509742,8.35857968189815,17.7213389939942,88.6511148167893,4.5635967986537,2.46019695883311,0.789563315248963,0.674678084798677,2.39654017362711,9.46706828165342,3.39203312010671,9.84971772189078,11.8446856418587,0.508148873374384,9.41120351832831,3.28605994065277,0.514278151718498,21.1272352318273,0.510708789159904,0.522802800622577,9.21386260566321,11.34696027187,0.508711535597716,12.6109780682991,0.512810387945126,8.62338441848451,10.1532947152385,14.2431516497749,5.89247623077664,13.8959292460079,2.70226860700327,0.517187193341465,14.4111465917989,93.7731818717887,0.500073167459163,1.00311044035854,0.500620319439324,0.500321391564018,1.00429322951661,89.712715259826,4.0541049583927,1.94434207589278,0.726047366325278,0.539970957082344,1.9670264970118,1.22870899400336,0.548439784512647,38.4536773003766,0.625591426894246,0.573661397310054,23.3371268778134,11.1642875399402,6.6723102490093,7.46037488923808,1.21498446204519,0.500834109593114,9.58270563025767
3.66818685815596,2.34318400644184,5.77737097545585,0.682304003470127,2.08559478329007,0.980009523063916,1.05333484657304,1.53755532407531,30.5578150770098,0.609968572147026,0.603238489232139,24.3973720011039,50.0508629511184,0.509442083219133,1.06249466986904,0.609815268515598,0.568887797821173,1.56461231291441,30.4668586938891,0.624717970436631,22.2934192440595,12.2138518734935,0.629929075228854,1.01081201463898,69.3905714132521,0.623566167644393,1.04539946526435,0.812889116836229,0.678810084970288,1.49989679357917,5.40341919198967,2.23120956676105,9.39875458944196,1.61389797212825,10.418968436615,0.90555763172895,13.0889062919491,2.55988138070137,19.347544388401,1.33107914435053,0.50216879594509,7.44466726546381,1.01917586073111,0.521448719577869,25.5972465964435,24.8005237761283,0.665424249769046,24.6728327137534,85.7055890766523,0.63450069396757,1.71796825720494,0.62155928115889,0.569304907163151,1.6982923746813,6.27571302361181,5.73974195210196,8.76613518814397,5.49805254948613,0.510444163181663,9.33247290158413,15.3522350191063,4.47522768328461,10.9583735883277,3.5172290138827,0.501735541031784,6.39106903563566,1.30344876504684,0.575138288415307,38.2430010024354,0.527608170810372,7.06739054655215,19.21194525417,61.1636386685152,0.587293430744315,1.60688905434283,0.646858658816409,0.598502949386866,1.97657538694767,1.00215923785534,6.36447631752144,41.9970767683837,0.601267316221021,0.514689773309608,30.0612715829557,2.5933547116458,4.60009049797525,11.8205848636669,0.50337926908964,2.3334761357268,1.14802390029636,1.20771400888028,3.84919695820851,52.1319623998202,1.66099392843002,0.5347640114468,11.4189329888996,8.94203828434365,0.503279948081397,9.566919108306,0.564042078999135,6.28413933181687,1.60786896998225,1.22126243699434,1.76356582324307,72.0773223813478,2.95677373507184,4.07631205149653,15.6569668343621,6.0163255930927,2.5372264587415,14.9519692633801,3.8337747833604,0.525117156231897,13.7217485144178,2.35999606751183,2.93659686814292,30.986717759342,7.82019923278895,0.514891765208806,32.9476029281284,1.05506586194093,7.45262345575998,33.7975193948607,0.630719937268779,0.512782620493418,10.3611146435983,1.02741162536161,0.82399116636227,46.1556402998778,24.412252062405,4.98933189729189,15.7846748184155,11.0296593952233,0.501302027845791,5.18907071308689,0.502853666772037,8.17162901061534,3.60654930527621,1.07059840768499,2.81383956991993,26.090653087599,1.21001509194616,1.06286445307633,6.34483622848221,1.99651599181267,0.504520745136005,19.730726174599,0.522847915775837,7.98474292535459,5.91867891215838,5.51758114131601,0.529641103986382,9.1227134089426,0.500375055195255,13.0096114131051,1.63966713673127,11.1764015833954,12.0705157607761,16.870297414581,5.04790964400377,0.512629647985731,15.9556549498381,9.74079568126655,6.7743316207673,20.6601588744651,4.47761739471366,0.528118580845606,12.8034117823172,1.03850159886974,7.23943138827538,57.2831281476674,1.9073270941405,8.1319058774564,18.5508932454276,88.6508541450077,4.57615196833879,1.27324766755956,0.554186823378558,0.532691710882272,1.26133701227845,8.74721651819072,3.41234101486116,10.005617345044,11.7008900033285,0.520770424005871,9.55135714615815,2.94907902681755,0.512663110037563,23.4232540671959,0.507492178117466,0.520739254257137,10.5073293553316,10.1581965556886,0.511011803280591,12.4780584563761,0.516112469576406,9.04436036585521,9.53907079886589,13.2647984107573,5.9100069500526,13.4601542394823,2.51835679826994,0.529999403617394,13.3470631550112,93.7796896214764,0.500088552361813,1.00379155738095,0.500752713928308,0.500389566483518,1.00524767048691,89.8373214029386,4.0523079215156,2.41176155987089,0.87701287651058,0.571280951148763,2.4367578187591,1.26744292435123,0.559814434519929,38.6971717862626,0.650358717872819,0.592843970209885,24.4245519350444,10.4085661287683,6.68543158808795,7.44152522275592,1.19215458622752,0.516128674730698,9.54544609434554
3.39546248811933,2.38373161005868,6.38490964083392,0.669158032269372,2.1427932756867,0.9489696444154,1.07502095871201,1.50027658732379,30.6313294572972,0.614561989045062,0.605061341036935,25.3651581001429,50.0400212854746,0.507057109314979,1.04668051611704,0.58205401388511,0.551480012055707,1.42191988185889,30.8478377180999,0.665605784635484,21.9356844617838,12.0384574631018,0.680558224263956,1.20069749273424,69.3913162760682,0.644409407898398,1.08556409699265,1.00118504041513,0.74851758554232,2.03050421139033,4.66419646192687,2.29362851169707,9.41455630941018,1.57634699918523,10.8194649253099,0.945045129720413,11.8577165651328,2.55404270979408,19.3031612442774,1.25566069124929,0.633616024960171,6.85245205888418,1.00027382503932,0.500329014998561,25.4534486027733,24.7574370112692,0.502541135390581,24.769273378219,85.9174494404201,0.62983214114456,2.10771606651515,0.758768643059213,0.653502112207833,2.08445415151575,5.6000111510937,5.76723613310508,9.09158431114389,5.37001594040862,0.504386133791943,9.50547982489972,13.9629038675336,4.4990527936753,11.1686728316362,3.28765401187903,0.502214765185339,6.18272063051075,1.12789134497809,0.532631014344916,38.2417026115684,0.534027667392684,6.97758011673315,19.8709065178255,61.1636157208173,0.506033624916695,1.0419486923841,0.510150808107913,0.506808433176748,1.06749346778022,1.00087681210185,6.35865250840281,42.0207930246794,0.627805231522689,0.57494100340719,31.9611376301618,2.23507619902501,4.60918002836932,13.4092556888181,0.511402046381658,2.43064304434782,1.1995399828227,1.10311968255681,3.84097924363534,52.3312156659295,1.86313461689813,0.518757790889598,12.8381874298979,8.19427922744502,0.514525634968708,10.6721145039496,0.586430209394226,6.37829438265648,1.78380671424171,1.31021404547698,1.73736747422843,71.9928809866525,3.0367696717686,4.05403623946934,15.8228226048327,5.63016131878708,2.53105481551753,14.9908532173041,3.70098095109249,0.520193579275487,13.5835198472977,2.2993829637037,2.90045578026812,31.2670604650661,8.12609719335195,0.539614990274026,33.0690827937068,1.00374957918178,7.42637224557791,35.909949970425,0.672705570288008,0.500954999304688,11.771985233564,1.21862690584397,0.793203221832076,46.1208584912952,24.5088631843596,4.92799690872849,16.1964844810716,9.7542910097907,0.507652875953979,5.36541530580791,0.516679399962721,8.61987981907275,3.51678285618793,1.00539535845934,2.8091179109551,27.4315152329486,1.34913824560566,1.08243900024262,7.3462560903878,1.69035301644204,0.506241607723976,21.7606943184119,0.538743316517696,7.97479326625079,6.74884272333067,5.03205296382167,0.539958669773483,10.2201425437846,0.508523466208003,13.4226832848729,1.81767314166948,10.4926580196956,12.0890292518009,16.7353378712486,4.91608617143173,0.512472086258808,15.6463524266241,8.78683897354642,6.82389143428152,21.3441388576279,4.25099820033242,0.512673788749635,12.9694115809539,1.01880465954963,7.1256103348591,58.0285217991769,2.13360963034051,7.90569966462368,19.3635128874998,88.6506232361467,4.58854310872502,3.04114828192217,0.904822059572321,0.744334163939873,2.95216995597793,8.08558101280451,3.43196027263111,10.2407014968747,11.6134723641153,0.50841427908917,9.79128445254716,2.63133068094834,0.510997474016136,25.8946005054537,0.504628887446142,0.51853101772909,11.9991385972574,9.04355491167049,0.51329798041817,12.5113869200221,0.519242197630226,9.49927529648676,9.14569910481022,12.2346332489262,5.92888504510089,13.2180163725547,2.35789171374101,0.509897279516961,12.5775012861352,93.7856873187774,0.500120005948433,1.00509676255739,0.501017165362608,0.500527106354462,1.00703179761792,90.0186915617027,4.05037611110247,1.00269715236432,0.509380562243684,0.517224675412557,1.00276367768246,1.29978731755004,0.571211354446729,38.9131207215324,0.678121132355239,0.612820737040769,25.5322293330858,9.70798754552731,6.69645091751247,7.48471634054423,1.17364804849074,0.50350632492447,9.61178890498709
3.12120964297675,2.42480750163749,7.07332591908746,0.657243086824115,2.20081540050291,0.919244369324363,1.09078512329463,1.46423115276488,30.6966724341992,0.618478851292328,0.606901508250819,26.3411853041231,50.0301955015381,0.504672135230001,1.0308868743876,0.554309259347483,0.534077547621125,1.27928268773602,31.2268049328776,0.667531000824501,21.579788343793,11.8638735529471,0.68387298787784,1.21510675576139,69.3919684833052,0.620525311241314,1.03954714655693,0.785421662169076,0.668642696202984,1.42250209619897,3.99407682582914,2.35853354660416,9.46839838088787,1.55001408389185,11.2187600740735,1.00837671445197,10.6919691082227,2.55475166354991,19.3814359973805,1.19562003318052,0.625524310645729,6.45298057156578,1.01449050580605,0.523080405857662,25.3130510814269,24.7158721247279,0.678738866959243,24.8626378260977,86.0482398449335,0.62528839172056,1.02011251177644,0.517622179265837,0.5225899105595,1.01958128548555,4.99105424028124,5.79358486124033,9.47848937365962,5.26900890927371,0.508706354509661,9.77328309310175,12.6206537760023,4.52298443153603,11.546559932626,3.09603412494791,0.505867698541845,6.10899109227715,1.25991015153967,0.572860963987876,38.2401550525558,0.541221923181347,6.88625223231648,20.5380731020191,61.1635950186579,0.652030463419669,2.05695751122046,0.755768978405044,0.671552796311629,2.70081169826125,1.02454896566154,6.35327188806595,42.0318494259993,0.658160835282511,0.501160852096216,33.7674247394508,1.89201767024557,4.61741808247787,15.2204531811156,0.502291809788712,2.53074561509216,1.26056535010705,1.00783679448676,3.83119433457895,52.4615239142604,2.09753574736072,0.501565340893175,14.3820997824719,7.4392897497395,0.503323174334575,11.8985799721634,0.613727297364471,6.47165911553886,2.00132062388156,1.39769594703346,1.71126018245355,71.9037841594396,3.11885680500535,4.03121456647005,15.9830164572888,5.25594267529734,2.52465040126439,15.0840608705397,3.58104646685768,0.500285592897677,13.5288551125171,2.24043570489734,2.86338229218508,31.5345361475188,8.45245548018327,0.564820032618773,33.1796767787758,1.04328141752085,7.39830741843361,37.9027629078608,0.722805386538508,0.511694639023641,13.3071234533273,1.016702194209,0.763347292957603,46.0864576799005,24.6041969492874,4.86685045707136,16.6007429092935,8.61141455736208,0.505578878759975,5.6158552584957,0.512194062394535,9.09714621208353,3.50205580527528,1.01744130198041,2.80327754168656,28.5729490598134,1.51172609705263,1.09803785332882,8.47209934475391,1.41593767284214,0.500861322130651,23.8596334193332,0.55982204870446,7.94991492015824,7.69351211712295,4.54762320710665,0.551793845699021,11.4342826557803,0.503494235241759,13.8142825948468,2.03427094561283,9.829170755747,12.1085567869662,16.7376417019532,4.8028988207837,0.500214489308674,15.5097252355133,7.88323091126105,6.87171182581353,22.2271037187058,4.06747276176123,0.523403019639976,13.317819217631,1.41464078871677,7.00473877058009,58.66719101326,2.3920192983594,7.68063525877791,20.1528618850571,88.6504184365871,4.60077131536899,1.8542071803701,0.669419293446631,0.602266336380984,1.81697153674132,7.48281920930601,3.45031118910204,10.5495735828499,11.5783043332706,0.519427790459682,10.125857279333,2.33680262845267,0.502428136095132,28.5248373318703,0.500622640426531,0.504207422197052,13.7104508713708,8.01677698262136,0.500409749941767,12.6942709431585,0.500586921650081,9.97986354342451,8.93800614640126,11.1987330852808,5.94852328391029,13.1496694352034,2.21961990371405,0.522304069446736,12.056602696343,93.7912711380189,0.500036940206766,1.00156892132299,0.50031311934626,0.500162264975682,1.00216452588771,89.9743513638964,4.04938207303942,1.20762881604496,0.549678371430027,0.508827121140156,1.21276360546591,1.04086270718383,0.509997660423159,39.1038567517213,0.709160599514485,0.515987760918313,26.6576699823622,9.0649870720307,6.70503893417485,7.58544049794811,1.15936842111035,0.513328474730497,9.77384466062644
2.84641380148157,2.46637431969077,7.85419312300291,0.671798732754371,2.25961615283549,0.961641231713387,1.00226765394568,1.42937907193293,30.7545454138729,0.600472183978988,0.600182558232015,27.3232623468277,50.0212905825408,0.502287160986215,1.01511127133172,0.526579015307616,0.516679762893594,1.1366940603727,31.603617655913,0.669424619204178,21.2258497225881,11.6901578482047,0.68720898723811,1.22972159635015,69.3925429401923,0.641368551018225,1.07971484122316,0.973718767164339,0.738351152840529,1.95311710389403,3.42780878174129,2.42566722220004,9.55521729346882,1.53404171620704,11.602692394389,1.09108855735911,9.60638760608768,2.5584288370363,19.559786853729,1.14792002241184,0.546241807162363,6.1920985178983,1.00117549276698,0.502081197793052,25.1759233491656,24.6756974837065,0.516134211254142,24.9529978351885,86.0166651342484,0.620911029212798,1.55122519811376,0.593376080186476,0.553243309148407,1.53666071126269,4.44612237007705,5.81824255150209,9.92177558785027,5.19169996784022,0.503626593876181,10.1317216689143,11.3386920516271,4.54652275145853,12.0883044715607,2.93813761951391,0.505975284833296,6.15744741700999,1.10373872563624,0.530101816401031,38.2383521338736,0.549226481479183,6.79351267704417,21.2125096973399,61.1635765521329,0.570770657610526,1.49201756042737,0.619061236705541,0.579858340526296,1.79173035693093,1.07617707102365,6.34764765431583,42.0215529615802,0.692396402988746,0.518201711510401,35.4412520715702,1.56913908428683,4.62471518781958,17.2751402739803,0.50029203513003,2.63353988917505,1.33196158474376,1.14920683834632,3.81967519717196,52.5348038304261,2.37038512756047,0.53470403540775,16.0484838834354,6.68660567001239,0.51448080000952,13.2465773417201,0.64676660825886,6.56327238714707,2.27046450323224,1.48373439103115,1.68523906558937,71.8101805801502,3.2029915199819,4.00794756694816,16.1372896894072,4.89783983233638,2.5177243812601,15.2272147146977,3.47339334567977,0.500459326388307,13.5516690925691,2.18328658247006,2.82532107664877,31.787330092565,8.80007480374086,0.52332318288653,33.2785133722896,1.03647567602694,7.36888084126861,39.747458827312,0.782157990239493,0.510594210670981,14.9541067496508,1.19611993912388,0.734401061201364,46.0524680083547,24.6980700186595,4.80599246473339,16.9965980510273,7.59132616565895,0.503753784324329,5.93837293957204,0.508291134842928,9.59827351882705,3.5550292098881,1.03303211135665,2.79623726698248,29.5218546174032,1.70180759827203,1.10898158950951,9.72460571668515,1.1743902884607,0.501200826729192,25.9929020551362,0.586875038221294,7.90856266212301,8.75789131363556,4.06942929840233,0.565135362347817,12.7661594725528,0.5000511909284,14.181991663872,2.29782031847065,9.19656289574052,12.1280455213119,16.8643776446082,4.70918851776119,0.500699681259026,15.5286573454797,7.03853229826252,6.91703059775516,23.2971999546406,3.92368402785681,0.501491195068896,13.8446258139999,1.39001837051921,6.87729160355179,59.2033303375943,2.68653230962753,7.4573723229063,20.912507690868,88.6502368540593,4.61283771791391,3.62208283476297,1.02010947761824,0.814074206561044,3.50778360386846,6.93803064302584,3.4667814675117,10.9275909398529,11.5919945555114,0.507918217654937,10.5514930299787,2.06877582913758,0.516500307183198,31.2890082815284,0.499795367091138,0.529788384477558,15.6598937096471,7.08298982036937,0.500483147769848,13.0142691301314,0.50068199748469,10.4777932607885,8.89223623954193,10.1891241443944,5.96841021861386,13.238157930609,2.10178758864642,0.536364721439963,11.7481083932755,93.7964398332968,0.500006332853816,1.00026674610333,0.50005352778524,0.500027772433383,1.000366796623,89.9311531134592,4.04839684112745,1.08607730850284,0.520596953690594,0.503656075872189,1.08819442550871,1.08144628338186,0.521364098077249,39.2715268409156,0.743798432320845,0.534864300067425,27.7981696242481,8.47989033408357,6.71124339945353,7.74022957819998,1.14923317632078,0.504015399601949,10.0260127082495
2.57586404958193,2.50822722087895,8.73889476008439,0.680875492167108,2.31760329853738,0.987542705062416,1.02163422786258,1.39568037050318,30.8056006496019,0.604821958520479,0.602014446410883,28.309145042653,50.0132202013054,0.515844213745084,1.1046183907172,0.684073292670572,0.615531682317076,1.94676935610423,31.9781227866591,0.671286160162612,20.873997051414,11.5173724540639,0.690566581292995,1.24454441023059,69.3930464473074,0.61748445381497,1.03369198228102,0.757952818373996,0.658474377218619,1.34510260127317,2.94906486347698,2.49473277089496,9.67075691644095,1.52691200696949,11.9664810671085,1.19469206911379,8.59962265063687,2.56079905906189,19.8219556182025,1.10971846120408,0.502689876837033,6.04640684703996,1.00921819800482,0.524700390629239,25.0419383098436,24.6367907672651,0.692026487320839,25.0404236552566,85.9864042546009,0.616608781948973,1.14762500779971,0.525005489874079,0.51425761540482,1.14371003598744,3.96120297428607,5.84059834192886,10.4161677905071,5.13440844263492,0.50110661821688,10.5783568099563,10.1260025946664,4.56923576383362,12.7926810778959,2.81043413462031,0.503447496211861,6.32229685800413,1.21820220933716,0.570568137451005,38.236282965507,0.558078782227633,6.69947213852456,21.8932162509047,61.1635604966003,0.716767495465462,2.50702409483414,0.864679216117129,0.744602632325167,3.42505644095145,1.15786447539361,6.34226992490029,41.9825647235837,0.730611980095291,0.543405127759584,36.9625300906203,1.27151294143887,4.63090384496735,19.5908242285955,0.500545034122361,2.73866972966114,1.41463059275636,1.06258382361276,3.80620178000455,52.5597135065872,2.68926716598034,0.516449604309019,17.8315103102441,5.94733641069954,0.503375007397301,14.7105640796983,0.686557748637537,6.65181037756346,2.60385945658137,1.00004157326847,1.65930109692255,71.7122103050564,3.28912138643599,3.98433126186309,16.2854029300939,4.55861649988616,2.51000815480583,15.4160357069143,3.37737679417021,0.499782410377862,13.6466872746615,2.12807602646062,2.78622028156494,32.0235837481875,9.16970657016735,0.548700164184376,33.3647216796369,1.02167694599912,7.33827346211333,41.4325864698206,0.852158747411614,0.506881384340395,16.6994802304663,1.00721976609533,0.706343807713076,46.0189227750564,24.7903100506723,4.74552377283976,17.3832617685015,6.68363566614556,0.507456555630765,6.33216374489926,0.516875751444156,10.1174777057623,3.67261641318418,1.06139056555832,2.78787482155742,30.2952942780116,1.92430184671895,1.1146578252486,11.1035401235299,1.02495943371738,0.501115779648999,28.1107862189448,0.619925369334807,7.84874134371497,9.93890160126055,3.60347503485233,0.579965344476859,14.2123691670208,0.501927863725415,14.5231381862252,2.61860057110429,8.60186858964941,12.1463807454336,17.1042470176901,4.63534988827472,0.501132280672702,15.6894443101192,6.25860476014433,6.95919420992934,24.5408063867296,3.81702436967657,0.538171455354662,14.5493080440051,1.36535290958468,6.74369539571401,59.6409289343768,3.02138101446956,7.23655083401533,21.63598911323,88.6500750463094,4.62474344712848,2.43515071362418,0.784680805851086,0.671926883590432,2.37259128679042,6.44924412156784,3.48071079859385,11.3704931374946,11.6517923777192,0.515152219310498,11.0655789461511,1.82959327623735,0.507889872010004,34.1538108401266,0.501964207027688,0.514683153892882,17.8615176428387,6.24215726082248,0.508765906770447,13.4618363597358,0.511926649849455,10.9835081247066,8.99326380542107,9.22693441987011,5.98808705211517,13.4692969498565,2.00252352071864,0.503903304549418,11.6245475041592,93.8012125796313,0.500055018269827,1.0023486120424,0.500467236057324,0.500241947499337,1.00324650930095,89.8950710098856,4.04747358038299,1.47304534316981,0.613198628088774,0.52007810671356,1.48463378285851,1.11558828160527,0.532754559858232,39.4180892559318,0.782399794624828,0.554536170317311,28.9508250106973,7.95189396885504,6.71501516843914,7.9464569174182,1.14318327150304,0.507993821082604,10.3644950897533
2.30941549113887,2.5503505673402,9.74195690240835,0.655260733860698,2.37636976629021,0.927461025964605,1.03504870216204,1.3630952529354,30.8504428273998,0.608506508484202,0.603865608284098,29.2965509555839,50.005899339277,0.50308290075521,1.0203475781275,0.535809420232144,0.52247744453987,1.18419655772009,32.3501681591503,0.673115798518206,20.524360985331,11.3455804559413,0.69394569560194,1.25957761201429,69.3934894952503,0.661654118400809,1.11881682393911,1.15698160994939,0.806197384372626,2.46955596003722,2.54415915649708,2.56539846078981,9.81162211624548,1.52747985286311,12.306155890701,1.32137834086008,7.68177161437844,2.56180387327034,20.1525660609404,1.08013839417984,0.503147622596781,6.000874444323,1.00119226378142,0.503814480839353,24.9109837630451,24.5990403553793,0.52968260275422,25.1249953980154,85.9591617558044,0.612381352053541,1.47407978289116,0.58029644064753,0.545781273104046,1.46146306487482,3.53144521858421,5.85990639457295,10.9560507310221,5.09268006392861,0.499924753567916,11.1119140954427,8.98881784962207,4.59074831199842,13.6593839746173,2.71010404124792,0.501295140378073,6.60317422208036,1.08182925784905,0.527546569310905,38.2339386405112,0.567819984242733,6.60424763948213,22.5791516267753,61.1635470564188,0.635507689735135,1.94208461964159,0.727971564809779,0.652908221087975,2.51597420733844,1.27327065108642,6.33697405723831,41.9081169409377,0.772777973746246,0.503690645370432,38.3060087131475,1.04604552092055,4.6358004072863,22.1775687209231,0.50033787253287,2.84563653603251,1.50934734989568,1.16746089241631,3.79049465081601,52.5421295381693,3.06346630121244,0.553809593750609,19.7211928511505,5.23361937381032,0.514488314786642,16.2778676886707,0.734321323559045,6.73552978050426,3.01719587756599,1.39927324724104,1.63344483127615,71.610012425272,3.37718437325189,3.9604572674707,16.42713891881,4.23997492180525,2.50123817071942,15.6463551290453,3.2923500492468,0.512919326948358,13.809805577098,2.07494968516546,2.74603264641437,32.2414151390601,9.56202164032413,0.506580870883336,33.4374445853361,1.00780450028276,7.30663921126678,42.9527193709276,0.934411242752095,0.502757709802943,18.5251213511866,1.17536507644822,0.679155902972261,45.9858681920048,24.8807364780856,4.68554527247161,17.7600064593275,5.87804439722559,0.505180486513192,6.79700196651994,0.512079948859568,10.6483216545933,3.85516960716051,1.01744086590034,2.77802194259092,30.9132482185791,2.18511475484923,1.11452062475909,12.6040549907345,1.02274279624546,0.503025555956008,30.1499424339374,0.65911858172978,7.76875987321745,11.2200094527505,3.15628940477417,0.596256143922079,15.7640096135566,0.500195920396977,14.8346791344155,3.00915870915543,8.04936811019501,12.1621721947675,17.4471153875118,4.58151812457735,0.51167031524164,15.9810927667576,5.54720674504554,6.99764657205747,25.941218234676,3.74564500770721,0.516366188920218,15.4335322091411,1.34080958245798,6.60433042756894,59.9836308730808,3.40097360829557,7.01878617798964,22.3168904126939,88.6499304567889,4.63648968404162,1.2482240604605,0.549239278762406,0.529740543373744,1.23740334912725,6.01377909114324,3.49136454603623,11.8740871131236,11.7554828098017,0.505394676853457,11.6659683923181,1.62053515677711,0.52002082897255,37.0783622188114,0.512350244267303,0.538981947802606,20.3220762472457,5.49037095652597,0.502149085780076,14.0302459579541,0.502747825053086,11.4872395315423,9.23293353316378,8.32517778283768,6.00713516330804,13.8311128402559,1.92005099324489,0.517861001985178,11.6658877902938,93.8056034406326,0.500145592805472,1.00623573085247,0.501237933545929,0.500640725237442,1.00863048136632,89.8649469724338,4.04660844006398,1.35153909004061,0.58412602454759,0.514912390892148,1.36012369727379,1.14306598736408,0.544171224006967,39.5453196023305,0.825378571760616,0.575014379816234,30.1125539429991,7.47956481789898,6.71624591711805,8.20212491636556,1.14119661361838,0.502255666219743,10.7867622794262
2.0456095440076,2.59283565002299,10.8804929725,0.650606582371976,2.43615515429937,0.90220715759824,1.0424995071829,1.33158443557777,30.8896321487227,0.61153820432288,0.605737703799775,30.2831890633987,49.99927022993,0.506263606071703,1.04132881818424,0.572744563847421,0.545664836634609,1.37419808768394,32.7196100168548,0.732885288180077,20.1770682296276,11.1748429994839,0.773359158063587,1.56888015696092,69.3938753044474,0.637770021257633,1.07278931123336,0.941213696291205,0.726319132749041,1.86153159162881,2.20162857239455,2.63729706294619,9.97507431459268,1.53488163496902,12.6185374110371,1.47398300624692,6.85568427697118,2.56127278657543,20.5371198779048,1.05832962266347,0.516785090094509,6.04382764568741,1.00341604119537,0.526309073648642,24.7829525284752,24.5623433004967,0.705285726876521,25.2067929416081,85.9346465185652,0.608226921782054,1.07073249905357,0.511979391089121,0.506829805231581,1.06884285865908,3.15145302458722,5.87537131960779,11.5354208906466,5.06140666215992,0.504132103652909,11.7324567754287,7.93163601041215,4.61073295612424,14.6872804441394,2.63501097658098,0.509411346672403,7.00422995760199,1.17856647761159,0.568257129556578,38.2313078512947,0.578493554934522,6.50796178862538,23.2692134468945,61.1635364654493,0.554247884075598,1.37714542878217,0.591263952026558,0.561213825861916,1.60689086956728,1.42756701421597,6.3316498143796,41.7913437961655,0.81873255358649,0.500133380916597,39.4493717538593,1.0080722616056,4.63923636128085,25.0057483207275,0.500220845456477,2.95297286530529,1.61419921372539,1.09079789934011,3.77220670230077,52.4855592644577,3.50433922723122,0.534377279322096,21.7029568318724,4.55779771620615,0.503440603692547,17.9278221485299,0.791532572434249,6.81221832076685,3.52976373703667,1.79014051794062,1.6076707032563,71.5037161336125,3.4671097489656,3.93641268050304,16.5622993052997,3.9426932321458,2.49119617380265,15.91411036478,3.21765915684213,0.546913064215564,14.0388230261411,2.02405856377932,2.7047160903483,32.4389274512866,9.97759256942734,0.532127465933678,33.4958367453434,1.06611149147289,7.27409516095109,44.3078417455808,1.03074752223324,0.527389760123181,20.4085236969162,1.32689806581255,0.652818770408191,45.9533512466856,24.9691832517708,4.6261556804411,18.1261824025044,5.16501271911542,0.5032334397551,7.33253940327269,0.507678195711572,11.1834015281861,4.10585116850757,1.03999230346191,2.7664608817124,31.3961122063866,2.49134633768033,1.10813127450429,14.2158148304387,1.01984008748525,0.502676785680086,32.0539860979703,0.705877835763404,7.66771893747169,12.5753649006234,2.73446252374056,0.613965275894157,17.405959134669,0.500243037730699,15.1131037551727,3.48464761578518,7.54119697181443,12.1737482127087,17.883631617226,4.54770455909325,0.506266189935701,16.3946372596517,4.90640082283732,7.03191926806788,27.4775500449007,3.70844018862307,0.554143953837756,16.4997510152506,1.31651668658994,6.45953484812277,60.2346544212869,3.82977385231825,6.80466506846017,22.9489225517642,88.6498008494963,4.64807761298164,3.0160748455606,0.899970280629576,0.741669090583828,2.92819355266591,5.62850645772792,3.49791540602051,12.4339754295628,11.9012776365797,0.504661958395946,12.3505202834903,1.44182169413199,0.511470753668342,40.016276416228,0.532426866357871,0.523145459362219,23.0384626076222,4.82193007168224,0.503783065921871,14.7143114611023,0.504185365172346,11.9789303635216,9.60863407605443,7.4910975085185,6.0251174120649,14.3130782342327,1.85278464736082,0.530935743558768,11.858119969245,93.8096663875647,0.500038801118608,1.00164939974593,0.500329041032403,0.50017050427108,1.0022761165832,89.8398034768551,4.04579777421087,1.23010932564021,0.555068935981256,0.509756531955175,1.2357133463367,1.1637304223886,0.55561700470618,39.6548116500583,0.873202856923202,0.596304901143225,31.2801125466249,7.06108101351105,6.71491443085226,8.5056545415615,1.14329700944673,0.500461784009776,11.2910508253575
2.0311359613462,2.63576378608259,12.1627045604801,0.653491858965882,2.49677701990923,0.91512886431604,1.04401130610817,1.30110919916406,30.9236851457073,0.613931680394178,0.607632014656551,31.2667741710366,49.9932656307384,0.509444324145896,1.06229422181479,0.609667991224836,0.568848282864044,1.56416330077501,33.0863163735448,0.651357546143007,19.8322378624538,11.0052175453682,0.667372473849905,1.16069499420665,69.3942150484158,0.613885924335441,1.02675998218633,0.725445039030958,0.646440309131763,1.2535032263736,2.01313813330734,2.71002762183551,10.1577640997891,1.5481960485142,12.900460734213,1.65528297236086,6.11959041792543,2.55896581202468,20.9621229300032,1.04352012143919,0.507648844503702,6.1666668111571,1.00039682114346,0.505530353527609,24.6577478395628,24.5266066489609,0.54319016846963,25.2859014723338,85.9125816487372,0.604143617696782,1.39707324645085,0.567244878114781,0.538336836493432,1.3864466096638,2.8155134692822,5.88608925073007,12.1479417578201,5.03442943824452,0.520055713079214,12.4413992540378,6.95779974097658,4.62890342651345,15.8726038176879,2.58366013622439,0.512409131203908,7.53342988542233,1.06228368359786,0.524963447468278,38.2283785746482,0.590146828747331,6.41074137698794,23.9622705529995,61.1635286171404,0.825098696823322,3.2601652143772,1.04693010940395,0.866844607078634,4.63702921133594,1.62754545527891,6.32638828311632,41.6247021240242,0.868175494991569,0.540532512002162,40.37625731544,1.02574644845992,4.64108579651753,28.0344398531764,0.503297298457169,3.0594359092642,1.72755191123662,1.02896492932781,3.75091290110042,52.3914356008301,4.02574967054091,0.513247598299304,23.7573484649406,3.93139578133543,0.514572469035482,19.6318189041323,0.859975745667664,6.87916337696945,4.16493325824564,1.31716635648151,1.58198022378507,71.3934605610861,3.55881598575648,3.91228043276726,16.6907118145766,3.66692672755181,2.47968470650289,16.2153372043798,3.1526862026028,0.603784485500993,14.332558087204,1.97555736132117,2.66223470698378,32.614226889677,10.41686542542,0.558149615094873,33.5390735709287,1.08713579861457,7.24071518828643,45.5021245117072,1.14322285863407,0.54307943032496,22.3238283233983,1.15635836663984,0.627314705254409,45.9214233624505,25.0554863663996,4.56745191431514,18.4812050332773,4.53532759566998,0.501119252678709,7.93814800630523,0.502855688251074,11.7156214126342,4.43063518438454,1.07788270670035,2.75292382824143,31.7629594106336,2.85147817367047,1.09519846335238,15.9225517051146,1.00766151668342,0.501063294312841,33.8003713902023,0.761247158227992,7.54735673950993,13.986098462613,2.34412345478103,0.63302547380506,19.1165882130401,0.503864223391123,15.3543150330572,4.06311960954572,7.07795004524802,12.1787889137821,18.4048718216887,4.53387027153802,0.501809459049281,16.9225055453741,4.33671201890181,7.0616250063522,29.1243194835072,3.70501695053582,0.532226380849533,17.7499142073797,1.29260943938047,6.30961119841258,60.3967712213454,4.31213302460431,6.59474247857108,23.5260154510716,88.6496842429469,4.65950844726604,1.82916049089963,0.664503350382211,0.599406264893796,1.79301570084704,5.29002011100857,3.49943015356824,13.0453373362372,12.0877013403523,0.499644198729041,13.1166927966992,1.29273992261692,0.504019357979357,42.9186223652533,0.564201808922673,0.508453646222583,25.9956530114809,4.23030685472164,0.503974619778625,15.509398080141,0.502692029462158,12.4484118300574,10.1223380106952,6.72772121678785,6.04158188097539,14.905340494963,1.79936522552606,0.505686132176357,12.1924010065998,93.8134529664312,0.50000491733625,1.00020428623499,0.50004136358409,0.500021510850195,1.00027933242088,89.8188210576241,4.04503816324806,1.6467477407714,0.654783174976738,0.527408866177734,1.66245615127802,1.17748546667758,0.56709559035327,39.7479785019239,0.926401083838814,0.618408731558229,32.4501134390722,6.69448079854247,6.71103548805241,8.85570862695369,1.14955680989456,0.500852351260314,11.8759806980809
2.06937662851597,2.67883860416111,13.5767531820336,0.655533849222899,2.55605975350726,0.930105525884928,1.00381877958439,1.27163156055428,30.9530778451124,0.601318644142207,0.600755775179745,32.2450503991936,49.9878261948516,0.512625042770533,1.08324459300854,0.64657970281062,0.592027847901771,1.75409453248995,33.4501508512071,0.710525555783032,19.4899913668096,10.8367627171187,0.747194788312936,1.47398287830837,69.3945141241153,0.658055583504004,1.11189176415391,1.12447624737903,0.794165421032351,2.37796620507026,2.0000995355382,2.78316697706521,10.3483818787533,1.56460403983957,13.1445396357634,1.86257205400361,5.46928960911726,2.55472203653728,21.4151268465051,1.03507539294015,0.507492035149184,6.36380422535644,1.00077577393901,0.52688845639525,24.5339584032126,24.5506774237241,0.658386167660869,25.3899243222281,85.8927303259383,0.600129726811867,1.72327197561395,0.622479081181299,0.569823377022576,1.70386450799869,2.5176975623544,5.8910614215219,12.7871018432077,5.00434687749691,0.552338578983969,13.2415906162675,6.06975857470136,4.64501037593343,17.2071505234342,2.55515878299923,0.505999032781531,8.20191005843244,1.14122427164912,0.565924965052955,38.225137814457,0.602829867004936,6.31271885814667,24.6571374767518,61.1635228628205,0.743838891284036,2.69522649987644,0.910222545851577,0.775150229421218,3.72794340208977,1.88152319178512,6.32133505823672,41.3995482565776,0.92060575605988,0.505701179533349,41.0704214511925,1.04087187659053,4.64120855295004,31.2341954249494,0.510225766055458,3.16444815642318,1.84966230484791,1.08777212785974,3.72609801766514,52.2593007294878,4.64457035259684,0.555834651123275,25.8599604574668,3.36404865343065,0.503527410434492,21.3545866324761,0.941813623536609,6.9331473614425,4.95048738087699,1.70340027536523,1.55637678422985,71.2793742650281,3.65221292892377,3.8881389440403,16.8122228373158,3.41237760799878,2.46651033694338,16.5461506871187,3.09687026291476,0.685525142036749,14.6905866251257,1.92960360705139,2.61856001728639,32.7654478151353,10.8801238396366,0.515102937555279,33.5663647038683,1.04729452241938,7.20652551652154,46.5428408900483,1.27410015167862,0.527504308315233,24.2430720888055,1.29828649433935,0.602626552551449,45.8901356684491,25.139497042556,4.5095261744968,18.8245767236394,3.98110526973138,0.501009475811745,8.61186635553786,0.502795475857664,12.23659153756,4.83795778824607,1.03154923844131,2.73709241406792,32.030610335676,3.2755774612297,1.07561371879486,17.7019555391841,1.08807651159382,0.512864790425995,35.3761408643282,0.826431404930399,7.40978778764005,15.4300055317522,1.99028924431872,0.653342660615897,20.8684322871687,0.511297170627704,15.5535713677205,4.76575776100029,6.65901005621641,12.1742563548292,19.0020270998167,4.53996935959637,0.502947707931785,17.5579435353725,3.83730830467147,7.08645065678602,30.8515100112414,3.73567282785138,0.509642597576099,19.1840559604646,1.2692266824726,6.15483546418561,60.4723137885546,4.85206758936353,6.38953908428601,24.0424082883046,88.6495790275029,4.6707834246386,3.5969855119515,1.01528547755205,0.811488959705366,3.48378829675927,4.99476582169951,3.49485938779315,13.702763625016,12.3134831986958,0.509378045777068,13.9614540931736,1.1719012846797,0.510830283110005,45.737061816164,0.610280770021484,0.524678060807119,29.1651788713553,3.7088298804701,0.500553171480736,16.4108742701497,0.500118863983014,12.8856222453986,10.7797207576531,6.03566417531822,6.05578228525708,15.5980064947536,1.75869266989585,0.512620968753514,12.6618081492561,93.8169539012032,0.500050556480649,1.0021488839038,0.500428739247913,0.500222173112651,1.00296516905066,89.801326351533,4.04432645801104,1.28636854907614,0.568536725059056,0.512132631763371,1.2933130589909,1.01382751894161,0.505512896438026,39.8260586376263,0.985568887914644,0.509812395090568,33.6190488538477,6.37789053420906,6.70462056191472,9.25101108941309,1.16010002585332,0.507541417986375,12.5403657736272
2.26399432425751,2.72196071900833,15.1304635865982,0.662221668061934,2.61385756880694,1.00031332356925,1.00910020004223,1.24311436910662,30.9782477854942,0.604130672357381,0.602637533440787,33.2158080274049,49.9828982108513,0.5158057567508,1.10418251470521,0.683480920320947,0.615204107769631,1.94399148609426,33.8109915661645,0.63017327647191,19.1504397744885,10.6695320882711,0.640407382255352,1.05800772222742,69.3947737324292,0.634171487141345,1.06585931260784,0.908706349283571,0.714285617929342,1.76993174228385,2.00610720783988,2.8562884822517,10.54307311891,1.58314686443369,13.3495690634662,2.09635650859312,4.89921169365773,2.54844752439134,21.8847797257694,1.03248816808352,0.525036043633141,6.63192364782173,1.00351573706263,0.505444570355278,24.4096850784884,24.5323938165447,0.514516159622126,25.4680651541738,85.8748580522101,0.596183425823145,1.32016162864162,0.554213708391021,0.53090543888064,1.31155422576871,2.25192359070114,5.88917716843429,13.4464698443177,4.96217641888624,0.606718855382088,14.1374170854324,5.26909657467459,4.65883914472235,18.6767837047132,2.54918840470187,0.514608085819511,9.02330525021051,1.04519578244496,0.522350330717753,38.2215708141813,0.616596799750544,6.21402901418191,25.3526124970384,61.1635197242412,0.662579085828452,2.13028805197365,0.773514999275647,0.683455854266582,2.81885579929768,2.19902293084731,6.31669044774929,41.1059940764994,0.975267337918231,0.519658210111138,41.5161756424329,1.19118543851526,4.63949346064828,34.5711597133122,0.521338785101634,3.26755582786143,1.98117493307696,1.03878286686205,3.69714294573039,52.086923342411,5.3812442478482,0.533240981320858,27.9815820712649,2.86261527769461,0.514766960638969,23.0567045227963,1.03967904161517,6.97047557725237,5.91867168644053,1.23733377286425,1.53086443966547,71.1616008278613,3.74719900659601,3.8640626959369,16.9267067494989,3.17840629047798,2.45148114406488,16.9027318539304,3.04971102991696,0.794082774762767,15.113306333822,1.88635655300994,2.5736717283277,32.8907668676912,11.3674656833167,0.541284936032695,33.5769571398438,1.01501677388117,7.17150277730203,47.4394070420391,1.42581418617542,0.510526431804048,26.1375632397704,1.13908555645889,0.578737846133946,45.8595370071627,25.2210765108222,4.45246737031271,19.1558659421986,3.49526879344596,0.501800838366264,9.35020953011928,0.505617464850229,12.7376834812758,5.33877846202502,1.04710504384302,2.7185982546525,32.2131994604851,3.77546418506818,1.04947501701805,19.5260772890752,1.07404193786872,0.511418118525029,36.7766304600519,0.902813455503236,7.25742642877844,16.8821553221245,1.67642130805027,0.67478770954705,22.6296142657184,0.522749017047081,15.7055581906237,5.61697608243106,6.28271287162295,12.1564929370003,19.6661883462684,4.56598274490169,0.500187291047028,18.2945664644453,3.40621001006921,7.10614935548204,32.6252379117596,3.80137545493211,0.550074680622052,20.7988049950158,1.24646481469108,5.99546873900274,60.4632290643601,5.4529803567623,6.18954015793252,24.4927478047533,88.6494843414958,4.68190379122075,2.41008431916411,0.77979367526779,0.669151700667464,2.34862098524325,4.73906482513021,3.48303767552363,14.400157258239,12.5774735675729,0.53855082880059,14.8819029228596,1.07757106313064,0.504489115205985,48.4267181301999,0.67395394591742,0.511270996242371,32.5046467592609,3.25098823416032,0.499898397679819,17.4134981350988,0.509197926023808,13.2807324378488,11.5893814656063,5.41311089567359,6.06699083444838,16.3805423711744,1.72986666388997,0.501548568348302,13.2637453995849,93.8201784535419,0.500058109253101,1.00249112293417,0.500494309605716,0.500255819198837,1.00344867011547,89.7867299387341,4.04365956919545,1.70289981558215,0.668227684432658,0.529769066262676,1.71991647057861,1.03740285100136,0.516952327701932,39.8901235068829,1.05137659655637,0.530729347402318,34.7833158666588,6.10959379832252,6.69572284152813,9.69015956180668,1.17510508181315,0.520348168637686,13.2828678925612
2.17538157568074,2.76500748389555,16.8189005966358,0.654630921061496,2.66931999674481,0.960464969395022,1.00854799346471,1.21552142335803,30.9995966345991,0.606324279895072,0.604542033984332,34.1769049102596,49.9784325179017,0.503044437088804,1.02006521019207,0.535339952411586,0.522189623492554,1.18182529406367,34.1687138945011,0.688747381120785,18.8136953003612,10.5035798154946,0.720632697117092,1.37522479026302,69.3950032472471,0.6102873911718,1.0198257027869,0.692936019007359,0.63440545545158,1.16189516088613,2.10627141400336,2.92895444204948,10.7418577250313,1.60384222882581,13.5172933011443,2.35954836772269,4.40317728260173,2.54010814605702,22.360869514754,1.03536547854491,0.51632657650476,6.96935496751689,1.00837383031508,0.500489038502582,24.2869136080508,24.4926417983006,0.503839703557391,25.5317574090531,85.8587783074105,0.592303151206684,2.05706674651653,0.678983818443595,0.602028230499996,2.02857757219212,2.01194489423996,5.87921183929583,14.1200354220496,4.89702495808114,0.690028438248956,15.1353078513264,4.55639710211425,4.67020872229273,20.2603094058847,2.56598678550088,0.50845390042363,10.0128524038501,1.10639424127148,0.563568513936935,38.2176620429433,0.631504873460791,6.11481155009016,26.0474499000551,61.1635193003967,0.581319280470506,1.56534988574339,0.636807464258031,0.591761477377958,1.90976605321361,2.59021471169623,6.31264431170118,40.7330428889196,1.03109456224707,0.535687852775362,41.698292042595,1.0383162996056,4.63586225668864,38.0046613780991,0.537036093591078,3.36830807901908,2.12276921407741,1.00683924121707,3.66331031232858,51.8703422507789,6.26038779393488,0.508717340450222,30.0885561910772,2.43068302913562,0.503645958355445,24.6980576380135,1.15679732843499,6.98704330010296,7.1057635796164,1.61907365562781,1.50544884704655,71.0402781396738,3.84366351158177,3.84012180021271,17.0340582633473,2.9641459549414,2.43439921452042,17.2813219431573,3.01077525364473,0.931350427219185,15.6018980973671,1.84597635539123,2.52755916862917,32.9884355718926,11.8787598678312,0.567918250603694,33.5701520741896,1.05083980056314,7.13557428771549,48.2024241527413,1.60090270862697,0.549146972009794,27.9794604504673,1.27214897360569,0.555632341361572,45.8296725049617,25.3001033151924,4.39635800807585,19.4747298548694,3.07123090951923,0.501115592740938,10.1481104076422,0.503838638928945,13.2099532565252,5.9466040144053,1.01617297424437,2.69702435803955,32.3220036718027,4.36485993299544,1.01710031172686,21.3623163727223,1.06018926154083,0.509896542625624,38.0040716152734,0.991972391528185,7.09292738474357,18.3164518373562,1.40414311962732,0.697188114182045,24.3660640247955,0.538495293931906,15.8044588765801,6.64427515245309,5.94663606227056,12.1209448142523,20.3882084001745,4.61192831548324,0.509129795835013,19.1263524193323,3.04051367691475,7.12053184816917,34.4090259158508,3.90373611761072,0.526796215574451,22.5859756752346,1.22436938114394,5.83177143011912,60.37119218495,6.11732898945724,5.99519648592832,24.8722044402503,88.6493993638998,4.69287082639113,1.22318954425743,0.544289697070085,0.526778009112967,1.21345835333058,4.51909200837619,3.46264649395648,15.1307141747357,12.8785531822849,0.592720695301893,15.8749871185623,1.00802192155585,0.500648095651504,50.948563803975,0.759294796435657,0.502011185080466,35.9586742215653,2.85061207927101,0.50353029192731,18.5107189200545,0.532956451866872,13.6241159896828,12.5620229728308,4.85713951829661,6.07418961104801,17.2413707369666,1.71220221740149,0.513618996921978,13.9967310192973,93.8231385193684,0.500182768270279,1.00783076624797,0.501554424927752,0.500804542423416,1.01083864401562,89.7745406341346,4.04303460406048,1.34262827933202,0.58200362462841,0.514507827314878,1.35091376348415,1.05412673702402,0.528428070836679,39.9410862166994,1.12457755590947,0.552449917888654,35.9392428203662,5.88817943402102,6.6844113052832,10.1714426029492,1.19480531868026,0.539069019600653,14.1013226577018
2.0501427470795,2.80787795814499,18.6655385118347,0.650433058445111,2.72345900649812,0.915990049452275,1.00227845189464,1.18881755852285,31.0174930840534,0.607919379561894,0.606469639282911,35.1262883734055,49.9743830454795,0.506225148360009,1.04101581558357,0.572250917107344,0.545369133220947,1.37174994994019,34.5232022089194,0.609552287734389,18.4798631472919,10.338956674378,0.613058670329401,0.951589194536591,69.3952047326716,0.654457050608435,1.10496300123142,1.09196935066319,0.782132313877458,2.28636235940479,2.03056664888191,3.0007242715744,10.9447444445854,1.62673070846398,13.6495764391629,2.65521756350712,3.97488565193079,2.52972279958692,22.8343803986546,1.04341751060931,0.507545865075847,7.37561075710302,1.01540196439573,0.505830008636105,24.165431529041,24.4525501206678,0.5458233439491,25.5916176914249,85.8443029683524,0.588487228616801,2.06479901668914,0.680285287619085,0.60276694564876,2.03605114087151,1.79130876166734,5.85983905392099,14.8026159071774,4.7957029132087,0.810125656198619,16.2444077452153,3.93103997348698,4.67897139171678,21.9291740789848,2.60634429202191,0.501849024828037,11.18623722705,1.03064870939161,0.519705002870436,38.2133943628196,0.647615632859789,6.0152070470372,26.7403997950405,61.1635216902812,0.500059475224141,1.00041201626023,0.500099935380608,0.500067094518583,1.00067381409154,3.0650980972024,6.30934922759799,40.2689882075114,1.08668447882287,0.514689251807712,41.6037867190531,1.08059357575999,4.63027213181879,41.4888305845019,0.557792759039057,3.46625686156135,2.27515216516614,1.01601950806475,3.62373060324866,51.6038500426912,7.31140019293567,0.55692497635226,32.1433515254054,2.06858978420969,0.515118511974705,26.2415698891144,1.29715009220225,6.9784484964886,8.5509059732155,1.15969538125596,1.48013623697907,70.9155544773022,3.9414847992494,3.81638253541365,17.1341982124128,2.76857279266309,2.41505252618543,17.6782221409674,2.97969875090037,1.09916284728735,16.1583227792035,1.80862369897129,2.48022233848331,33.0568064269819,12.4136136421322,0.523973249529297,33.5453168277984,1.0242960878022,7.09862103148397,48.842881149701,1.8018971000484,0.531134270060727,29.7433315875967,1.12349236447692,0.533294238789816,45.8005874851368,25.3764687510318,4.34127613418083,19.7808931043517,2.70284285767086,0.500377455428719,10.9987931201426,0.501419342661255,13.6442898679536,6.67752341684074,1.00066953425253,2.67190756700486,32.3655838334597,5.0594250107056,0.979019318336733,23.174887871104,1.01122029179054,0.501967954727014,39.0658267273843,1.09569968865148,6.91909114484638,19.7073866175732,1.17321920981015,0.720320029915786,26.0442484475321,0.558900189195968,15.8440566010486,7.87772133852292,5.64768074670348,12.0620724833436,21.1586760984418,4.67787071387176,0.53459770532226,20.048220722717,2.7366596680701,7.12945644605687,36.1655281392088,4.04497410594531,0.502258416953403,24.5313481091245,1.20298488301699,5.66401967908619,60.1977732152242,6.84625419534422,5.80692698119362,25.1766068605021,88.6493236227665,4.70368581600671,2.9910107940251,0.895108126637155,0.738973497486414,2.90423897799848,4.33095834099929,3.43214934484018,15.886977518608,13.2155372341992,0.678373592443187,16.9372751205321,1.02104250723021,0.501059847614376,53.2153154390268,0.813347149766628,0.502929322615939,39.4391765696828,2.50190857413428,0.514843996628854,19.6943369167838,0.573116310535576,13.9063866721565,13.7098018988057,4.36382253565611,6.0761355040879,18.1676360072451,1.70519209304894,0.505608687394605,14.8602216746563,93.8258956934046,0.500072867783324,1.00309865786869,0.500618086683664,0.500320284902419,1.00427629465829,89.7643538534717,4.04244890246246,2.29496194080161,0.809940766129083,0.55481591070658,2.32622322041139,1.06402421545274,0.539945687516389,39.9797075852573,1.20601716392692,0.57496486150589,37.0831121751578,5.71264028936302,6.6707235573753,10.6926437749185,1.21948777257974,0.563494544847636,14.9922822524257
2.09802582415429,2.85043929659203,20.6803810575918,0.651115110774224,2.77631315987498,0.928111937036577,1.00017584517152,1.16296873922893,31.0322592307951,0.608935367799938,0.608417920117307,36.0619850575553,49.970709276437,0.509405860560133,1.06195649524181,0.609153937318479,0.568546088637033,1.5616447753007,34.8743476824971,0.667539401439693,18.1490423295565,10.1757105282376,0.693681607917213,1.27268097875936,69.3953796790768,0.630572954939826,1.05892729747558,0.876198204158819,0.702251491848746,1.67832268591493,2.11919615029617,3.07115863520797,11.1517270939902,1.65188060731772,13.7483222796384,2.98659170353955,3.60825547891378,2.51735445779267,23.2975005044789,1.05644411421751,0.523673775059508,7.85095034639838,1.02457526411141,0.511084353978007,24.0446808896545,24.4119863215508,0.587282639696329,25.6472206216869,85.8312833422656,0.584734207274654,2.07255343282079,0.681590457014062,0.603507690652383,2.04355353689065,1.58325830730898,5.82964726565806,15.4903116912204,4.64220268569219,0.975742223172703,17.4775540552425,3.39103086841354,4.68501207403405,23.6483567857435,2.67161890420642,0.512326079751409,12.5581310497796,1.07427591160866,0.561184956840188,38.2087495771171,0.664994122589144,5.91535965359038,27.430181763143,61.1635250410723,0.770910287352421,2.88343025159661,0.95576629940267,0.805698066533433,4.03083906666002,3.63153082152599,6.30694581317958,39.7023091657198,1.14022534018608,0.50710817450436,41.2167900412661,1.12652488014376,4.62271880023153,44.9746066924521,0.58417260621229,3.56095965018132,2.43905546802447,0.998679102561598,3.57739106944646,51.2799555899474,8.56900682721451,0.530749842140139,34.1052999898673,1.77396725317724,0.503810919410578,27.6564424681919,1.46569323121277,6.94015990991272,10.2938926598877,1.53710779988834,1.45493402012747,70.7875776675473,4.04053169482721,3.79290707340138,17.2270692277567,2.59057171118513,2.39320452536279,18.0897998786798,2.95618915867925,1.29929433241779,16.7853337589491,1.7744588858541,2.43167300255127,33.0943556600179,12.9713401756038,0.55074705109357,33.5018951691005,1.00643056688387,7.06048349241335,49.3716528315856,2.03117464040898,0.511805419508793,31.4072836853815,1.24318808158904,0.53707965604373,45.7539389373122,25.4456576038703,4.28678316080374,20.0634140689834,2.38436976071428,0.500060342568685,11.8935800115612,0.500273406208806,14.0315532677654,7.55018168510927,1.00103586538361,2.64274279709079,32.3499564832271,5.87663238175918,0.935945264392496,24.9265531295527,1.08799384686503,0.517073808067454,39.9728427243672,1.21601770598927,6.73875815372905,21.0316039015315,1.02167643897338,0.743898561996032,27.6269615449868,0.584377881438882,15.816997664886,9.34578533203464,5.38213978932093,11.9731756411657,21.9679819074866,4.76392933230095,0.582618361861258,21.0558829385227,2.49077825594062,7.13281724222395,37.8584300695928,4.22786252688495,0.546588251019662,26.6137366525129,1.18238275739826,5.49252330013266,59.9446367573066,7.63919046556081,5.62512226680308,25.4025876053363,88.6492570673597,4.7143500694095,1.80412425566216,0.659580486041854,0.59652841014786,1.76907964948373,4.17066201155784,3.38973586574552,16.6609671907527,13.5870997534332,0.802937274467594,18.0653979625046,1.01953724414288,0.503869691721901,55.2629276897008,0.906761822451479,0.511341737072997,42.8834533772025,2.19950849046637,0.53420443857979,20.9543104752994,0.631552784321471,14.118939558473,15.0454692389886,3.92895553822714,6.07127076460183,19.1451837645349,1.70850566729619,0.499943187098896,15.8541667672654,93.8284623541597,0.500036099321967,1.00153078406378,0.500305903953756,0.500158586847415,1.00211019134174,89.7558517259547,4.04190002500823,1.15817985076703,0.53786012607791,0.506695528324246,1.16199613432233,1.06717250936973,0.551511884616696,40.0065979143409,1.29664246258768,0.598259837283232,38.2111779512869,5.58240394739355,6.6546670658678,11.2508351635226,1.24949075910861,0.59341948370263,15.9506381029254
2.07054551582091,2.89251809653732,22.8592180685746,0.660267612702317,2.8272013594601,0.918381346254503,1.00737410450984,1.13794486055762,31.0433694131819,0.601267574870162,0.601282462065253,36.9805175135017,49.9673761395345,0.520618417879064,1.135775078885,0.739243241092224,0.650248640165644,2.23105938289893,35.2220398016023,0.724385676463727,17.8213334276977,10.0138899835268,0.775076472054319,1.60129743336573,69.3955343333877,0.6066888593941,1.01289082903872,0.660426770766196,0.622370428866395,1.07028225865202,2.04928157742788,3.13982428659239,11.3627822174985,1.6793886903731,13.8153763250165,3.35701230831199,3.29763626860913,2.50310235826032,23.7436269242847,1.07432538081162,0.512669013321022,8.39603049667514,1.03587226922845,0.503438447440169,23.9241214363371,24.3705653306467,0.527111575749417,25.6980587380534,85.8195726560629,0.58104254371636,2.08032431071918,0.682897639536544,0.604249556765621,2.05107716298474,1.38059593106978,5.78718007148694,16.1809945930605,4.41701154394574,1.19621307946984,18.852606159266,2.93296778106331,4.68824585701458,25.3782895496724,2.76376612669778,0.504896854832199,14.1403783602675,1.01869964277593,0.517025590061124,38.2037081591013,0.683709879223498,5.81541316805886,28.1155221174983,61.163530190041,0.689650482178901,2.31849256636816,0.819058757339139,0.714003667267883,3.12174372706884,4.2929856807584,6.30541108009164,39.0233729993406,1.18953182026456,0.550222193186213,40.5310583997742,1.17608824888535,4.61323358736721,48.4126783802304,0.616835322891999,3.65198208614774,2.61522882165155,1.01710855601884,3.52376408574008,50.8866197990562,10.0740257958324,0.506495811259255,35.9351484801303,1.54267489906339,0.515689394246182,28.9202119747915,1.66864011132048,6.86775212674771,12.3716018007984,1.08416860268254,1.42985023888854,70.6565004580471,4.14066289275646,3.76975379915381,17.3126375195718,2.42899463339119,2.36858183414188,18.5125007346616,2.94002834174199,1.53345590744565,17.4864920623103,1.74364254109282,2.38193593505295,33.0997225870908,13.5509176506666,0.506234597073867,33.4394269059705,1.01313526543729,7.02097015139516,49.7991579246573,2.29076406237469,0.55454694050548,32.9537163768811,1.08154118674532,0.515078060756237,45.6634600840829,25.4946712288003,4.23224409245035,20.2968153737128,2.11042417976521,0.501870247911123,12.8221891035535,0.508566563806938,14.3625059421039,8.58554693552951,1.02396404861396,2.60899109004484,32.2758834777853,6.83513197104264,0.888717429697737,26.5771700909282,1.04226654659666,0.508846877066133,40.738217164819,1.355194238263,6.55469775822626,22.2691912698536,1.01208787145669,0.767565531241822,29.0724047986955,0.615345096501856,15.7151700330327,11.069011561242,5.14577373146103,11.8461193879094,22.8064735256083,4.87028854291852,0.66054499000226,22.1457907161338,2.2990699457082,7.1305315435276,39.4542061584704,4.4556390552554,0.520812681529401,28.8044613511565,1.16262098026669,5.31764412462531,59.6137408055257,8.49349265928285,5.45014842097034,25.5477214947181,88.6491997336774,4.72486491326472,3.5719578835,1.01044583836453,0.808868619107121,3.45988883575645,4.03400942040231,3.33324817916649,17.4444028046626,13.9917301652034,0.974780752125261,19.2565791060491,1.04787527944477,0.501091309213429,57.062627585363,1.02304452110036,0.503339470088214,46.2161603491774,1.93850935530388,0.561804344973552,22.2785951303628,0.710277710025883,14.2543175167336,16.5813085308542,3.54756201681426,6.05781632971708,20.1587735559747,1.72194053224793,0.51773721534572,16.9785440991416,93.8308332368387,0.500079063903437,1.00336381565341,0.500670790694731,0.500347571951923,1.00464302911699,89.7487526759384,4.04138563672551,1.33390959662147,0.579921021522305,0.514131142576457,1.34195950328776,1.06369267637852,0.563134642574946,40.0222221204201,1.397512388993,0.622315605702393,39.319685472602,5.49741182366558,6.63622314474356,11.8421623030823,1.28519929777855,0.628654710203582,16.9691079114612
2.01286838297926,2.93390284082175,25.2025647456145,0.679585626882431,2.87570522247412,0.903059594194407,1.02383681356823,1.11371192365824,31.0505716024871,0.600690719032963,0.60079792091263,37.878006554596,49.9643545465343,0.50785709859176,1.05173610370349,0.591165460558784,0.557254489750611,1.46910730705474,35.5661843207679,0.646888490518852,17.4968232684132,9.85353719060899,0.666351659740423,1.16644497906877,69.395669228203,0.650858522621467,1.0980318124222,1.05946199151755,0.770098551996314,2.19475281995512,2.12313766943125,3.2062984129319,11.5778678731223,1.70938064954009,13.8524652940017,3.76987470791571,3.03794228006781,2.48709450551257,24.1673336114518,1.09701381541243,0.501264133748602,9.01160366312881,1.04927734431709,0.508670174469497,23.8032298038524,24.3278759675276,0.568487808836182,25.7436633834726,85.8090362090021,0.577410724039377,2.08810242361539,0.684206051833258,0.604992288756708,2.05861005286297,1.17549447464157,5.73101216507705,16.8748261660088,4.09614730707937,1.48105731296011,20.39422481375,2.55219632841615,4.68861290349932,27.0776060229471,2.8853821513081,0.518458426053032,15.9398498119861,1.04502790184802,0.558771952539956,38.1982492878926,0.703836318774286,5.71551321578766,28.7951327148107,61.1635370098402,0.608390677071382,1.7535550163809,0.682351200970948,0.622309253072117,2.21264618022591,5.0466340558627,6.30453783919016,38.2262805217031,1.23219341541113,0.516804699002421,39.5474022163148,1.12933585513859,4.6018793876675,51.7561684434362,0.656548721128296,3.73890022332016,2.80443298106915,1.07593597502924,3.46026197633078,50.3964647995667,11.8691656402897,0.504983037256723,37.5580377642453,1.369960308036,0.504041592624217,30.0192983891164,1.91381850848211,6.7572221158835,14.8128176426941,1.4574259122363,1.40489367408792,70.5224841960137,4.2417282384534,3.74697742865799,17.3908930206942,2.28269639808626,2.34086136256076,18.9428638398137,2.93107476159652,1.80329196581947,18.266189213813,1.71633534743944,2.33104976831238,33.0717323389798,14.1509629103968,0.533142881344785,33.3575575106357,1.00172706824326,6.97986872648607,50.1351064110546,2.58210891331651,0.534253636789269,34.3697658429898,1.00245677681702,0.500407807198758,45.6513069166236,25.5568360686507,4.18100358884814,20.5583473102207,1.87596311011672,0.50622099566451,13.7728927275499,0.529968384220493,14.6277859356422,9.80639407610724,1.0784075663061,2.57009744826712,32.1365760127906,7.95327628465909,0.838248515745728,28.0808667018436,1.00103391750799,0.500232930084441,41.3758262954224,1.51575799488058,6.3694916002532,23.4046939728113,1.01128698507923,0.790884810719038,30.3463826848023,0.652285215595634,15.5320004079951,13.0581247616263,4.93371377874914,11.6709955181686,23.6647239906838,4.99722090736042,0.777155433769484,23.3157359783607,2.15818787220661,7.12252766666441,40.9235048227785,4.73185902623086,0.569603961307732,31.0673702448949,1.14370519735864,5.13981321348694,59.2075791060718,9.40412662389716,5.28235174555006,25.6106801137419,88.6491509451265,4.73523167808912,2.38507299893171,0.774895367835932,0.66635406085286,2.32472467332702,3.91654053293376,3.26007102288924,18.2289923485043,14.4277200145839,1.20320393953037,20.5091776219826,1.10936528033076,0.511679830794701,58.6024124063101,1.16684458804421,0.537399754161879,49.3602476902177,1.71446895837115,0.597641184075857,23.6531764892168,0.811508698594218,14.3064456736931,18.327838854947,3.21420527167155,6.0337241485099,21.1925748294274,1.7454255959096,0.577144562188629,18.235962210187,93.8330099522356,0.500084141093695,1.00360510550103,0.500715674356056,0.500370431069907,1.00498953269642,89.7428208545848,4.04090354383939,1.50962263126481,0.621977618411805,0.521563665104125,1.52190134173654,1.00085658385603,0.500975786286409,40.0269061141617,1.50980853000327,0.501903435668825,40.4048912133772,5.45814611763603,6.61533930559286,12.4616208492429,1.32703622995926,0.669037808382634,18.03777062009
2.23161349977441,2.97436237929287,27.7077220172669,0.710640060764108,2.92135670878805,0.949367761372146,1.04981871786778,1.09024536379291,31.052431905988,0.601528396824968,0.602086042838665,38.7486915656827,49.9616119502557,0.519069660725352,1.12553602007832,0.721240267070476,0.638952263529853,2.13847575548408,35.9066802959509,0.703172684840319,17.1756044020219,9.69469700197581,0.748125148529423,1.49875828571763,69.3957866406748,0.626974426826253,1.05199391733871,0.843689939922141,0.690217028356225,1.58671088414562,2.06017088151325,3.27017349582285,11.7969201737663,1.74201511732103,13.8611510157977,4.22855681664566,2.82477670484615,2.4694797387834,24.5643001193011,1.12452594656947,0.545512588708661,9.6981605043365,1.0647819951723,0.515803496725497,23.6815293205774,24.283502763207,0.625071101976239,25.7836348811378,85.7995530611847,0.573837304754747,2.09588240542313,0.685515860265091,0.605735980299379,2.06614547624598,1.00186984602969,5.66538577210346,17.573123107117,3.68065982606199,1.81976451148317,22.1331595745042,2.24317158097236,4.68607036498612,28.7063357759623,3.03975773630187,0.509609043925856,17.9561210160921,1.00936239051282,0.514310656479848,38.1923508283222,0.7254514730372,5.61580399964748,29.4677413509162,61.1635453720815,0.527130872029999,1.18861758406313,0.54564362421822,0.530614820301692,1.3035462872091,5.87961110346677,6.3038084690531,37.3113380271569,1.26564704041315,0.501908494679275,38.274976984181,1.07883190739412,4.58874455542041,54.9629355188892,0.704201072120171,3.82130238351304,3.00743084336477,1.18111354902158,3.38617578995351,49.7803022200661,14.0001386192647,0.533947404425066,38.9115648164304,1.25169008512253,0.516554574140036,30.9481245886419,2.21109622766815,6.60539125146892,17.6314544570342,1.01064647482651,1.38007381361718,70.3856957061387,4.34356799259484,3.72462891624876,17.4618489917579,2.15055967398742,2.30965538685308,19.3775395728499,2.92926767531388,2.11037552583757,19.1296793782055,1.69269851076628,2.27906803871427,33.0094289605244,14.7696972744133,0.560426899656368,33.256053872289,1.00267880953103,6.93696070947983,50.3879317590304,2.90579029393615,0.512862831605659,35.6469186966362,1.13892208601367,0.501172280875966,45.6180155904175,25.6128789866691,4.1302791611428,20.7964206808859,1.67629341019532,0.513558029781771,14.7329425380984,0.568870900622315,14.8182762313911,11.2365585979419,1.16822159349514,2.52551663737858,31.9248062960923,9.24778025767534,0.785530863472418,29.3934978546478,1.06490628047188,0.516483837187872,41.8994207687714,1.70050991510892,6.18544428079673,24.4274882283436,1.01105540127175,0.813356190260598,31.4507798072468,0.696056903710508,15.2659202338649,15.3276944959691,4.74035130548097,11.4356924445654,24.5339078948251,5.1451415687521,0.942727700535395,24.5657897512276,2.06561049641113,7.10873512570404,42.2419486883524,5.06016568488536,0.542382313395045,33.3594225843351,1.12561954835232,4.95954505315232,58.7294105369895,10.3634753182267,5.12206293463722,25.5913706109859,88.6491111558466,4.74545172392063,1.19818550394534,0.539333800143869,0.523805457676902,1.18955408176856,3.81335406185314,3.16698047174797,19.0068026326566,14.893200324166,1.49840283161697,21.8235253236134,1.20940473772552,0.501591780281843,59.8737213667869,1.34364196691682,0.505248678240416,52.2425498144402,1.52339594635819,0.641491517576999,25.0622745625187,0.937748329755457,14.2708675667112,20.2923120376599,2.92303862487941,5.99661809124871,22.2308086736261,1.77902208810499,0.69012045057631,19.6306510999007,93.8350034476748,0.500106052391339,1.00450177063707,0.500899058695138,0.500466024552324,1.00620803880755,89.7378634575766,4.04045170419806,1.68532097643385,0.664030730041664,0.528993874369043,1.70182431737308,1.00736095567072,0.512532876485712,40.0208411399108,1.6348461453097,0.524800511233705,41.4630783862005,5.46561833368339,6.59192936936706,13.1028387281219,1.37544861450863,0.714437908181177,19.1436884830241
2.17404806981153,3.01364358994427,30.3681146985531,0.755690719239854,2.96362271641025,0.93406782244472,1.08575286929175,1.06752490642422,31.0478045882903,0.600348282167636,0.600552956871859,39.5872313957618,49.9591261533596,0.506308340710178,1.04152609699558,0.573185812236643,0.545965637033039,1.37660397042968,36.2434434085699,0.626780526658143,16.8577554731208,9.53740777929542,0.638653757503966,1.05662191998971,69.3958903757529,0.603090330790057,1.00595550329677,0.627917646685241,0.610335333313141,0.978668718847514,2.00598186713006,3.33105917935019,12.019853302344,1.77748197664008,13.842830118602,4.73632878346885,2.65455005732738,2.45042602434364,24.9312016784116,1.15693572695181,0.534273336495161,10.4567287225815,1.08238295232885,0.522881207873465,23.5585796651306,24.2370321478148,0.681427117836398,25.8176256860673,85.791014904649,0.570320905806548,2.10366518210318,0.686827399290448,0.606480710136781,2.07368484167343,1.1547065509655,5.8240473308563,18.2128746641795,4.5634783940524,1.3404437468471,23.9367852599736,1.99997858093821,4.68058153105601,30.228877726443,3.23093354424775,0.527713274104643,20.1791920247319,1.01876677147614,0.556327515197707,38.1859891187203,0.748637588082893,5.51642957124535,30.1320789750188,61.163554208393,0.797981684682384,3.0716382532185,1.00131044512984,0.836246059395805,4.33372539259608,6.76805261279067,6.30178386277464,36.2872780515212,1.28745648848564,0.506031002952989,36.741868941589,1.02437617989434,4.57393527240461,57.9973770183547,0.760812055763254,3.89879088474925,3.22497729049115,1.34354788663642,3.30014094494796,49.0089679314004,16.5101063791522,0.534616173531371,39.9247945913363,1.18561600661262,0.5043605322955,31.7071238166239,2.57285010269646,6.41037964537226,20.818526327226,1.37990815790348,1.35540043730308,70.246311270771,4.44601559391111,3.70275600737779,17.5255406142256,2.03151784637251,2.27449342005373,19.81330827481,2.93463377647851,2.45620151342145,20.0831157515996,1.67289504078562,2.22605944862928,32.9121010941223,15.404933513711,0.515140273771134,33.1348135638393,1.02086814920927,6.89293150780596,50.5611595149835,3.26127226882652,0.5005806821541,36.7816896155961,1.01178895245299,0.502054601243369,45.5883937781632,25.6639661695113,4.0807993697192,21.0192094470835,1.5070677497765,0.524373877703394,15.6891972696439,0.630491489632521,14.9253640729931,12.8996983463127,1.29974720235955,2.47474639717665,31.6328394498228,10.7314194388447,0.731574145675684,30.4748789528604,1.02740721353006,0.507548142886532,42.3220472316855,1.9125294668498,6.0045260914442,25.3316395497878,1.03013448606437,0.834425812941361,32.3946159377286,0.747746503618617,14.9166483218242,17.8836914611529,4.5592539851462,11.1252639395084,25.4062384699424,5.31470395436857,1.16910219628182,25.8992576644418,2.01999628604136,7.08907934345254,43.3903297109685,5.4439547801141,0.513292581293043,35.6317759049599,1.10837522745508,4.77744668870855,58.1834683552882,11.3613146867604,4.96960015808618,25.4910532338923,88.6490789971319,4.755526405782,2.96603904142272,0.890234699160689,0.736251567346807,2.88039139157362,3.71888159882558,3.04993590870371,19.770699411885,15.3862503191967,1.8714124436884,23.2029546612737,1.35603847465037,0.50443761926118,60.8689951550043,1.55973843691717,0.515075752173891,54.7957409566478,1.36175051655188,0.692889084374388,26.4886724275233,1.09187938166747,14.1449854044341,22.47699118166,2.66798629690508,5.94370765575724,23.258483168918,1.82294366611247,0.870081576593468,21.1688067407048,93.8368761145154,0.500014332579969,1.00060804752246,0.500121481213765,0.500062975762329,1.00083830617719,89.7337200607014,4.04002821258054,1.86100567450008,0.706081373158981,0.536422434250969,1.88172952037102,1.00738847287245,0.524153158727141,40.0040868968766,1.77408517134006,0.548440469518492,42.4905691171417,5.52137297715368,6.56588124137827,13.7578709548472,1.43088736174409,0.76475460818558,20.2705657523513
2.10428096926422,3.05146851210673,33.1727209272169,0.817905350126629,3.00187696993227,0.9188063000463,1.13225147944645,1.04553097016825,31.0357237499797,0.600992051370142,0.601903882295068,40.3881996867278,49.9568704935883,0.517520903231517,1.1153095836006,0.703247584435241,0.627659145593025,2.04593534419708,36.5763876028476,0.682510614065873,16.5433564242129,9.38170849407374,0.720799864848995,1.39257887004865,69.3959804658144,0.647259996145731,1.09109866586097,1.02695428248411,0.758064202321711,2.10314436356414,2.05912272165335,3.38858684479581,12.2452661164548,1.8156964094886,13.7979953655272,5.29409531940501,2.52449551956534,2.43008135850968,25.2655784571218,1.19436540689117,0.504424438556461,11.2846357681028,1.10208149776526,0.502593507442642,23.4339727712358,24.1880531934493,0.520579585991407,25.8453351870598,85.7833254318761,0.566860197326134,2.11145519180324,0.688140690184112,0.607226435402971,2.08123387908151,1.16137752703327,5.85518849976981,18.7567209159414,4.89386954997302,1.24099531958546,25.6852182746818,1.81695687536318,4.67210279979364,31.6161674813494,3.4637418536459,0.516801814809071,22.5875240450158,1.00261031193393,0.511559033472777,38.1791389776602,0.773481572681756,5.41753167036681,30.7868996209593,61.1635630866104,0.716721879625885,2.50670067774386,0.864602826902973,0.744551599738064,3.4246234214225,7.67263115868506,6.29583390844815,35.1733742971731,1.29531125994091,0.501601443790453,34.9927813718333,1.3924232951799,4.55756597146981,60.8316856273414,0.827546044886776,3.97098335858057,3.45780392364393,1.58041310187489,3.20089923301111,48.0519891541512,19.4335309496979,0.535190992089089,40.525315605009,1.17277211885275,0.517790028301828,32.3001124591112,3.01440413187164,6.17210131903889,24.3338109094689,1.74250923706809,1.33088409308384,70.1045131125963,4.54889491043968,3.68140264542094,17.5820266482693,1.92457799353947,2.23480045711599,20.2470977311057,2.9472958573071,2.84217809297438,21.1335836666198,1.6570897709845,2.17210874061693,32.7793080497137,16.0540498653682,0.54252095308359,32.9938785051558,1.05578854251415,6.84575891283168,50.6540184038295,3.64595194301679,0.508044064278408,37.7563220853275,1.00200266312182,0.500360952334304,45.589218721746,25.7205090572015,4.03300990745349,21.2497367493391,1.36428778783422,0.53918511500066,16.6287427257663,0.720925764423377,14.9412300744777,14.8174885042403,1.48238842437666,2.41737469059282,31.2520597834059,12.4099713969333,0.677352668064624,31.2890821974925,1.08067066905445,0.524905040924595,42.6556193698257,2.15517619457526,5.8283406250566,26.1154424352567,1.00775935534659,0.853501994822109,33.190997557628,0.80869995735098,14.48560760124,20.7194950383125,4.38293450274262,10.7209925115339,26.2754790811724,5.50695474754426,1.46972635361115,27.3239626743914,2.02151263102307,7.06348334084374,44.3541908133145,5.88589417684421,0.567070976460129,37.8313100847651,1.09199348492011,4.594219902901,57.5750868868266,12.3849986094041,4.82526971822818,25.312398451188,88.6490536777549,4.76545709968066,1.77914394486043,0.654651165541927,0.593636234084576,1.74520681103315,3.6265881882997,2.90378154568363,20.5148426813629,15.9050978644364,2.33402997946544,24.6549826327803,1.56054491071824,0.500910040925851,61.5790289306626,1.82209187715173,0.503158635675446,56.9583726587582,1.22645919525255,0.751100549694836,27.9141584042723,1.27725152445798,13.9282981746808,24.8773201693643,2.44273431202527,5.87171129640683,24.262111002922,1.87758730367911,1.13155030293531,22.8593044595689,93.8386169661948,0.500055784868667,1.00236866243362,0.500472975836794,0.500245159233419,1.0032667305833,89.7302561923988,4.03963128758354,2.03667932157941,0.748130506749209,0.543849803508766,2.06161998876984,0.996315799730487,0.577044854564502,39.9765711525752,1.9291405858329,0.657002594764943,43.4837274335485,5.6274400868957,6.53706578989046,14.4170267103722,1.49377813643351,0.819909412590601,21.3985345561024
2.02138391566136,3.08752933926774,36.1053987058395,0.901689502293171,3.03536149638119,0.903565743968064,1.19012462432789,1.02424753424426,31.0151488296863,0.600143927623725,0.600333447567627,41.1460360512236,49.9548263808588,0.504759582444016,1.03132348374085,0.555212198222073,0.534678690539016,1.28412671091879,36.9054351159467,0.607200592210651,16.2324802075183,9.22763486257478,0.610599322715652,0.943321193586254,69.3960594218095,0.623375899566249,1.04505927698918,0.811181490960466,0.678182185434338,1.49510085561861,2.00549773906452,3.44241634607308,12.4747062944401,1.85729623774708,13.7289818654361,5.90702733417088,2.43279968265229,2.40865964507727,25.5656641810631,1.2369811521198,0.500030251028603,12.1789040702717,1.12388172066973,0.509678336410141,23.3073244635615,24.1361597135303,0.576946559884885,25.8664964361436,85.7763996496261,0.563453891576027,2.11925584273626,0.689455499153667,0.607973048952579,2.08879677507311,1.1934171551202,5.87771267208321,19.2327302453758,5.25635006404862,1.13843635475237,27.434206570094,1.68934392780469,4.66057024115609,32.8467542771135,3.74381242338398,0.503080326266724,25.1467025642001,0.99601447726378,0.553849897533644,38.1717478442116,0.800074383375469,5.31924942968443,31.4309434109914,61.1635720333861,0.635462074562249,1.9417630048036,0.727895178793916,0.652857121139403,2.51552019841145,8.54538510136728,6.2819417897266,34.0003057235232,1.2875952980309,0.626668630908512,33.0997062417143,1.34639663942696,4.53974965579329,63.4463572146456,0.905724209141837,4.03751414228263,3.70660181083996,1.91722534990611,3.08748901159447,46.8770908559764,22.7859936922783,0.535654926043066,40.6410759974207,1.21925982136354,0.504194590983885,32.7313896624935,3.55423641476468,5.89242407320438,28.0984818215106,1.30440878959059,1.3065352979442,69.9604993047655,4.65202603418328,3.66061000094099,17.6313877234417,1.82883815946337,2.18987120009281,20.6759972264932,2.96748382260196,3.26961616098476,22.2891272042633,1.64545109333897,2.11731648954424,32.6109006285458,16.7139922062145,0.570184110109113,32.8334427597972,1.10765977940963,6.79633695699786,50.6666667290648,4.05582030051657,0.504933290203032,38.5717716672203,1.00363339562082,0.500680107686686,45.5868289560797,25.7754985987248,3.98621343151743,21.4691039131883,1.24430107118144,0.55850437927952,17.5394860650748,0.847220043049989,14.859258648649,17.007213926956,1.72913982408227,2.35313909653869,30.7732937560682,14.278455619665,0.623765382799746,31.8053527930127,1.04683348263832,0.515643643520376,42.910663739287,2.43208407799851,5.65811741559743,26.7807368297334,1.01343863205351,0.869975707519466,33.8551486637267,0.880567260205842,13.9764413613581,23.8130129554399,4.20245569277858,10.1989977415699,27.1375429079243,5.72358756867259,1.85967405077349,28.853977292759,2.07214699188007,7.0318786558886,45.1229878566763,6.38728328764587,0.536296583247452,39.9023577476117,1.07645227647602,4.41065506712769,56.9107613473022,13.4198745169296,4.6893648223149,25.0594880293143,88.6490341410079,4.77524519247531,3.5470009725075,1.00559857594431,0.806217067206394,3.43604784075669,3.52848399571916,2.72181928271244,21.235255866724,16.4484425248288,2.89871468699619,26.1927891062987,1.83806148260731,0.504192934111152,61.9905153660059,2.13793189256722,0.514807679468215,58.6734487596177,1.11495244453049,0.815106149915371,29.3200245131715,1.4977572362637,13.6225977504071,27.4801653244239,2.24064305467745,5.77673991573927,25.2303922906224,1.94358242798567,1.48965770000413,24.7148482816711,93.8402231180478,0.500016774692444,1.00071794430672,0.500142632446546,0.500073838557654,1.00099323511757,89.7273593813848,4.03925926028412,2.21234637635064,0.790178774704724,0.551276295145698,2.24150140013343,0.997583845255345,0.514269077539778,39.9380913961365,2.10179246218424,0.529231128133935,44.4389659083141,5.78620786754985,6.50535114189779,15.0687636823162,1.56448084046098,0.879823882363194,22.5041657687071
2.32724839685663,3.12148085185966,39.1441839609091,1.01315210555625,3.06313404170156,0.949826280959346,1.26037574994841,1.00366145236313,30.9849881450872,0.600623969965708,0.60173136271152,41.8550086498299,49.9529728651498,0.515972142386812,1.10509315275716,0.685262565575862,0.616368559067237,1.95342435334765,37.2305168161108,0.662384710700579,15.9251918705114,9.07521889834041,0.69311189258597,1.2828651268838,69.3961295806358,0.667545565272558,1.13020419384601,1.21021910680165,0.825911601209139,2.61958425666338,2.00005595750912,3.49222639402071,12.7084818245372,1.90272196266301,13.6366695520457,6.57839957272962,2.37883688867872,2.38645164426673,25.8302224262156,1.28500895679298,0.502365754314352,13.1355343351316,1.14779168457619,0.516699303471919,23.1782847290281,24.0809530452844,0.63301558071703,25.8808903515116,85.7701623839729,0.560100739555046,2.12706693388191,0.69077157273461,0.608720446328283,2.09637304170383,1.25382633011631,5.89181541873707,19.6365575478652,5.65157120296524,1.03437988257559,29.1536146906918,1.61390712733521,4.64588737943507,33.90663730571,4.07750571911693,0.527211758562441,27.809069142972,0.998827398831147,0.508769689660864,38.1637481015683,0.828511418215349,5.22171879526242,32.0629605656356,61.1635807388563,0.554202269479329,1.37682518975272,0.59118749617996,0.561162621716769,1.60641583652197,9.33879785661212,6.25492659678047,32.8069594446965,1.26361548770041,1.03088835329109,31.1745892297609,1.29637429075499,4.5205891372763,65.8300046592202,0.996832422613389,4.09803592243827,3.97200336854369,2.39028871138256,2.95948456162908,45.45060537419,26.5501691373902,0.535988884417323,40.2032076310764,1.3389486298161,0.501609951148713,33.0024537029666,4.2139690953124,5.5765317947082,31.9903857213433,1.66348961463069,1.2823651986898,69.8144733014769,4.75522034587102,3.64041559478572,17.6737270145925,1.74350199634968,2.13883880917361,21.09726622385,2.99554955517494,3.73971670890449,23.5587641649993,1.63815187636387,2.0617984363562,32.4070309033287,17.3812898754345,0.524261108861868,32.6538521753659,1.17719553930659,6.7448715367075,50.5998913344482,4.48491253085005,0.542490449107108,39.2287200510385,1.02164922895708,0.504214346548195,45.5802931521221,25.8279900806854,3.9404126919434,21.6760597957289,1.18874037432305,0.566613426890607,18.3689052919341,0.919294356074462,14.6754020288028,19.476075176037,2.05731531971381,2.28199619993383,30.1866745649562,16.3169408049542,0.571604201377568,31.997971930622,1.01654957475027,0.505970992789272,43.0962491128293,2.74714493327382,5.49472815073308,27.332068168922,0.998485359483958,0.883250520716611,34.4028454370133,0.965341461579854,13.3954015322565,27.1249607669968,4.0069019154181,9.52812916819901,27.9911729405429,5.96735252829418,2.35563612688244,30.5117793184131,2.17600407818356,6.99422722595391,45.6889881086478,6.94724472519897,0.503697925410358,41.7884556768176,1.06168663272429,4.22761614864704,56.1981258311459,14.4499185577788,4.56216235732211,24.7377493023095,88.649017936359,4.78489206733815,2.36009824251003,0.769993399759797,0.663536836841866,2.30085156501077,3.41437369855291,2.49518418035414,21.9304931309021,17.0159541811441,3.57846090821319,27.8371012182716,2.20808292702699,0.507555686912782,62.0839889473644,2.51404376534789,0.526960640487345,59.8861100495618,1.02524988894648,0.883580393186946,30.6875457636897,1.75788090317623,13.2321160211605,30.262244935616,2.05456822073565,5.65408975296767,26.1547876379297,2.02186727067066,1.95962205543497,26.7532668731109,93.8416908849169,0.500100343090324,1.00429900512655,0.500853515636727,0.50044179633611,1.00594951600703,89.7249366139295,4.03891056883833,1.07594597594721,0.518178044896116,0.503212251681029,1.07777239054502,1.01474834067994,0.559352648578627,39.8865658325291,2.29429324953178,0.605383026080808,45.3877450351452,6.00023821195124,6.47062538151823,15.6996788061177,1.64323711791758,0.944381212063055,23.5607223974333
2.24355514641067,3.15292910458838,42.2605238162276,1.16075836904424,3.08399757013259,0.934625818758761,1.34419774040997,0.9837621359375,30.9440852022761,0.600018904456955,0.600038283055109,42.5091843798555,49.9512930228171,0.503210821551555,1.02112665189057,0.5372429327417,0.523393196485429,1.19166565606786,37.551560439285,0.71651131611942,15.6215592584277,8.92449392191645,0.776333158537249,1.62934751020533,69.3961905969549,0.643661468127174,1.08416407457917,0.994445911403375,0.746029341095572,2.01153929847265,2.01329485438277,3.53772601407268,12.9455133318114,1.95210315914052,13.5213485196336,7.30823501349657,2.36322791819856,2.36383869369043,26.0583358770669,1.33872748782022,0.515708068793242,14.147455811615,1.17382236712028,0.523650255408894,23.0465362394093,24.0220475206384,0.688738503649433,25.8883416408444,85.7645462730599,0.556799529715023,3.29267469962527,0.888047973404245,0.721140247615043,3.23017984307165,1.34721538739465,5.89774201356067,19.9644817721701,6.07926016048992,0.930523732637344,30.8095927775787,1.58956295286758,4.62791623331335,34.7881418955775,4.47173063936547,0.510138241117648,30.5144228979112,1.01092395168501,0.546146238272166,38.1539258934819,0.858774006944667,5.12435245621894,32.6798367623239,61.1635887928143,0.825053083664429,3.25985114084737,1.04685470113123,0.866794002069422,4.63658510234238,10.0176866190173,6.20859784847971,31.6346305402718,1.22361738718668,1.84769523150686,29.3421118598063,1.2414898899578,4.50016962171514,67.9784744573153,1.10252646233701,4.15222102984527,4.2545600576831,3.04929681023676,2.81728052173792,43.738948687185,30.6579730520109,0.536169421739013,39.1506305192466,1.55779976990684,0.501081368989788,33.1088981600742,5.01686854628212,5.23116895262997,35.84254095789,1.23078930196224,1.25838477503434,69.6666502622047,4.85828800148072,3.62085428271495,17.709166756646,1.66789741639558,2.08063656011157,21.5083360866645,3.03198655002843,4.25355585280568,24.9524787105282,1.63537031047792,2.00568586154729,32.1681758830641,18.0520429085441,0.551963639240586,32.455615744361,1.26557336368587,6.69133926141017,50.4548938875874,4.92553174235014,0.500663961450023,39.7285890359007,1.02306540475472,0.504661615234793,45.5709004612621,25.8777184099264,3.89568216866544,21.8707979440401,1.18885702933992,0.566443808708761,19.112292587981,0.95565356621868,14.3905795092507,22.2103304070088,2.48912544568176,2.2041939765579,29.4820455880241,18.4865615357791,0.521539720274515,31.8462686715287,1.06122260645351,0.524557576069565,43.2200167015587,3.1044775631967,5.33872076398051,27.7758325280719,1.02702785827083,0.892775149358825,34.8461179600636,1.06534694278604,12.751270595061,30.5947182852428,3.78256859560497,8.66682498297067,28.8387497027478,6.24270258400478,2.97584338165319,32.3310197012878,2.33957151184016,6.95055588063849,46.0460802570348,7.5617584641822,0.561882261918391,43.4339242063438,1.04763885872621,4.04601746180531,55.4458363011829,15.4585439809564,4.44391766010978,24.3538151969945,88.6490032669402,4.79439913214169,1.17319354447768,0.534377441341885,0.520824848548516,1.16565284191152,3.27066783066713,2.21191509230824,22.6024710682724,17.6090321099106,4.38662565794069,29.6187113869426,2.69457789400772,0.511009341323305,61.8324124283429,2.95551801204338,0.539412340228838,60.5412132821532,1.01903141280456,0.904101380492545,31.9537841484753,1.96301583029783,12.7643425388432,33.1785861221294,1.8764815292242,5.49791948237931,27.0299866589346,2.11380038962284,2.55621030703643,28.9991630426043,93.8430310160724,0.500120701776964,1.00513002462102,0.501023764846634,0.500530579343413,1.0070775836282,89.7229099766461,4.03858374434271,1.25163839406439,0.56023117918777,0.510642249198337,1.25768693386154,1.04768584201858,0.511026856248915,39.8125215690573,2.50808738955006,0.52275163991882,46.2482146374918,6.27197445800494,6.43282860904023,16.2946468599787,1.73010459415891,1.01336395310365,24.5387519932513
2.14541435555521,3.18141460112728,45.4183597188691,1.35624375038171,3.09640632711901,0.919403201315655,1.4429636661907,0.964541170297527,30.8911994304535,0.600401620524925,0.601489994875082,43.1024027431004,49.9497703177234,0.514423379918029,1.09488491643156,0.667283812064355,0.605080075299533,1.86093072799716,37.8685103944147,0.642779295882205,15.3216349429006,8.77548609045069,0.665073128430085,1.16972608829778,69.3962448289349,0.6197773707056,1.03812366491564,0.77867254270767,0.66614698400002,1.40349346845837,2.00587718824465,3.57865147091282,13.1855600367681,2.00581906215159,13.3838024792543,8.09715942850266,2.38815671947592,2.34134617939457,26.2491987434306,1.39845881017844,0.511837189046742,15.2043158571034,1.20198594411484,0.503660576969091,22.911786045022,23.9590735921133,0.529234869959618,25.8887058655048,85.759496944037,0.553549125471909,2.16166833001071,0.696615648247617,0.612045804824624,2.12999515441362,1.48016328397938,5.89579447258157,20.2129944090604,6.53784997739306,0.828576320259972,32.3646472832562,1.61802785414612,4.60647369204468,35.4880882698849,4.93357918856143,0.541377354748337,33.1917958348819,1.03240421213587,0.509983113901191,38.1370984157948,0.891051874761958,5.02837031193724,33.2741058070737,61.1635956444399,0.743793278464011,2.69491289151068,0.910146973054052,0.775099481800771,3.72748082667511,10.5677654068865,6.13552310803761,30.520048628023,1.16844508110313,3.23380171480645,27.7251869988595,1.18062128656212,4.47855243429141,69.8936783424309,1.22463385357273,4.1997627357554,4.5547154387705,3.95871016733564,2.66237880930123,41.7115875369081,34.9710806247081,0.53617050075311,37.4375020366473,1.92088070495928,0.51575750979877,33.036241731914,5.98503296112047,4.86541519064496,39.4439796065964,1.58654657153349,1.23460540394156,69.5172517962156,4.96103254124395,3.6019575624162,17.7378503150413,1.60150278247507,2.01395048667899,21.9068025845805,3.07745502297836,4.812067511418,26.4811775095274,1.63729149015559,1.94912309712492,31.8951230276661,18.7219937995058,0.50572262302168,32.2393921394554,1.37483258109802,6.64312026402492,50.2331606009026,5.3700819969612,0.517547676483963,40.0722559648237,1.05087814624006,0.510687603970468,45.5596391457653,25.9245378072549,3.85208651169462,22.0535645364803,1.22962124908408,0.564889908292029,19.7783883475638,1.00043086962804,14.0066553240957,25.1838111670699,3.05202323980105,2.12050138831596,28.6493747440587,20.727029921187,0.508311399921135,31.3375168780997,1.03374137092935,0.514549188804734,43.2882491552607,3.50837988765571,5.19036139144643,28.1195255662455,1.10640045118607,0.898081967533669,35.1832892539863,1.18304139206821,12.0549323661886,34.1271131213274,3.51170371522334,7.55829738146375,29.687331189635,6.55689728829352,3.73970256494206,34.3603832715286,2.57190510150318,6.90100215220246,46.1886900932926,8.22262000723575,0.527743073326539,44.7851847470889,1.03427196448513,3.86679392585764,54.6633447692901,16.4295024983838,4.33485751040825,23.9153035338706,88.6489883967338,4.80376778947993,2.94101444683136,0.88535884275399,0.733503382346674,2.85644817717427,3.07843656545934,1.85555875980373,23.2575951269151,18.2319633924032,5.33666469008632,31.5820671382699,3.32513482084036,0.514563779785981,61.2013386618764,3.46390210624725,0.551938005007926,60.5824369707674,1.06915868756678,0.859881573251978,33.0809224917632,2.07054744358422,12.2380522542252,36.1630353061449,1.69676524096616,5.30078633157339,27.8543459784558,2.22132316386699,3.2931652001172,31.4860611532996,93.8443044664991,0.500027566239534,1.00117108636313,0.500233775547106,0.50012116641287,1.00161537493604,89.7212199728867,4.03827745113441,2.08597926418213,0.759934978837873,0.545924309949645,2.1120764833947,1.09694701079038,0.508727842551557,39.7098868358178,2.74498836037659,0.518368719098028,47.0203842218001,6.60331686585144,6.39199729166581,16.8371591220072,1.82487968608863,1.08635839302475,25.4070917750408
2.03266855138571,3.2063878890165,48.572954228764,1.61587094130168,3.09834378883321,0.904114661115012,1.55821065447079,0.945992839323302,30.8249830959336,0.600728045272436,0.60302134311312,43.6282597702952,49.948389191671,0.501662059642039,1.01093454755682,0.519277243931888,0.512108914593753,1.09921357069088,38.1813052673467,0.759679808545107,15.025476937163,8.62822411334284,0.847307587788686,1.93270042281043,69.3962935510465,0.663947035815808,1.12326950454499,1.1777103970434,0.813876663224726,2.5279834272011,1.99940961265849,3.61477112156768,13.4283429584887,2.06428792048356,13.2248036838489,8.94475410648599,2.45775605168884,2.31971793681847,26.4018956131431,1.46454461148241,0.50727007300814,16.2921820148702,1.23229567721852,0.51061987126643,22.7737673577378,23.8916782171154,0.5849841786066,25.8818709924317,85.7549503389978,0.550348334382211,1.03071161131987,0.505197606538954,0.502961988417762,1.02987622968609,1.66163101276655,5.88634150915633,20.378349817449,7.02402845841312,0.730172336598959,33.7777630422772,1.70453625070427,4.58133561210554,36.0056306607105,5.46967885747683,0.520391456170554,35.7620335710316,1.06355022920826,0.500078970738478,38.1110188454745,0.925347329096531,4.93373083935502,33.8396230029438,61.1636010811921,0.662533473184397,2.12997435721791,0.773439217272879,0.683404949671377,2.81837686973458,10.9999615791217,6.02619524331414,29.4892135036845,1.09893766048677,5.36683018734594,26.4388319369852,1.11245700329082,4.45577030184973,71.5823693597966,1.36514765417105,4.24037712633607,4.87277573395758,5.19532603671064,2.49760335720655,39.3461416070928,39.265026059922,0.535961900745168,35.0447143613297,2.50337198539934,0.504375788493311,32.7549380026413,7.1333045354067,4.48973642542928,42.5409306963673,1.15892703594516,1.21103823674889,69.3665025181337,5.06325807009547,3.58375426544343,17.7599359021692,1.54398528933008,1.93716027976915,22.2904060149231,3.13281384557988,5.41602380578483,28.1565898819604,1.64410787719957,1.89226686162396,31.5889755717311,19.3865477905266,0.533454479619869,32.005990839899,1.50986901535293,6.6355882572209,49.9351090889223,5.81632222160701,0.554270168364196,40.2662385663231,1.01094585868378,0.502363658254697,45.547277985544,25.9683870488452,3.80968233933256,22.2246564573373,1.32039925519805,0.561600794009828,20.3583660185878,1.05449777349102,13.5287962894671,28.3482601661618,3.77840513529161,2.03221051786825,27.6793041754395,22.9561693501205,0.50105557867053,30.4657372429011,1.00887180408953,0.504105927840221,43.3059885830003,3.96326008656311,5.04968054746706,28.371107745989,1.24992252690356,0.898822846796001,35.4097115331239,1.32093663980612,11.320480322556,37.6022398505869,3.17054097005033,6.12311425882062,30.5500796213529,6.92190260776292,4.66688920563818,36.6690538810692,2.88462330229378,6.84587044962788,46.1109518474882,8.9164334733455,0.58902883908703,45.7918432288087,1.02152768378969,3.69086758609017,53.8605885632799,17.3477796527849,4.23517248065044,23.4305323168356,88.6489710320556,4.81299945593624,1.75411685739858,0.649721708775801,0.590729346698813,1.72125800129108,2.80995667744111,1.40297442485436,23.90852839242,18.89390713577,6.44148233829227,33.7910135443884,4.12844738150593,0.518223639141937,60.1513374184967,4.03469941181669,0.564287897569753,59.9545091637449,1.15727541337278,0.814512597763776,34.0983418511443,2.20106075923129,11.665654268248,39.1483232128719,1.5029855499167,5.0529818330255,28.6304033136075,2.34720759415254,4.1825792726677,34.259250605521,93.8454864976209,0.500067694460492,1.00287576273467,0.500574081882882,0.50029755069687,1.00396671987554,89.7198061689763,4.03799034966091,2.92029924831553,0.959633044040949,0.58120126641271,2.96643885226553,1.16384755497613,0.520493781593596,39.5730343149497,3.00666179131163,0.543438020954011,47.7007162054689,6.99506700300047,6.34832200529671,17.3099051837428,1.92701413477328,1.16262407619,26.1343062655676
2.43102003755332,3.22717510586683,51.6693119088548,1.96211256798527,3.08717060238492,0.951050743400679,1.69160820542904,0.928113972374505,30.743976458365,0.600306184190171,0.601326292004507,44.0801092878085,49.947136906108,0.5128746181516,1.08468326738518,0.649310393003002,0.593793329691528,1.76844842655229,38.4899016400604,0.686968545988588,14.7331270028087,8.48272907702968,0.735364797862026,1.46638947242129,69.3963363570497,0.64006293803557,1.07722858806742,0.961936754815846,0.733994139895727,1.91993560425691,2.0107439504454,3.64588508337513,13.6733570314802,2.12791948147228,13.0450766336844,9.84891704767611,2.57832226038655,2.29988938072075,26.5151519411525,1.53727603266783,0.515122066412721,17.3907984841702,1.26476450024035,0.517497964498764,22.6322358080153,23.8195282868265,0.640307241250064,25.8677502632084,85.7508663754934,0.547196112980333,2.19629291664971,0.702463361955612,0.615373196499564,2.16364698764414,1.90337106199723,5.86983243381877,20.456162262113,7.53223730148701,0.636798807648965,35.0044022010815,1.85877707112189,4.55225076269328,36.3400446194679,6.08521461320333,0.559534015842117,38.1405798150669,1.10481606092924,0.502164370525478,38.0738186923169,0.961624085817079,4.84045418324958,34.3697263113769,61.1636047501484,0.581273667809301,1.56503549175149,0.636731432812832,0.591710406377096,1.90927354192144,11.3507843291209,5.86735926227147,28.5532065327781,1.01517127896523,8.43947735455705,25.5917806920672,1.03553831922155,4.43182450946586,73.0548672914384,1.5262091077949,4.27380545791339,5.20887831912887,6.83790969737203,2.32714300413989,36.6363389339326,43.2263421334771,0.535513786378339,31.9961635921449,3.42607331971962,0.554933139462525,32.214070313362,8.45857064165818,4.11515770751271,44.8354075372011,1.51156667924281,1.18769455752783,69.2146361806498,5.16476549309789,3.56627022979795,17.7756012569896,1.49526080113883,1.84826536120521,22.6569951316629,3.19916091403274,6.06601342767933,29.9910860174045,1.65602039920092,1.83528441357776,31.2511444245645,20.0408268022193,0.561267484629617,31.7563636318194,1.66911384775113,6.61160138584044,49.5606856565569,6.24084487003191,0.597720206179639,40.3365904095975,1.03776733473864,0.508459733312385,45.5343944703125,26.0092734738656,3.7685167119634,22.3844154918194,1.47670523485364,0.556274603563057,20.8430435185148,1.11871058715505,12.9660970488486,31.6272394789303,4.70303196424887,1.94070420932598,26.5642792519724,25.0710556524713,0.504505252836266,29.2287027962233,1.04703790756071,0.524016796851461,43.277182754308,4.4735411215227,4.91651991372644,28.5385140869308,1.47996993620592,0.894804232212838,35.5155000828314,1.48130324188507,10.5643310141908,40.8780884256046,2.7262810161642,4.2475724105174,31.4483033334162,7.35765126631699,5.77539461361855,39.3545090800906,3.29150992347616,6.78569317965006,45.8063253301575,9.62385729556194,0.55346871844263,46.4077670425697,1.00930484413418,3.51911370093043,53.0476562351698,18.2003873502505,4.14501028244917,22.9082124143709,88.6489494820641,4.82209555493706,3.5218672741869,1.00074442854491,0.80353249580499,3.41197740289074,2.42275383893906,0.820938926707914,24.577047782655,19.6122180356205,7.71208693387777,36.3379904047762,5.12929424282492,0.50031326821608,58.6438154042785,4.6544805172439,0.501091174497516,58.6103590224579,1.29330181359484,0.768185051625707,34.9875835876354,2.35658060133696,11.0588739182034,42.0533922907125,1.27762613793066,4.74159235305601,29.3657299737518,2.49543857583447,5.23416003856975,37.3800071320322,93.8465751570454,0.500027464746092,1.00117391650187,0.500233427842381,0.50012087058339,1.00162315108281,89.718631956438,4.03772130800552,1.78397877110098,0.687649185985326,0.533150767411874,1.80281511352956,1.25015728772778,0.50043057490063,39.3961383934438,3.29451943413154,0.500916951462185,48.274791413372,7.44623987876852,6.30222188523267,17.6956540521918,2.03553467671771,1.24091804131747,26.6905939824903
2.31554016145652,3.24293133675731,54.6400475161665,2.42578595250255,3.05945037919045,0.935869274662368,1.84490044918056,0.910901612798064,30.6466296090721,0.600714966937866,0.602976162746121,44.4510911953264,49.9459994001454,0.500113298488993,1.00074617341317,0.501314606302616,0.500825623734691,1.00676766815248,38.7942441544488,0.6147581353659,14.4446376549565,8.33902711227786,0.62308779692457,0.996800603123843,69.3963749546475,0.616178840136869,1.0311874701613,0.746163009547636,0.65411155152953,1.31188666156602,2.05816132369418,3.67183357953937,13.9183198697048,2.1967022818626,12.8447873178172,10.8008680288023,2.75475889555084,2.28051675446689,26.5872131254613,1.61640185645381,0.501667696607113,18.4764312495146,1.29940412914475,0.524285485824891,22.4869689147547,23.7423104234212,0.695130911791409,25.8462801804497,85.7471867930361,0.544091304827404,1.06541877902979,0.511070603167665,0.506308585737808,1.06363791794119,2.22023604839745,5.84681544381015,20.4410183165434,8.05409859003,0.549722633839761,35.9965895403476,2.09604038009126,4.51896808538859,36.4886255325566,6.78245896887583,0.534169047743386,40.2399658786177,1.156771402769,0.511524011536237,38.023804744575,0.999837340919231,4.74881645591071,34.8575561354866,61.1636062983864,0.500013862322431,1.0000962488938,0.50002361869903,0.50001585261378,1.00017115363631,11.6819096987534,5.63902675552409,27.7056530090613,0.91559299278631,12.6476642495494,25.2951942689234,1.59253255628884,4.40668381180458,74.3238552175126,1.71007688750806,4.29981696777041,5.56295785447606,8.94467670166088,2.1563236545739,33.6029146407234,46.4756310514798,0.534802933011256,28.3780979399753,4.87181564148918,0.516588628989916,31.3350575101382,9.92320819043096,3.75246006232228,45.9827914317763,1.08869282838445,1.16458541335713,69.061889931079,5.26535743600549,3.54952869235197,17.7850381363268,1.4555939714454,1.74479141132445,23.0044682215948,3.27788400376692,6.76241812975562,31.9973710896138,1.67323818050205,1.77835034561596,30.8833097502665,20.6797707842653,0.514757789113227,31.4915818794572,1.85228180419916,6.54659537321541,49.1148098953191,6.62798964796974,0.501930760055409,40.2565641978913,1.04612780927758,0.510671634464929,45.5213909298088,26.0472565902566,3.72862524799181,22.5332153822827,1.72329620657209,0.548682473008458,21.2212276755829,1.1937468720075,12.3316136781771,34.9113411609487,5.85832008998815,1.84757673377855,25.3002242081851,26.9544550392455,0.508724618812761,27.6329940140496,1.02416878629462,0.513215311526087,43.2048348332764,5.04353690154317,4.79057609286542,28.6293050058388,1.83185439250244,0.886008999127119,35.4832465235228,1.66564475759007,9.80419479210394,43.7929332438621,2.82332521462652,3.64614776962717,32.3388731061998,8.10582007995787,5.86431880776932,42.3191740428747,3.80793440581128,6.72243207675855,45.2677208808705,10.3199156488529,0.509691790378978,46.6001921155998,1.2500782930442,3.35232970167671,52.2344443835775,18.9769690373441,4.06447054094236,22.3571338353641,88.6489243329131,4.83105751016965,2.33499055865042,0.765086758985386,0.660698315634917,2.27681125772706,2.75169815791072,0.807183763698151,25.1961840269939,21.0137617487708,6.95622515903582,38.9476206686047,6.34054488746845,0.503851809317147,56.6510035371917,5.29838020927211,0.513123869483037,56.5243145406506,1.4918236550736,0.721190362899474,35.7280116303945,2.53882817323957,10.4305986584983,44.7822271647112,1.20691597122774,4.62117843048434,30.0594511699362,2.70014855092784,5.36971121572667,40.8448569291783,93.8475635938384,0.500109896137548,1.00470838084622,0.500934820209789,0.500483890337845,1.00651593349244,89.7176466700625,4.03746908265831,2.61829595708093,0.887345523947023,0.568426120842693,2.65717453706135,1.35806779333596,0.510757442685635,39.1732599480588,3.60955104138168,0.522993641794905,48.7265218448359,7.95333465481658,6.2544340212557,17.9783873494701,2.14898027398823,1.31927637911588,27.0499988036846
2.18616260667483,3.25258064159399,57.402617115434,3.04853117487884,3.0107806939447,0.920503925568689,2.01984977277973,0.894359731883481,30.5312514812274,0.600295427659999,0.601108659865817,44.7342028057256,49.9449676824834,0.511325857597552,1.07448676548253,0.631341331664083,0.582507952559872,1.67597698707848,39.0942972071845,0.72977395361513,14.1600429809279,8.19713567070819,0.806575519814483,1.77208665381965,69.3964095862861,0.716153660723742,1.22391014912904,1.64935634472868,0.988487328073446,3.85710252391346,2.14596096766362,3.69250802993742,14.1598480249369,2.27029426193617,12.6243510586615,11.7854752491083,2.78820897327034,2.08772520627488,26.6226075777935,1.59434953474181,5.46343756452547,19.7357067224413,1.33622428674161,0.50467410095383,22.3377665933306,23.6597314949048,0.537590675939673,25.8174206763683,85.7438803202646,0.541032937382596,2.230925944106,0.708313119874235,0.618701627531004,2.19730978153975,2.63040307623443,5.81827156266032,20.3261549983531,8.58042682488078,0.509665268630904,36.708280765643,2.43851627933431,4.48127891398924,36.4448339767042,7.5587784248981,0.504334055394301,41.9715317729084,1.22012158904699,0.517189093091221,37.9593846338514,1.03990751428332,4.65916739122348,35.2957836050646,61.1636063900108,0.770864678150891,2.88312679981443,0.955690830190297,0.805647112857776,4.03030962290785,12.0839212410951,5.30946989107705,26.9205780604305,0.796020018480583,18.1694614847929,25.6760116637537,1.53390506534449,4.38028487982483,75.4033099967357,1.91908024561445,4.31821217645556,5.93471071062414,11.5189731388793,1.99106418194786,30.3053631028092,48.6272038883737,0.533821687566528,24.3545100676202,7.08767902023031,0.628443463190949,30.0112099957062,11.4312867878532,3.40924858363373,45.6032906639994,1.43840542847395,1.14172170090323,68.9085068607358,5.36483792445805,3.53355024229617,17.7884533648772,1.4257782919834,1.62367105878812,23.3306782344238,3.3707245060123,7.50538393845209,34.187979902209,1.69597903608174,1.72164531026629,30.4874183055045,21.2981750753318,0.542519626450859,31.2128314916349,2.0639896546131,6.4803675781862,48.5996072273917,6.97756931833587,0.501830084798344,40.0374149733249,1.05412831831095,0.51291225711738,45.5085563537535,26.0824232816374,3.69003446880009,22.6714497629103,2.09885644742517,0.538691008849306,21.47742664036,1.27982147973813,11.6421181392183,38.052624482478,7.26651999155143,1.75469219568044,23.8890449235964,28.4865798568169,0.502900716646725,25.7011864743468,1.00329961876867,0.501932865535491,43.0911580163136,5.67729710277894,4.67144011872962,28.6504478188398,2.35883959975083,0.87260404565964,35.2841179960036,1.87382232713733,9.05782955124214,46.1652654073256,3.47817677652518,4.06889773905888,32.9261384646531,9.06828846983624,5.25109936025453,44.6645033724464,4.44757823266196,6.65486404000184,44.488600923645,10.9723817833958,0.50178655993252,46.3203933266921,1.23560655069049,3.19120980912763,51.4303267172609,19.6701643550551,3.99360140944918,21.78586571066,88.6488941580062,4.83988675925972,1.14813064067499,0.529419163528604,0.517834781793223,1.14166356443772,3.5700473861821,0.866321617846184,25.5112897107872,22.5221806483548,5.71306411789418,40.6328653511546,7.75299292846201,0.507471612310801,54.1694944756108,5.92930642512055,0.524751302998744,53.7101819059051,1.77350773911703,0.6738999612725,36.2952049263628,2.74874165341863,9.79438456685835,47.2234267110067,1.45303841561258,4.82116240739622,30.601154909378,2.97209717081178,4.21655613806449,43.9574729971744,93.8484616279675,0.500129204707759,1.00549501792628,0.501096184729144,0.50056806602237,1.00758287662874,89.7168267590932,4.03723269133669,1.48199320191172,0.61536645995963,0.520379937336408,1.49357385342783,1.49010636935087,0.52120777857825,38.8983600470989,3.95214692713892,0.545419316203328,49.0393289409043,8.50963582116388,6.20611874489712,18.1446679590834,2.26537671074416,1.39474771816445,27.1928099195651
2.04468928093489,3.25474562908969,59.8560921629711,3.8851566427308,2.93569943322522,0.904822036605949,2.21809721278454,0.878488837858911,30.3961358040878,0.600893112106744,0.602850302251041,44.9224192123949,49.9440294620342,0.522538416756252,1.14821561561548,0.761358681027053,0.664187239861191,2.34515275713209,39.3900231547629,0.658545403592716,13.8793790273019,8.05707312968942,0.693644977728241,1.29608173314735,69.3964392131655,0.692269562857843,1.17786863412621,1.43358243223703,0.908604614773961,3.24905166884952,2.28026786780467,3.70786227991043,14.3940407811975,2.34810770534005,12.3848871090548,12.7822597300993,1.30692962338267,0.712355928078917,26.7282706468655,0.75535968971644,47.746394598978,26.00175424115,1.37523220034701,0.511471060164971,22.1844505807125,23.5715197430973,0.592445293408975,25.7811535730883,85.740899836093,0.538019928372664,1.10011854729842,0.516941930650092,0.509653866748769,1.09738984487602,3.15483169813963,5.78526772881274,20.103294384064,9.09903261090177,0.509991137064224,37.0914225939576,2.91652821787297,4.43907832132674,36.1968548186759,8.40406314803638,0.551354619595455,43.2462828225196,1.29564528630475,0.503836843313709,37.8790485810216,1.08170675711071,4.57190511527657,35.6767499502489,61.1636042865997,0.68960487248059,2.31818707478527,0.818983015388538,0.713952572888611,3.12121088546604,12.6922184970357,4.8271455296617,26.1482889279593,0.648419495045621,25.1294944832379,26.8888381587722,1.46474683232281,4.3525342758839,76.3076435361246,2.1555514330092,4.3288269303581,6.32355948618216,14.4747669277938,1.83708228864324,26.8486900062436,49.3815363025764,0.532586186357293,20.1650219263599,10.3356807872811,0.558626382834103,28.1230002579622,12.8196226946846,3.09721884583653,43.3474130472496,1.01993174897797,1.1191141085396,68.7547347446762,5.46301281931185,3.51835286720158,17.7860681006584,1.48451764790198,1.53763103364642,23.631092822374,3.51457181242675,7.67387329751446,36.5514672125528,1.72446832030416,1.66535216409045,30.0656301350048,21.8908136215245,0.570170647141896,30.9213822627061,2.30629660354662,6.41525119573936,48.0166170266698,7.28293511772981,0.507970221356426,39.6962143196085,1.06181561113987,0.515179407167241,45.4960991512074,26.1148776772518,3.65276299784604,22.7995289618085,2.66231068350363,0.526279402178374,21.5888155768956,1.37621411521388,10.9174864706322,40.8583877945309,8.92924732094661,1.66396121220521,22.3417148094042,29.5600390784144,0.500089149062487,23.4765873064162,1.03605160108358,0.523325002056092,42.9377331392923,6.37841807269273,4.55863185922438,28.6082094910844,3.13713468510436,0.854933062007419,34.8741269645048,2.10272943148912,8.34201574747924,47.7922092369047,4.39597386410566,4.49232795449366,33.113160749385,10.0742768058997,4.65922914855621,46.1012826070839,5.22001002848321,6.58570709930699,43.4656136212359,11.5467054316873,0.540954761242341,45.5564604879593,1.22204001068917,3.03632702469996,50.6438594728668,20.2757218841376,3.93239837842536,21.2024894228453,89.152220294487,4.85075905517145,1.39394784508495,0.722808404774541,0.661105616954047,1.40374209725523,4.71689783558527,0.918859604947743,25.4527738314181,23.817783953815,4.67639691755229,41.2207791241522,9.32595695334537,0.511138832510263,51.2343756824507,6.50049172898107,0.535708249559786,50.2393470578191,2.16654205513853,0.626742417743825,36.6591626012631,2.98574855201274,9.16396682936588,49.2495702601912,1.81145817316679,4.98026551476686,30.9520360798421,3.26706549210299,3.28089651286279,46.4639180471635,93.8493294351515,0.500035111873747,1.00149218960225,0.500297816169633,0.50015435291538,1.00205854122251,89.7161394585762,4.037011082473,2.31630272976563,0.815060984797105,0.555653892554044,2.34792382247559,1.64903261730039,0.531794897284911,38.5653175313786,4.32182910988121,0.568085929971554,49.1963125217505,9.10471231318588,6.15897378342797,18.1850736483663,2.38226550119868,1.46309327254299,27.1078035569617
2.50872995171653,3.24767830188807,61.878267946708,5.00464679206868,2.82781004861405,0.954587841879997,2.44105310116677,0.863296888737843,30.2395046251957,0.600874771700637,0.602378377672076,45.0088607643306,49.9431782303645,0.509777097545093,1.0642942491195,0.61337560568953,0.571223614907087,1.58351786866406,39.6813855238667,0.771263574184734,13.6026807549622,7.91885735408644,0.878654111469042,2.08632915856583,69.3964657419867,0.668385465072621,1.13182696956939,1.21780846840652,0.828721856102405,2.64099975898735,2.46929142504111,3.71792506122221,14.6162404595822,2.42917467778916,12.1282277994531,13.7644970335655,1.98803119596725,0.798623841480221,26.8812446601695,0.915506527341325,36.0094705957596,39.6842540264913,1.41643119323454,0.518163715703162,22.0268641323602,23.4774262752054,0.646700817514476,25.7374807447531,85.7382190494488,0.535051355108083,2.26555559973277,0.714163957059595,0.622030651902252,2.23096869121222,3.81531007723986,5.74894877005579,19.763185245089,9.59394385163049,0.501225697943631,37.0965670494784,3.56951328710168,4.39272575457998,35.7266492060252,9.30127576534717,0.510257241991041,43.982664783726,1.38414420328933,0.523383435916184,37.781349196802,1.12505310295532,4.48746258394742,35.9925817330931,61.1635997535001,0.608345066690119,1.75324702076343,0.682275195999966,0.622258039385443,2.2121144010699,13.8952319734362,4.25619235196704,25.3021190220593,0.5726890344839,31.1873700846118,29.0801461498106,1.38349845749614,4.32331191511096,77.0510713587082,2.42173357574366,4.33153728781774,6.72861971566916,17.6255009497537,1.6990513492329,23.3768376947793,48.620690632856,0.531139119501313,16.0919177011614,14.7451648717839,0.506621925917981,25.593102449142,13.8622145692796,2.82393301670271,39.0641407003333,1.36689013433908,1.09677287978706,68.6008245620539,5.55969531664708,3.50395230683196,17.7781133168496,1.86722929311982,1.61295649921605,23.8462724476464,3.78459105474236,6.08496013035619,38.5274459258792,1.75893672527294,1.60965339190642,29.6202817263298,22.452521812943,0.523701301200707,30.6185659882148,2.58078614924613,6.35185378100287,47.3671500117681,7.53881471997712,0.520818127464852,39.2391074259065,1.06923324484115,0.517470975253821,45.4841579987431,26.1447367289724,3.61682145077548,22.9178776790882,3.49974726491598,0.511548384471215,21.5216917133267,1.48053641069902,10.1798055304138,43.08481035502,10.817173343603,1.57729259995079,20.681272828494,30.0982096993589,0.509962462842264,21.0292084464856,1.01673396775944,0.511639149099577,42.7456644051973,7.14982431107158,4.45162973567935,28.5081276249891,4.26722094147,0.833497887592225,34.191414613112,2.34448371027052,7.67180390390028,48.4498325481092,5.64243452959036,4.90844991823128,32.8280002387279,11.0624726618217,4.10589531103835,46.4495663871309,6.12597179895021,6.5168112936407,42.2015054684791,12.0070587436616,0.535342377320491,44.3060556679307,1.20924712290719,2.88812361439821,49.8825666314632,20.7923708797967,3.88080586642893,20.614394408378,89.1644537682921,4.8607313774729,1.00772232220698,0.501557525845949,0.500947240627535,1.00740693246532,6.26326384116462,0.9651612543823,24.9658369777284,24.7804280394285,3.82378895077766,40.6359532541172,10.9837196618251,0.514801340552516,47.9282656484972,6.96230663821345,0.545763271797882,46.2502028284501,2.7073293707941,0.58017825410412,36.7827036005079,3.2467248472702,8.55280843180607,50.7174067583427,2.32250426413243,5.10328200300359,31.0912484448938,3.57800614835732,2.53336208926454,48.2735484200365,93.850133403258,0.50007434449989,1.00315900386793,0.500630551729302,0.500326813151102,1.00435770684947,89.7155648608388,4.03680335158262,1.18001241944212,0.543085543445873,0.507611024740411,1.18433891970154,1.83761406170488,0.504394081882308,38.1680767782309,4.71698175528935,0.50939575353826,49.1807241814031,9.80952504847759,6.20036147207661,18.0876345519071,2.50143833043645,1.2626882504362,26.7582225189475
2.10600254101269,3.2292555494782,63.2448646093344,6.4826320759236,2.6794771661296,0.911519066318811,2.68968189189393,0.848790721500606,30.059659836501,0.600254423016546,0.600579434388381,44.9871222164513,49.9424042367059,0.520989656394326,1.13801802450893,0.74338884216559,0.652901572079264,2.25268211949193,39.9683632721862,0.700990309236016,13.3299684531614,7.78249927182909,0.765089960251881,1.60409627508129,69.3964899986694,0.644501367415125,1.0857851853798,1.00203447398877,0.748839062591645,2.03294674417315,2.72348968084109,3.72281359494064,14.8208898951118,2.51201276367705,11.8569794390275,14.6988369328092,3.67503640045466,0.86678009957496,26.8606119463984,1.10133544815895,25.0594905755994,52.2469186127636,1.45981979529984,0.524741180150897,21.8648718705262,23.3772266850493,0.700281132891157,25.6864234949861,85.7358007248392,0.532126209487525,1.13480745320225,0.522811501536176,0.512997889005483,1.13112773483444,4.63017370897924,5.7101936521165,19.2968930636258,10.0416110278928,0.52478228491478,36.6719820616854,4.44350878910311,4.34197756778649,35.0105100260372,10.2102507165818,0.503881190558229,44.0791692456495,1.48638182307908,0.509957466758374,37.6649017803049,1.16969710300296,4.40630865288966,36.2352596013028,61.1635925561851,0.527085260769581,1.18830662106745,0.545567375469677,0.530563515388598,1.30302054048916,17.0321158632888,4.70631920617535,24.0219311290338,0.567602237277253,21.4059143098558,29.6203330563837,1.28884659732079,4.29247591834953,77.6471743022589,2.71966293045489,4.32626518699857,7.14867103544174,20.7162481517062,1.57998176076258,20.0486053403177,46.4574812521508,0.529543938852045,12.3987120060759,20.084812203667,0.500461640549845,22.4746314542208,14.3326885321094,2.59283912661152,33.0463082733523,1.70936724910114,1.07470809197041,68.4470323767859,5.65469983243554,3.49036164787443,17.7648349158712,2.39523526048853,1.67385067566036,23.9335225819191,4.06370984882937,4.79260163252045,39.8248837822953,1.79961990940329,1.55472859635447,29.1538592513233,22.9782749655296,0.551205119041791,30.3057596422622,2.88848294519404,6.29092747913915,46.6523417579965,7.74190076040559,0.518778838795261,38.6718749741216,1.07642403952633,0.519784909610959,45.4728198132644,26.1721244272711,3.58221318603479,23.026930504221,4.72753539577108,0.505568675149857,21.2285959153026,1.58771108020571,9.45225538363658,44.4351424465156,12.864658928345,1.49632662929489,18.9441020221587,30.0690878964216,0.514698702434778,18.4539387183275,1.04462912343227,0.534593824049555,42.5157330403607,7.99352303238088,4.34989576249068,28.3550502870474,5.86331209127976,0.808932270937786,33.1585475964244,2.58444052273112,7.06011136862968,47.9064501865008,7.26722883826354,5.31096725905826,32.0098444847947,11.9486915234074,3.60346606194353,45.5876940553144,7.15208501727178,6.45025622651767,40.7092817114027,12.321079445075,0.529627398923974,42.5905262642777,1.19710500162472,2.74690953011106,49.1528104614589,21.2215116879831,3.83872106376563,20.0281422172585,89.1061533624119,4.86911700863833,1.00105879802232,0.500209882100094,0.500127254853981,1.00101416519319,8.2424781174201,1.0062208335793,24.0145541648781,25.2983843809136,3.13154865460696,38.878415725984,12.622602591955,0.518396113432834,44.379023007563,7.27231648504397,0.554753815611773,41.9401580920271,3.4389844372575,0.534673335757094,36.620900231051,3.52458187966844,7.97370257598944,51.4711291882106,3.03790803794973,5.19559442003998,30.9904103774148,3.89330479309538,1.94452468809772,49.2998764236008,93.850872023239,0.500033289823877,1.00142249374456,0.500282916357962,0.500146505196825,1.00196659153535,89.7150842762307,4.03660864155923,2.01431225601579,0.74277869323829,0.542883848885796,2.03867626649988,2.05829458766626,0.5149996847215,37.7009271694776,5.13458346080391,0.531943622591525,48.9767164345882,10.5160489825158,6.23966166084585,17.8451673016123,2.61230719566737,1.06727091967727,26.1161286714175
2.21972629293465,3.19697465336711,63.9628450440157,8.40498452813614,2.48707962847541,0.924742909055891,2.9642898626077,0.834979412217475,29.8550468349526,0.600815886889022,0.601537373374843,44.8515776384464,49.9417022909646,0.508228337316244,1.05410484765595,0.595412361199697,0.559940071201664,1.4910709232724,40.2509312115743,0.631184519162541,13.0612664852563,7.64801174977874,0.651216620841067,1.11882174728194,69.3965128091334,0.620617269932401,1.03974331147865,0.786260469735388,0.668956244774542,1.42489257425308,3.05545088484758,3.72274763051184,15.001396727645,2.5944751241023,11.5745447820713,15.5454061205019,7.81387312108144,0.915153297797776,26.4817618304931,1.2959348664306,16.3510557362213,58.9359275071146,1.50539070836688,0.505611710635508,21.6983596910937,23.2707217526277,0.54547154085047,25.6280217029005,85.7336229039122,0.52924361133355,2.30017930742116,0.720015893012905,0.625360349482566,2.2646207175726,5.60771421849875,5.67010595414713,18.6981985165903,10.4155419362331,0.519287898090514,35.7790866907455,5.58618551463,4.28786283106908,34.022379911204,11.0848621161306,0.525713221492139,43.4655098121536,1.60298690740143,0.529644582994693,37.5284113953866,1.21531498983824,4.32894359692349,36.396810333487,61.163583639634,0.79793607748181,3.07133803646016,1.0012341029774,0.83619438603066,4.33311589730088,20.338594958116,5.06587801574409,22.1999071805556,0.542045756779152,15.147748047304,27.3878180624678,1.17989311860298,4.25986883781239,78.1086296910454,3.05102550443006,4.31298479751003,7.5821354628958,23.4917663621064,1.48103002484435,17.0034125392336,43.20405162799,0.527872296368843,9.26698439451147,25.6574902285094,0.502860722223667,19.0105241473646,14.1175395740139,2.40493191445085,26.137105661057,1.29685226940216,1.05292916665518,68.2936149791668,5.74785321445802,3.4775920264916,17.7464841034188,3.10675848115126,1.72182825387208,23.8668768432054,4.34182388079159,3.75607670595372,40.392590758277,1.84675263214559,1.50075094493891,28.6689294907392,23.4633069856758,0.504963578631391,29.9843483383612,3.22959410973834,6.23309490497333,45.873493243975,7.89069228029181,0.516916620748938,38.0000646975567,1.08342737151174,0.522119226587479,45.4621368400855,26.197166742473,3.54893541485044,23.1271265668008,6.48045863658006,0.502572846182867,20.6493498737625,1.68880734795762,8.75741566342878,44.5761103290229,14.9733737405556,1.42232249228373,17.1782389559704,29.4939519036838,0.502697672646661,15.8626707681119,1.05226185122628,0.544907548871955,42.2485490516814,8.9103422706729,4.25289646072671,28.1532226127037,8.01866311743676,0.781970467070074,31.6960766152734,2.80004661335647,6.51753193438886,45.9668883145719,9.27035281430864,5.69615062201325,30.6300511118118,12.6357162346359,3.15925094362754,43.4916277166545,8.26644961908367,6.38824746850367,39.0163311000005,12.4648179913476,0.559498793687191,40.4610589049922,1.18551202778442,2.61286776023732,48.4597353488342,21.5667808770632,3.80599931953372,19.4493925702597,89.0544281500581,4.8773762032953,1.00341282227625,0.500679855624655,0.500412721770519,1.00326939757707,10.6067242427344,1.04353590293219,22.6029844137654,25.2935888587996,2.57584842224204,36.0539800458249,14.1292679181091,0.521862244478694,40.7434901564372,7.40521146627317,0.562611287254392,37.5378387048903,4.40467532856572,0.505821020183695,36.1236982554208,3.80680177837408,7.43844668579635,51.3535962528322,4.01709404547526,5.26266132406131,30.6135152386048,4.19607583937267,1.48652199079788,49.4550610265527,93.851536457957,0.500114951819933,1.00492514251826,0.500977865410596,0.500506176833165,1.00681586307276,89.7146796433034,4.0364260980824,2.84859730920038,0.942469837257562,0.578154598565526,2.89299382045637,2.31273964418038,0.525755100535105,37.1589316771816,5.56994618238894,0.554493740559267,48.5704098711286,11.1785903040577,6.2685838482101,17.4723044572462,2.71067232885351,0.903314012359814,25.2305871283474
2.20543135715997,3.14813166671918,63.786723781123,10.8304092743677,2.24719014563739,0.924547887187466,3.26433310992868,0.821878783841649,29.6242188642876,0.600053565902158,0.600098815957644,44.5977892685506,49.9410649839381,0.535959636959396,1.23643094708157,0.916957404775177,0.761946243328441,3.14604843788329,40.5290723045946,0.742159585674684,12.7965918995183,7.51540419787208,0.837372566446498,1.92035939729204,69.3965345025918,0.720592081790539,1.23246801423849,1.68945353409478,1.00333252407459,3.97012446991099,3.479211980303,3.71806354810725,15.1500500505562,2.67360500546381,11.2851097307317,16.2586963823069,16.7850005207804,0.947669380634847,25.3666805270694,1.44054331653453,10.3862041228552,55.7124633762263,1.55312970477369,0.53187794526183,21.5272351274457,23.1577378243521,0.759231936812179,25.5623334841574,85.7316564181099,0.526402619337949,1.1694865609437,0.528679871942808,0.51634106053623,1.16485316398424,6.73732600816754,5.63001100231195,17.9669530455014,10.6890003696072,0.516305626039112,34.4049951781847,7.03524735040079,4.23159573253378,32.7391381612823,11.8628725193985,0.517042790829156,42.0867843277987,1.73432588604639,0.516147780098527,37.3707396101763,1.26150475112965,4.25589383719208,36.4695913629907,61.1635731484256,0.716676271436655,2.50639745199046,0.864526324642982,0.744499901144265,3.42402709759677,23.2055710295866,5.35397555467213,20.0583949278486,0.505658184165807,10.9941442394176,23.6213416664413,1.05634974435778,4.22532520790187,78.4470841308661,3.41699138145013,4.29172939460517,8.02706612754945,25.7641188635257,1.40174500494064,14.3333704480222,39.2740203988554,0.526190336120707,6.76550429278823,30.5598256014298,0.583376474907817,15.5716676999484,13.29068286673,2.25844431863398,19.4424092142696,1.63711135108011,1.03144529017541,68.140832524127,5.83898498300296,3.46565201661423,17.7233252638859,4.0372105323105,1.75868367640615,23.6180455311375,4.60477013334847,2.93468860537252,40.1922626610782,1.90056555335845,1.44788515230743,28.1681112308296,23.9031754381195,0.532312031136522,29.6557093057469,3.60305963452599,6.178925875263,45.0323375678002,7.98520789154018,0.515022119301519,37.2295115273218,1.09027897057107,0.524472030552203,45.4521380769268,26.2199888406649,3.51698016561751,23.21890548136,8.86497000846493,0.501387726090854,19.7222992765932,1.77057097989049,8.11746571425657,43.2001256498822,17.0270640132249,1.35607790111427,15.4379359478891,28.4439918591095,0.507950189704517,13.3690609789785,1.05812857734576,0.555854807084611,41.9446992997807,9.89966808022924,4.16012051732873,27.9064009994222,10.7393304349773,0.753409097504734,29.7534849753661,2.96252554596051,6.05213860789387,42.5615810685246,11.5641247168954,6.06326745369248,28.7187530243497,13.033886442175,2.77583172718172,40.2789034549244,9.41849896186077,6.33384861679829,37.1665714623685,12.427656421502,0.502494525516675,38.005670717556,1.17436491668831,2.48606503556299,47.8072640065682,21.8335513068134,3.78246019085407,18.8828782332517,89.0085629814571,4.88551048745397,1.01015291723021,0.502009868421855,0.501218645615673,1.00972080745612,13.19310764065,1.078904756111,20.7962397597322,24.7484598862309,2.13385261356914,32.4006391604489,15.4041937594892,0.503199208438621,37.1816153459344,7.35835740354927,0.508908319416921,33.2638621170489,5.63308947234296,0.502127987851195,35.2440261744784,4.07417407512659,6.95631081826823,50.2309376194404,5.31544695192009,5.30972658028333,29.9207577443536,4.46424172189185,1.13419712563128,48.6558588794903,93.8521354830137,0.500000078699464,1.00000279899229,0.50000062930063,0.500000334835402,1.00000355646834,89.7143411090901,4.03625501722734,1.71232597023762,0.670498396646974,0.530115449459197,1.72943334565792,2.60124120487813,0.53666122889543,36.5385201259353,6.01653363961822,0.57687637547061,47.9513217651797,11.762446176637,6.28911933615321,16.9926626033161,2.79383172635233,0.766176377254088,24.1643866749517
