Cancer_Cells_Patient_011,Regulatory_T_Cells_Patient_011,Effector_T_Cells_Patient_011,Macrophages_Patient_011,Endothelial_Cells_Patient_011,Fibroblast_Patient_011,Cancer_Cells_Patient_030,Regulatory_T_Cells_Patient_030,Effector_T_Cells_Patient_030,Macrophages_Patient_030,Endothelial_Cells_Patient_030,Fibroblast_Patient_030,Cancer_Cells_Patient_032,Regulatory_T_Cells_Patient_032,Effector_T_Cells_Patient_032,Macrophages_Patient_032,Endothelial_Cells_Patient_032,Fibroblast_Patient_032,Cancer_Cells_Patient_046,Regulatory_T_Cells_Patient_046,Effector_T_Cells_Patient_046,Macrophages_Patient_046,Endothelial_Cells_Patient_046,Fibroblast_Patient_046,Cancer_Cells_Patient_048,Regulatory_T_Cells_Patient_048,Effector_T_Cells_Patient_048,Macrophages_Patient_048,Endothelial_Cells_Patient_048,Fibroblast_Patient_048,Cancer_Cells_Patient_053,Regulatory_T_Cells_Patient_053,Effector_T_Cells_Patient_053,Macrophages_Patient_053,Endothelial_Cells_Patient_053,Fibroblast_Patient_053,Cancer_Cells_Patient_055,Regulatory_T_Cells_Patient_055,Effector_T_Cells_Patient_055,Macrophages_Patient_055,Endothelial_Cells_Patient_055,Fibroblast_Patient_055,Cancer_Cells_Patient_060,Regulatory_T_Cells_Patient_060,Effector_T_Cells_Patient_060,Macrophages_Patient_060,Endothelial_Cells_Patient_060,Fibroblast_Patient_060,Cancer_Cells_Patient_063,Regulatory_T_Cells_Patient_063,Effector_T_Cells_Patient_063,Macrophages_Patient_063,Endothelial_Cells_Patient_063,Fibroblast_Patient_063,Cancer_Cells_Patient_068,Regulatory_T_Cells_Patient_068,Effector_T_Cells_Patient_068,Macrophages_Patient_068,Endothelial_Cells_Patient_068,Fibroblast_Patient_068,Cancer_Cells_Patient_088,Regulatory_T_Cells_Patient_088,Effector_T_Cells_Patient_088,Macrophages_Patient_088,Endothelial_Cells_Patient_088,Fibroblast_Patient_088,Cancer_Cells_Patient_101,Regulatory_T_Cells_Patient_101,Effector_T_Cells_Patient_101,Macrophages_Patient_101,Endothelial_Cells_Patient_101,Fibroblast_Patient_101,Cancer_Cells_Patient_103,Regulatory_T_Cells_Patient_103,Effector_T_Cells_Patient_103,Macrophages_Patient_103,Endothelial_Cells_Patient_103,Fibroblast_Patient_103,Cancer_Cells_Patient_111,Regulatory_T_Cells_Patient_111,Effector_T_Cells_Patient_111,Macrophages_Patient_111,Endothelial_Cells_Patient_111,Fibroblast_Patient_111,Cancer_Cells_Patient_115,Regulatory_T_Cells_Patient_115,Effector_T_Cells_Patient_115,Macrophages_Patient_115,Endothelial_Cells_Patient_115,Fibroblast_Patient_115,Cancer_Cells_Patient_122,Regulatory_T_Cells_Patient_122,Effector_T_Cells_Patient_122,Macrophages_Patient_122,Endothelial_Cells_Patient_122,Fibroblast_Patient_122,Cancer_Cells_Patient_132,Regulatory_T_Cells_Patient_132,Effector_T_Cells_Patient_132,Macrophages_Patient_132,Endothelial_Cells_Patient_132,Fibroblast_Patient_132,Cancer_Cells_Patient_143,Regulatory_T_Cells_Patient_143,Effector_T_Cells_Patient_143,Macrophages_Patient_143,Endothelial_Cells_Patient_143,Fibroblast_Patient_143,Cancer_Cells_Patient_160,Regulatory_T_Cells_Patient_160,Effector_T_Cells_Patient_160,Macrophages_Patient_160,Endothelial_Cells_Patient_160,Fibroblast_Patient_160,Cancer_Cells_Patient_162,Regulatory_T_Cells_Patient_162,Effector_T_Cells_Patient_162,Macrophages_Patient_162,Endothelial_Cells_Patient_162,Fibroblast_Patient_162,Cancer_Cells_Patient_164,Regulatory_T_Cells_Patient_164,Effector_T_Cells_Patient_164,Macrophages_Patient_164,Endothelial_Cells_Patient_164,Fibroblast_Patient_164,Cancer_Cells_Patient_181,Regulatory_T_Cells_Patient_181,Effector_T_Cells_Patient_181,Macrophages_Patient_181,Endothelial_Cells_Patient_181,Fibroblast_Patient_181,Cancer_Cells_Patient_194,Regulatory_T_Cells_Patient_194,Effector_T_Cells_Patient_194,Macrophages_Patient_194,Endothelial_Cells_Patient_194,Fibroblast_Patient_194,Cancer_Cells_Patient_199,Regulatory_T_Cells_Patient_199,Effector_T_Cells_Patient_199,Macrophages_Patient_199,Endothelial_Cells_Patient_199,Fibroblast_Patient_199,Cancer_Cells_Patient_201,Regulatory_T_Cells_Patient_201,Effector_T_Cells_Patient_201,Macrophages_Patient_201,Endothelial_Cells_Patient_201,Fibroblast_Patient_201,Cancer_Cells_Patient_204,Regulatory_T_Cells_Patient_204,Effector_T_Cells_Patient_204,Macrophages_Patient_204,Endothelial_Cells_Patient_204,Fibroblast_Patient_204,Cancer_Cells_Patient_209,Regulatory_T_Cells_Patient_209,Effector_T_Cells_Patient_209,Macrophages_Patient_209,Endothelial_Cells_Patient_209,Fibroblast_Patient_209,Cancer_Cells_Patient_215,Regulatory_T_Cells_Patient_215,Effector_T_Cells_Patient_215,Macrophages_Patient_215,Endothelial_Cells_Patient_215,Fibroblast_Patient_215,Cancer_Cells_Patient_218,Regulatory_T_Cells_Patient_218,Effector_T_Cells_Patient_218,Macrophages_Patient_218,Endothelial_Cells_Patient_218,Fibroblast_Patient_218,Cancer_Cells_Patient_219,Regulatory_T_Cells_Patient_219,Effector_T_Cells_Patient_219,Macrophages_Patient_219,Endothelial_Cells_Patient_219,Fibroblast_Patient_219,Cancer_Cells_Patient_221,Regulatory_T_Cells_Patient_221,Effector_T_Cells_Patient_221,Macrophages_Patient_221,Endothelial_Cells_Patient_221,Fibroblast_Patient_221,Cancer_Cells_Patient_223,Regulatory_T_Cells_Patient_223,Effector_T_Cells_Patient_223,Macrophages_Patient_223,Endothelial_Cells_Patient_223,Fibroblast_Patient_223,Cancer_Cells_Patient_224,Regulatory_T_Cells_Patient_224,Effector_T_Cells_Patient_224,Macrophages_Patient_224,Endothelial_Cells_Patient_224,Fibroblast_Patient_224,Cancer_Cells_Patient_231,Regulatory_T_Cells_Patient_231,Effector_T_Cells_Patient_231,Macrophages_Patient_231,Endothelial_Cells_Patient_231,Fibroblast_Patient_231,Cancer_Cells_Patient_249,Regulatory_T_Cells_Patient_249,Effector_T_Cells_Patient_249,Macrophages_Patient_249,Endothelial_Cells_Patient_249,Fibroblast_Patient_249,Cancer_Cells_Patient_266,Regulatory_T_Cells_Patient_266,Effector_T_Cells_Patient_266,Macrophages_Patient_266,Endothelial_Cells_Patient_266,Fibroblast_Patient_266,Cancer_Cells_Patient_273,Regulatory_T_Cells_Patient_273,Effector_T_Cells_Patient_273,Macrophages_Patient_273,Endothelial_Cells_Patient_273,Fibroblast_Patient_273
37.32,8.12,9.4,1.09,2.67,13.41,45.65,9.41,3.15,4.36,3.85,20.58,53.55,6.09,1.21,2.28,4.5,10.37,49.1,5.62,11.22,5.7,2.64,25.72,29.65,2.17,7.13,10.18,1.6,40.17,43.85,3.35,5.13,2.56,3.45,29.83,29.65,3.57,4.92,2.28,0.506,62.24,13.09,13.57,3.83,36.13,2.65,10.54,73.63,2.57,4.45,2,2.65,19.26,85.38,1.57,0.83,2.13,1.96,10.93,56.84,3.48,2.83,4.13,7.65,19.54,16.84,37.48,22.83,7.13,3.65,20.54,50.84,4.45,6.83,7.65,3.65,20.54,3.22,14.61,60.99,6.65,1.65,16.54,73.36,1.48,5.03,3.49,1.65,14.89,76.69,1.48,3.83,1.82,5.65,11.63,62.26,1.34,4.81,1.53,2.98,28.06,33.38,6.74,21.82,11.75,7,19.32,49.8,8,14.72,5.96,4.68,16.84,60,2.67,8.13,6.42,2.7,20.14,70.23,1.95,4.92,9.12,2.9,10.84,43.13,8.13,8.86,6.57,3.6,29.56,64.16,7.53,8.91,10.09,2.18,7.59,55.68,3.77,3.89,0.98,1.64,39.25,4.13,19.82,47.06,11.69,2.52,14.78,41.6,3.47,16.94,17.14,2.16,19.4,26.87,13.58,33.33,15.52,1.2,9.57,52.74,10.46,19.82,12.09,0.8,23.33,33.15,6.97,35.92,18.32,1.64,4.09,12.12,5.24,49.02,12.84,3.68,15.09,27.87,48.7,11.47,3.9,2.14,6.78,22.87,2.57,29.97,1.83,8.39,34.34,33.15,6.97,35.92,18.32,1.64,4.91,82.07,4.09,2.56,1.4,2.69,9.33,35.14,3.55,40.4,10.3,0.65,10.05,57.62,4.01,21.06,7.66,3.07,6.57,11,4.89,53.92,12.95,1.55,15.68
36.5944026355314,6.80346122786839,8.73173818789998,0.995700497824733,2.21088133525511,7.1043073621352,52.6681215965127,9.10207826494592,2.64467374829736,3.46238733441014,2.94930258294082,8.95111604822885,49.7461020236706,5.65753619512418,1.12506220040726,1.70084517661056,3.51148622947719,5.50532911715293,55.039838452465,5.47636309877931,8.85315071880335,5.01525792346063,1.90064022738207,10.6740258699382,43.9205256411019,2.03783827950901,5.5278858240144,9.27624413827213,1.09266426591475,24.6727786105443,56.6706351732665,3.02184307754806,3.51186921142489,1.90574454772941,2.49353618751902,16.341842957535,48.6064046579484,3.54112517815745,3.75623893809339,2.10453296280329,0.501508195023436,35.9308208936798,15.734501336314,11.2169493310423,3.80705382960378,31.7838225514206,1.33768333182178,9.48087432362341,76.1272591065878,2.56518951916863,2.45877331907308,1.49005993075667,1.94792068501401,7.40504028149085,84.7489923045492,1.53625128940029,1.00375498956374,1.35151110830632,1.25975684273527,3.60078720993918,58.5869686686324,3.360333620653,1.88912601266401,3.34376303545033,5.87917073823858,9.63972295090569,14.6920379588016,32.2783517715762,20.6462839018584,5.87370716408222,3.3284205634838,16.4294734574312,54.1561171256463,4.40455384014603,4.34581916210561,5.46599185415926,2.89548719454788,10.7781867972277,1.80935452696995,13.2668435334595,52.7464465831517,6.28010734742048,1.72129750319951,15.9398705141254,75.4451158591522,1.44058736358226,2.6920487074736,2.42879257998789,1.50638628792324,5.44235611762493,78.7667959573875,1.44817910364821,1.97996072825792,1.31850750351124,4.83895255122446,4.13809042409276,64.3365762432873,1.28499144316269,2.64605390195443,1.03718780100762,2.69374553723118,11.0491996094499,36.5891441102275,5.92987215435924,14.0528279635639,9.89012312372014,5.50590816447786,11.9652343608824,45.155267526722,7.61439480257135,9.3193658176449,4.60008884120404,3.45655266665139,9.45309070164325,67.5831388721312,2.84539536442791,5.24288790288619,4.90190128707295,1.78896683444283,7.47625716180815,63.8768187358761,1.97829063949471,2.77462799550594,6.57595882971738,2.16709342007401,4.60362476970162,46.9743074083137,8.14874510071715,5.95334142859412,4.88540242044977,2.68427446568491,16.2266620850559,54.2386578320204,6.54426414414974,4.95101619530038,6.54592321399327,1.62252088549636,3.42038966412377,67.1448890590021,3.89168354725696,2.28345230495097,0.764812446400661,1.22960450198495,17.5929643042783,3.63113974283253,16.9697798742736,38.8980182512001,12.1694693228569,1.86741158939539,15.0009050255215,40.9109730830252,3.26877427627899,11.4719774687447,12.8395164879281,1.66446553016231,11.4432658229242,18.8852612325066,13.1635981069447,26.0270152707383,13.0535290103017,1.09667745719127,7.47563180999309,56.3543982649651,9.52361236135918,11.728536310079,9.85093413372953,0.69006927430234,11.0094106238977,23.2590269154859,6.50085806863273,27.0343991507913,16.4874374515666,1.23388594780722,3.15154928143491,9.54631001752835,5.04022952247117,44.590441741265,12.9148526590996,2.9098004026637,14.9541725012935,22.3174014851536,47.2825666879504,10.0136241517484,2.91556976072718,1.56266239896683,5.23768736008494,26.5404947249496,2.53728145783867,24.5935068802948,1.94052173406283,6.58540816420561,28.0133810890954,24.5195790780208,6.27474221467281,26.9644833869975,15.8801387439352,1.31910823940724,3.70641550597151,73.6597741158768,4.30140462747135,1.24128484699963,0.963225657260817,2.13382704312272,3.49901606631516,22.8755185866339,3.75077515339958,29.0132824822427,8.58313208028641,0.613507236978854,6.82709157687574,48.1764220764331,4.02952592181343,13.7868264422188,5.81641451602761,2.76253281208794,3.30256790686352,8.15902317023119,4.70758780684903,47.3530462102414,12.8289646942825,1.40313434606815,15.1105869685009
33.6689865992313,5.71790776446177,8.19529388952903,0.908981809700534,1.91739734681253,4.10606251108106,51.7063534367087,8.81555797987697,2.19609440057188,2.69506681548847,2.28531060691505,3.78130511869046,43.9316397924032,5.28331110776087,1.07505430440307,1.28383591707857,2.86843642693994,3.13219323891641,51.3718183721639,5.35911394171377,7.10848604665272,4.2853221096164,1.43412015701492,4.47251602625724,53.0497644379311,1.92071378851013,3.78746740953961,7.74540930398858,0.773522046319871,13.0401871131846,62.7652789314062,2.7330138674327,2.17691400906768,1.30804633662866,1.85710272240172,8.01660793775844,56.986876401238,3.51582331464232,2.46873949243967,1.72761453894983,0.509436536292235,17.6816118114999,18.188330427318,9.52399437280342,3.71319626939488,27.3873791741995,0.720138677158932,8.26537999206728,71.2743452267618,2.56013086121608,1.40331318853187,1.0891259743656,1.49174312418816,2.97022342312537,78.8762076205826,1.50393758856155,1.08844020088204,0.860042889036797,0.837799112921629,1.27264939240579,54.6195235997462,3.24155065524873,1.29523501225811,2.62968073417827,4.7901626943769,4.90512911957799,12.3437750330028,28.2092993020686,19.4511734942483,4.88017953901421,3.14812054481802,13.6060828960267,52.4493326005524,4.37358912270127,2.78871581418212,3.81201564793136,2.38012328899098,5.69363778085213,1.09303401108808,12.0950363353428,48.0695346392578,5.88831224298526,1.80782879316183,15.6175205795092,72.274540860462,1.40577341324154,1.4726332327574,1.67604209141159,1.41231032973902,2.10481782280257,76.4063146850283,1.41665673740013,1.04016604665915,0.944175597346811,4.27692084038693,1.51704421059124,57.3978086631077,1.23314355653142,1.52632782809237,0.693480642092753,2.56085617158794,4.60844780413767,38.9610882194874,5.26890155838591,8.95343491525412,8.23172999995361,4.49358014582225,7.22467056656133,39.3476474592836,7.27423348540752,6.48649518803836,3.59924456027415,2.67892141390963,5.79451936117218,68.3813228877936,3.03063871692909,3.31578012103538,3.64960505870003,1.21102943677392,2.68893047429036,55.2900136243244,2.00862921078989,1.73371507942386,4.85044831481474,1.69003056279597,2.21486907342383,44.8657040232803,8.15873018829107,4.02043426245332,3.53713579321581,2.08662153700317,8.96857721601214,44.8532857419331,5.72453137869232,3.11423788320622,4.39281378631948,1.26755406764756,1.79469492574353,64.9785781398622,4.0083960666436,1.28992396045012,0.566488117530866,0.963375588344458,7.72672048827023,3.48554288187007,14.5021944323557,32.2414861423422,12.5146784146768,1.41457712971641,15.21463706332,38.0204014006865,3.10511129552076,8.10099438475788,9.50575117535,1.32904129278343,7.11370155212206,13.6529527851459,12.8647636459656,22.318157724184,11.1458503023617,1.03346256592301,6.4811720713568,56.3157106906422,8.77325925569138,7.00580018339288,7.76052810149335,0.617085606714003,5.26797008253951,17.2047486073476,6.10382961392727,22.8294204005362,15.1393227175046,0.958411262461579,2.73148541844203,7.82893244981433,4.83401773384975,41.9704949904958,12.9984344396855,2.31820846502322,15.2160986045692,17.6856793895755,45.8791123793344,9.31065744292991,2.23245012368849,1.18282234825309,4.3655660423483,29.4444794029984,2.48182249818019,19.8301368355875,1.96761206827739,5.2909748698795,21.8707988504942,19.0658098728611,5.70125697488829,22.5206564154191,14.0028063737781,1.09402563880574,3.11151605230261,63.6437115850278,4.50238239450283,1.01416247298387,0.685341344861185,1.7659298044466,1.52133867532127,15.6678884558756,3.97709364619355,23.6489320172414,7.29791998754582,0.59964278136665,5.35692353376381,41.1241895607386,4.0606458883236,10.0744646885672,4.51889528285178,2.57216018703796,1.88292190369086,6.39219909049684,4.53430736032054,43.3282823162388,12.6888147654332,1.28213508587751,15.054216447478
30.1725707165942,4.81804097813705,7.82162428755237,0.836451213130149,1.71486284918063,2.56737639661363,47.4978639810327,8.54924814646433,1.85345014462901,2.11296407261076,1.80135286600306,1.70306564537045,37.8131096988679,4.95716326620634,1.06079058746302,0.987870075842494,2.42527196634152,1.93532249669646,44.6836228981485,5.26193191106682,5.95417319553877,3.67940439224248,1.12047259095306,2.09144382311779,56.2729080068905,1.81849856085123,2.45332274042812,6.18201980894983,0.569361812901305,6.42743849374497,63.9584770572076,2.47821408415923,1.30580869688695,0.863851569147996,1.41884232351709,3.79954566547141,55.2862917825414,3.494552441805,1.58707748424395,1.35802914967023,0.501448843395567,8.59751076940879,20.2488212541056,8.27115860464036,3.56715463840902,23.2715385845076,0.502368934212412,7.03650280798464,64.3986329803619,2.55501106012551,1.00253037372001,0.808260483735802,1.1814944039309,1.31093217077962,72.3560629510625,1.47295410110754,1.06206309536331,0.560398286534202,0.572531725128283,1.08679829281576,48.9337000504354,3.12688926640432,1.01823461243814,2.07455311209407,4.08818208762398,2.69777579959029,10.0662042789755,24.9427011952742,18.9666345133922,4.10048960598058,3.06180601417969,11.6777300301939,48.5062478718276,4.35286746401262,1.86912917686555,2.66374835759794,2.0150808236161,3.16866425236756,1.0241953590557,11.0632642499957,45.1035004490835,5.49832581469632,1.90585407426253,15.4159366466668,67.7854461615055,1.37423513377826,1.00750506530436,1.1730966495586,1.35178612482994,1.01198592153932,72.7463620356032,1.38552168702884,1.05311776633176,0.682611383630228,3.87173973884614,1.08428079081168,48.5747221117537,1.18406730997124,1.01344941320902,0.505938816821875,2.5294843219523,2.17923054600259,40.6977731819431,4.72131316964262,5.65455783531826,6.84049760421361,3.76053745072612,4.27667505277805,33.6323413138008,6.97125381077277,4.91413004446367,2.8820845558522,2.15148682121882,3.88685725882034,66.9804943405927,3.22504394457039,2.14062277708017,2.72843911236886,0.831633594635716,1.03584518477306,46.976263045312,2.04025279893376,1.20310847041488,3.69875510613418,1.3634929518851,1.21430998070955,40.0699412250148,8.16510234540266,2.85324210865689,2.57283083577637,1.67868019021129,5.27803650942851,36.7407792682178,5.02946239003405,2.17946697056609,3.0552128653091,1.02747197459348,1.07627830942809,57.9151000807714,4.12151732049701,1.01213392813944,0.503620818692136,0.783988817056668,3.7209531079935,3.59579847714997,12.3817366514952,26.7148388731284,12.7354021628477,1.09057282490659,15.3755404625989,34.2812807693184,2.96871975641427,6.02588553479894,7.06686477977739,1.09130309142001,4.71807486819302,10.0015496038361,12.6487559802133,20.3524265054612,9.64023582252601,0.993815526826871,6.02839046043172,54.7853344323038,8.1592571523498,4.29998874353994,6.07018965483234,0.565876097215915,2.60341667719048,13.0416295233465,5.76099699476665,20.7056296183825,14.1229340876023,0.760476128970916,2.55519514496565,6.61217247258003,4.62608473949177,40.4007200949537,13.1062905193364,1.85515575992107,15.7454134548413,13.899187740748,44.5061979128395,9.10352294262886,1.7467058423782,0.921506459908286,3.87332684844782,31.3127295580164,2.41195101252157,15.8362542428483,1.92484247306291,4.34184256401196,16.5945359129762,15.1766016618398,5.2177866908295,20.1429273448372,12.5275274204453,0.926897468291087,2.80597513382203,54.4100145959596,4.69364789502453,1.00127930499769,0.508056211475501,1.51082650521078,1.00176300197064,10.9933749081665,4.22543736277283,20.8176544256001,6.30018625513634,0.598076658198696,4.59699118064173,35.5472664565367,4.09990355517196,7.98386082334444,3.58805138898131,2.45180768767118,1.1815217292253,5.20543253559052,4.36865372144708,40.7073499951667,12.5516006866179,1.17826216006819,15.3143782748092
26.7578891225505,4.06822295931666,7.59671303223432,0.777888602963716,1.56832043711145,1.71963442388601,42.550777493536,8.3007816083539,1.60377126707561,1.68448517153091,1.44518233740184,1.0347936658937,32.0996081036689,4.67061939755569,1.07975700575067,0.775917955652748,2.10663261840225,1.29630088310244,37.829138357311,5.17873262274868,5.21371714899413,3.21148307529965,0.89943046335377,1.11406784877118,55.8488681392079,1.7289929347707,1.58276062247231,4.87618500812636,0.501541897804998,3.14921060377039,62.6517314110624,2.25227759379627,1.00563599794723,0.563796143818919,1.10677870231582,1.81986888188373,49.3265466854493,3.47649745913828,1.07790795066985,1.07336213489904,0.504834693720205,4.51732312851831,21.7943732135165,7.32155671883138,3.39170963786404,19.6192737710736,0.529755883900973,5.8977497536051,57.366515992596,2.54969266780584,1.01912582645682,0.615874131484292,0.962073199953991,1.03481011029599,66.6296799529246,1.44316119355344,1.07482182302958,0.525441863463101,0.523091151733059,1.10551698046908,43.1831216276275,3.01722781366527,1.00588697896571,1.6616901020807,3.61777923176452,1.61803819560092,8.00909029939626,22.2641938940994,19.0082350542722,3.48779939670931,3.0419400537214,10.3642747297829,43.9049796850303,4.33880176266128,1.32411905920275,1.88670685498567,1.74824297347146,1.88825639005595,1.06711194336654,10.148970482821,43.0363652579558,5.11776118736973,2.0131011787963,15.2424309045343,63.3972555591955,1.34502804095434,1.04726181580623,0.838514084272757,1.31407450113956,1.07707369383014,69.1215435895437,1.35480185740095,1.0072273475596,0.503297720698598,3.56844518989042,1.00740111673784,40.2386342074648,1.13720725505034,1.00674237027593,0.50358353997625,2.57219101274265,1.17366017671024,41.9924573313059,4.26065437085521,3.54548364950249,5.702740808031,3.20246794009314,2.49170236833533,28.4656081575107,6.6988455194291,4.0043211112849,2.36482822656822,1.77586325711262,2.83189057794724,68.6360548170583,3.42716874493903,1.41036400449459,2.07671262686044,0.567376434829643,1.39249563462624,39.6645516801114,2.07252957736947,1.00186747898735,2.91562520138107,1.13015000139188,1.00342509524705,34.6049458620888,8.16883504914542,2.15986989186559,1.90528574725467,1.38878350399783,3.37088827415764,30.0092381164151,4.43259727658252,1.6663741972827,2.19506769555142,0.856996073583952,1.00339929545852,50.2010620739503,4.23080969058269,1.0582288569431,0.519178487378569,0.657923649772775,2.01697786124885,3.9355580806609,10.5679415821605,22.0733460457234,12.8394785730279,0.852881342115974,15.4460574758293,30.4006195023467,2.8519369605804,4.72510226664019,5.31269543500639,0.916394918389075,3.34247852485854,7.37091038145759,12.493187576945,19.3661358408223,8.42888490515803,0.969081692232488,5.89294168011565,52.7238727679828,7.64580453272578,2.72394034580094,4.76801931226822,0.528741826425284,1.33571287052601,9.99746246491804,5.46046727862283,19.7088809255078,13.3483112843973,0.612747331440861,2.52288568469113,5.71711846359084,4.41962467194469,39.4877337212396,13.2484832455218,1.48817220469978,16.4729761810615,10.8396077035074,43.1709650181888,9.26011275020747,1.39292904877264,0.735140354455964,3.61508488139447,32.1854641877384,2.33333729056313,12.6356615835273,1.83522877473994,3.63016064218107,12.4201198617801,12.2116673804074,4.80330401974977,18.9060497425428,11.3506430339219,0.797941893370916,2.66766622173646,46.7232497070155,4.87520868170255,1.05886566222705,0.520137159962289,1.32531669537302,1.08286664179179,7.806005149293,4.49394682165809,19.2745964679858,5.50166935028204,0.604008175600367,4.18815208862208,30.9934512759404,4.14526921559003,6.74176250653788,2.90538015340551,2.37779357930221,1.01762764659978,4.36764586983641,4.20962844421384,38.9404896050387,12.4301059773517,1.08652989857476,15.7946302160433
23.6448385568303,3.44061361908889,7.49859388752238,0.73129430303685,1.45898557467741,1.2220852240606,37.9925391288459,8.06795634630009,1.42288005375834,1.36788705007321,1.17744606862734,1.08290757051664,27.0306609060507,4.4168796085084,1.13011753616007,0.62137690204083,1.86989786749054,0.934133107594666,31.6605736717728,5.10511091959917,4.74867402729489,2.85625849140402,0.737850522891879,1.03188191539868,53.7655609048234,1.64996025235931,1.04411600893117,3.87080830412761,0.502897273992576,1.58606600982007,60.1426726594769,2.05059302968786,1.00073276610069,0.500329926998607,0.87776307213833,1.00107390682121,42.483349415626,3.4606812930776,1.01310449084344,0.869080878266548,0.502715021871571,2.63400483325038,22.7796361978118,6.5837161349477,3.20877116537301,16.4574119829938,0.505764351131349,4.90162661469779,51.0174443868419,2.54416522259012,1.02066331460483,0.508277349135472,0.800929050457768,1.03927658150014,61.6496178907771,1.41454167521245,1.02059787870567,0.507304244538055,0.506758700831433,1.02927529770293,37.9469572339818,2.91275110579531,1.00207637545216,1.35572404833081,3.29409742606428,1.05316002822511,6.23737707444395,20.0292274465419,19.4456292884575,3.00322346946959,3.07140463517303,9.47603250379982,39.3474564430729,4.32893921640364,1.04962714090463,1.35983723966809,1.54801191242904,1.20713147733628,1.01663775106652,9.33455306667102,41.5580903644444,4.75519246789279,2.12925319600078,15.0946130915584,59.4026471615548,1.31762589938533,1.05246292818298,0.611604263236008,1.2936459389618,1.08745220482772,65.6809459538758,1.32441002040701,1.00474987738127,0.501349038918264,3.33944461427831,1.00778144409023,33.0616427126055,1.0924148390883,1.01845547168921,0.51214974804239,2.67335895910796,1.03741356844171,42.9877546859816,3.86770169064599,2.20944873422382,4.77952287785098,2.76137556412237,1.43279152904824,23.9618082694201,6.4519746690699,3.46989040944906,1.98494584330155,1.4978784088633,2.2182824588156,67.828852083606,3.6358932844681,1.01536597630239,1.56547053186661,0.506757241324894,1.03665703510339,33.4748538037972,2.10499246558295,1.01189588775309,2.36853108373274,0.95664971892883,1.02556150376477,29.3673545682403,8.17005130989648,1.74387202306356,1.44173967998938,1.1754510218745,2.33689081040151,24.5325162032214,3.91569667456389,1.3686951302881,1.62145450695523,0.730840097692631,1.01425242482551,43.2266794510785,4.33692870419108,1.00193422895899,0.500704894314835,0.565954311564128,1.22282007089952,4.51889539301315,9.02097627926586,18.1430030169005,12.8316950972307,0.674818133231476,15.388655043724,26.704818530451,2.74949539246109,3.89258467242748,4.04878769440379,0.783709210147951,2.51944885912012,5.44422456445129,12.3827585513147,18.9900076828493,7.43783737787482,0.95414135705946,5.97109523351707,50.5827176811641,7.2080964946418,1.78020558589286,3.77854045264772,0.501279390415549,1.00826370269551,7.69437481458723,5.1937363493076,19.4098298863641,12.7582328545877,0.521157124820243,2.59246723603394,5.04412309602947,4.21674337048478,39.0033692186195,13.4317716764432,1.19485518231999,17.3561267135197,8.38695175461134,41.8759587966664,9.71247297824157,1.12955684717282,0.598214350840702,3.51396060075852,32.2752673071653,2.24977926954955,10.1461862175051,1.72099670442582,3.08463402055567,9.28008623710478,9.86239174614804,4.44307089654398,18.3883014919933,10.4016807270363,0.695531982312276,2.64218512855097,40.3548170119562,5.04687477513446,1.01065212452066,0.504010631148417,1.18582573275195,1.01528566116159,5.57282437693502,4.78143051502834,18.4725685829475,4.84663777290924,0.614759417898109,3.97777124386323,27.2494712196782,4.19547955268596,5.99010133861503,2.39410025784129,2.33540913937378,1.00944995072254,3.75679779666596,4.05648035953777,37.7274373516426,12.331975486914,1.00383026853163,16.4407850888013
20.8809382670646,2.91331596336779,7.50812922012286,0.69454265297809,1.37576484495807,0.94261650582916,33.9636365794774,7.84897118363506,1.29071492684631,1.12951145630099,0.972103147971785,1.05206650281222,22.6762845359635,4.19014735724625,1.21141459103844,0.604049971255832,1.6882781176695,0.907258436058073,26.2619404224281,5.03803297378383,4.47137560530662,2.58642473413644,0.616659699694165,1.00398477773514,50.9663988815138,1.57907723369094,1.00190380519167,3.11285232637711,0.500052822399983,1.01971687724982,57.5045280521249,1.86944656175321,1.0565607127906,0.526645649750155,0.704068066061394,1.08369610865757,36.0017521327699,3.44632780338774,1.00919336866519,0.723979073658992,0.502101706112546,1.70258905087323,23.2251813359083,5.99715051227832,3.03636117943059,13.7666704802821,0.509835599114465,4.06685497697669,45.3563104272502,2.53812396045683,1.00726697525387,0.503320263579539,0.678935917889692,1.01554422580809,57.2849107401151,1.3870448410028,1.05623786139401,0.520904605553845,0.519740659782299,1.08065811701144,33.4309119380932,2.81339347035214,1.00492502846024,1.12642987999655,3.06668385089359,1.01594809251182,4.76425401856607,18.1370227909281,20.1786490558258,2.61647877672081,3.1388316778388,8.88653931857904,35.0823702982559,4.32160605412462,1.00761039898081,0.998298653128318,1.39432088087788,1.01253103147247,1.0507177454524,8.6058219037717,40.4845970554874,4.41481209550013,2.2539426982139,14.9719339454367,55.7778254017136,1.29168943066269,1.01064923505799,0.503980227873155,1.28767533333149,1.01814766795606,62.4519478009099,1.29431690582052,1.05856561202917,0.5170691619459,3.16668749576319,1.09773210555953,27.1685147660536,1.04973218045264,1.0059366828732,0.505039523824151,2.82184006501237,1.01379164013544,43.799102763082,3.52842646905611,1.36942151023646,4.0298319916953,2.40261745031156,1.01227198002437,20.1032566993197,6.22677741142664,3.16544265894904,1.6999509385866,1.28558926501006,1.84909387589316,66.4521971605418,3.85081898962064,1.05112265812291,1.19050387767774,0.523182102967852,1.12436692080097,28.2512522674296,2.13739911516226,1.00208519610459,1.97405446008872,0.823915516621331,1.00555868999189,24.68216605857,8.16883237513528,1.49293798401752,1.1142435480632,1.01363371429483,1.74581337771276,20.0639395695465,3.46537834467425,1.19119463517781,1.22546264431443,0.634564745429059,1.00339390280721,37.2879814981105,4.44044828313469,1.00263910207106,0.501111914332416,0.500723928781003,1.00401545160826,5.38849250012781,7.70405654560147,14.7938462579787,12.7130483568135,0.539051396988515,15.1623140909507,23.3262161418864,2.65783575837301,3.35261287817012,3.12885945534806,0.680440528186475,2.00880900786734,4.0217265597946,12.306549398864,19.0239256305246,6.61560012687755,0.945683634336876,6.21066956697306,48.6992694253656,6.8292806361444,1.19584972925177,3.02531262871654,0.500109800674014,1.00334046943808,5.92030462722007,4.95595214544136,19.5862600244567,12.315803020322,0.501222763412321,2.74653658245295,4.53346721918791,4.0187805992823,38.8028873635746,13.6607117247716,0.959076586127755,18.3640702949525,6.43365058160914,40.6222216811899,10.4267731658529,0.92966979139797,0.526049676178686,3.52803217729564,31.8284757502546,2.16381415017272,8.23961090765954,1.59859447091227,2.65768197587414,6.98063718137205,7.95917313980209,4.12636176122991,18.3726493663758,9.63108440334318,0.612302007666872,2.70382673494662,35.0235347692363,5.20910307498496,1.02832313969659,0.512113385005504,1.07834293988229,1.04178401838894,3.98479802844065,5.08696530908519,18.1352172800216,4.29861745115117,0.628629770343064,3.8913480257791,24.0801923395894,4.24974498898003,5.54890733180085,2.00275397545619,2.31718227207607,1.05678767237589,3.30274035818983,3.90860465621029,36.8888814941135,12.2617976863396,0.928113736995605,17.2185356079232
18.4791181633268,2.46892312904789,7.6105887646089,0.665946444590933,1.31062409801945,0.911084003142539,30.4000211253198,7.64237953100023,1.19385704954261,0.946491773606447,0.811931464257733,1.02788356290425,19.0058550384035,3.98568728356985,1.32446388667831,0.622135402431109,1.54462187156171,0.933287843867719,21.2091268876952,4.9753777772243,4.33266038096869,2.38042325986766,0.526082304647114,1.41830105489821,45.8020705797067,1.51063934340161,2.46534756557713,2.47698426788401,0.733025620174046,4.74629784856027,55.0211985283452,1.70641847289586,1.00469961213036,0.502304859908598,0.570028690056037,1.0070167005959,30.3059896859848,3.43302476380605,1.0075115265951,0.619495358857686,0.502026472478362,1.20695655261235,23.1976057686172,5.52128972504992,2.88712686840731,11.5090196772475,0.513124075712405,3.38925829084461,40.3170312204414,2.53155401530017,1.0287413435696,0.515994813096782,0.584490866471934,1.07046787662916,53.4288254239283,1.36060590362492,1.13330029406924,0.55216475968522,0.550290827804041,1.19316410401261,29.6337277901792,2.71895387536115,1.00615744944705,0.951510763505911,2.90428400006316,1.02963725291709,3.57404239551239,16.5152867217385,21.1234115578358,2.30461569014884,3.23614757682372,8.51100998562373,31.2806421959742,4.31577883416,1.01310724271353,0.746150039598638,1.27331171669075,1.02291539300658,1.04389279837929,7.95115179700245,39.6979096377656,4.09819971206672,2.38669399885463,14.8738309776103,52.498061990191,1.26678134255764,1.08155843499059,0.532159466494792,1.2940657974093,1.14283579293748,59.4240171249438,1.2646926016131,1.10392196120018,0.53112894795241,3.03796861901774,1.17685297974764,22.3394733410941,1.00916351737994,1.01755078347009,0.521714535138355,3.01235960833749,1.05128954627026,43.6153423755439,3.23249252075142,1.00497323998464,3.41259129500534,2.11637759254518,1.56122363911831,16.8265580897865,6.02022271063485,3.01392423611211,1.48155082648772,1.11913761755331,1.62492625295491,65.1297677700532,4.07022448984919,1.04922666017178,0.914083491926288,0.522995827251783,1.12202768137412,23.8491951524572,2.16962393197686,1.00596454553461,1.68118873821704,0.719871435272055,1.02580090652998,20.6252886639709,8.16533136640816,1.34500775000234,0.877726490680174,0.887597380698034,1.39222303486079,16.4060900034825,3.07135117377606,1.08668188077191,0.943806462412772,0.559188390925054,1.00856022421885,32.4023645710771,4.54259521212234,1.01763280918016,0.508589121241122,0.505552939239833,1.02890924202406,6.6096726936532,6.58544374925678,11.9267872551221,12.4811614299937,0.500665506979252,14.7248441927479,20.303418572417,2.57453258671721,3.00337168236853,2.4502100474297,0.598289070080316,1.6836023421079,2.96805276746799,12.2564936061344,19.3486177871901,5.92561324735645,0.941410980739664,6.58404034146008,46.9790421901844,6.49731314129259,1.00412031268383,2.4454700871147,0.500171318309247,1.00630029371051,4.54204808707349,4.74295896629314,20.1084881598461,11.9957698252314,0.515447608842306,2.9790128290543,4.14754608930748,3.82654212686142,38.78764244375,13.9381948667943,0.768869848129716,19.4709255068214,4.88847136004448,39.4195562021691,11.3873734589092,0.775462750578671,0.505870968955812,3.63493854479322,31.0525286254861,2.07714735986895,6.78620326598187,1.47824393515449,2.31715142574778,5.31393115108875,6.39905423827126,3.84514946495472,18.7363870393777,9.00317496360871,0.543334115152625,2.84101660571788,30.5211912349372,5.36222053276105,1.03698132825107,0.518469971657414,0.993849564344956,1.05663418457887,2.84691611532527,5.40969962683721,18.1079322338921,3.83291423229475,0.644426714598398,3.88870729974712,21.3348321871469,4.30759495305874,5.32422413517383,1.69768667195144,2.31854195063275,1.03020689188371,2.96253842697041,3.76549796983297,36.3098151873784,12.2222406988795,0.857980929184676,18.1033445700411
16.4084002905114,2.09345826438189,7.79439456274314,0.644070487852512,1.25832362082072,0.904811356984988,27.2417250114178,7.44698858355819,1.12337953622931,0.803498887129472,0.68511390892084,1.04448216076255,15.9145610505944,3.800236168383,1.47187067643297,0.637928934272617,1.42892299555803,0.946508340716424,16.0487664287793,4.91567348197668,4.31451645325826,2.226525123397,0.501971189725921,2.78691831207694,44.593498210247,1.45228151577178,1.81398800934571,2.09603076978542,0.603875228928983,2.76475303840251,52.691230490758,1.55943453948755,1.0227621262208,0.511654777628535,0.505940573390968,1.03431652334681,25.4521699093313,3.42050537462577,1.00370463142433,0.54275309821748,0.501368348726372,1.01140633051698,22.7848014305165,5.12811342706161,2.76876476551359,9.63448996818795,0.562207281540296,2.85159994783866,35.8410737235189,2.52460009499673,1.03170544227703,0.52311325816932,0.518319113857948,1.09298826183821,49.9978051326861,1.33516494397776,1.04507297827776,0.518420531510263,0.518051614453748,1.06590687828783,26.4092395374194,2.62918978999103,1.00065659658055,0.815358824751405,2.78901652617536,1.00720428175772,2.63619652913788,15.110893306413,22.2054360349145,2.05043061150461,3.35721542777971,8.29189016359403,27.9153691489778,4.31088249064593,1.01524323214724,0.566703769479487,1.17658418600992,1.02882519258316,1.03662617879929,7.36090048192655,39.118866301673,3.80543833075721,2.52691120073464,14.7997838592075,49.5298557822519,1.24277741594689,1.03441969335997,0.51423791010635,1.31137852339655,1.06180330445917,56.5853265003194,1.23565761556757,1.03232480813201,0.509928596056175,2.94463959419903,1.05600967002946,18.3814976607909,0.970692320168477,1.01545688294501,0.533956721134498,3.24106513879868,1.06793257903224,44.5334417128645,2.97183635515583,1.00696499391441,2.92460293355373,1.86190044774975,1.00834553978092,14.0571784570859,5.82987788226965,2.973194956186,1.31080921933229,0.985643716330787,1.49304536239335,63.8779390910869,4.29246184425642,1.04225938275202,0.707672760823918,0.52033053513461,1.10671932800111,20.1407443724359,2.2015914695971,0.999934112600919,1.45802054136771,0.636540025073101,1.04693209814072,17.1718333019793,8.15974806396442,1.26560982583387,0.703021133647918,0.787107892265358,1.17396791837699,13.4116718872187,2.72542216091076,1.03012035475922,0.738302967966335,0.505990404684881,1.01134277797057,28.3501005091343,4.64405732844096,1.00859923325106,0.505057228047367,0.503312790495477,1.01510342146078,8.26375470117305,5.63757316686334,9.46707282972505,12.1306386269399,0.506781747887636,14.03564309817,17.6313563163333,2.49789989572743,2.78471652415968,1.94227750004992,0.531683663365065,1.47427383880456,2.18739189184025,12.226464627947,19.8873444894972,5.34136290772727,0.939637320853858,7.07641968352337,45.240288629481,6.20278121226074,1.07920630504407,1.99595734568616,0.502539902965303,1.12237967205823,3.46839836826732,4.55006621958131,20.891681912971,11.7798892748271,0.524904066029906,3.28951524886995,3.86194628544363,3.64046844721382,38.8861960734811,14.2656613519671,0.615141052292584,20.6520362695034,3.67483105625392,38.2703910507752,12.5875909847562,0.654812263862557,0.506449442571446,3.82241017911095,30.0969821476308,1.99093745477609,5.67546883108911,1.36539187548124,2.04093820197728,4.10533870513996,5.11425909710922,3.59335928885991,19.4035623851359,8.49187813711941,0.513029318939475,3.05014401223192,26.690443746637,5.50649108991335,1.02561132918739,0.515362807014136,0.926308362852433,1.04122806181731,2.0290631303913,5.74874347059599,18.2970389821396,3.43227356580914,0.661247885318541,3.94651121430351,18.9172365440676,4.36876152544265,5.26574902317604,1.45623413323706,2.33645274768239,1.01052167484101,2.70879594081684,3.62673636986641,35.9122186382795,12.2146825068893,0.792461461989847,19.075425618745
14.6051398622339,1.77559019830458,8.05190310145199,0.627706228860153,1.21619518869719,0.903551438929923,24.4432278508481,7.26187479328913,1.07319576856907,0.690023935706818,0.610194423448058,1.03272773310652,13.3116523424851,3.63107246649084,1.6576838103445,0.623297594085169,1.33422667265361,0.923266617232132,20.0334478863287,4.85798002862913,4.29928079879842,2.13354390815321,0.501808081007219,1.16308658095279,42.7068700195074,1.39796306541592,1.36452105489513,1.77940412302696,0.517112781037561,1.65406823425917,50.5009939528898,1.42693877138807,1.0152302055437,0.508120314024304,0.504115529908783,1.0231739032327,21.4124073969205,3.40856118375196,1.00164105541432,0.502991203563556,0.501259028447707,1.00980593515173,22.0773528123237,4.79785277803888,2.6853547654262,8.08871264932006,0.540134592191324,2.43167775713553,31.8644697859272,2.51753779786437,1.00125991356574,0.501278447068354,0.501026357985938,1.00492179826605,46.925909134782,1.31066652809269,1.10904494689734,0.547065637675397,0.54701983306763,1.16134396987566,23.6459607315702,2.5438532460886,1.00190699203542,0.707486848966623,2.70915856459872,1.03285368126008,1.91397875432885,13.8839325822445,23.3575224231388,1.84102398394952,3.49706372901941,8.18937114825192,24.939018663431,4.30637983630444,1.00529552642063,0.507090990197639,1.09832093508112,1.01111729038738,1.06099497544522,6.8270101104908,38.6927400193343,3.5357549636297,2.67386825679859,14.7493399851896,46.8326769670032,1.21966335294443,1.08765767215883,0.538481328871104,1.33870725663472,1.16246331483646,53.9238528030828,1.20729706526949,1.08372220323091,0.526526071574594,2.8804084822797,1.14834976438506,15.1364306027731,0.934285294929873,1.00108559653045,0.506104327424616,3.50446266490252,1.01046059223699,45.1998116150923,2.740464852263,1.03476105914881,2.51595842869854,1.64429063189606,1.04182143060673,11.7228924638858,5.65375043194365,3.02002707741342,1.17486948957617,0.876459571835706,1.42433120857552,62.7040807547435,4.51594472906381,1.03579031020178,0.551835742370149,0.517724792770172,1.09205179046128,17.0152103200549,2.2332528553104,1.01381743418333,1.28397417489525,0.568508790869401,1.00868693851004,14.2602826082109,8.15229446374959,1.23536358199172,0.571183858828261,0.705304928694181,1.03771476814723,10.9598247429258,2.42133149240633,1.00755102270184,0.585045666473178,0.509400139592709,1.01215688820267,24.9447950971948,4.74474644969859,1.02006898276263,0.515516277892366,0.510327036256079,1.03954099888524,10.4308607452965,4.83060282397806,7.36095941752754,11.6510328516344,0.500498419729909,13.0566597150366,15.2860909003088,2.42683399887823,2.66044680549618,1.55668905537209,0.500466212352271,1.34140487815654,1.60983887517509,12.211699548358,20.5867095430653,4.84319835974809,0.939065499785928,7.67989429753955,43.4935487632713,5.93897455005607,1.00412545337833,1.64463276847738,0.500098903103308,1.0064329109913,2.63365426235725,4.37383064151427,21.8736165509673,11.6560477560144,0.500072353114894,3.6817135247213,3.6606496202155,3.46082967080276,39.044039817404,14.6431886695966,0.546539447317713,21.88248330761,2.72916812012941,37.1679993557518,14.0236436808181,0.559261394011292,0.505512962826026,4.08378341067276,29.0603869303283,1.90597837937629,4.82091667260943,1.26240331707829,1.81355040634532,3.22287413384668,4.05717614420491,3.36694661082041,20.3217949301612,8.07839362091263,0.50031309547381,3.3331251541636,23.4101335440048,5.64215643239647,1.01678931749549,0.512750641744141,0.871545730174362,1.0291126112618,1.44113168549927,6.10310225788785,18.641940846548,3.08427099867153,0.67837069383199,4.05039774868978,16.7618803467449,4.43310947685735,5.34738596869628,1.26263516363106,2.36883257391828,1.03859774075057,2.52355619332043,3.49196304008873,35.6404539843344,12.2395626036651,0.730881672619732,20.1169588438496
13.0212982581217,1.50605592620406,8.37848914487426,0.615983263939053,1.18227269413055,0.904819980632745,21.9516917310417,7.08706392070282,1.03906292982644,0.59871431179716,0.602483561357784,1.00716996191941,11.1205337217564,3.47589772171393,1.88725506470793,0.610237584584772,1.25560260800548,0.908024393883442,16.8184164614776,4.80264937498691,4.29555946678701,2.01043920991865,0.501601507111152,1.00381564099253,40.5813912988608,1.34731643756401,1.05337273103425,1.52205774702235,0.500614786095853,1.02189208316711,48.4470734756999,1.30727041961094,1.05248224609038,0.529259696203182,0.514740574075104,1.08069785885033,18.0550829900144,3.3968219531899,1.00111194724636,0.502371608518604,0.500920907389635,1.00645676316401,21.1573106492504,4.51627882459401,2.63882746812031,6.81880549053875,0.521169525623958,2.107526083124,28.3293029135677,2.51065987394961,1.00262869533747,0.505457477139692,0.504517326331907,1.01917272755779,44.1600305420091,1.2870592272235,1.03631331520725,0.516415817796747,0.51665194561905,1.0542920868989,21.256157143365,2.46269540597224,1.02715694113485,0.620710607955972,2.65675129346004,1.01530593394385,1.36960053463188,12.8038278816472,24.5205696908572,1.66668231943138,3.65144450580869,8.17548051794119,22.310574619665,4.30133608000002,1.00059563336872,0.50109818960187,1.03423864071274,1.00146358400018,1.04537846063919,6.34267147960069,38.3803727672321,3.28792723232615,2.82670701206856,14.7221189938503,44.3727908381211,1.19742288582289,1.05683449254723,0.526354316324904,1.37544763801494,1.10852668846713,51.4278237004555,1.1796704719581,1.0332895991511,0.510854172470364,2.84060719997575,1.06022506428217,12.4747355256233,0.899895629843089,1.00155874371259,0.518008688324732,3.79887332323354,1.0249169716923,45.7604317888336,2.53382902764598,1.12314915666981,2.17245443967067,1.45621631810169,1.14869120287193,9.7585894530762,5.49018009020086,3.14201019523919,1.06485069233281,0.785606652335544,1.40228907684522,61.6458615100481,4.73901850428294,1.00185545869004,0.500640216767394,0.500942983741316,1.00484966812491,14.3754192669777,2.26456498290759,1.06224223532692,1.14546967417369,0.512018928891981,1.01039684340533,11.8220930380086,8.14304407795182,1.24336784436129,0.50320157727911,0.637434010703755,1.00222369459364,8.95265788054857,2.1536335752319,1.01096480596721,0.500375272276211,0.500158998427821,1.00012761780053,22.0532376763537,4.84454110549849,1.01187270302029,0.513139910249234,0.508885454083876,1.02796666433366,13.1664190466886,4.13785601601545,5.57340649222419,11.0335282167293,0.499917096309107,11.7741136863877,13.2374544532049,2.36096845162841,2.60851461008199,1.2600871694262,0.500883393835114,1.26215278386447,1.18358830325441,12.2084268284868,21.4071870361846,4.41624187010508,0.938661691582286,8.3903652544908,41.7610052256415,5.70080956699031,1.01615934478806,1.36768487459196,0.500226534216336,1.02548747062824,1.98786539490019,4.21094214649652,23.003534997648,11.615976054411,0.504425262694065,4.16120824217252,3.53431839196628,3.28903648502467,39.2176960585423,15.0711462427835,0.506912807928875,23.1441605006684,1.99945980268631,36.1065282670568,15.690109827171,0.500519372187701,0.500519556369502,4.41627017365119,28.0038315437853,1.82281589472381,4.15766957675787,1.16986175983786,1.623912129421,2.57171866112109,3.19138514121057,3.16209002847834,21.4500490590278,7.74833735251976,0.500194878792412,3.6948963768774,20.5857927756818,5.76945902753339,1.01004965970958,0.510542455893009,0.826612258851724,1.01968846000862,1.06978983647558,6.47163665848135,19.0997019472057,2.77960849920842,0.695179127632216,4.19069020437926,14.8219965253022,4.5005940736579,5.55817720242587,1.10568279722059,2.414227014552,1.02151658910323,2.39498366894444,3.3608808541715,35.4531094395694,12.2965547248909,0.672781130095883,21.2104869132464
11.6200097181862,1.27722483348422,8.77153956910779,0.608271964458001,1.15507616441682,0.906679718969991,19.7337816131753,6.92203083272501,1.01804663072752,0.524335240955227,0.618150566014956,1.04510644639021,9.27647976108149,3.33274691794088,2.1671568036086,0.653673515410664,1.18945623051579,0.927713481711292,14.0981686223578,4.74898619065385,4.35780451788449,1.91624527330967,0.500613561968747,1.00109477909971,38.6078165920238,1.30010664872223,1.00044864197776,1.31639249306813,0.50015175396577,1.00088803986019,46.5174558208945,1.19893569869266,1.15150771143096,0.588885671450872,0.544487631492551,1.2358730723004,15.2531577965194,3.38516059417084,1.02665718802484,0.501255599101888,0.500444140084356,1.0026092577322,20.0934238431592,4.2729739522945,2.63017030423515,5.77684421029759,0.504716874430791,1.85992824347299,25.1899555493514,2.50395751593539,0.999783502706367,0.503677928030874,0.503142636830036,1.01159245542221,41.6570531682601,1.26429529141664,1.17726403189204,0.585691228926647,0.588725910622852,1.26924043497228,19.1690860192658,2.38547055535007,1.0798977052079,0.549998272494368,2.62623778847003,1.00313983094669,1.02507790947402,11.8467483119226,25.6411485171403,1.51992672969401,3.8164327281304,8.22842031804189,19.9855973949614,4.29573626639915,1.00147826483186,0.504399046647074,0.981334815427766,1.00481780103579,1.02764070201101,5.90209782821988,38.1533625791757,3.06050641509464,2.98443995467726,14.7178075193868,42.1218646196256,1.17603884317315,1.13539072443311,0.567502291799785,1.42121377113596,1.26922359482254,49.085972475809,1.15281827989745,1.13452148753281,0.54557106049532,2.82172814191621,1.25024472884767,10.2891427775534,0.867463103481719,1.02544239162154,0.528571800315357,4.12010467072516,1.03073070796454,46.2289070934076,2.34828398008971,1.06493203397732,1.88176683967569,1.29286397359291,1.07860046808751,8.10749904859218,5.33776330262264,3.33322881190545,0.974508927375476,0.708847244048471,1.41755708512562,60.6633773557036,4.95926967621031,1.02094181615477,0.507348577032256,0.510944331753799,1.05569267711877,12.1415399737339,2.29572779627806,1.14408348781431,1.03329139290777,0.502125360600035,1.00095980858645,9.79719093275682,8.13116754560598,1.2834758422222,0.501543488857194,0.580009322964506,1.00062406794022,7.31107017627197,1.91708352736637,1.03556776206858,0.507025958812618,0.502900002942677,1.00081969718124,19.5784502228676,4.94337795317465,1.010692626855,0.523339933929566,0.516187262874574,1.03842015768312,16.469994309742,3.53630493045771,4.08387446151141,10.2771760323052,0.547798658275264,10.220158678962,11.4523058351669,2.29959644795182,2.61556469281096,1.02906147905566,0.50395795601562,1.22271227018532,1.00440116546968,12.2136261051317,22.3054362438531,4.04804641782889,0.937459218203558,9.19896326018422,40.0581512664747,5.48433115353344,1.02655334448435,1.14753411904108,0.500085883140173,1.04241187319647,1.49195627348846,4.05928863318496,24.2366770009696,11.6552126182467,0.502361126624587,4.73565724673721,3.47770103987897,3.12506277247616,39.3711319347724,15.5466669787632,0.510170216595343,24.4099014517076,1.44323035300496,35.0766133517606,17.575096774569,0.501577299635198,0.501614420619995,4.81894124329996,26.9632923940401,1.7418234047538,3.6380214929553,1.08741934042631,1.46394173011778,2.08529417863524,2.48760492051219,2.97552694074562,22.7518824964467,7.49089355296405,0.505459477858959,4.1427135382127,18.1424383772756,5.88865471863902,1.0105797586806,0.519511180710798,0.78936131484858,1.02726227237312,1.00250292759839,6.85306474784265,19.6113070538859,2.50969511707321,0.710909118503075,4.35258112112681,13.0629507929369,4.57123255317939,5.89765541566247,0.977246501108038,2.47160550135687,1.03542235928812,2.31547760245081,3.23324746139937,35.3181358332505,12.3846241959302,0.617855641153224,22.3379306775945
10.372403082554,1.08277226228908,9.22977596644079,0.604117948132206,1.13347974416554,0.902232253423461,17.7598790620174,6.76566536270568,1.00798807166535,0.503455585990818,0.604702729932673,1.01012475532836,7.72488496087615,3.1999239011322,2.505116608954,0.623289166573726,1.13312171026269,0.908234977491508,11.8098599388074,4.69617946312111,4.47594555050173,1.84545406605124,0.505472102785388,1.00664288182271,36.6708089803192,1.25565994124877,1.00542286994751,1.14850705851561,0.501942834780014,1.01102012110301,44.7015464878209,1.10066038975599,1.0250086138669,0.515205308371837,0.507577056144272,1.03928620988174,12.9020542052888,3.37355323929033,1.08368003828843,0.503199849966721,0.5009928141174,1.00429399486267,18.940431691505,4.0602150022827,2.66025802069338,4.92130436938679,0.541759399620542,1.67317363488603,22.3996326729331,2.49742222399731,1.01854635813278,0.502214356759331,0.501959337551162,1.00608961827776,39.3815607817963,1.24233031632411,1.08925925306624,0.545260116176231,0.547503235393302,1.13717211005434,17.3316080294847,2.31193036321254,1.16031828606413,0.504180946795715,2.61348953379247,1.00704145222887,1.03252555656355,10.9938544790497,26.6390571676606,1.39406084854655,3.98708702066138,8.31456649161201,17.923990188338,4.2897019858049,1.00377623758136,0.53288323998972,0.937383895186367,1.02763534887723,1.00781396583274,5.50033231308902,37.9906484870822,2.85196905982716,3.14596008193808,14.7361496177043,40.0560022815667,1.15549383948549,1.05999384897952,0.531602293956375,1.47578067583768,1.1231152791521,46.8876698301453,1.12676658662572,1.03069668050234,0.510706224534832,2.82110840380184,1.05833696375103,8.49111339633594,0.836914938330849,1.07363364196102,0.505547019185455,4.46331365555313,1.00465231827423,46.617082852342,2.18088287050724,1.00568224342089,1.63442294158084,1.15038458926479,1.00689312257587,6.72096295220603,5.19529903630332,3.59180708428576,0.899380806108183,0.643111841018156,1.46503930930482,59.7676918111303,5.17550270074277,1.1303125557455,0.54656254044943,0.570140708677244,1.35299672642386,10.2475475158237,2.32709569166504,1.26101144142216,0.941014798839084,0.50830522848832,1.00074044012167,8.11466466889362,8.11671414658449,1.35276932435591,0.502512282156537,0.530728814824725,1.00034633083327,5.96851375680346,1.70764443177897,1.07872939936394,0.516604756150294,0.506657206110545,1.00123560620391,17.4424203346822,5.04110101131825,1.00006918731933,0.500585832248155,0.500407426624537,1.00074568890787,20.2599237365297,3.00486044390844,2.87922387818639,9.39379929915616,0.700777576796692,8.48577162026789,9.89889537356605,2.2421076935246,2.67382017803459,0.84704042628248,0.502977579849898,1.21479713255061,1.05580204024655,12.224957108951,23.2168955444088,3.72677634031957,0.93444151106673,10.0802036656695,38.3956310865051,5.28641472025864,1.03537968598112,0.97110294167215,0.500679468532497,1.05729644678892,1.11440901773815,3.91695310576973,25.5317848932253,11.7717402392585,0.517205737045348,5.41340357359517,3.48897003981279,2.96838428427198,39.4736390956522,16.0639304715863,0.501978409287727,25.6463296436087,1.02511630928138,34.0742997654744,19.6599581668874,0.502137406428995,0.50225808831499,5.29285064149701,25.958698307617,1.66325142447713,3.22711137225437,1.01429215617799,1.32763715194441,1.71717805550305,1.92118586981459,2.80454946446206,24.1917370126453,7.2980528652268,0.507001789399905,4.68578055143295,16.0199604426723,6.0000177475514,1.00324583314338,0.526969619632221,0.75820529804631,1.02465605320766,1.05646575709611,7.24598253806526,20.1308364477713,2.26815243058331,0.724942438421889,4.5239423139591,11.4584767404297,4.64508389807772,6.37354770976845,0.87132987610082,2.54022932104184,1.02179678892863,2.28056671833634,3.10887185936123,35.209796980023,12.5020011955595,0.56591583937676,23.4799811970417
9.25619528229318,0.91742812850484,9.75277251786089,0.603204013935855,1.11658248434846,0.90346353810616,15.99584473177,6.6165660692987,1.00731684960386,0.510378063716578,0.614405168814674,1.02570116754218,6.41979162000069,3.07595181269758,2.90991636913806,0.645481673317321,1.08460228435526,0.906644236141432,9.88458270679595,4.64357230106296,4.64310957592871,1.79401732708447,0.511603454949469,1.00796551165326,34.8682668277019,1.21378010330924,1.01673958764511,1.01158715518341,0.506382575096194,1.03549492929409,42.9898789866559,1.01133933331065,1.07288666557965,0.546634556635499,0.523100000733926,1.11602420382993,10.9255113054566,3.36193460643202,1.1715280509664,0.501587832269255,0.500414350403783,1.00093294099499,17.7401821359119,3.87217663113968,2.73042014716225,4.21734610212577,0.551089400072315,1.5350337787869,19.9127487425229,2.49103511516497,1.06895848082436,0.501021267588758,0.500938647054262,1.00235109055201,37.3042707667492,1.22112297185717,1.01374583441899,0.507326201158075,0.507792253345523,1.02139352143675,15.700263686399,2.24172195586021,1.27038833537136,0.500013500145603,2.61465999233066,1.000014802547,1.04752245455801,10.2300622255819,27.4757121727829,1.28432517071781,4.1598142015058,8.41349633186537,16.0919572706264,4.2833304578609,1.00058675460266,0.528580524203059,0.900700913940496,1.0179335370496,1.00476381516056,5.13310290562877,37.8760878777468,2.66078792058152,3.31004999912893,14.7767376204352,38.154890499201,1.1357707586573,1.12090698770334,0.569163118265097,1.53903799231709,1.2604307164987,44.8229738144014,1.10153097350896,1.11580773004124,0.542184200195069,2.83668510745866,1.22725824263212,7.00957581980831,0.808169823015909,1.14478998722013,0.515883092203969,4.82299973443878,1.00910721880021,46.9353048805557,2.02921188701345,1.09568988733622,1.422992411881,1.02565488399448,1.11633131722704,5.5576658072079,5.06174876672676,3.91838707110484,0.836224568821723,0.586132588451417,1.5423381200849,58.9546875868198,5.3866507846681,1.1261954700982,0.545763214092351,0.569554824600251,1.34697222692071,8.64005580325098,2.35860088985284,1.41694792334014,0.86404099283929,0.512133664764122,1.01959876504958,6.71526903054151,8.10024233127883,1.45051509870625,0.507531668544167,0.503742054491053,1.00178666107713,4.87032399439986,1.52196803374812,1.13915406430648,0.504133303246275,0.501619291525027,1.01678266865117,15.583723611904,5.1375148906876,1.00537613483352,0.501616035653797,0.501154977146454,1.00131746100537,24.3724297362326,2.52334298147559,1.94450755719193,8.41006857468852,0.989439662622321,6.70831476315017,8.54810224085458,2.18795024448656,2.77923558340185,0.702130477961456,0.500966508912022,1.23358920223691,1.0321565670267,12.2405907278058,24.119108564132,3.44536579494973,0.929167544188788,11.0256517062316,36.7807149394606,5.10460670300608,1.04272049107792,0.828593789416092,0.504204205592235,1.0702426503773,1.01165409951655,3.78243922965024,26.8318312063187,11.962255348149,0.503592316146905,6.19739324978623,3.56928041991405,2.81842354288298,39.4985476989305,16.6140257482986,0.536598562025504,26.8159470890558,1.01540954016393,33.0978258769199,21.8811366471533,0.502365919447335,0.502588968931063,5.82724140225452,25.000050688066,1.5872616713076,2.89945151840878,0.949539376315134,1.21046304647274,1.43497010707696,1.47065646197436,2.64699100915391,25.7332626511231,7.16408467009662,0.516554446363559,5.33482299456599,14.1695840169273,6.10384135974844,1.00201215294433,0.504254566800897,0.731950161625028,1.00235884865385,1.00169252209301,7.64884493423918,20.6543641881457,2.05171773069612,0.737054858343445,4.70431150480422,9.9884735609375,4.72223325195694,7.00072885604381,0.783454492596592,2.61956107634946,1.01145729717429,2.28826077405569,2.98761191408446,35.1066418159601,12.646092345768,0.516855026501435,24.6157214017954
8.2533093978617,0.776777087354065,10.3405569002905,0.605313002783205,1.10368221683651,0.919357538025259,14.4191006852736,6.47415591981992,1.01498224903365,0.500082728007107,0.600116050134952,1.0001856672629,5.32251234009672,2.95953046455716,3.39120566199328,0.618053344913835,1.04237408892489,0.900157972014834,8.26464561789181,4.59061263466955,4.85444922655315,1.75905078614558,0.505583548613967,1.00141198350305,33.1898500235548,1.17420364654631,1.0254408309728,0.898790054161299,0.510401613788053,1.05656899538206,41.3740247692522,0.930017470083066,1.06530938608571,0.543843550096738,0.521601228271249,1.10531500677133,9.2635583505723,3.35023258662112,1.29167679455193,0.50160867235707,0.500337407847893,1.00049498425638,16.5237194091429,3.70441088567331,2.84278427806162,3.63630718942399,0.514200441263373,1.43629799084138,17.6903429310718,2.48477615985891,1.15173593894382,0.507335667612609,0.507061332653578,1.01287717615699,35.4007597375454,1.2006347314877,1.10441331199891,0.559820267240141,0.564773668560727,1.16567807562508,14.2426508978431,2.17457845597533,1.41375671647684,0.507216733773017,2.62709145493682,1.00637534606075,1.12791003443149,9.54304711154403,28.1675485404576,1.1879011522469,4.33287428993965,8.52521362466253,14.4598219788089,4.2766956848275,1.01499345603665,0.524606576206211,0.869985849173381,1.01042106307591,1.06050570739169,4.79671132895814,37.7876942740256,2.48518460243862,3.47520677076816,14.833750505555,36.4010748382101,1.11685312831107,1.0591039994424,0.536011677508726,1.61094930109585,1.13224388208723,42.8826438906016,1.07711922009204,1.02791772245473,0.510513139049811,2.86682314876256,1.05615688821404,5.78708601754895,0.781138520032471,1.23892966605181,0.544416340785084,5.19312535800691,1.01356855357981,47.1926222009253,1.89127238744844,1.11506448114394,1.24155401533378,0.916110768030317,1.14011756626773,4.58270385361662,4.93620668935335,4.31509681914609,0.782656315328928,0.536206787500005,1.64889672472976,58.2150059435834,5.59173561766797,1.12242212857786,0.545028766190603,0.56900596937191,1.34139033421662,7.27578489841093,2.39014501818883,1.61785381929355,0.799057895437416,0.511531181705651,1.06200834518601,5.55131501006903,8.08349305753482,1.57751158676947,0.504763775060909,0.502331720985193,1.01918376091727,3.97259625169902,1.35717280977321,1.21640448105989,0.514035610329112,0.505376452566174,1.0478780069685,13.9578565871012,5.23259601696849,1.02999600441485,0.504037215132637,0.502941559090026,1.00129688808935,28.595861593947,2.07228662460288,1.25508780012558,7.36466087070313,1.44400358432747,5.03832248762797,7.37405836274662,2.13674302352178,2.93039400148176,0.585691753014081,0.507220526751191,1.27656297132269,1.01918799291949,12.2590163343163,25.00691204763,3.19884017698229,0.921427883575886,12.0344105849192,35.2181694157877,4.93694450248575,1.07817013020356,0.712610156719991,0.510636419006256,1.13084400821229,1.01751268219687,3.65433174806929,28.0546016247885,12.218174294689,0.505484917221278,7.07694699179673,3.72267564212112,2.67475506989754,39.4222898853907,17.1847164321036,0.51933262845497,27.8790945499141,1.01151883934133,32.1449573593011,24.1689968090224,0.501560469404514,0.501783789715096,6.41162011127693,24.0913796952513,1.51395077766105,2.6363111646801,0.89221044905522,1.10893589290692,1.21590790250277,1.11692784633001,2.50107783557782,27.3390674803403,7.08509032848603,0.511922387958964,6.10169386048111,12.5501277455918,6.20042748062285,1.02067417813462,0.511840752266308,0.709676060126731,1.00064851976022,1.10078129164692,8.05990818205186,21.180239263005,1.85758129478624,0.747062790765235,4.89386787559062,8.63764307651665,4.80277815883242,7.80081091599283,0.710226931526952,2.70919521935389,1.0040324558425,2.33885513559354,2.86966351740554,34.9901400421207,12.8137480113206,0.501129358365496,25.7250060735517
7.34919465377371,0.657107791284136,10.9933265834835,0.610310517474541,1.09421549483212,0.921746032548831,13.0069057098373,6.33793072651285,1.03025153728854,0.511713540266228,0.616869962161996,1.01894246099274,4.40054087685923,2.84950409835139,3.95919612754981,0.638551467329426,1.00524796421104,0.903803211427715,6.90197458328317,4.53683618745018,5.1063411832777,1.73853574243449,0.5092190976314,1.00124362408595,31.6256079962144,1.13671086342381,1.03436953413303,0.805021021976734,0.515203990716948,1.0806542644345,39.8464525861885,0.855864426385764,1.0583624746374,0.541181945951724,0.520182488767571,1.09543027331445,7.83667366256195,3.33867331337863,1.44759191033883,0.501051817487126,0.500154603283972,1.02191896302837,15.313421162279,3.55346674977646,3.00049862592528,3.15493251200157,0.546520656491014,1.37025894544501,15.6994572948486,2.47862504542051,1.27007669645473,0.506688092913338,0.506754701280829,1.00788527996245,33.6503945809618,1.18082962369745,1.03980391337037,0.524066992581445,0.526383061318013,1.06411641905432,12.930104227937,2.11035323676782,1.59571102674471,0.508050475857388,2.64935536988837,1.00395767545665,1.27318672450867,8.92260512198037,28.7334546099876,1.10257169667864,4.50460814266831,8.64994090696433,13.0007502120311,4.26984796648135,1.04770626871041,0.520915532012013,0.84422311625012,1.00477318583631,1.17693098099032,4.48795178357996,37.6959178352962,2.32303656372031,3.6396475971265,14.8936636497714,34.779539896428,1.09872526273167,1.00761199978308,0.504961623799956,1.69152673319675,1.01775435363809,41.0581212006056,1.05353298802822,1.09880993835489,0.539112708272923,2.91020989304107,1.20633489894884,4.77702231139372,0.755724835088606,1.35706184712402,0.513310964512412,5.56735550236341,1.00182777545818,47.3969546051804,1.7653940125289,1.06267948748272,1.08532813522023,0.819626840096829,1.0764271315263,3.76671428580419,4.81791854367889,4.78472172894769,0.736906273924838,0.509855304092586,1.78552315364443,57.5406445527701,5.78990541659262,1.11896331241617,0.544352898923451,0.568490343112287,1.33622007233742,6.11776892575068,2.42163709186234,1.87168112548054,0.743624948887607,0.51102830551184,1.12704095439295,4.5840301308712,8.06700766301399,1.73565159973641,0.509147713970245,0.504462439552174,1.05330871206072,3.23906548092385,1.21076146032176,1.31064214332771,0.523525728031274,0.508843820418768,1.09295425455989,12.5257437235194,5.32621540036242,1.0735699609917,0.510801639776458,0.5080657497727,1.00068247983969,32.7458292345089,1.74841185622624,1.00289165963651,6.36837764996146,1.49506318580398,3.59255381652943,6.35399392032738,2.08813323891761,3.12780372315269,0.512409936887993,0.505790682752029,1.3427667290169,1.00619491752972,12.2789745463059,25.8755401595963,2.98291342124205,0.911063516050056,13.1044392155922,33.7108347697767,4.78180889963913,1.02829403856563,0.617525904473292,0.519912864512918,1.04812975148305,1.0421425105078,3.53171619115077,29.1802776604491,12.5417696136821,0.513586560696106,8.05421720777007,3.95601905355204,2.53709656215647,39.2236790857677,17.7598994845199,0.501514337661974,28.7946274542162,1.01180557988549,31.2151058451555,26.4857203158925,0.501402090722964,0.501691275147091,7.04830759276931,23.2331964268407,1.44336698132724,2.42382199487622,0.841413481143268,1.02034320681855,1.04385178521492,1.00465933978277,2.36543062205056,28.9486297021868,7.05632679099897,0.500831061839137,6.99176243763164,11.1268170083912,6.29008032164314,1.05770870476161,0.518344089040321,0.690668877463112,1.00602744825924,1.12635345205544,8.47727821380436,21.7068751460069,1.68328429377557,0.754811801551473,5.0927913572977,7.39477107062294,4.88681630703841,8.80207895974198,0.649065173470882,2.80880616781035,0.999812809983825,2.43481541982203,2.75530139767367,34.843561358187,13.0008611594881,0.502415155995952,26.7866759321211
6.53261396990833,0.603199460192253,11.7116297767608,0.618106401331528,1.08762859638597,0.901235333009413,11.7398888447141,6.2074369019574,1.05264015045944,0.502353024682072,0.603443816682157,1.00291396119457,3.62685243717461,2.74484039446761,4.62418964057512,0.613586332254581,0.972263530315222,0.917813874065299,5.75723698008313,4.48184636095553,5.39583448847555,1.7311282562263,0.512694633784594,1.02095933379824,30.1661505428433,1.10111525188498,1.00807091361248,0.726415971296949,0.503853740494069,1.019968964764,38.4004101665349,0.788155107169081,1.0520024028037,0.538640728520162,0.518838208698876,1.08631269339008,6.51238844842661,3.32811293028718,1.64570747893134,0.502917429906652,0.501227720233965,1.10051001316724,14.1249815743106,3.41663289267217,3.20786328489058,2.75449785199323,0.513464772825302,1.33222831930713,13.9118256505409,2.47255996508713,1.4295630760099,0.506074242444604,0.506474570674139,1.00318222909354,32.0356586781559,1.16167404132456,1.11087763900158,0.572639666484194,0.580988212793852,1.18284517251858,11.7391220367898,2.0489008859138,1.82323555852704,0.510672045990195,2.68035753185048,1.00068961439165,1.48972490838246,8.36020170013149,29.1922671051705,1.02657297120566,4.67344388578178,8.78787075180118,11.6922460038033,4.26282578298871,1.09837147286016,0.517468462310215,0.822614036991919,1.00072703424743,1.35413434176782,4.20403382519745,37.5777649794396,2.17236351709842,3.80170021210798,14.9425598090374,33.2772901931771,1.08137234911664,1.05507529184148,0.539756710006152,1.78080385616614,1.13705100916112,39.3414947689469,1.03076924330284,1.02500694272469,0.510285862184862,2.96576677995245,1.05375744568479,3.94151025173014,0.731826902146558,1.5009702035336,0.530116653301955,5.93935120571269,1.00026459683911,47.5552425961621,1.6501671311195,1.15252452387637,0.950408743777073,0.734424218417877,1.18621715978007,3.08513958458718,4.70643706521672,5.32996668802144,0.697669437899565,0.500424935823119,1.95431860472364,56.924695022693,5.98044105770299,1.21982796279375,0.583206920116913,0.62955073743173,1.63058617802722,5.13450635334947,2.45299093561481,2.1884731688782,0.695932868793516,0.504581775655611,1.21510909526257,3.78050510184147,8.05072771385913,1.92777864305084,0.504907321073017,0.502391849863412,1.10284510692998,2.63995991703469,1.08056892941066,1.42249296482299,0.532699028514786,0.512108125161685,1.15116425394702,11.2578999738035,5.41826474923693,1.13605001461472,0.512506086996678,0.509591679942697,1.01643817354773,36.5188339340169,1.53289593964374,1.01525264378221,5.4520585997481,1.20753037880864,2.42718893566518,5.46894194947464,2.04162232179711,3.37316080186196,0.503736430807812,0.501646348342594,1.43224982559352,1.14249477359415,12.2994251704669,26.7206913912649,2.79390168630594,0.897971340441136,14.2324133663825,32.260160888763,4.63784766345853,1.02387726018635,0.539020303931879,0.532014826672398,1.04142551370524,1.03997905207552,3.41370269083862,30.2000566121649,12.9375729579362,0.51342981363483,9.13161447658059,4.2787766672079,2.40529504798879,38.8833382994483,18.3193441068558,0.537745079521553,29.5209570187563,1.06687804266787,30.3075655951835,28.7948511675596,0.506870381809977,0.508879218062304,7.74070248021548,22.4349710776993,1.3755222342269,2.25158569609372,0.796398282315855,0.942436543129297,1.01453836819562,1.01373798596355,2.23870713209972,30.4847550732899,7.07168933449775,0.502491720221278,7.9998418288082,9.87348551703224,6.37303598822871,1.11272705063051,0.500198685760784,0.674334345947164,1.03150644660329,1.23455732680458,8.89892973928785,22.232743934507,1.52666166671252,0.760179757868112,5.30126033371764,6.25257879938722,4.97443230074737,10.0393679832332,0.597993423736542,2.91806411146524,1.01055676322428,2.58063660600868,2.64454943089741,34.6511797019281,13.2016562863142,0.5031148536735,27.774997723058
5.79282074251599,0.607670195691477,12.4963333636509,0.628613533865141,1.08351696193666,0.902151675253594,10.6013944342649,6.08226298809052,1.08185212631721,0.512807083511215,0.619114843530422,1.00991626758575,2.97869579892938,2.64461458281019,5.39591165553217,0.632398944149078,0.942645185690812,0.940928812470119,4.79802762216791,4.42530271213743,5.72021810513308,1.73600898469015,0.516059409807182,1.06155980768078,28.80276176053,1.0672568259809,1.03471748132623,0.660017155069587,0.518438494901017,1.09259312994399,37.0298101210388,0.726251039543564,1.0461837807547,0.536210523245339,0.517562492331476,1.07790230906837,5.1527407422827,3.31960886597159,1.89694583193199,0.53959865586739,0.509951863761497,1.28193692326893,12.9690746659267,3.2917557462424,3.47039924892538,2.41998430131936,0.543051611172856,1.31915157016227,12.3029742670176,2.46655649510466,1.63829616816025,0.505487152357992,0.506217880468594,1.0002764045987,30.5416482650831,1.14313655249602,1.05577655517662,0.538788639570204,0.543750011999948,1.09368700751103,10.6505600596332,1.99007751381726,2.10512156250774,0.512776781291326,2.71922462982353,1.00416679669317,1.77663316110253,7.84864089710136,29.5616417834654,0.958493715481745,4.83792679333491,8.93918612597424,10.5156869469983,4.25565934651454,1.16750256681813,0.514231121386478,0.804519338295975,1.00387046692331,1.5888981652221,3.94251636536824,37.4159512181353,2.03135238258,3.95988156478691,14.9664030100941,31.8830285611093,1.06478046158211,1.01382214718072,0.510803908062255,1.87881273620396,1.03622849973962,37.7254602014656,1.00882134056346,1.08333135126491,0.536320294284701,3.03258067290494,1.1872372909417,3.24983265016009,0.709338817196608,1.67307105888384,0.501256539434187,6.30303683395734,1.00955280685084,47.6735473762659,1.54439808824714,1.01049507731408,0.833590904956858,0.659009959729006,1.01282547724426,2.5171496094431,4.60122943215,5.95274844309084,0.663943011838459,0.500598526867718,2.15818382255832,56.3611680514913,6.16276463409092,1.17455673486794,0.566822960746866,0.604664551806393,1.50628826431294,4.2992353351428,2.48412151878941,2.58043052874978,0.654623349585217,0.504982035287975,1.32766936304272,3.113243539267,8.03458985045279,2.15756649949305,0.512445283865865,0.506075656585576,1.16722192984709,2.15079048105384,0.964706680343262,1.5529470151076,0.508788711012352,0.503222439061639,1.2221481946313,10.1321937741651,5.50864117397865,1.21828466963865,0.50146935058466,0.501155027801451,1.05082914909423,39.7857168154123,1.34439301554126,1.02265894074059,4.60367029473563,0.974609535199513,1.56240906528644,4.70146644848778,1.9968964552741,3.66947922225777,0.501843978077301,0.500843233607468,1.54602668719542,1.22263192837436,12.3195121657632,27.5385876431117,2.62862534813252,0.882107298999058,15.4136838336722,30.8832171192295,4.5037701728263,1.0140907669999,0.505094720493623,0.546826240693712,1.02401535116005,1.03744696917228,3.29949313671852,31.1077061857254,13.4110899914848,0.513292148181565,10.3090756706244,4.70269398145557,2.27931661091641,38.3835003319725,18.8386182254816,0.519562359130423,30.0172849695888,1.12585235654772,29.4218834721941,31.060410688869,0.511118794414711,0.515610532952333,8.49215623417285,21.7197104780757,1.31039870600392,2.11111523823557,0.756493458810438,0.873214699492326,1.00573009407811,1.10513321384144,2.12002335703018,31.9176992331986,7.13009901641583,0.519824373785277,9.13047098683109,8.7680512505809,6.44980145131634,1.18619179997844,0.502552311492793,0.660201000604553,1.07607900203502,1.10154481695093,9.32274330296829,22.7563808371518,1.3857975506647,0.763079224100273,5.51944971104125,5.20786525553341,5.06568138215395,11.5535020157785,0.555509804284387,3.03649528264854,1.03895104936711,2.78286065071408,2.53731581829412,34.3977196871324,13.4085099927128,0.50422980147609,28.6608011357859
5.12245243457547,0.604253240598246,13.347106409071,0.64186486176822,1.08149799331694,0.900800961435753,9.57699884499486,5.9620336291753,1.11773866257655,0.504226813336499,0.606407395919715,1.00171103106602,2.43666388960977,2.54800015617248,6.28263022017984,0.60970110566084,0.915780924356333,0.97230956256956,3.99601403958912,4.36691487483271,6.07674102922626,1.75275547666829,0.519360056344298,1.12186096884962,27.5274365412074,1.03499709971063,1.05298865732823,0.603545559552547,0.531783351595705,1.1543153257708,35.729145422241,0.669587402592746,1.04086027810343,0.533881605535924,0.516349334065648,1.07013721796163,3.86010341981208,3.31210212594231,2.21533799760276,0.601500882295718,0.523892678283222,1.55291957236796,11.8526980882245,3.17710112579143,3.79486357699929,2.13937431823956,0.512934890332411,1.32933048683481,10.8524668251247,2.46058636152971,1.90721051832731,0.504915269730031,0.505989772612978,1.01578794375627,29.1555706846566,1.1251877160491,1.00889423158562,0.506583065720766,0.507509068639552,1.01524324717373,9.64981604448741,1.93374157488153,2.45211141180119,0.502554980347014,2.76516890942328,1.02362837166401,5.73736391806109,7.3826623383072,28.187097277339,0.871718133377337,4.92948106990605,8.36411573996865,9.45650422341341,4.24837092898422,1.25634382446393,0.511174160920819,0.789398127528868,1.02370539040342,1.87239972932301,3.7012509228387,37.1995891640078,1.89845259792894,4.11301561612384,14.9524209416057,30.5868752348243,1.04893652025728,1.08209159376921,0.57403900755794,1.98556143685232,1.23697322219416,36.2032749023017,0.987679835323564,1.02200946946692,0.510033114384162,3.10985031980641,1.05119352621159,2.67709187485914,0.688152394972899,1.87631536520712,0.517594028502183,6.65281946426237,1.03087982379219,47.7571734949224,1.4470666622071,1.24357144506752,0.732217208325029,0.592120039740006,1.29794034785987,2.04511430440949,4.50168898814118,6.65350693791784,0.634948734483911,0.503070466786244,2.40067988722666,55.8447676524807,6.33642514927046,1.13114254497533,0.550749601741316,0.579933375255618,1.38439393063028,3.58934620210884,2.51494217697734,3.06195441053885,0.618678277329967,0.505391167683999,1.46709503669297,2.55935483344423,8.01852647897496,2.42946706662159,0.519637449747721,0.509629078697826,1.24640992918989,1.75172560938817,0.861532720465017,1.70321863625306,0.514453671759145,0.505497884035417,1.30591483403746,9.13001688458096,5.59724695113979,1.32188658015175,0.510365220861347,0.508456441850651,1.10351424810766,42.5544952946145,1.17962503744276,1.02063033440838,3.84425970989256,0.785786712404277,1.01691109216524,4.03568848341624,1.95383224109467,4.02106917052525,0.505275103669054,0.502353529439659,1.6860017632087,1.15112799884493,12.3385372305518,28.3260065958622,2.48433149867683,0.863488452980281,16.6422802573887,29.5532167693413,4.37840234019202,1.00153162435367,0.500565286325528,0.564582933912718,1.00277840201216,1.03459434814398,3.18836489496294,31.8993769169957,13.9689093759508,0.513169675810339,11.5833583518704,5.2410612840265,2.15923233343476,37.7081127655127,19.2894614293919,0.500983217619555,30.2452341200236,1.18795795467121,28.5578253169397,33.2489936043152,0.514164127575291,0.521962781625785,9.30592082650899,21.0730102146855,1.24795894353151,1.99595546562171,0.720934948445053,0.811384589786139,1.0153781158911,1.09863300013996,2.00854469659141,33.236287871647,7.23249995836707,0.519567957995797,10.3909662430486,7.79218598936326,6.52059196118625,1.27922271513027,0.502194871203527,0.647864021213816,1.13977053773989,1.09185533696152,9.74654094483528,23.2763913872298,1.25900333931209,0.763460833088903,5.74752855123669,4.25976434053224,5.1605714607188,13.3899513572216,0.520469636470368,3.163514231455,1.08495438552898,3.05018349222112,2.43357710120538,34.0678884123195,13.6119173722894,0.516526157128108,29.4118302918005
4.51502197329912,0.619094905078226,14.2624033810453,0.657962593254617,1.08133150083364,0.901892583603761,8.65416013136245,5.84640501927311,1.16027109521197,0.513732902966639,0.621210963506026,0.999861558464577,1.98435252993821,2.4542666879257,7.29009733215746,0.626746466147581,0.891180961889416,1.01139244342118,3.32672663162862,4.30643984638953,6.46242364764322,1.78128113219594,0.515510004707369,1.20169647029479,26.3328635108938,1.00421467272233,1.01709552758247,0.555214666868751,0.511327823049479,1.05360059012697,34.4934267540119,0.617663868603238,1.03599309141241,0.531645729144065,0.515193693335841,1.06296586607643,3.2749984944587,3.29960603963794,2.60426885778597,0.591324217432548,0.52499399418733,1.70808023749054,10.780266496592,3.07125347512691,4.18918451004709,1.90305339011258,0.54039613853071,1.36223239539669,9.54408985870328,2.45461614638399,2.25047938961571,0.504352635528753,0.505788864164472,1.05276035548107,27.8663609981118,1.10779993143434,1.06384952248975,0.551927368570258,0.560156622532008,1.11295090628809,8.72505873594159,1.87975367176229,2.87691795954272,0.504817570543578,2.81746756559601,1.0587324408158,3.925532829501,6.95720969737533,27.6832784617373,0.798205688044832,5.05277124962822,8.06034082723992,8.50271597438412,4.24097551768003,1.36680383735177,0.508280373897772,0.776787010561931,1.05945329065838,1.28233279580149,3.47830002419775,37.1048531779832,1.77651750251997,4.26506545189309,14.9931179318135,29.3801431826881,1.03382819047905,1.07482367616087,0.576234583073676,2.10101301164768,1.23524440065225,34.7687133136372,0.96733305148702,1.12496624462853,0.561747513966385,3.19684690716213,1.30952662864705,2.20274028114359,0.668158980234688,2.11412295383779,0.53306120748772,6.98396194897999,1.06318446951175,47.81076585943,1.35729438406253,1.10109659873952,0.644066217965578,0.532677107049116,1.123738665223,1.65416160836203,4.40723987287254,7.43054997320303,0.610086952060883,0.504171731051193,2.68608927947065,55.3708488397228,6.50110777360857,1.08938574279701,0.534950922470743,0.55533744147283,1.2646350967878,2.98579015521935,2.54536202925934,3.64955490318809,0.58733289665733,0.505814337291223,1.63661435344943,2.09977806127556,8.00246476517021,2.74866092068002,0.530431318354694,0.51503387452522,1.34078615008286,1.42584516022321,0.769586587170537,1.87504709369328,0.500584016221581,0.500207608531459,1.40272671675631,8.23556317529791,5.68398893675164,1.44918584038854,0.51351712262321,0.511471183897097,1.17504388772201,45.0759213534301,1.0355928487166,1.14576272568039,3.18193866498445,0.632112311234927,1.12311289964864,3.45803738148953,1.91231336798634,4.4331857929793,0.502914372889093,0.501296445559582,1.85479637567236,1.07762053941571,12.3559428038808,29.080301069901,2.35864160022626,0.84219379986705,17.9109586268117,28.2845714002353,4.26086379577859,1.07925470258524,0.530819919076286,0.585257717896827,1.14867308931185,1.0314605401119,3.0796531733781,32.5731505853132,14.6187297858651,0.513058549676574,12.947520651154,5.90736358190572,2.04519995351069,36.8434311283518,19.6407625458215,0.538124205363353,30.1710269628671,1.25212803392124,27.715319047983,35.3316738811555,0.516046015445056,0.528017001285278,10.1850668072934,20.4841857471434,1.18815163529784,1.90128787645309,0.689104576144818,0.755886857439731,1.02354000833631,1.09109363475433,1.90354485211412,34.433153032059,7.38058852355772,0.519345413737399,11.7868279870854,6.92975646433552,6.58573861790238,1.39359054692559,0.500216050644901,0.636994100230792,1.22347764927374,1.08194547498666,10.1681272071126,23.7914571067233,1.14478747755818,0.761313718035667,5.9856590195821,3.4091993426384,5.25904769885449,15.5962911331691,0.500204167667109,3.29840051438171,1.14917785811387,3.39346912797941,2.33349235261254,33.6461096586057,13.800514797624,0.51957346950534,29.9945384409551
3.96503469466529,0.634273629792083,15.2396829639724,0.677049420581335,1.08280779443729,0.900694945501014,7.82228589123468,5.73506102611232,1.20952068434079,0.505806943549059,0.609105555077907,1.00716330734803,1.60794644602542,2.36278265476653,8.42035869398715,0.606319284819244,0.868447286172374,1.05782449914655,2.76918164579344,4.24368094294081,6.87391117468099,1.82178879715179,0.52434561028088,1.30166141073513,25.2184035009222,0.97481065146922,1.03055177824878,0.517735659743085,0.52354921058965,1.10500817952377,33.3181281796401,0.57003649660116,1.03155175459305,0.529496618730565,0.514091584720087,1.05634982660719,2.76845581563811,3.2870216003543,3.06771400754537,0.583330051774103,0.526625502460441,1.89025116439793,9.75447580177027,2.97304584676436,4.66227395016079,1.70331680979011,0.51256736646934,1.4183819865746,8.36290988502599,2.44860571534122,2.68597213989399,0.503790451613574,0.505613495965677,1.11125601677079,26.6644175515993,1.090947299373,1.02426439429183,0.521182992256735,0.524801519129457,1.04402452377167,7.86596839288272,1.82797652286902,3.3941513154739,0.5077739625441,2.87548437543487,1.1099030143942,2.68459958103888,6.56707227038967,27.7082095249217,0.736072582164352,5.19644140102024,7.9514026140606,7.64335250023136,4.23348128926498,1.50143741493767,0.505528700935378,0.766299720322787,1.11109546694473,1.00707275720266,3.27181937317359,37.212862431709,1.66801908821407,4.4172385576025,15.1587756313673,28.2551800244565,1.01944375743805,1.06693712902837,0.578283030528121,2.22506871231568,1.23256119964856,33.4160195921308,0.947767540667394,1.12021857828544,0.563576972373749,3.29288056793345,1.31419566245763,1.80975429917916,0.649251520642103,2.39031595798267,0.506330118111487,7.29280810733756,1.10584070559961,47.8720111021676,1.27433302157945,1.0051999024926,0.567543706146102,0.500527980287942,1.00634947378755,1.33170537736087,4.3173860432791,8.27953255395988,0.588897552002833,0.51144803506662,3.01937702476563,54.9353541331128,6.65663295274865,1.04912086234242,0.51939755233005,0.530861668544402,1.14680895933307,2.47258023006856,2.57528390405748,4.36152137595238,0.560017959845481,0.506256904185557,1.84030737149751,1.71884606342456,7.98649805424164,3.12088230713973,0.512708215155342,0.506935478267253,1.4510817414428,1.15891951798743,0.687584394446385,2.07089740969698,0.507864073494958,0.500013667478717,1.51309047499686,7.43538887212951,5.76877786417312,1.60323200636337,0.500090242951327,0.500078999538465,1.26674883897699,47.4767688629733,0.909614501819137,1.0940902554043,2.61307649457039,0.517712484911797,1.08290157895692,2.95689060350585,1.87223009716721,4.91192086641355,0.505515894649372,0.502503516550126,2.05571567536547,1.00139060409344,12.3712942700435,29.7994028479481,2.24949741308556,0.818362961454517,19.2113211907779,27.0747289450613,4.15056142440778,1.01445137448404,0.505825263734761,0.608960952236865,1.02775079456212,1.15787332991699,2.97274113525241,33.1286335045235,15.3693860517154,0.57535160335057,14.3904462652898,6.71312639873493,1.93744096782351,35.7792288231871,19.8602913840648,0.519295921407094,29.7683750011602,1.05331178638436,26.894395666519,37.2853248325925,0.502972178079604,0.505746272977055,11.1324082922586,19.9440734152726,1.1309153650876,1.8234893697683,0.660495369135998,0.705859335813038,1.03038925382739,1.08268673567234,1.8043885600488,35.5045411020284,7.57690765429159,0.519142912894005,13.3209673634485,6.15338727339321,6.65213580448225,1.53322359478035,0.516190789552203,0.627309057402369,1.32889846193584,1.07183371700631,10.585330064289,24.3003331466794,1.04182888038883,0.756664391553438,6.23399339750513,2.65889722977269,5.36071666548335,18.2169903051762,0.500623040952663,3.44012990333201,1.23273092004244,3.82546460854779,2.23731043061877,33.1163390525859,13.9607740261494,0.50168665016074,30.3735571355098
3.46789382441049,0.609160454051933,16.2752821275979,0.699305759760297,1.08574082837196,0.900937272194081,7.07338346731428,5.62770969327666,1.2656379766171,0.514533014964217,0.623224812675188,1.03014971454643,1.295758408124,2.27302172997014,9.67057939271645,0.621485630896184,0.847256368810385,1.11141075725029,2.30550004644824,4.1784880325586,7.3073741531869,1.87473811702074,0.501133148223173,1.42295835850469,24.1725909123668,0.94666506115243,1.00013634705611,0.500085315235868,0.500119171990449,1.00051885080501,32.1991364699517,0.526310169150562,1.02750867758571,0.527428804028764,0.51303944757178,1.05025489245971,2.33437402363286,3.27426583919898,3.6170334159917,0.577647827597911,0.528655212670331,2.1055937822252,8.77699615187496,2.8815050681836,5.22367435916686,1.53397646979833,0.538371067374713,1.49932087611186,7.29501700476453,2.4425066133942,3.23569848410745,0.503217145755924,0.50546536430233,1.19251408177532,25.5413792323224,1.07460549185357,1.05733314361554,0.555526414143131,0.565932232267717,1.10818836390976,7.06381090942366,1.77827492210639,4.01999828870674,0.509863962958751,2.93863738393163,1.17826927976505,1.83133345380489,6.20806855203912,28.0215489996801,0.682964138269368,5.35016869733688,7.9740896452546,6.86854177300954,4.22588998986278,1.66346330652278,0.502905190941093,0.757608796796654,1.17923250780275,1.04992886548892,3.08022776929614,37.3374666571369,1.56931040729257,4.56315241428843,15.3659803950611,27.2052161291649,1.00577196320401,1.05851194270865,0.580199322298586,2.35755067452003,1.22902186554686,32.139870673134,0.928968356672014,1.11426559126311,0.56514142107769,3.39727929748367,1.31714331648189,1.48412505586985,0.631326491879879,2.70903828144848,0.521449146934296,7.5768128945965,1.15853291687731,47.8853392922544,1.19762529541396,1.03173196559972,0.504317591448159,0.50352478687132,1.03765922538702,1.06707703817076,4.23169135809654,9.19302380325601,0.571028535395596,0.502872044627232,3.40617094927868,54.5347047805961,6.80293878116908,1.01018857712641,0.504061525613267,0.506491631965937,1.03072445310306,2.03635613730325,2.60460273862406,5.21723843624085,0.536317792723898,0.506724373301115,2.08313479007312,1.40298743570566,7.97021110988085,3.55286796974441,0.503015232248783,0.501519009607563,1.57822144925364,1.00085564826306,0.614341123593044,2.29370554427554,0.504950654156627,0.500128996027606,1.63740937994758,6.7179938794485,5.85152756192595,1.78782224049436,0.503500932651927,0.503222564213805,1.38068617735883,49.7562129770631,0.79958561028396,1.00317316462757,2.12921612780886,0.500530638544066,1.00279565731347,2.52224818678626,1.83347626145366,5.46411626517978,0.505776587062205,0.502698190912984,2.2927419135246,1.18658424911387,12.3842634459235,30.4818074709811,2.15510876295113,0.792192294210958,20.5340121546269,25.9208761775339,4.04696525587896,1.0265892767044,0.511312340247445,0.635832174976956,1.05290963076178,1.10113456137493,2.86705348325306,33.5665490042577,16.2308248256974,0.554305832415345,15.8965674137732,7.66486601428799,1.83621222871443,34.5106992513943,19.9172935640625,0.500401042878654,29.0221608609762,1.11513075172037,26.095140878062,39.0932906734018,0.505275253438742,0.512016472379895,12.1504127010571,19.4453636483465,1.07618108838353,1.7598124904591,0.634692094125831,0.660589588124292,1.00328162116746,1.07358542305496,1.71051243334267,36.4496873716108,7.82489854403096,0.518945938624128,14.9929686298692,5.47603404646478,6.70808338263953,1.6989157400359,0.503299866714943,0.61855730680664,1.45865343337601,1.0615395812059,10.9960470169522,24.8018580097056,0.948953627984571,0.749575394420426,6.4926742720646,2.01151038408305,5.46540138509751,21.2885554022491,0.500704902462716,3.58760961704633,1.33722469805956,4.36011203294159,2.14539903704627,32.4623998406065,14.0771136514033,0.504243984323237,30.5132020576259
3.01979728737701,0.624567220879816,17.3642979212684,0.724952581053356,1.08993699574881,0.907828030325113,6.40036063962267,5.52408066127135,1.32883780369025,0.507161760759051,0.611624632133873,1.06819217633405,1.03790232210071,2.18457149448457,11.0320750537936,0.60345781577241,0.827343143343162,1.17206802537065,1.92050019212085,4.11075834467263,7.75844246710012,1.94081836228668,0.510036714891196,1.56729856270938,23.1860141063806,0.919638692527658,1.0020903207342,0.501532130446089,0.502242724982252,1.00951968165904,31.1712930080291,0.505292757360686,1.01439881125349,0.512366505962004,0.506937722445483,1.02180820959141,1.96232676970395,3.26126878910729,4.26208074626428,0.574196976038564,0.530910902620705,2.35833987750304,7.84901977270878,2.79581082731285,5.88297071415945,1.39005060551878,0.512336424633701,1.60762778671128,6.32798201466615,2.43626030587314,3.9260480237979,0.502621916011077,0.505343117564247,1.2988642360373,24.517753354014,1.0587841867084,1.07627428704709,0.57907540055594,0.591946690775665,1.14370455900472,6.31146279670964,1.73051572989628,4.77150539536889,0.511041571300509,3.00637326862097,1.26566528078054,1.24526099337742,5.87672625213189,28.4792107911094,0.63709753630816,5.50653459937254,8.09078720828951,6.16944486580821,4.21819705761088,1.85679588848441,0.522319175751136,0.750431863446037,1.2650283832061,1.06177471600412,2.90216353661212,37.44232175901,1.47877028333276,4.70071447807377,15.5942033916374,26.2242168956902,0.992801803637853,1.00189001714233,0.502830196635752,2.49818472550066,1.00792167976189,30.9353386586925,0.910919294591631,1.0007942902999,0.50047314176519,3.50937045180119,1.00228404808075,1.21431146218163,0.614285402316004,3.07465378456851,0.53587854544366,7.83451090637303,1.2211946506875,47.8895583454165,1.12651106337211,1.06979010211099,0.508406687214383,0.506992005428132,1.085455876872,1.03118845559657,4.14980654291032,10.1530172806549,0.556044617396378,0.505597746561536,3.8490708296497,54.1657196673203,6.94006603878961,1.19668547163758,0.579395093778305,0.627651740597896,1.60043023789628,1.66599888652937,2.63320461793796,6.23601945092254,0.515938942854911,0.507222592795652,2.37098473967056,1.14146938771485,7.95364667274544,4.05156872215825,0.510901977682796,0.505581173784114,1.72344749362879,1.01208302104341,0.54908833319511,2.53794434310384,0.505004910450024,0.501820830404221,1.77316996305345,6.07350826604521,5.93215404684998,2.00755040441623,0.506438969000015,0.506267934720133,1.51963976947904,51.9198827582864,0.703588001791295,1.0042376989847,1.72185947051712,0.50068844878443,1.00378523791998,2.14485769176363,1.79588289941263,6.09784181378217,0.50507882255209,0.502669371124743,2.57053652184958,1.10890662869608,12.3946173941278,31.1265451971121,2.07392031234034,0.763928938523719,21.8689523776983,24.8203667582058,3.94960981201428,1.03580108793129,0.516183424033195,0.666035487227296,1.07419659208896,1.05212352548624,2.76205299880007,33.8883580629798,17.2140130182201,0.532146439236829,17.4458575726816,8.76034934492516,1.74177237977611,33.0409515454935,19.7859088569752,0.518982288182772,27.9326746406944,1.17717788470014,25.3176499343363,40.7454561506971,0.50649546229178,0.518107188011114,13.241099782401,18.9820975284641,1.02387444006407,1.70813686451853,0.611350008263858,0.619481401493116,1.02046379308441,1.02331201691211,1.62141178790566,37.2701719718913,8.12896771141616,0.506741716074816,16.7983433758037,4.87919522227816,6.75753150688909,1.89459559581293,0.501544920987673,0.610555921397562,1.61563407031811,1.05108409147054,11.3982860346035,25.2949574387785,0.865117249075656,0.740142741516636,6.76183352154263,1.46883625261348,5.57282537022828,24.8305689089157,0.500748470156626,3.739502284982,1.46461589978425,5.01139198165142,2.05805705918913,31.6686862339606,14.1322115924143,0.507278111627298,30.3793587698683
2.61745790998378,0.621019102186181,18.5005121386619,0.754249881209166,1.09519415685857,0.920758546832388,5.79642662425225,5.42392248223502,1.39939201588852,0.500253868253401,0.60041833974018,1.12128439227466,1.00177717127989,2.09711129142792,12.482089183644,0.600347245933634,0.808233700366522,1.23781703434574,1.60132882184893,4.04043743578639,8.22218305483666,2.02092632245326,0.518923493067278,1.73684685432228,22.2596905304755,0.893672428072449,1.00075076391206,0.500668798174401,0.501017023388344,1.00413927734494,30.154411948547,0.501570547486892,1.0049794138979,0.505669051612896,0.502671980899851,1.00955885746292,1.64356830932069,3.24795488771447,5.01138435812119,0.572964952297881,0.53322468737118,2.65340526472999,6.97169025192045,2.71526526605345,6.6489205389156,1.26751331498144,0.536871745080163,1.74698718663096,5.45100140501577,2.42979645985987,4.78756783930422,0.501990974956982,0.505247509190437,1.43375076242159,23.5456806150317,1.04340937184981,1.00200911258173,0.502297579452664,0.502787633907918,1.00406539515585,5.60351753145563,1.68456808262498,5.6652947117859,0.501950030899453,3.07814062764937,1.37467036696808,1.0008324649332,5.57010333174017,28.9728825191599,0.596937929969101,5.65922727427043,8.27059177973941,5.53814800883905,4.21039161598446,2.08608455889688,0.501269605123566,0.74452158692362,1.37018845295486,1.11474741423585,2.73644117699855,37.530341319947,1.39557908393869,4.829132771184,15.8427062343222,25.3067671835337,0.98052231388866,1.00377684785165,0.506932184751706,2.64658741388529,1.01860960453991,29.7978502817774,0.89360310561419,1.00706961868624,0.50458136849156,3.62846438324735,1.02178135075558,1.03017066837238,0.598021581137481,3.49081140987176,0.509371438920915,8.06486313203745,1.29356227294863,47.8923704081687,1.06039231849872,1.09134502965825,0.510990047187875,0.509135986614018,1.11184681733985,1.09557262368455,4.07134961367758,11.1313943972879,0.543450632619028,0.51718192027501,4.34635006189998,53.8255514846536,7.06814708733624,1.15717507897717,0.563967498968725,0.603238548665245,1.48358342979666,1.35230916602787,2.6610147163291,7.43534714358349,0.503267584084012,0.507520041719517,2.71077591923187,1.00364036513384,7.93674042319397,4.62342136880262,0.501125924426091,0.500586375948639,1.8876715225623,1.01595052190741,0.504300454029516,2.80583969778048,0.506550447876668,0.502415677645975,1.91932329471784,5.49343562626166,6.01057450285982,2.2678682300862,0.508930244242512,0.509269480009283,1.68716070418178,53.9686018378482,0.619653331049119,1.00503002133892,1.38213998257207,0.500806794218613,1.00455750078748,1.81720721006788,1.75934427776554,6.82124954756809,0.509385887722803,0.505884009439343,2.89446664571205,1.02681292688718,12.4022068387821,31.7331403359031,2.00457772006385,0.733862375912714,23.2056382481206,23.7707027180182,3.85808544295683,1.02715610671467,0.513072399352712,0.699759541898428,1.05874866852431,1.0120839526136,2.65723995119496,34.0958728891703,18.3307507617049,0.508776112994122,19.0141024678036,9.98640233294591,1.65468299230749,31.3832368663405,19.4500637188456,0.506485804282363,26.5243292179267,1.10790809712309,24.5619902215259,42.2377721423417,0.503148235048564,0.510929374977472,14.4059400347621,18.5493637975483,0.973917351434606,1.66681760796898,0.590181099216203,0.582032728936561,1.06055665739,1.13913907848737,1.5366316133248,37.969300551184,8.49455695843601,0.549415363593279,18.7278548142433,4.35008627685965,6.80255502415869,2.12495176985543,0.510055722111327,0.603104242753202,1.80368673834606,1.04048973136021,11.7902003564949,25.7786469066704,0.789390468145228,0.728492318155513,7.04159154867844,1.10353024592654,5.68261713304883,28.8351742050918,0.50106829093571,3.89420500125526,1.61704168122075,5.79128896115931,1.97552847586218,30.7214619762692,14.1078110344652,0.500037223491071,29.9428884123109
2.25778773755961,0.639928080468688,19.676425523317,0.787490481064482,1.10132451382365,0.939259068866839,5.25524008321313,5.32700081265624,1.4776264373017,0.50834297160302,0.614030962477396,1.18994001844029,1.05262587368816,2.01059223921672,13.9959425393381,0.609170568144149,0.789740484587746,1.30788643934215,1.33714454030006,3.96751974550892,8.69312100724775,2.11614553248838,0.518378290824251,1.93419431270478,21.3884150365126,0.868708849543817,1.0108327042411,0.513724737225039,0.521965948396252,1.08472834604681,29.1813651790096,0.520692158385719,1.05850233809612,0.573278440449393,0.534352342312655,1.11668112537179,1.37079021710651,3.2342438522147,5.87092162156424,0.574001252955658,0.535428577177564,2.9964175602721,6.14640267960281,2.63927034010506,7.52825968552962,1.16309940882313,0.512232589196238,1.92230401356928,4.65509016749746,2.42303164960849,5.85391949824859,0.501309446218397,0.505180009140839,1.60181295500483,22.6161298912623,1.02846659132442,1.00272242159263,0.503488286070309,0.504271045182621,1.00578292383351,4.93641525593659,1.64030396321863,6.71563657256609,0.503339977257699,3.15336348581502,1.50868518121609,1.00890514623669,5.28568452148493,29.3966773576631,0.560917925634029,5.80194575560493,8.47484146742184,4.96758957257328,4.2024563425369,2.35675204116551,0.540782411651733,0.739657423635939,1.4969656326402,1.16668449161944,2.58197077463449,37.6046200267177,1.31901338455533,4.9477933055506,16.1110912539097,24.447992154191,0.968922353228168,1.00454932051379,0.510791980789831,2.80225870578461,1.02771923331656,28.7231502138506,0.877001645228971,1.0116291558482,0.508327634119064,3.75384422948744,1.03892527995348,1.02849513127814,0.58247450291885,3.95840532886971,0.508587369070709,8.26701139948932,1.37435274571303,47.8951223688256,0.998844099447958,1.00225272882515,0.500270773266748,0.500224998366129,1.00275829052533,1.09143875950393,3.99608594625095,12.111158381377,0.533116815494899,0.516567720985856,4.90218314177014,53.5116416280167,7.18739316739069,1.11879014886866,0.548721440245464,0.578911911847829,1.36818495991324,1.08765358156428,2.68774664755235,8.82840304789723,0.500881438608957,0.502465846107571,3.11027566208697,1.00885474261917,7.91935667190338,5.26815813740004,0.502639920362309,0.501405704865556,2.06845532751221,1.00298754346807,0.500800834196818,3.10048939567526,0.501213577911641,0.500453614772222,2.07754611563385,4.97043817876239,6.08670614802672,2.57514796213248,0.510983063545144,0.512279978101415,1.88763437048157,55.9043137287329,0.546125951369849,1.00669568847309,1.10142625269038,0.501067649730073,1.00614710705582,1.53313675180409,1.72377914914278,7.6424744882439,0.502726232627829,0.502090266280607,3.27059663537893,1.23386109366874,12.4069557242441,32.3015628395738,1.94589907030209,0.702314181553147,24.5334680033714,22.7695116235229,3.77202698917953,1.01979174990098,0.510230207306463,0.737213686944744,1.04499052837871,1.08038231078559,2.55215637914429,34.1910135842328,19.5933699541649,0.578627995980207,20.5735672458684,11.311844919,1.57440425416424,29.5635419655296,18.902260851467,0.505731711617315,24.8273609235561,1.03862644213839,23.8281750276887,43.5714352685562,0.500851233825545,0.503913417611802,15.6457462839466,18.143056179565,0.926229470889164,1.63456735689838,0.57094262756024,0.547817115853829,1.05219099318929,1.08793258369035,1.45575897925335,38.5515005229777,8.92819557350688,0.537179216621655,20.767042209187,3.88080487451171,6.84341292978567,2.39499675497843,0.503294640125774,0.596028406491252,2.02752235422421,1.02977993697177,12.1701183861529,26.2520334218721,0.72094598851606,0.71477550610942,7.33205677379803,1.02761709655137,5.79436170888756,33.2054152752626,0.500036228210212,4.04829441564123,1.79283746347912,6.70620692829148,1.89809814831107,29.6111112111297,13.9859534831062,0.507474085198107,29.1820810144494
2.00948358719735,0.603347057545009,20.8808817007341,0.824885524139565,1.10802019070836,0.962510994920577,4.77096191480476,5.23309646319347,1.56391706893457,0.519905689389862,0.634196952934605,1.27512640101111,1.04061352454394,1.9249694855675,15.5438792285869,0.606345962656727,0.771713447652903,1.38171944650418,1.11881889012262,3.89204846796969,9.16529159304711,2.22772068189116,0.517874799237767,2.1623358586234,20.5675681234866,0.844694580977021,1.00609935479776,0.512176267121007,0.520322412725259,1.07492699493108,28.2515716096081,0.503147188644553,1.00825226432412,0.511016903203315,0.505147433948501,1.01690501069601,1.13786218044561,3.22005268638534,6.84273921202338,0.577411106929036,0.537350901871064,3.39371157271576,5.37497101371,2.56731048646478,8.52423427457995,1.07414902003646,0.535857619243331,2.13985320560906,3.93327257794166,2.41586892719769,7.15955301129731,0.500561896020586,0.50514308023552,1.80901754813625,21.7412203627416,1.01395091898078,1.01185041394152,0.517334322718256,0.521470453739623,1.02680417683036,4.30854070175136,1.5975992983386,7.93179439559154,0.503717797740269,3.23141207621382,1.67203528063864,1.05029766431705,5.0213039548052,29.7361384017039,0.528252470921773,5.93286034468365,8.69259522074507,4.45148038324876,4.19436722513944,2.67502441370038,0.520316085415882,0.7356382842272,1.64818919105638,1.00452649829084,2.43778134016815,37.6676446403025,1.2484431638388,5.05625598326826,16.3989229752461,23.6434962335698,0.957990392782864,1.0043204650739,0.514431267760533,2.96457937684553,1.03539430167087,27.7072726129722,0.861095941365736,1.0146155182654,0.511739251004498,3.88476389719293,1.05389120128707,1.05581499441292,0.567554377784496,4.47641433582718,0.516222896327747,8.440610822926,1.46202980874874,47.897815572361,0.941477915162152,1.05700659088713,0.506845059265883,0.505685369961499,1.06979882402639,1.08675968346703,3.92378294195257,13.0774178380612,0.524974206230256,0.515957546528575,5.52190177470377,53.2217034790716,7.29808079946922,1.08141653866676,0.533637932152465,0.554662733888791,1.25411458771331,1.0023544599411,2.71331185130354,10.4159649715689,0.500107386883939,0.500375317919077,3.57605810630757,1.0043647445296,7.90141250513614,5.98899382067603,0.50125052206977,0.500681952018261,2.26583779350564,1.02322807594664,0.506614352071041,3.42367883233198,0.509569209852655,0.503905838492682,2.24830564294354,4.49816246093949,6.16046498550628,2.93673729781684,0.501406466152264,0.50167367770896,2.12637134766182,57.7301480476845,0.504501168239144,1.05584185688982,0.871539844415384,0.508770272485399,1.05182063061868,1.28735669916273,1.68911599400208,8.56952307526586,0.509121017439839,0.509702159487235,3.70563882712744,1.1495567612295,12.4088516597987,32.8321765541833,1.89685107661114,0.669627036625788,25.8420630090136,21.814538418853,3.6911093122255,1.01362015595742,0.507638890297269,0.778626339639478,1.0328079895253,1.04288221669457,2.44639403187962,34.1756703356755,21.0143050149781,0.554877132215405,22.0939925899136,12.6929110320178,1.50134822582307,27.6208022988987,18.1533722768025,0.510539807042675,22.9100354212685,1.36313346595093,23.1161468151164,44.7518971094666,0.504290520288666,0.537349577257284,16.9605757648644,17.7623543356344,0.880732842648582,1.61038041187785,0.55344214886441,0.519710783597395,1.04394677210248,1.04547149017748,1.37841643738734,39.0217112468327,9.4375408237045,0.523706364712341,22.8959132950077,3.46445670493015,6.88034148687484,2.71048022627595,0.511390476258901,0.589165238297266,2.29274179438219,1.0189787805234,12.5365681412379,26.714316942548,0.659046228754137,0.699164352834897,7.63332535676992,1.05032686284271,5.90762971392144,37.7954067059573,0.503396027592302,4.19842453568839,1.98957422135071,7.7535797786949,1.82567919218004,28.3348273274782,13.7508231221975,0.51460181252677,28.0908766340159
2.00190822700333,0.600666078937062,22.0859803852635,0.866415340896486,1.11476380666235,0.987863371334759,4.33825361141092,5.14200353644523,1.65868622916709,0.508510348773952,0.614850626056458,1.37822279243723,1.02783763369229,1.84035047823982,17.0965134364235,0.603876023723372,0.754116888205991,1.45950369106533,1.04662733970751,3.81429928550999,9.62907878412781,2.3565001540133,0.514978560959107,2.42197751120529,19.7930448577792,0.821580051588225,1.00150621417058,0.506993403479277,0.512146943455976,1.04289700849841,27.3623618145646,0.507733114567085,1.01819184446478,0.526655330642354,0.512398007587249,1.03881934209751,1.00696698399002,3.20529933052537,7.91913603881084,0.583214707526383,0.538741216925647,3.84944298228273,4.6596328546212,2.49894020841341,9.63497315199384,0.99848487161914,0.512264672593849,2.40745825152521,3.28070035108532,2.40819885387432,8.73563806474333,0.500058212254905,0.505140346370601,2.06282539542247,20.9164010959089,0.999844403430274,1.00837582799819,0.514038643470769,0.517567727704874,1.02030114648044,3.72020964312501,1.55633565839309,9.31488233255313,0.503016991362988,3.31157144853061,1.87009249687593,1.00601804811951,4.77501977500431,29.9945801720544,0.501338033927545,6.0512235964155,8.91886401296,3.98422788254478,4.18609322692968,3.04793838437012,0.500599282000382,0.732276370266858,1.82731420421951,1.05645919541948,2.30300368552353,37.7214185454295,1.18331516291408,5.15424639346243,16.7057290466928,22.8892982331289,0.947714302176052,1.00319217745308,0.517869920557982,3.13281156649537,1.04176700006384,26.7465185691928,0.845866246528967,1.01616371121953,0.514842233250082,4.02045006289271,1.06684945698251,1.04066964822146,0.553186362785497,5.04655391225165,0.511406738041282,8.58798813118261,1.55681370127304,47.9754675892625,0.887882031002166,1.03556845785475,0.509344198807598,0.507375493452161,1.04126695426644,1.08154153985132,3.85424117617224,14.0160876503196,0.518967186198522,0.515346622788692,6.21090074593216,52.9537011953194,7.40053826060664,1.04494950551638,0.518699969971001,0.53048253758689,1.1412354580441,1.04402995526891,2.73758341729614,12.1732480524571,0.501394885874905,0.506831707462822,4.1086314353321,1.11199026004388,7.88280425532469,6.79101844332637,0.530311973247492,0.517107722978694,2.48120307398252,1.00036820100616,0.500097958059886,3.77752542359456,0.500145897917103,0.500995772977265,2.43226895099655,4.0710989347223,6.23176448855185,3.36099268374398,0.503620608411367,0.504753409507665,2.40971665286503,59.4500444340757,0.51405159432052,1.17954463114242,0.684859323056439,0.527994548387226,1.16837890055049,1.07531772721082,1.65528995912972,9.6099203699082,0.504134421974245,0.506261015650755,4.20692308809012,1.05887626327768,12.4079367518228,33.3256840994428,1.85652851194542,0.636153117588358,27.1215813759817,20.9036517206332,3.61504734202101,1.00856874364266,0.505283743438817,0.824245040589474,1.022109952939,1.01629541451142,2.33960552534143,34.0516250394464,22.6055088318687,0.529771985144353,23.5438459147073,14.0743006902452,1.43544494500724,25.6044202170328,17.2277898483587,0.527378566471061,20.8508532498362,1.2901332794719,22.4257667853434,45.787716614265,0.501415018307953,0.530484916762545,18.3496254721892,17.4028104588867,0.837364733757999,1.59338766161372,0.537489467607011,0.501460719249292,1.00321217784044,1.01315942976561,1.30425753157733,39.384887568456,10.031382851658,0.508883866367504,25.0889840475658,3.09503946249519,6.91355443993063,3.07794061627372,0.5014502766012,0.582357896210195,2.60594835841348,1.00811104861193,12.8882950696887,27.1647911625304,0.603032528887906,0.681846539451684,7.94548105732859,1.00777113986446,6.0219581331565,42.4965127813253,0.512449518304103,4.3433028797941,2.20931428203008,8.918218193057,1.75776456163617,26.899596736814,13.3911644481059,0.53365163627943,26.6821391545979
2.01706353246297,0.60585375468415,23.2702884245788,0.912032892919619,1.12112455783405,1.01346683665766,3.95226833039882,5.05352807274032,1.76240009725292,0.519381239382564,0.634602966013173,1.50100438672329,1.01430077148084,1.75693101280784,18.6241161126012,0.601763625073334,0.736916964049117,1.54143426979798,1.02498085210451,3.7341012572266,10.0775633004102,2.50361143180124,0.508258389036795,2.71467049573252,19.0611640830297,0.799318986248623,0.999785497903868,0.50239066609166,0.504325867351752,1.01461511891017,26.511294044672,0.512319041180447,1.02581588575174,0.541833115519272,0.519370962246316,1.05771486191068,1.00559740260235,3.18990970299923,9.08418262860526,0.591469423347232,0.539354851333214,4.36711742361647,4.00288515295797,2.43377496053039,10.8519760556081,0.93431378345967,0.535340323012317,2.73468401811601,2.69463179826549,2.39989801238354,10.6040033462223,0.502663050026385,0.505183276803884,2.37236598453964,20.1375950467661,0.986129852529805,1.00555518619691,0.510874093706593,0.513744592826529,1.01465064279407,3.17344802390597,1.51640411949971,10.8547434036978,0.500188986334401,3.39300889288094,2.10940535491762,1.05681484964551,4.54499633039799,30.2104810745769,0.504020701642236,6.15819115844222,9.16296053233097,3.56087817142458,4.17759594814398,3.48330316624511,0.537602391542952,0.729392697050404,2.03848679680331,1.1070936985795,2.17685533909371,37.7675684705008,1.12313850111501,5.24163808138619,17.0310013002139,22.1817692696622,0.938081152921779,1.00125138614499,0.52112444295378,3.30610437423285,1.04694206707627,25.8374341039233,0.831292119462315,1.01639775422874,0.517660694467435,4.16010485936372,1.07796131369566,1.02489824758276,0.539307016499681,5.6700306779322,0.506719677971338,8.71177384843288,1.65907530531956,47.976947558763,0.837842188988199,1.10255473723722,0.512304094231171,0.510203630956487,1.12557682199056,1.07580837982679,3.787288910898,14.9146581636141,0.515055093067307,0.514729565191472,6.97452706172965,52.7058029408439,7.49513304792928,1.00929568145145,0.503892590721176,0.506363929895137,1.02940338720774,1.04173526563409,2.76047397927287,14.0772139798778,0.500802910904102,0.506334518970846,4.7151534741792,1.11026169435816,7.86342508285682,7.67856542864719,0.528382576681155,0.516518794460867,2.71601954950234,1.03622548766854,0.509509453585427,4.1639805530303,0.514095792284524,0.505524535468605,2.63077488244277,3.68446634641869,6.30051424953134,3.85727429311551,0.505361601387529,0.507916915801252,2.74517335599557,61.0690940339375,0.502430280544889,1.03176335299575,0.534582212831967,0.504925762835362,1.0300246026543,1.00292047716184,1.62258394398901,10.7614065134185,0.5009773542326,0.500558832119152,4.77897522280253,1.29752979765371,12.4042986190813,33.7830698298463,1.8241362132473,0.602242332352311,28.36300756645,20.0348368481398,3.54359120623434,1.00457101527575,0.503151415261189,0.874333597356531,1.01281596467248,1.00106502150332,2.23151895809127,33.8205679197827,24.3776994223049,0.503290635014585,24.891764842219,15.3963212876096,1.37649008578596,23.5699026095572,16.162455246999,0.541344313392633,18.735969423444,1.21865292882559,21.7568119211546,46.6894850465524,0.499825325609393,0.523679707512565,19.811136912811,17.0575684371609,0.796124922682163,1.58304990313417,0.522937516861112,0.501350371533168,1.00278627111687,1.05372634072299,1.23296477227753,39.6456932978993,10.7195916964286,0.561211908020635,27.3157847502074,2.76730361011569,6.94324244475579,3.50470690786046,0.505081879155665,0.575452162367597,2.9748239740714,1.38137162701207,13.2242725926307,27.6028434496327,0.552315914809988,0.663020350541847,8.26859516819801,1.25608997200381,6.1369289131377,47.1936767578616,0.527583728542336,4.48175825978256,2.4546816182372,10.1691168149165,1.69056371336318,25.3246590300947,12.8985816868509,0.501188376952188,24.9933648559024
2.0212150027964,0.607132327912093,24.4257289760498,0.962047921770098,1.12711701733585,1.03941266425419,3.60866128591638,4.96748751882066,1.87556889506652,0.508655167284982,0.615717998433786,1.64566257212892,1.00003507865189,1.6749713994477,20.098753482918,0.600000429135467,0.720081344081021,1.62771421551896,1.00828168654118,3.65182026104239,10.5012893306354,2.66980174027599,0.502845442040101,3.04034979225298,18.3681396541964,0.777867754659801,1.00556115233001,0.515853517203855,0.530575070266618,1.09642926389153,25.696128574933,0.510418098118426,1.0194769872545,0.534909292054572,0.516099448786052,1.04573813256335,1.07309230799736,3.17382319719682,10.3122703513068,0.602225302268259,0.53894022704779,4.94843331120464,3.40714622403338,2.37148477342048,12.1590893689629,0.880151889550669,0.512458617026266,3.13302787933749,2.17413646408642,2.39082818975601,12.7694502176716,0.509283523034289,0.505279204927966,2.74859144685981,19.4011839236421,0.972791146610574,1.00334048144482,0.507831150861356,0.509995327940049,1.00979045486349,2.6715103782668,1.47770570929466,12.5276659881982,0.500028899116918,3.47474170897921,2.39782683310702,1.21272718102855,4.3296339278101,30.3798828470934,0.51462759395607,6.25312868283243,9.42007122837867,3.17706104840099,4.16882929865963,3.9896070750409,0.518421293425783,0.726812589352374,2.28662088908566,1.15627325776822,2.05863319401524,37.807409022149,1.06747724888507,5.31844088538926,17.3741976092739,21.5175231384764,0.929077007538331,0.999927060676574,0.524209567224665,3.48350600068078,1.05101002055033,24.9767886415779,0.817352512950962,1.01542805860202,0.520216321137856,4.30291099974362,1.08736754303751,1.00838364837344,0.525861779642283,6.34702038940921,0.502171172137491,8.81457623783633,1.76920611776057,47.9778886607111,0.791033712751022,1.17014285067203,0.520395111756774,0.51690727477333,1.20833383183404,1.06961073586236,3.72277736255623,15.7628057472169,0.513214494625118,0.514100217405711,7.81792674901617,52.4763382974404,7.58226045811459,1.18245761751941,0.577083431094512,0.626508198438502,1.58179705860599,1.09481587735793,2.78190753103743,16.0953799818106,0.50056389527982,0.514130366870497,5.40424314707009,1.10855424811847,7.84316630513348,8.65489610200658,0.526453406569291,0.515930087376467,2.97184304630046,1.07956522975583,0.520734571422549,4.58548025155336,0.530407280738225,0.512183153573506,2.8446300760099,3.33411848712089,6.36661868464896,4.43587920759147,0.506588851497768,0.51122611931578,3.14153253591448,62.6067855234967,0.507725193902229,1.10328071395116,0.516003737709619,0.515934131584927,1.0984383448559,1.03059025889608,1.59071830111182,12.0164231949505,0.509574653512719,0.505861840408067,5.42133120689544,1.20379115148966,12.3980620085006,34.2055459642736,1.79897421319649,0.568231770970084,29.5583818079628,19.2061838020776,3.47652086160198,1.00155789208681,0.501228069939406,0.929168166539561,1.0048404794686,1.00129092200454,2.12195545512575,33.4842242332262,26.3394427207954,0.581302364550866,26.1080706863321,16.603490563194,1.32417966758,21.572590468826,15.0021299652185,0.551877866081907,16.6488726773798,1.14972145133327,21.1089581295709,47.4689321380892,0.501621551655924,0.516860611162439,21.3423126561429,16.728600133993,0.756941505067601,1.57890189062504,0.509680431299934,0.501779700431652,1.00343041744329,1.02249740036837,1.16424820867964,39.8082385793251,11.512998721573,0.546185052578212,29.5417061295392,2.47665484694906,6.96957209494591,3.99888523571162,0.508051340796467,0.56829362519778,3.40822167947087,1.36531927458958,13.5436710939936,28.0237506998877,0.539033087875637,0.6428657159151,8.60105029251364,1.24494563412224,6.25218710839919,51.7721030017763,0.549265164368935,4.61261186074243,2.7285314309846,11.4626559619897,1.62839698593742,23.6416267887226,12.28639711202,0.504983143173274,23.0800417213845
2.09073262413025,0.629900885965999,25.5437963534552,1.01671906632247,1.13270557877748,1.06558564067778,3.30353881922563,4.8837089596657,1.99874212245795,0.518898437241841,0.635195643957539,1.81478767986788,1.11415019406259,1.59476726172925,21.4962917275313,0.610609756061974,0.703579039696671,1.71855461517494,1.07684500107724,3.56773441702491,10.8943934197301,2.85618750588825,0.528019858459878,3.40172030034328,17.7096870271506,0.757185057796323,1.01911055641595,0.511271499564069,0.52277185477971,1.06833943879888,24.9147883472826,0.508517156287459,1.01407492992421,0.528172082466945,0.512940328758974,1.0349837731695,1.09504312857319,3.1569938780724,11.5791529984786,0.615755253282269,0.537361796199494,5.59930795523738,2.87430171157847,2.31178928931499,13.532375710233,0.834764676855577,0.53538302634227,3.61608911102825,1.71939601891836,2.38085608855115,15.2119380259347,0.520348487236165,0.505437496387594,3.20440007051427,18.7039320604959,0.959813067189173,1.01895005566285,0.559817941718058,0.577313050257019,1.067222539717,2.21811457178183,1.44014251985272,14.2958533841102,0.502916429153162,3.55555899893478,2.74462659278241,1.0417210403388,4.12764108289084,30.5119985608565,0.502822872662477,6.33637787042951,9.69000520313512,2.82893978580111,4.15973924736584,4.57583988122681,0.500007675266483,0.724361495967347,2.57748646198548,1.00126321393129,1.947704179985,37.8420064015594,1.01594241895216,5.38478200522572,17.7347448988668,20.8930124642713,0.920686499898704,1.00594037281863,0.527137359796674,3.66398362266911,1.05406248046055,24.1615543989617,0.804025852351593,1.01335426161813,0.522528851116144,4.44804036053706,1.09519157873258,1.10013875684635,0.512803887522365,7.07648030156585,0.524556228217191,8.89888070045124,1.8876202601324,47.978809575818,0.747207096817287,1.13022193103756,0.515598202467691,0.512926733704558,1.15944977786256,1.0630252467002,3.6605764681548,16.5527544426731,0.513441829063518,0.513451526479207,8.74586224281638,52.2637907368613,7.66233398489096,1.14643750806531,0.56221654348264,0.602360918313721,1.46947247419632,1.0390179699535,2.80183192098455,18.185496532731,0.500165370181105,0.505762548544471,6.1849893159218,1.10682128481782,7.8219195629184,9.72185084828405,0.524530854242511,0.515340573811214,3.25031491139092,1.02966996120164,0.507679769133324,5.04426567888335,0.511159015711535,0.50455544686054,3.07487886228139,3.01646860862958,6.42997590635133,5.10788617447945,0.500120019408062,0.500231834539949,3.60899924299271,64.0901704328186,0.521774531428523,1.25892946330626,0.545272635673086,0.544337097436799,1.25030585819248,1.01807065586501,1.55953507339677,13.3728289893586,0.505301392730787,0.503477980295146,6.13754546616666,1.10134791684729,12.3893811131294,34.594503893663,1.78042545399323,0.53443697400858,30.7009620117864,18.4158780068338,3.4136428555569,1.02940804005753,0.53005316110802,0.989033421554657,1.11237811344882,1.00528819174925,2.0112467362064,33.0441895117124,28.4977781049537,0.545972337830116,27.1710908812562,17.6520468401599,1.27811612954235,19.6616152433193,13.7938080135351,0.500065750781358,14.6607677305428,1.08429677124869,20.4817193784367,48.1380666436964,0.506753569182939,0.509958628882506,22.9391809859092,16.4140429004844,0.719708426445534,1.58057596741795,0.500872188189125,0.501832875549671,1.00332407375689,1.00358301395057,1.09784501640525,39.8758938937315,12.4231872230547,0.529639668394141,31.7291715606608,2.21907026219703,6.99268526876638,4.56930279290735,0.500166770197106,0.560725479364785,3.91624620459091,1.06014234263878,13.8451261852015,28.3900968915979,0.50660956540323,0.621394853295673,8.92699324700958,1.2282399995783,6.36744301042021,56.1277851526629,0.578054274016418,4.73468258948215,3.03396021158613,12.7441234568314,1.57141276955467,21.892357155311,11.5710723116989,0.504418172485412,21.0207436596585
2.06907688669168,0.62240441481523,26.6173846706636,1.07631525243912,1.1378762225042,1.09195272134813,3.03343089527019,4.80202810395701,2.13250583302674,0.508770843543645,0.616649392816527,2.01137519701119,1.10102923992677,1.51662182276511,22.7977633601768,0.608233131387431,0.687380334709512,1.8141747701507,1.00372790769511,3.48212876402978,11.251661364222,3.0637427995081,0.501419701167652,3.8018513891485,17.0817639387947,0.73723219422043,1.04030624817394,0.507201313051631,0.515278506489235,1.04352249732338,24.1653437631325,0.50661621330621,1.00955002941781,0.521609164641149,0.509886313410663,1.02537198353755,1.11721478164569,3.13939063117333,12.8575185808378,0.632355839765873,0.534483232187005,6.32584183379941,2.40521220317149,2.25445364304912,14.9412364588772,0.797122387307505,0.512855567089709,4.19968950905486,1.33069072848748,2.36986905254128,17.8811212142726,0.536395379614084,0.505670423706486,3.75468436904725,18.0429099903509,0.947181169289524,1.01030931304727,0.542546382297936,0.555455456432184,1.04416296970139,1.81652319103733,1.40363432538871,16.1096430455799,0.509932647094351,3.63392470412344,3.16056221163829,1.08626028769507,3.93785880187337,30.6146812062142,0.505714620839836,6.40838494880604,9.97269629710237,2.5131679384619,4.15026375821056,5.25120349767067,0.534320403395948,0.721861423373595,2.91780463983367,1.25949748289081,1.8434990520405,37.8722228569373,0.968186697087421,5.44088959425842,18.1120410706936,20.3207803702439,0.912839683051898,1.01882179308783,0.526713516532712,3.84559545617489,1.04982721380085,23.3888892349894,0.791290110244466,1.0102684294175,0.524616741058045,4.59466518814457,1.101552749636,1.08212240785595,0.504347596180927,7.85498054813249,0.519513852003369,8.96666413124854,2.0144179163352,47.9797107932516,0.706131916569008,1.09029808063195,0.510808588371796,0.508954856401301,1.11056367739298,1.0561513944887,3.60057094894672,17.2793848241559,0.515756191369469,0.51277554987119,9.76249980355893,52.0667974746304,7.73577640394227,1.11111726097037,0.547462058034012,0.578266975779687,1.35807339149027,1.09568080625955,2.82021677064109,20.2985689136559,0.502926775497295,0.514117108303369,7.06681531974484,1.10500812152891,7.79957943879938,10.8794938694132,0.522622398960875,0.514749082107197,3.55315850150959,1.11293760417499,0.528942916744659,5.54252481359407,0.541485492051799,0.517403352137905,3.32261176709589,2.72842751453396,6.49047690906716,5.88488029850465,0.501483562626101,0.503555393621951,4.15930027367619,65.506290262189,0.500432817043914,1.00601362144861,0.500940658681463,0.500919376943009,1.00580874402927,1.09411688270204,1.52897822071156,14.8286369753819,0.525342734968583,0.518296044744377,6.93272048822992,1.39035863091079,12.3784729375317,34.9480901692252,1.76787817458264,0.524285793299306,31.7814339019543,17.6621948385513,3.35478833362264,1.02060119234317,0.526882443934033,1.05421835229728,1.09651457198605,1.04022025293203,1.89874357423617,32.496467110711,30.848268353627,0.501703135624483,28.042246728134,18.5126030205387,1.23763064023445,17.8754996944272,12.5803821580599,0.501056265441683,12.8220186988975,1.02322569516111,19.8745171937498,48.7087140196866,0.515240739452415,0.502902370223076,24.5965942478407,16.1127610755723,0.684318381331546,1.58777735003658,0.501117495407372,0.502686554003367,1.00443932154047,1.00520358468214,1.0337097849188,39.8507603536361,13.4629404456088,0.506197340252138,33.844524033317,1.99102978156079,7.01269894549922,5.22538980679191,0.502937580906734,0.552587199147734,4.51029872044516,1.00617735148655,14.1284769807727,28.7852397152478,0.500662119385425,0.59925926815052,9.28074761384551,1.20609280433253,6.48245548129563,60.1765693381494,0.614616025678796,4.8467963244619,3.37428929877243,13.9551325423559,1.51954198858155,20.1251207321405,10.7767609237937,0.504683844710459,18.9016851265752
2.05778533859688,0.618468211818482,27.6405985949881,1.14108525646681,1.14261519432585,1.11847844330219,2.79527340571337,4.72228861794061,2.27748016162454,0.512019374643595,0.623414367430132,2.23883450068312,1.08714889505902,1.44082175172762,23.9900846541891,0.606218280435341,0.671456757605971,1.91480217486112,1.01522274859667,3.39530476326119,11.5683669027656,3.29314732940355,0.506223934110595,4.24386945289399,16.4808689300678,0.717972993832337,1.06922391361601,0.503614236957789,0.508075824933189,1.02177347288816,23.4460154698684,0.504715269078817,1.00585544898681,0.515211145950692,0.506931767795712,1.01684183599776,1.02059370610315,3.12099832123162,14.1189395212297,0.652345668543072,0.530167406388198,7.13406627526819,1.99930742885278,2.19928429979695,16.3507723988719,0.766367971540174,0.536087055590483,4.90191519123335,1.068412043226,2.35779999251788,20.6928639458445,0.558044184440713,0.505869954005105,4.41538505699671,17.415466099073,0.934881755941408,1.00436041566095,0.525815345715855,0.533926356074629,1.02461353253842,1.46853160122145,1.36811132938379,17.9125693051995,0.521206683085713,3.70807724144772,3.65793130591235,1.12982480243992,3.75925689922659,30.6941762052061,0.508440947756882,6.46966446442296,10.2680643983755,2.22685000528892,4.14033299594192,6.02469643805198,0.516468066059175,0.719127764586979,3.31534382190562,1.2106736753465,1.7455007080881,37.8987696011133,0.92389613153662,5.48706737772309,18.5054595783001,19.7663874001148,0.905608543180864,1.03841206248159,0.50682125213868,4.02856302196932,1.01221878775267,22.6561243638344,0.77912288948155,1.00625520936644,0.52649724899823,4.74197039311249,1.10656813079827,1.01985394530271,0.501001594902592,8.67925013501607,0.50445127129895,9.02022992750062,2.15024942209584,47.9805927229061,0.667599570835069,1.05037146547549,0.506025528914494,0.504990776549981,1.0616755597734,1.0491075837396,3.54265682830995,17.9401168143197,0.520202171355214,0.512063454028446,10.8711694707199,51.8841312224809,7.80301228703634,1.07642876235069,0.532809377392532,0.55422141419238,1.24749423150692,1.10952040835359,2.83705033188029,22.3833818817458,0.509193588570876,0.516333754946049,8.0592474192556,1.10305306656885,7.77604648779091,12.1257832408396,0.520736538053122,0.514154285617864,3.8821739575095,1.02727623912588,0.506939552326372,6.08234690967992,0.509846934064302,0.504213741776708,3.5889647905689,2.46735272114127,6.54800526046272,6.77852996882927,0.502230676156727,0.507128281691074,4.80575262360961,66.847411944421,0.515168001159764,1.21469790081075,0.533791941537486,0.532713846626639,1.20880777980992,1.02228816382606,1.4990430176854,16.3718130609985,0.506437333718883,0.505216385213358,7.80703242344671,1.22961297473774,12.3674953589894,35.1585499927312,1.75803011878624,0.502970068707997,32.666516134774,16.9434956331155,3.29981118741922,1.01292509741076,0.523948714348534,1.12501119521533,1.08214168407626,1.10828085045743,1.78488303869521,31.8351313186175,33.3791356020485,0.506418359036537,28.6944353863878,19.1480463042309,1.19814104255228,16.2408092226358,11.3863301976161,0.561918516869891,11.1667885384056,1.28096493460854,19.2867519365865,49.1922521156412,0.527177882250161,0.538708459106291,26.3082949655063,15.8227821407665,0.650666093655178,1.60030188459506,0.501711757263045,0.504324312159173,1.00653960858484,1.04357529041125,0.97124906983608,39.7265056174484,14.6412289266535,0.509444815623018,35.8272277711435,1.789455760547,7.0297054198719,5.97698780368322,0.504892573763293,0.543714014927093,5.20307565627625,1.14132038591377,14.393119892113,29.1570263821339,0.515755628145544,0.576364375721007,9.64162294480477,1.17898524862289,6.59700665974012,63.8592003325698,0.659737338322837,4.94779555191591,3.75305106469709,15.0423561225584,1.47265601027097,18.3888606031949,9.93262245135551,0.503452012264391,16.8080463810538
2.0355659901097,0.61120728892196,28.5888434944087,1.21048692227402,1.14630604612846,1.14229069675254,2.58638922965253,4.64434142915985,2.43431590970477,0.515056821495052,0.630167319506656,2.50098732701681,1.07260117971872,1.3676181106631,25.0660598503583,0.604533642887238,0.65578111322199,2.02067268596197,1.02524266272785,3.30757580116434,11.8404189423278,3.54466768405698,0.511218445584665,4.73091339555832,15.9039443741052,0.699373596691196,1.10611509373975,0.500485803006706,0.501147142332346,1.00291631314243,22.7551597693995,0.50281432566835,1.00294913817369,0.508970087785266,0.504071773533355,1.00934019100101,1.04140568873483,3.10181733084781,15.3363529645958,0.67607055362981,0.524280591377098,8.0297463103146,1.65437885760753,2.14612430819364,17.7251453536552,0.741796216501752,0.51351345323308,5.74303588721485,1.00122184674942,2.34460307502667,23.5153453779239,0.585698692250843,0.500096865082918,5.19619380970401,16.8192109008677,0.922901874018928,1.00376760673911,0.548495458858532,0.564382145204872,1.04114313905625,1.17390317456762,1.33351713740209,19.64821581402,0.536900761597273,3.77607032010783,4.25058502016649,1.17228126234059,3.59091400519385,30.7554660957028,0.511011644429865,6.52077304299498,10.5760185663122,1.96750310684443,4.12986991216868,6.9045414378346,0.54790919722818,0.715966480634438,3.77900994090324,1.16310021435757,1.65324293517937,37.9222228444976,0.882788855909819,5.52368502704841,18.9143492536498,19.235507985679,0.898947986543316,1.06484957072917,0.502819848131939,4.21153073606704,1.0047410701735,21.9607544212269,0.767501520095816,1.00139114934344,0.528186250353817,4.88916590753698,1.11034285905278,1.06238728275508,0.50305583436247,9.54554882536553,0.513224547271954,9.06168449683731,2.29617203215974,47.9814557346678,0.631422221862395,1.01044222876875,0.50124847557152,0.501033852907186,1.01278549155471,1.0420268975928,3.48673848394453,18.5346242499142,0.526852695804119,0.511305588938131,12.0741057223354,51.7146678856396,7.86446190661372,1.04231054255646,0.518248961930744,0.530219877923897,1.1376392748616,1.00004217266784,2.85235041323065,24.3913475532366,0.51917037386021,0.500007092154677,9.1716561619447,1.10088909310078,7.75123060723831,13.4563011793698,0.518882646747979,0.513554688573144,4.23923063940328,1.07670438130883,0.519303173459079,6.66567012530658,0.526980820197294,0.511888556201249,3.87511563694978,2.23100478263567,6.60243752762256,7.79997674128732,0.502265547226916,0.51104058556901,5.5632654441203,68.1235718609113,0.512364626826815,1.17780977672841,0.528102453242765,0.527002694462742,1.17385660287182,1.01341400963771,1.46959553956018,18.0100333410575,0.503133547800796,0.50267574260287,8.7721966734705,1.09902970327676,12.3565583403224,35.4057442377739,1.75386058342936,0.511019692676215,33.5656334292277,16.2582229907271,3.24858605132365,1.00631144082685,0.521238295852735,1.20169310981371,1.06917423705207,1.21421312614449,1.670208576923,31.0568673608122,36.067747174692,0.509464893363561,29.1059042468308,19.5858172727325,1.16321293481683,14.7783842770111,10.2557877963102,0.577097926397845,9.72123860933437,1.21470771047539,18.7178087554333,49.5993559562216,0.542728661310248,0.531950781538244,28.0669754660145,15.5426131948388,0.618669531718637,1.61805489437605,0.503777566525608,0.510107469015052,1.01375415961766,1.12289359192623,0.910502999357125,39.4900010737935,15.9653593681077,0.530144001758098,37.6248564810549,1.61166053484784,7.04377304447794,6.83405711715915,0.505902437649234,0.53393748657882,6.0084950642321,1.01645282402048,14.6393407267401,29.5134867684514,0.501730859839485,0.552955942047304,10.0125296090569,1.14751606415018,6.71086984543723,67.1424319906881,0.714347583461154,5.03654901878584,4.17395859030136,15.9643910517169,1.43039522087125,16.7273817339989,9.06889410558838,0.501755545362368,14.8112489747023
2.00633987157936,0.601978125599002,29.4988806146868,1.28613829251816,1.15016297132199,1.16893562554404,2.4044748887096,4.5680441679172,2.60369037588561,0.517882191800634,0.636945959557356,2.8020520532151,1.05749015579969,1.29721377859596,26.0238315362095,0.603143141141045,0.640327531402882,2.13203052456293,1.00614463656729,3.21926105874219,12.0644850007889,3.81804430657999,0.502983971705752,5.26606801300376,15.3482151712919,0.681402227680848,1.15139566886907,0.509630857873415,0.524828700343279,1.05763413055424,22.091249924346,0.500913383853681,1.0007864400889,0.502877312023657,0.501301034014648,1.00280910104037,1.06158938380937,3.08186095669215,16.4863884880994,0.70391105383422,0.51669782772715,9.01814547470787,1.36662863506711,2.09484778036615,19.0312034826941,0.72284116481446,0.537582733769851,6.74525899461041,1.02292705906258,2.33032123545082,26.2058751721921,0.619787215888857,0.501856908669659,6.10340324632512,16.2519825225089,0.911229246506691,0.999181442657036,0.570372709904951,0.59434954577091,1.05246488042605,1.02046829433161,1.29980631355478,21.2631917446157,0.557170525013751,3.83561982888239,4.95261385701784,1.00756464719195,3.43200475578067,30.8025059769878,0.500478618715386,6.56228921047383,10.8964564024593,1.73301601839648,4.11879136100344,7.89746023835499,0.530612897612136,0.712171816477943,4.31891947255301,1.11686190525346,1.56630659329891,37.9430462256163,0.844612310708201,5.55116393765626,19.3380355324029,18.7292189780364,0.89282466473104,1.09826821505362,0.502812653199553,4.39326084422808,1.00442114764167,21.325108571425,0.756370062161825,1.00044497962565,0.556433124937098,5.03406306121425,1.20620860970361,1.07593623293796,0.503622095764224,10.4457502256703,0.515245456254628,9.09223683571216,2.45226057223303,47.9823002127007,0.597429855940763,1.45079655285694,0.553843921179884,0.54456934292793,1.55194538873001,1.0350526377485,3.4327262550362,19.0644445087511,0.535811848886802,0.510491604791264,13.3721795071062,51.5573712637323,7.92053628391668,1.00870690849661,0.503772165215044,0.506258548700618,1.02844226921083,1.08821176846516,2.866162390635,26.2807202943288,0.533102750905267,0.513945788020235,10.4129176359673,1.09844623058083,7.72505459585444,14.8640824920373,0.517070765412173,0.512948610061678,4.62625695964561,1.12744390680513,0.53169835406334,7.29422060726808,0.54357675542687,0.519819843800214,4.1822805248455,2.01750939857373,6.65364471210422,8.95903263018797,0.501471847891004,0.5153973556341,6.44823556553792,69.3348074371852,0.507962341202596,1.11619338385007,0.518433156740139,0.517591353123915,1.11416120219959,1.03754453590961,1.44063730266031,19.7273856011995,0.507997319334977,0.507658140331689,9.8273017608981,1.00464578012461,12.346252294462,35.6747649087142,1.75527278142551,0.501789386936884,34.4644990315425,15.6048951985574,3.20100635432375,1.00069545248545,0.518738301504463,1.28453086402819,1.05753139372938,1.36557841676315,1.55534603480095,30.160736326718,38.8778121241658,0.536915445060154,29.2601535536811,19.8733167033321,1.13696138350936,13.479807013981,9.21557302512096,0.50004067501589,8.45880611657817,1.15391104001233,18.1670454642663,49.9397890474263,0.562123821210791,0.524948395617911,29.8643412124727,15.2707656688486,0.588245561559299,1.6410032311155,0.506470194045583,0.518496060134027,1.02217437252519,1.25082806374437,0.851362507723613,39.1280707333495,17.4369861561724,0.535750516930851,39.1792775353292,1.45530373841043,7.05494764458347,7.80627409335215,0.501177576662167,0.523087500683756,6.94151803920089,1.02409880271282,14.8675718417514,29.8627542116839,0.502511321901107,0.529253910594937,10.39739189911,1.11240712814841,6.82377490830953,70.016804538331,0.779542735297908,5.11196357095107,4.64085987011655,16.6969903722118,1.39248635789554,15.1749369632699,8.21366026024281,0.501689476686662,12.9654294161765
2.14980272202723,0.646198577481604,30.3483252125197,1.36754335319964,1.15356198868116,1.19567799907443,2.24758915373663,4.49326056642147,2.78630139089238,0.520489317797681,0.643788860851292,3.14660995955633,1.0419243952263,1.22975720746872,26.8659654219873,0.602009173247985,0.625071519533126,2.24912803766535,1.08692993746294,3.13068109665724,12.238111255114,4.11238011618293,0.549512942674431,5.85229457733622,14.8111330067612,0.664029025141483,1.20564994944655,0.506493998570257,0.517900319173354,1.03878059008409,21.4528629170228,0.536787363250776,1.02207239469634,0.613977697961258,0.55124948786185,1.10061875535987,1.08033835578404,3.06115213904372,17.5509030023202,0.736293461471435,0.507308985562457,10.1037552421959,1.13098085703431,2.04535373408342,20.2416474010293,0.709070883745026,0.514501785295472,7.93224456304687,1.12316958929445,2.31505130714233,28.6723647710182,0.661157922254502,0.510429494279811,7.15195451891337,15.7149148797185,0.899864774304911,1.00042764757691,0.589864369347557,0.620573344097494,1.05865579267397,1.03095297574125,1.26694231489031,22.6882428941435,0.581857098589334,3.88316376450121,5.76835891330893,1.05042820019263,3.28178889508929,30.8384202382338,0.503138524863796,6.5947976130396,11.2292643854694,1.52160436506171,4.10700982231554,9.00782558485427,0.514310739838741,0.707524780076481,4.94644307865996,1.07204170717001,1.4843119577986,37.9616211480114,0.809138204387835,5.56995831301763,19.7758239590439,18.2444294520128,0.88721698352422,1.13894501247554,0.527071886733496,4.57275381158283,1.03884177620175,20.7357230470261,0.745708005001992,1.00627430454222,0.514734321732063,5.17600198704766,1.03914612368231,1.12395360185083,0.505758057812055,11.3716298013656,0.523470947203782,9.113322385456,2.6190470941075,47.9831265571681,0.565467190964443,1.41087575191144,0.549049401316772,0.540591522750496,1.50306200556683,1.02833360885967,3.38053457943895,19.5325451097379,0.547217686871073,0.509610622489772,14.7646371836947,51.4112990152502,7.97163326453424,1.17345298782175,0.575596054265812,0.62574563136026,1.56994751247399,1.17534721095024,2.87855336343807,28.0197937411391,0.55129327087069,0.529423405328421,11.7909771549646,1.09565467129644,7.69745769947526,16.3395758338851,0.515311306247658,0.512334158912503,5.0452266255182,1.12793356934325,0.531465101633513,7.96944259090216,0.542556883677357,0.51995874287429,4.51170868159795,1.82532192853823,6.70149494610658,10.2631848971326,0.500035140018685,0.502348551414537,7.47829138345778,70.4815481600608,0.524741500422245,1.36688304771081,0.558437654397341,0.555361006948122,1.36234017622086,1.05027561410592,1.41213774884428,21.5115443354975,0.509723715165886,0.510535625428455,10.9731778688994,1.00241203857511,12.3359945866227,35.9363908811203,1.76168012219814,0.501072835414058,35.3257585115732,14.9820619033658,3.1569823786365,1.00068737081083,0.516436976419481,1.37376856905803,1.04713906711195,1.57321610694444,1.44110019640881,29.1481075142494,41.7577496286359,0.500077144412461,29.1471005426529,19.9987042649911,1.11397837285283,12.3403559176259,8.2602806622836,0.517266115049952,7.37428544155227,1.09910608993977,17.6337956694839,50.2223148491436,0.585666789607108,0.517649154254874,31.6912223131877,15.0058989954391,0.559316232728104,1.66918558524412,0.50551942363058,0.516749529879526,1.01781129696014,1.43970416210339,0.793771816177925,38.6269756641549,19.0500590199379,0.501973984914435,40.4325318979173,1.31835646381192,7.06325471029423,8.90251220773369,0.501805477945029,0.510995870994354,8.01783875233641,1.03386939473379,15.0779835428239,30.1734541644566,0.503502284074245,0.505292199122715,10.7814461617603,1.0744312593485,6.93537587536532,72.4921972448008,0.856614160521806,5.1729979601755,5.1576736110844,17.2326194570427,1.35854512607491,13.7542332492357,7.3898894077819,0.504388557783691,11.3030166313005
2.11428253960027,0.634962338089466,31.1355465388447,1.45478464773654,1.15647909836764,1.22241843551299,2.11415099022706,4.41985997254861,2.98285964985694,0.522867687569466,0.650735361630277,3.53954222788302,1.02601150787025,1.16534162774035,27.5983745152459,0.601094799951146,0.609990070832488,2.37222622486925,1.06398814065258,3.04215380463408,12.3598159044547,4.42605258965547,0.541719505108174,6.49235275119461,14.2903430110383,0.64722587647493,1.26963969210321,0.503782997054868,0.51122118363497,1.02255601170549,20.8386713909377,0.556319924031863,1.02172335906949,0.672093874139317,0.577013799679648,1.13830799301025,1.09676552371443,3.03972775830225,18.5177351761246,0.773715036992277,0.506191452506734,11.290066734782,1.00890994859311,1.99764454434329,21.3298668580479,0.700242101955302,0.503682303306676,9.32494513673029,1.06504710653511,2.29891181747648,30.8549798523304,0.710798119812184,0.505829662567535,8.35763090019169,15.2122801868762,0.888818906423573,1.00747230099342,0.515964731170952,0.521099481380739,1.00984621180415,1.05868902990828,1.23489416095663,23.8995031348004,0.611047875694349,3.91650206007463,6.70696893159674,1.09206492915949,3.13960096392172,30.8656721109067,0.505648502692691,6.6188767474086,11.574317980901,1.3317595798231,4.09443583660712,10.236728199218,0.541830180134117,0.701792682633698,5.67419948959818,1.02871946914852,1.40691354976067,37.9782654329768,0.77615921862854,5.58054163647079,20.2270024355849,17.7782369284477,0.882102494539281,1.18729880329175,0.514111939879541,4.74909904980188,1.01883253489672,20.1369837763361,0.735572425333134,1.01904864751289,0.500638682727844,5.31780699503598,1.00231706380793,1.06264130014824,0.502851298273751,12.3139644728278,0.511300478199271,9.12615517435115,2.79708306240344,47.9839351666033,0.535392410498371,1.37095228178015,0.544261043889718,0.536621041579728,1.45417666053216,1.02201973639472,3.33008060173262,19.9428979619094,0.561245081817988,0.508651469824584,16.2488655572605,51.2756005967369,8.01813472758042,1.13961221437688,0.561079415650576,0.601764403452138,1.46046530427136,1.06268857485969,2.88960497425434,29.5883440792159,0.574121044054678,0.511116295402895,13.312327826394,1.09244833341788,7.66839889870719,17.8707685498063,0.513614732942342,0.511709228740579,5.49814223188988,1.12850236169646,0.531233839422358,8.69242812411027,0.54150325681121,0.520114000369245,4.86467541457738,1.65319566521721,6.74585247294625,11.7164518601674,0.501089997038505,0.506698535084599,8.67182830575411,71.5646656342778,0.512560827070335,1.18847874825127,0.530109076762588,0.528371779201286,1.18684626912129,1.0508869240577,1.384069711651,23.348154866267,0.508895616521617,0.511006087882548,12.2091558299267,1.00269254913696,12.3258771125617,36.1733962533012,1.77248540966905,0.501385493612113,36.1263269525739,14.3878399897858,3.11643787595188,1.0076134757315,0.514313727634094,1.46961944864051,1.03791896485491,1.85189953367409,1.32843975613717,28.0224675600805,44.6390563807728,0.558652793461287,28.7630300150407,19.9861485656143,1.09402662709023,11.3503241872232,7.39392302286681,0.509442216361715,6.4525437433782,1.05070331914166,17.1173852963306,50.4547088126787,0.613739891229476,0.510010508872283,33.5377390589168,14.7467713644593,0.531807438152853,1.70269807979244,0.504647924312706,0.515061405194465,1.01393664090294,1.70778227792121,0.737739763371181,37.9717426976382,20.7871817047494,0.506750960026963,41.3277579397607,1.19906937177934,7.0687422210829,10.1302079164291,0.501152220781944,0.507146274430581,9.2534542932095,1.01400966856075,15.2724162815244,30.4904723376943,0.501436090618585,0.500906478956689,11.1858408943635,1.31062483642296,7.04522340218931,74.5924115367998,0.947082880793052,5.21867905617606,5.72830184507721,17.57798863279,1.32816656567937,12.4767285193098,6.61436984364675,0.503670336165673,9.83712903927356
2.20270371342531,0.661528251195176,31.8602527150377,1.54790499534569,1.15890318481097,1.24911044409456,2.00294963957085,4.34771701900357,3.19407911872024,0.525003306917767,0.65782746354763,3.98592761690168,1.02850568509595,1.1040149833428,28.2247328844336,0.60107221710605,0.601477948240365,2.50054310932544,1.04371563351367,2.95398999162976,12.4291725928446,4.75664429518373,0.533595319928744,7.18870350466728,13.7836553427153,0.630966272186782,1.34431762502685,0.501486047354606,0.504781081597321,1.00885353101272,20.2474347980005,0.516644059561939,1.00502365105532,0.550580495201257,0.522592231773212,1.03905303611641,1.00547148811494,3.01767903367893,19.3806759414434,0.816829870382216,0.500451130042374,12.5797485278267,1.0027872668305,1.95148595904087,22.2689133287737,0.695601095538229,0.501283139465162,10.9315691733694,1.00498263992634,2.28203157857755,32.7261690011017,0.769874917426206,0.50048226196284,9.73577843253752,14.7184840467024,0.877997836571518,1.02040677977825,0.514055092574944,0.519260285406393,1.00726585172653,1.00455995193108,1.20362767315278,24.9044273659891,0.645041136912327,3.93413159915391,7.78194498756663,1.04072515447355,3.00484382864128,30.8861830578706,0.502469906701322,6.63508888412518,11.9314807910992,1.16219093861299,4.08098114513575,11.5810726941341,0.526212684072976,0.694730100504338,6.51597655236993,1.25882150349516,1.3337969963253,37.9932420103687,0.745487054929523,5.58339740810221,20.6908410369483,17.327884671196,0.877458261933369,1.2438753815573,0.501672894043543,4.92148642259167,1.00206816430424,19.5597708871871,0.725895192878123,1.03881859861748,0.502022761553667,5.45719572480764,1.00710509786856,1.22223936689597,0.50985577315653,13.2628975158933,0.537463422009606,9.13177280073525,2.98693966115596,48.022444726397,0.51698054686781,1.27452625229075,0.537945916940055,0.531147547996401,1.32213825013145,1.01625775481105,3.28128317438401,20.3000952781454,0.578108631607458,0.507602977918409,17.8202042285141,51.1494985644599,8.06040439868745,1.10621698214214,0.546635749533884,0.577818615482761,1.3515515990435,1.14358548025099,2.89940591322242,30.9771437736573,0.602063271670274,0.528022850131958,14.9814632753028,1.08876879317734,7.63785967528238,19.4434858150773,0.511991175403945,0.51107147068977,5.98701459362357,1.12913894508641,0.531004570064706,9.46385053254565,0.54041621293951,0.520286270196518,5.24247506129092,1.50015769393174,6.7865592308035,13.3181236425961,0.505665790276468,0.511678973698724,10.0472456220387,72.5853727292212,0.500380153651167,1.00576245838617,0.500922799754238,0.500865632890484,1.00573071463096,1.05128076314238,1.3564123623999,25.2210733179718,0.508034817621279,0.511511325585416,13.5325575822319,1.00160407328704,12.315882082891,36.3873145070217,1.78742408006863,0.50095891854458,36.8667449550298,13.8231892092963,3.07926969447911,1.02124437249507,0.512118111054505,1.57216636670678,1.02895281690248,2.22089028236514,1.21845550877483,26.7891413002,47.4357621979213,0.546524412432001,28.1098956830444,19.8585665504908,1.07669936096442,10.4971983718744,6.61536553287587,0.513362341691837,5.67425278685233,1.00903757612872,16.6171384731496,50.64380463889,0.64680924165068,0.501998651351471,35.3935029171644,14.4934258874859,0.514475588727703,1.74168625181038,0.503828880797749,0.513145580521708,1.01046293138334,2.08067689504573,0.683346089022193,37.1456074246592,22.6155238331702,0.530959574100433,41.809168054608,1.09600175655706,7.07185731370804,11.4945347270323,0.499991106804238,0.500595756315684,10.6645936567453,1.02887260178806,15.452786010573,30.7944528289596,0.502932893936876,0.501980952319804,11.6030844446391,1.15131379877205,7.15274399129256,76.3498748097716,1.05273964195048,5.2481202993827,6.35651635200836,17.7498432086128,1.30095133855483,11.3444419672621,5.89771459938276,0.503032988010185,8.56581782289149
2.10408665165544,0.631432593474078,32.5230719143166,1.64687605235174,1.16082432578791,1.27570609773118,1.91316905768006,4.27671144621895,3.42066479922397,0.500698271793421,0.601650174101675,4.49088792678874,1.02509136934143,1.04579994631368,28.7639123732205,0.600810973580161,0.601299802974763,2.6364628287988,1.02659162336037,2.86648958903455,12.44685249411,5.100931372262,0.525093645203102,7.94340661682263,13.2890111055976,0.615225168903185,1.43084576391507,0.507188532363483,0.526502254497352,1.04288260244272,19.6779991445367,0.536176619349978,1.00365564435434,0.60849371995759,0.5482343075884,1.07541347121663,1.02251219743241,2.99507555185023,20.138789359186,0.86638045841994,0.502179565695469,13.9737691834568,1.0308807372418,1.90691457092803,23.0528714673728,0.695116395641752,0.516910280766442,12.7614868639723,1.0862780967037,2.26453370005391,34.2869093307126,0.839813524770224,0.509391409971729,11.300401970546,14.2440064542859,0.867436642971727,1.03913953440604,0.502182278792369,0.503014035498789,1.00094733194473,1.04063727282107,1.17310247985904,25.7212657412624,0.684213923404875,3.9346014172859,9.00638871098943,1.28939734102971,2.87697691568337,30.9014741562257,0.517251143542922,6.64397443100285,12.3006045890339,1.03052154754138,4.06644886596703,13.0309776235944,0.510481248022729,0.686046025914871,7.48526052987835,1.21355091074009,1.26467612476303,38.0067683178414,0.716950667598147,5.57901142732171,21.1665930892982,16.8907354511911,0.873260860680692,1.30937497486934,0.529661829641534,5.08922993328556,1.03214892570108,19.4236927572924,0.716013879013282,1.06254050153923,0.503055325140205,5.56719499465825,1.01079821196247,1.15898997308175,0.50693665574292,14.2082520030185,0.525576226031489,9.13103484370757,3.18920932411848,48.040245667265,0.500379246981129,1.00730089209904,0.500871459448223,0.500720489627895,1.00893950757696,1.01118693453786,3.23406216782743,20.6090277402949,0.598065690120212,0.506454309140649,19.4718291227606,51.0322710806772,8.09878644480448,1.07322527339253,0.532258562072241,0.553905360609101,1.24314998289589,1.03608449299319,2.90804470713467,32.1864954923222,0.635720537326166,0.507651096283773,16.8002761074106,1.08456917641118,7.60584600425836,21.0418594635675,0.510450057761816,0.510418278435913,6.51383807222801,1.12982800395621,0.530777152761841,10.2838891872986,0.539296099059823,0.520476097167554,5.64641165852707,1.36546723003699,6.8234503028827,15.0616266841069,0.514175555505713,0.517440928110435,11.6218933495259,73.5452377913962,0.538340758064506,1.5904059327806,0.594908887590107,0.588412482978471,1.59000699345954,1.05143998747534,1.32915109589228,27.1127425510364,0.507146345571674,0.512049364388127,14.9384036960202,1.01713560711549,12.3059428831241,36.57962490795,1.80625738878665,0.512117065996801,37.5482425806681,13.2811995094419,3.04548030994439,1.04150470957654,0.501106246159227,1.68164182195731,1.00238272632296,2.70429549038235,1.11230304625231,25.4549901422752,50.0448607624067,0.534021103726973,27.1945292154479,19.6372047029636,1.06163883327769,9.76743975452882,5.92037205041994,0.517105404826414,5.01993688782356,1.16365093984483,16.1323765914573,50.7955193873481,0.685431862887685,0.543474875542875,37.24780520691,14.2428793618723,0.500192421828422,1.78635778022423,0.500046311719303,0.500174800324201,1.00011722594939,2.59274592769105,0.630748266126052,36.1297533215775,24.4824010611849,0.556417569273948,41.8220849718254,1.0079111004593,7.07260395294878,12.9976449723494,0.502010268176901,0.500408522658329,12.2658749356137,1.22499385991589,15.6197937637046,31.08354400849,0.52262858765259,0.51654202207948,12.0323500920643,1.67231124803379,7.25722736733001,77.8015141203468,1.17568799366494,5.26054079027486,7.04583116578107,17.7705971318252,1.2765180666281,10.3523907980111,5.24510848209308,0.508283482875787,7.47690120238396
2.00324017199427,0.600974931940378,33.1253456965393,1.75159687264081,1.16223393389967,1.30215673988232,1.84442839421865,4.20672802861364,3.66329676037887,0.503467029908875,0.608598292963581,5.05936793668827,1.08355546297154,0.990647419101623,29.2213562676351,0.602349506938217,0.604449942529306,2.77946507180233,1.01311099963981,2.77993869943588,12.4146108223714,5.45494980718624,0.516166249028995,8.75802479119622,12.8044533625254,0.599978861388622,1.53062035482181,0.504870383380787,0.520059237953759,1.02914733300446,19.1335378559614,0.555274305138052,1.0000305305396,0.661509213173535,0.572113639855335,1.10146328361921,1.03639568487712,2.97194618682614,20.7953557159441,0.92319107796212,0.504537968474403,15.4708338195554,1.03546360031038,1.86387993393871,23.6969540653651,0.698901802434601,0.524510300494437,14.8270737114326,1.17236307214591,2.24652284208595,35.5581075888548,0.922385301342133,0.521799925474732,13.0630473198116,13.7873057486942,0.857126507304446,1.06372402956005,0.516587878191384,0.523109952577533,1.00573548133158,1.0717962187731,1.14327095654805,26.3739839313535,0.729043081705374,3.91656479930544,10.3922673460793,1.23672022417866,2.75551178910963,30.9127341501499,0.513952577862052,6.6460466589181,12.6815280748692,1.01800774227707,4.05098419038706,14.566763961132,0.506260039910923,0.675447623832836,8.59226979861622,1.16986339414624,1.19929005489448,38.0190255435227,0.690394513419544,5.56786522365011,21.6534968281456,16.4642477736103,0.86948657343175,1.38466760175865,0.517498609652491,5.25177870114105,1.01711520754798,18.8745933879017,0.707131173730321,1.09145384026358,0.503063749963974,5.69618784577291,1.01029374100515,1.09255046872384,0.503979351504842,15.139965328759,0.514221733175258,9.12464763468439,3.40450161875724,48.039829952709,0.527397694557491,1.52740939524516,0.562951014355438,0.552046697117287,1.64578021434453,1.0069358133519,3.18833800933105,20.8746283052347,0.621419504770064,0.505195399655391,21.1947240703311,50.923251296589,8.13360461329173,1.16706027087192,0.573896255420532,0.623697926463369,1.55693081510528,1.10759920410975,2.91560348549975,33.2241239658557,0.675845823069394,0.526173683106274,18.7674587509027,1.07981767702424,7.57238936228827,22.6489390517781,0.508999754575134,0.509746773393978,7.08056162102225,1.13055476468062,0.530551453561449,11.1521517508649,0.538143431188452,0.52068397688235,6.07778724653006,1.24857831568036,6.85637971828224,16.9336882889464,0.5271480351582,0.500614502283149,13.4107011035791,74.4460873371839,0.526160084604735,1.40665173344998,0.565515680426772,0.560781631643671,1.40753820190345,1.05133530712751,1.30227701315119,29.0049000517683,0.506237581872753,0.512617277115252,16.4193493402889,1.00818109438025,12.2959803285646,36.7518199520818,1.8287810392412,0.50666927064764,38.1726721342509,12.7597432961211,3.01503803296105,1.06852891457866,0.503154387409251,1.79815524134559,1.0060219596794,3.33072630090118,1.01113494071999,24.0281777420328,52.3484235454122,0.521240471238199,26.0280240964999,19.3407677132401,1.04853323048934,9.14770899766247,5.30293359981076,0.511648001335222,4.471380187642,1.11696734917519,15.6624202194495,50.9149105352933,0.730265553554706,0.535774279535052,39.0898227603312,13.9939668766391,0.501951366919261,1.83704525271457,0.500432256809901,0.501741254123126,1.0009096074322,3.28774710672764,0.580176642338427,34.9035973133616,26.3110980084529,0.54154886751624,41.3153277107787,1.00064515807596,7.0711544717705,14.632474129195,0.507903149272644,0.500198233503911,14.062968444771,1.09538236587722,15.7741174267438,31.3581460508987,0.509531492100571,0.507327482759971,12.4737226864642,1.50889660529293,7.3578178596444,78.9848946999663,1.31840167014655,5.25528892647359,7.7993263848148,17.6645511993995,1.25451390698863,9.4912188741013,4.65757302768221,0.510259481336807,6.55261180025209
2.22195797401571,0.666445897981765,33.6690662625002,1.86188010711873,1.16312505913324,1.32841312802796,1.79684175158632,4.13765658191168,3.92260932868981,0.505989692091778,0.615682105022509,5.69583726043013,1.07895255162506,0.93847914661399,29.6066543569296,0.601959078045949,0.604322266484382,2.92979714141345,1.00376687473074,2.69460661472112,12.3352308979241,5.8141256432137,0.506763781718254,9.63352532278561,12.3281073233392,0.585204871523244,1.64530143585887,0.502951249094214,0.513840177085958,1.01777606090206,18.6305844644172,0.51270474136296,1.00204074425326,0.523023258166758,0.514366414246211,1.02209284834972,1.04631283014925,2.94831450174092,21.3566738219727,0.988240290141587,0.507552753559913,17.0673913670942,1.00157368785697,1.82232703967971,24.2191418533873,0.707195244328886,0.501424125750153,17.1351059998794,1.05251604294211,2.22807729465183,36.5724704596164,1.01981412318305,0.50753679429367,15.0315049315955,13.3465400327866,0.847057466817267,1.09431616053472,0.501376040020355,0.501931064393928,1.00037303707489,1.00271395286895,1.11407885937709,26.8880153608196,0.780123093175024,3.87884764113183,11.9494676005319,1.18541980852136,2.64000840057403,30.9208758199219,0.51080770052391,6.64178805019001,13.0740751477569,1.00952546663284,4.03444863011608,16.1555253166259,0.503107193736012,0.662576699633167,9.83994685073576,1.26512678262378,1.1374002175172,38.0301662110481,0.665676769272721,5.55043018514582,22.1507765212293,16.0459436134018,0.866111632934729,1.47080699995761,0.505828766980832,5.40871775958291,1.00507138159142,18.3439826490262,0.69862839531349,1.12782025064388,0.509264730677656,5.82194466387377,1.02983510196318,1.02310422262207,0.500980712080432,16.0485596135077,0.503395826875098,9.11319250846701,3.63343951231626,48.0394229939851,0.50033883914971,1.00652536639097,0.500779155622707,0.500644053028789,1.00798999605297,1.00361715754781,3.14403137931879,21.1016881823813,0.64852256881197,0.503817222605253,22.9777674452344,50.8218287751239,8.16516211528439,1.25980179449984,0.615349750501385,0.693397484677137,1.86928993740845,1.0121979807434,2.92215303012031,34.1027690150052,0.723377785154917,0.503331268086503,20.8779664890382,1.07450037982536,7.53754661712528,24.2473979939992,0.507647309486196,0.509053792815127,7.68905540764967,1.13130323508023,0.530327381262883,12.0676109094997,0.536959305867222,0.52091037096259,6.53788870590905,1.14912459223813,6.88522728658833,18.9139454525442,0.54524646319781,0.506254758126159,15.424462092219,75.2899748092289,0.513979411135138,1.21922409718173,0.535391669368365,0.532710340082724,1.22028026839398,1.00864246746119,1.2757864174673,30.8792813596713,0.500916373184339,0.502230102106673,17.9656898471232,1.00103137693022,12.2859479475336,36.9053714001403,1.85480800475709,0.500972167333301,38.742368368343,12.2591133120562,2.98788595496523,1.10252113824116,0.500272978913358,1.92164978641672,1.00043636928058,4.1316202609309,0.916027408355784,22.5181707236997,54.2180372122203,0.508296488809245,24.625664985242,18.9851209533365,1.03711268924327,8.62558400677821,4.75619146815142,0.527710799260799,4.01230552144864,1.07738592528644,15.2065925296517,51.0062716546645,0.782080555581,0.527658445572762,40.9088508880835,13.7467333401662,0.501493112133741,1.89409521382418,0.50029272947912,0.501313429984834,1.00047722161372,4.21729665093032,0.531935611751695,33.4461940551127,27.998083221628,0.51512629718211,40.2400108565379,1.00959643500901,7.06742927790793,16.3847687497712,0.518064947578679,0.5039777054731,16.0537502573127,1.112706909271,15.9164491320773,31.6186804093447,0.511177832878143,0.509127528159198,12.9272642790792,1.34410117010289,7.4535128414625,79.9356008139964,1.48378847072624,5.23186694120924,8.61944422082113,17.4554387497248,1.23461992367478,8.74920414209378,4.13314143140977,0.500246962189061,5.77285819563676
2.11970180004756,0.635755554569944,34.1567223377343,1.97744896025509,1.16349255257201,1.35442575763214,1.77129377819572,4.06958017775364,4.19908077396995,0.507854759936259,0.620493627989682,6.4047802617666,1.15288422808711,0.889193801583621,29.9293473005699,0.603297194139658,0.608660837609955,3.08778844077342,1.01108169753204,2.61074272157794,12.2124233627009,6.17346601596361,0.561713912948754,10.5701820386869,11.8581633838847,0.570881834254157,1.77685107014073,0.501429790585235,0.507839664981678,1.00871296609648,18.1198780068303,0.501160365454666,1.01000201373746,0.503392360775538,0.501494574633957,1.00184901579672,1.05153568925142,2.92419404096662,21.8309183391199,1.06268427219864,0.51128696745643,18.7573933957684,1.00755910279898,1.78219635212282,24.6378012109497,0.720363569122262,0.511374866393381,19.6848843719188,1.12561135774478,2.20924432188473,37.3674914662097,1.13489956779672,0.522100048362214,17.208419541184,12.9203604569206,0.837222889450365,1.13117029971275,0.563026469729351,0.589234869207258,1.00961089484411,1.06072922084676,1.08546673862345,27.2877146993876,0.838184935585087,3.82052941635386,13.6846960817765,1.1355677350632,2.53006871719307,30.9266060068714,0.507814934944246,6.63164896711225,13.4780540233007,1.00024471484722,4.0167310825328,17.7667191286918,0.500076966541928,0.647220453790828,11.2337515483506,1.35440133175109,1.07878803555783,38.0403188645886,0.642667957299251,5.5271637821416,22.6576430624806,15.6333826813408,0.863112429206499,1.56905391220367,0.5316932243004,5.55976608368868,1.02249895783473,17.8295234571098,0.690485773582061,1.17203148925433,0.509860222403228,5.94423118178953,1.0304171061417,1.19589033373002,0.508191603988422,16.9255234081424,0.527086725905307,9.09714604441707,3.87665700703399,48.0390237249599,0.501301844680566,1.02506202486431,0.502991387157577,0.502473183081533,1.03068710286474,1.00132629425322,3.10106300785827,21.2947230647557,0.679780001863885,0.502312297789578,24.8079248441523,50.7274466748731,8.19374159164991,1.03569850361203,0.515874030232002,0.526631800443,1.11959946924058,1.07162457946181,2.92774905817886,34.8380360161728,0.779479371878632,0.523639549455765,23.1225922013154,1.06862310136558,7.50139876133269,25.820273645423,0.506398243489088,0.508335882863921,8.34107303760509,1.13205132292305,0.530104806024086,13.0285573956202,0.53574549388261,0.521155680889338,7.02797318030981,1.06692135793635,6.90990460893601,20.9751850069024,0.569293637814993,0.512904431687633,17.6678752183646,76.07912232255,0.501798737589976,1.02843144327768,0.504598317338254,0.504235648237791,1.02863529792551,1.1376552809211,1.24968021295029,32.7182972000554,0.511534926697006,0.538338579204333,19.5654944256798,1.01938313101641,12.2758054536392,37.0416750699386,1.88417186582302,0.522384142816546,39.2600103150508,11.7776458311014,2.96400327952272,1.14380526497719,0.50034632252802,2.05205170760264,1.00043154361762,5.13774361618803,0.827996416912803,20.9361424481091,55.5241738617736,0.500605641982642,23.0101115115618,18.5833383695226,1.02714502304032,8.18992799249232,4.27304569691737,0.543101856578121,3.62860707301158,1.10522764124674,14.764221178675,51.0732116570637,0.841772410276055,0.546771104003854,42.6945140502994,13.4999639502148,0.502121593538492,1.95793593597686,0.500360377343986,0.501837749415843,1.00036459212009,5.43396413239001,0.500460175041242,31.7399304300828,29.4139248956028,0.501231683188196,38.5571064539596,1.01211678057068,7.06140265533723,18.241824343546,0.533104128015057,0.507166724133891,18.2385103020226,1.1295236207505,16.0474840346512,31.8655896644227,0.512754275590883,0.511045421969109,13.3930170115446,1.17968733905705,7.54316822701364,80.6860182359331,1.67526101054375,5.189956049979,9.50777089937008,17.164798151872,1.21655311224771,8.11388624031376,3.66798051146376,0.502536702178041,5.11764351287952
2.01600053878627,0.604772623336157,34.5911472698727,2.09793596011392,1.16333320949096,1.38014506559024,1.76886394727545,4.00203015121826,4.49330968930613,0.501135170094077,0.603300912543038,7.18681591390014,1.08046748830798,0.842673883939861,30.1982187117424,0.601557320967153,0.604691405091742,3.253777107872,0.999437372179487,2.52857366572908,12.050671059214,6.52780223255349,0.552961362137156,11.5674672314959,11.3928660570374,0.556989396689578,1.92757735772374,0.500308148998393,0.502053646242344,1.00191674935848,17.6231798810792,0.505449726742346,1.02383895873777,0.515767389627058,0.506921083982568,1.00761245600126,1.05144343309551,2.89958444312681,22.2271710459787,1.14788116277586,0.515815492372094,20.5321305688041,1.0047814429146,1.74342418020048,24.9702661543941,0.738908187253223,0.522414924278729,22.4665949629325,1.02209430642702,2.19003760326608,37.9799209099313,1.27117400889415,0.5046032540284,19.5897634379299,12.5098496319376,0.827634265433056,1.17453780116264,0.501405140647538,0.502001909795962,1.00014687874787,1.00440904147963,1.05737173828522,27.5949507119302,0.904114462586549,3.7410277698849,15.6003556508877,1.08723466450366,2.42533007794992,30.9304833577499,0.504973265045869,6.61604850727956,13.8932566384693,1.02606754291524,3.99797270469938,19.3847161947902,0.50755819129459,0.629373328585781,12.7913043508542,1.07074688837251,1.02325280747849,38.0495923054589,0.621249702848746,5.49850693425881,23.1732949627153,15.224147342141,0.860465668014892,1.68091097957975,0.520280397877249,5.70477439698165,1.01204225376115,17.3288139834755,0.682683777652995,1.224641558496,0.502509650242259,6.06289468234021,1.00743365855252,1.1246441602222,0.50517024761855,17.7635761073263,0.516556126718435,9.07689199194485,4.13479591443658,48.0386323731777,0.502264849567631,1.04359808758108,0.505203714043534,0.504302372677521,1.05338325045199,1.0001373073401,3.05935352678663,21.4578948329976,0.715653061745556,0.500674894438394,26.6705653267735,50.6395966071502,8.21960563661072,1.12852855683901,0.557341233940064,0.596337641473757,1.43209960123453,1.11208607254444,2.93242951427902,35.4466478780904,0.845583287759002,0.546562252251503,25.4877161776206,1.06221207919309,7.46404855990756,27.3516750404343,0.505256468320028,0.507589298234012,9.03820958448268,1.13277086807208,0.52988351153189,14.0325662234891,0.534504172074833,0.521420214257372,7.54925177234072,1.02053092938003,6.93031153933953,23.0835929968725,0.600294607496761,0.520860025651822,20.1371238489513,76.8158794282497,0.539759342265809,1.63555199336155,0.60305603274577,0.594477458487429,1.64221549668497,1.09435466557313,1.22396317461512,34.5056408081196,0.506454865268724,0.527844917294936,21.2048894561695,1.0079320443803,12.2655174123341,37.1620382666105,1.91672494964858,0.510618831922585,39.7284701114325,11.3138430731464,2.94337353974745,1.1928385004803,0.50263807416063,2.18919538741059,1.0021055135871,6.37157027860075,0.747578999725061,19.2960660068489,56.1405395859805,0.511321379849332,21.2037689250703,18.1459502559767,1.01843075706039,7.83106778993053,3.8466010762523,0.508567219868831,3.30833635887169,1.11646463004974,14.334638288226,51.1187096408063,0.910375849934869,0.56687469640425,44.436940857659,13.2546714488197,0.501706914483363,2.02903902946629,0.500230808950286,0.50146880539892,1.00002295792745,6.97845994707138,0.501305548737606,29.7772611809191,30.4106976731342,0.503033977668264,36.259880212863,1.00782203620054,7.05307240245747,20.1865258126359,0.553789711884458,0.507128801707933,20.6119291635676,1.14578333159335,16.1679155308312,32.0993363823253,0.514259184982996,0.513079844614297,13.8710021328295,1.01730664394825,7.62550798713497,81.2647576963483,1.89681503146986,5.12943958102019,10.4647946975375,16.8112644086375,1.20006550142154,7.57311229554883,3.25724700021256,0.504350116976188,4.56842382620889
2.23907367132155,0.671241306503912,34.9754161085779,2.22288360351444,1.16264611705291,1.40552279949378,1.79197105864495,3.93507419351989,4.80553076524205,0.500243414463669,0.600757912856227,8.04265572767445,1.00844728288861,0.798791992192042,30.42124346472,0.600147871691143,0.600507774354661,3.42811014904343,1.00907319016166,2.44838385258632,11.8548796230071,6.87212190576728,0.540952684446073,12.6253475103375,10.9305071893017,0.543508119439457,2.10018710698914,0.502171005617146,0.521742035987251,1.01445386367803,17.1405375841895,0.515598576618091,1.04358412512938,0.544637931898844,0.519520330738164,1.01865095679408,1.00470020005189,2.87447148934969,22.5546694487843,1.24542142116522,0.501942920122748,22.3802135577534,1.0025371451199,1.70598413160473,25.2319652497341,0.763573748422474,0.532831895067514,25.4614394522039,1.07909127754195,2.17043661796075,38.4431789367087,1.43307768867178,0.521675922304615,22.1636114730024,12.1070676615123,0.818230911726484,1.22503435352137,0.500530853660402,0.500761260328735,1.00001172690538,1.04290322062239,1.02972988652928,27.8283195106402,0.978974227334063,3.64019905605328,17.6932519554235,1.0404855848158,2.32546168378214,30.9329453947056,0.502282339711938,6.59537508937371,14.319456588854,1.06367169621427,3.97811306463639,20.977973178927,0.517567177122653,0.608901066435421,14.515643934655,1.16129395329619,0.970610814499822,38.0580774592748,0.601314215079636,5.46488342589949,23.696919204814,14.8158281194961,0.858148515680216,1.80816272876381,0.509353371481939,5.84371859507196,1.00442560001739,16.839585032075,0.675203734815593,1.28636092346274,0.516879599270761,6.17785670535367,1.04681081539436,1.05103644560575,0.502104138618391,18.5568583716228,0.506526081840967,9.05273480862147,4.40850154586409,48.0382489930341,0.503227854486361,1.06213433746181,0.507416117740408,0.506131605082762,1.07607950497032,1.00103890338039,3.01882596131435,21.5949086928655,0.756662135125944,0.538613578006997,28.5498317264611,50.557815736729,8.24299694152842,1.22045810436557,0.598654647698074,0.665964714356865,1.74345937050927,1.03982009134425,2.93621257361668,35.9451463824694,0.923446008202648,0.520172222865974,27.9552936421705,1.05531347132167,7.42561728084153,28.827396841176,0.504224307510578,0.506810009851989,9.78185585339822,1.13343222984497,0.529663235635895,15.0764787824156,0.533237794200461,0.521704174931229,8.10287126869098,1.00299135790538,6.94630514179028,25.1958710729247,0.639412628771215,0.504308455337203,22.8109669154931,77.5026738205645,0.527578668682057,1.44390163608994,0.572092054237984,0.565899932958982,1.44945230624541,1.05233897875807,1.19864305067573,36.2268957695831,0.502768544396581,0.516424829533888,22.8685065331619,1.01968842615918,12.2550525786674,37.2676845079506,1.95233580063332,0.53291686307533,40.1507566564606,10.8662970204679,2.92598520398088,1.25020334809794,0.510848410627022,2.33282285258423,1.00158260255329,7.83856754883532,0.675346757467982,17.6165316465516,55.9705675577487,0.542982073175421,19.2471735308438,17.6812785442159,1.01079861025387,7.54079772385699,3.47039350365121,0.523841537486881,3.0415212309736,1.00304760190192,13.91718030139,51.1451865050527,0.989080383021321,0.501996910887681,46.1269300779538,13.0180589361216,0.501403424153493,2.10779108327052,0.50013097506918,0.501194455137342,1.00071528388718,8.85851224256123,0.500016090711627,27.5697999737906,30.8456423711466,0.500020340119402,33.3842209457755,1.00396384204431,7.04245080825814,22.1977927288955,0.581070049279837,0.506910464021193,23.1621944780388,1.16143705466785,16.2784280940703,32.3203987881817,0.515690954131247,0.515228801123907,14.3612157163397,1.51820065510058,7.69913623422189,81.6961291223393,2.15312019142705,5.0504260541097,11.4896340601723,16.4104886917208,1.18494160980743,7.11557169419018,2.89565159844356,0.501763186397336,4.10864620398926
2.13445601572127,0.64006914057285,35.3127622745712,2.35174643062899,1.16143272574658,1.4305118824021,1.84405123926805,3.86864162822151,5.13580170380753,0.504330218846685,0.614635124385689,8.96952822131051,1.15915571326002,0.757414563854109,30.6054582557421,0.602347360653391,0.610017385716728,3.61114355482361,1.04183448781744,2.37023144109064,11.6295929580935,7.20111440839142,0.503845519184031,13.7345203690638,10.4694253167082,0.530419386181082,2.29784423661539,0.501000264363469,0.515942546338181,1.00751136274414,16.6703150647687,0.509137917287496,1.06938047513787,0.525917488733012,0.511299579963941,1.00945673365966,1.00845516340133,2.84882634172228,22.8222799396141,1.35715779535033,0.505840353620903,24.2876852875313,1.04200553244625,1.66974658625058,25.4314701432754,0.794957790729735,0.501076278228328,28.6288037383326,1.00039987308739,2.15038586896242,38.7860128753116,1.62617129384064,0.500137481199392,24.9092432547936,11.7144612945011,0.809034240889741,1.28316614301269,0.502842523487867,0.504123355907981,1.00156230615638,1.00400839270362,1.00247824718002,28.0031594629845,1.0640240657893,3.51842408297672,19.95355639942,1.13399963435533,2.2301610506063,30.9343350790958,0.507448140443404,6.56998786702973,14.7564074592239,1.0052838950127,3.95718833421053,22.5217196744448,0.501420468406695,0.585790504008903,16.4110106766781,1.24566245632522,0.920692163296062,38.0658536694237,0.582762434145066,5.42669662109646,24.2276932330446,14.4060081791626,0.8561387329422,1.95292587288443,0.53306012266919,5.97668946644465,1.00959232325715,16.3596531791201,0.668027710672389,1.35806207494574,0.509872541172817,6.28910212783168,1.02598674537962,1.23185142139506,0.509507926560139,19.301029110312,0.528176506885286,9.02491316702926,4.69841782026317,48.0378729842429,0.591514044463152,2.76155172046479,0.710249292391852,0.673834632863138,3.15690124901136,1.0235185953309,2.97946554961646,21.7069128634347,0.803368754800873,0.50148503286281,30.4267343402666,50.4816750068198,8.26413940718241,1.31159999207355,0.639832309221372,0.735521412198604,2.05380431227884,1.0631800507391,2.93909501455741,36.3490182712319,1.01521176215817,0.545195374630331,30.5031055157764,1.04799173730709,7.38624075452769,30.2353918401868,0.503302615654922,0.505993722585171,10.5731495720902,1.13400635306297,0.529443716641421,16.1564071980957,0.531949229115219,0.522007665646313,8.68989377594961,1.00314827892114,6.95836826438752,27.2688962632807,0.688083956678705,0.509805243454028,25.6573034195014,78.1419837053252,0.515397995112638,1.24943955235443,0.540568648606828,0.536985253249325,1.25302339722143,1.01212948711471,1.1737296791899,37.8699480137082,0.500450695906462,0.504060611754829,24.5400432303387,1.0190137891942,12.2443833123928,37.3597509626651,1.99088750655739,0.538988330282258,40.5299371117816,10.4336753251779,2.91182975772475,1.31660880044506,0.507763393297104,2.48258399572827,1.00032610032005,9.51622486301668,0.611498724737475,15.9220837103685,54.9590535006675,0.519468545946542,17.1908114434405,17.1957786827682,1.00410160916972,7.31230481180533,3.13849103509067,0.528532302174268,2.81993369610473,1.02326055696039,13.5111877932834,51.1545654274938,1.07924668633784,0.521558138487314,47.7560777909261,12.8042154182771,0.500846464243917,2.1943004967469,0.500053067380345,0.500724064300733,1.00420577188589,10.9522771672831,0.524051131497697,25.1674673554808,30.4721836423474,1.06678318976726,30.0807229037327,1.00071791292627,7.02956660328224,24.2510073195834,0.616130808793939,0.506482955629983,25.8700745092944,1.17643565223241,16.3796900605033,32.5292636413808,0.517048077226422,0.517490744615439,14.8636270084856,1.35466610746814,7.7625533870122,82.000112791579,2.4496166275591,4.95327043439795,12.5797712175774,15.975232883417,1.17099555450519,6.73114599378253,2.57789366042653,0.511036487870772,3.72402904018643
2.02905624997102,0.608664391373779,35.6064981781164,2.48389718836831,1.15969701171599,1.45506700821523,1.92986882967988,3.80255810494254,5.48392385431358,0.500948959847213,0.603415958360702,9.96088338472398,1.08741358051648,0.718406024985885,30.7569991039815,0.601147882635237,0.605692316024495,3.80324197251039,1.10096010151255,2.29425784788869,11.3793018949989,7.50982276855645,0.517371829311999,14.8828902914012,10.0080115186364,0.51770531474388,2.52423635042228,0.500239857361191,0.510352935469484,1.00279017237557,16.2109825370045,0.508369183662114,1.10148558300126,0.523511751962527,0.510218166082336,1.00724730836927,1.01526074341937,2.82260477213963,23.038156424263,1.48523584089544,0.535267628034478,26.2382824218219,1.13409510966127,1.63463836014576,25.5688832056164,0.83375866072313,0.518172885009684,31.9032815534121,1.03897514053606,2.1297934456917,39.0319295397882,1.85739221796264,0.520069422469942,27.7967733114477,11.3312951780972,0.800034869040758,1.34960586139439,0.50155565497649,0.502276166031931,1.00868724735029,1.01855177539983,0.975556853034527,28.1318806643517,1.1607419475042,3.37667146994528,22.3641401533593,1.22290574134895,2.13915248217453,30.9349115615126,0.512211306542535,6.5402177513232,15.2038425428615,1.01068892981848,3.93525242022967,23.9941938294722,0.50285637942235,0.560098774922071,18.478154499808,1.32373085141558,0.873339744880221,38.0729898176076,0.565503417846172,5.38432986263126,24.7647861014869,13.9922499357786,0.854414771874502,2.11771148608951,0.522375833739133,6.10388043461203,1.00345131078072,15.8869088212713,0.661138593787172,1.44081718730574,0.503405292602589,6.39668127003961,1.00845130367307,1.15668949750514,0.506417141387421,19.9932532024589,0.518431703296475,8.99361110042252,5.00518153681643,48.0375046153989,0.564455189570533,2.24069018812909,0.648081668627403,0.622434543454963,2.51914077074667,1.07478891582812,2.94105549816166,21.7910317736909,0.856250342108655,0.504970486595452,32.2680475486274,50.4107716381786,8.28323931057417,1.09124972743937,0.540994834390825,0.569081607418377,1.3089633434198,1.01566961242401,2.94105067567973,36.6721995286824,1.12348928689933,0.515549527112691,33.1053050354613,1.04032712285655,7.34606505186666,31.5660739411561,0.502490974359506,0.505135903705342,11.412924434656,1.13446217437445,0.529224684363194,17.2677654982394,0.530641838261431,0.522330666801391,9.31127452731825,0.999996958262752,6.96633156606484,29.2677329148817,0.748085630611505,0.50024421399835,28.6420384212732,78.9419813037864,0.536076399834653,1.13817206303085,0.574362457680285,0.567416320579359,1.13380822298936,1.1264576600497,1.14923417999249,39.4251854769345,0.501731939199868,0.54675903207741,26.2028884784265,1.01763922230604,12.2334848715046,37.4392940975419,2.03227518086001,0.545146498791823,40.8690634473416,10.0150831141505,2.90090037329087,1.39290988049876,0.505077783096869,2.63800290720582,1.00639283025654,11.3455365452452,0.555959396078092,14.2440610986013,53.1117674021434,0.571197254308787,15.0983851202858,16.6943634139391,0.998213384567007,7.14008003431184,2.84555619289109,0.533080457217749,2.63685678631859,1.02791346442371,13.1160048439874,51.1483270110725,1.18242322621267,0.542022687349799,49.3168830284717,12.6335425339717,0.546766850343495,2.28816902571583,0.502079222628908,0.540261029013751,1.00960245484424,13.2977382117407,0.502368737854201,22.6469457502039,29.5992507744748,0.841167298804291,26.512362676892,1.00392184287991,7.0144630857117,26.3189319693497,0.660443077606108,0.505818278797432,28.7086752809557,1.19073260280585,16.4723481461245,32.7264234153094,0.518329074869283,0.519865319744933,15.3781793109354,1.19563116533063,7.8141762107869,82.1927406165716,2.79261480861653,4.83859106777426,13.7308123013829,15.5157635562723,1.15808364138886,6.41104374340376,2.29894496443317,0.50453213863227,3.40258615226746
2.11103065259373,0.633156192140658,35.8599464840425,2.61863817260209,1.15744568596606,1.47914576239122,2.05601743562613,3.73664201415613,5.84928883767941,0.502130026713549,0.608018714082228,11.0051396085273,1.01646361031676,0.681631997468894,30.8811714336915,0.600191176385189,0.601110723496431,4.00477774363958,1.19162284692676,2.22064696329485,11.1085248319338,7.79393340342268,0.525069410600049,16.0567279144355,9.54472478197774,0.505348644505918,2.78364947255332,0.499996160004403,0.504972997465749,1.00029203067492,15.7683909102574,0.506091695078894,1.14008628932581,0.511075937048702,0.50661407528456,1.00483956057143,0.999077495341338,2.79574669840137,23.2095383932638,1.63212151760776,0.530287361659107,28.2137902926675,1.29477935259769,1.6006183328593,25.6412779905952,0.880757337042358,0.526982629018583,35.1991856450077,1.04966242111092,2.10852893868975,39.1994550364013,2.13534988086321,0.544424160536653,30.7875131286353,10.9572341673978,0.791224976097903,1.42512950149106,0.500303442307307,0.50044798100864,1.02154652974509,1.00103309581398,0.948910500530655,28.2242789750866,1.27084602965591,3.21653443264454,24.9003251744198,1.30702701941201,2.05218360880239,30.9348740241344,0.516569197159089,6.50636964337973,15.6614737421203,1.01374736343103,3.91237516170156,25.3778291785719,0.503776872353456,0.531967657318957,20.7134533514572,1.07041868991314,0.82840817170463,38.0795455548374,0.549453707049523,5.33814680432745,25.3073597860945,13.5720860647447,0.852955829838284,2.30549533070928,0.51219460779747,6.22557573563447,1.00011974222571,15.4192935046572,0.654520098509657,1.53592077764079,0.515667126902201,6.50070107319927,1.03521144499906,1.08007689579042,0.503281663189357,20.6321129472103,0.509139682692605,8.95896685443763,5.32941632827723,48.0371439522095,0.537396334782045,1.71983320460427,0.585914892674749,0.571034966055945,1.88138634594957,1.15871372699096,2.90359592351437,21.8440557920906,0.915799876635617,0.517785580283384,34.0432235655397,50.3447327574164,8.30048523170253,1.18248452830083,0.582187355965913,0.63864510136702,1.61939139896122,1.02140156168563,2.94202871806974,36.9268238383931,1.25144263260773,0.542687380149846,35.7332176769529,1.03241250229803,7.30524207804322,32.8124452299943,0.501787937891529,0.504231822803578,12.3016582311922,1.13476476826223,0.52900583220973,18.4053285284864,0.529319343656055,0.522673005315382,9.96783849277325,1.01244761886931,6.97029264067157,31.1613894956234,0.821549309750162,0.509351745188268,31.7214693510041,79.4915160543732,0.500358256331844,1.00587942289525,0.500960209963654,0.500870265582551,1.00598786894334,1.08614415100275,1.12516815792306,40.8855841922691,0.499730440781122,0.534210331891933,27.8407692760146,1.01569133533344,12.2223351482416,37.5072922397732,2.07640482071007,0.551372123126275,41.1711341136665,9.61013612221064,2.89318968794126,1.48012130292356,0.502788249353196,2.7984566424493,1.01971457237615,13.2309259406332,0.508455564799938,12.6192762646089,50.5071926457943,0.503276441594692,13.0441909922677,16.1806979697674,0.993024917941433,7.01981143336339,2.58685308591634,0.537497118624986,2.48685646481713,1.01804706935359,12.7309771985547,51.1275419345525,1.30036462351622,0.563299493631437,50.8027611535388,12.531921056607,0.56852540954001,2.38823077391862,0.502657780351469,0.559307522755969,1.01549732666303,15.6418596578596,0.501578052592179,20.0876918979395,28.0648569246394,0.669073291361461,22.7831676188581,1.02706382258363,6.99719636747507,28.3699503897655,0.715793670048468,0.504897528089125,31.6394960634576,1.4085920256382,16.5570232111165,32.9123716681381,0.539013240310697,0.545367351731203,15.9047889988921,1.04236644539728,7.85236039321141,82.2863595994796,3.18939018743611,4.70727733759887,14.9362436958613,15.0399546219961,1.14603869045743,6.147716155484,2.05410036487748,0.500341368247798,3.13416094398783
2.19321322414417,0.657818908367353,36.076399258756,2.75521171402297,1.15468818660048,1.50270878484926,2.23145398730282,3.67074545096995,6.23071074352346,0.503029246877806,0.611990417333738,12.0844784541113,1.16369988572752,0.646961263287124,30.9825236915081,0.60157772534482,0.611645007870127,4.21612997108671,1.3213596515723,2.14950916581228,10.8215492585167,8.04957372049753,0.500683204479355,17.236060749269,9.07838159879029,0.502145597847346,3.08103637899454,0.501187565254336,0.505014356718487,1.00157988360655,15.3270476625623,0.506574904676108,1.18586955896035,0.518125072016425,0.507828363850031,1.00354441884498,1.01134592823312,2.76825818148017,23.341831717301,1.80088937184068,0.522831988734017,30.1952642304398,1.55114936330716,1.56762479845412,25.6412492042376,0.936550105090244,0.50340453593723,38.4059556042975,1.01010569328062,2.0864201773324,39.3026710023636,2.4706623579625,0.516791972539053,33.8351392848273,10.5923488242822,0.782603530356166,1.5106360212219,0.550989074222553,0.575658014730295,1.04024230519203,1.00404816133594,0.922490228591972,28.2877834583284,1.39631193843975,3.04021934323738,27.5300660876193,1.00955099943144,1.96902249687694,30.934378518351,0.500511084294181,6.46872489757209,16.1289905206911,1.01338990740177,3.88863816829198,26.6579609067812,0.504087064188847,0.507041792256326,23.1063664476742,1.14990332261379,0.785762305037961,38.0855734460982,0.534536451429322,5.28849121769716,25.8545707511183,13.1431683079658,0.851741861927368,2.51980828304097,0.502536867780849,6.3421197934556,1.00223152663353,14.9547754122939,0.648156721744819,1.64491210324831,0.509527697243849,6.60131477195023,1.01969435752287,1.00248130303047,0.500102069027401,21.2174601102019,0.500276238081648,8.92108168754915,5.67172655333119,48.0367909946748,0.510337480097688,1.19898076989035,0.52374896453389,0.519635900666083,1.24363797462007,1.28140823302166,2.86701736625995,21.8622007289818,0.982427520701605,0.536886777081221,35.7169835242628,50.2832030369471,8.31605039819831,1.27306429789938,0.623265700188913,0.708148251008646,1.92893647699128,1.00158987977133,2.94195149023874,37.1231650272793,1.402899310444,0.509616318973045,38.3563575382191,1.02434986894934,7.26392535323584,33.9700610181933,0.501191289330111,0.50327660124707,13.2394220921886,1.13487801923669,0.528786821449182,19.5633171438387,0.527985685848364,0.523034345670983,10.6602562518705,1.05158170271131,6.97036016216781,32.9187346660505,0.910918358036502,0.519886313432362,34.836639677542,79.9942614014484,0.517146007274275,1.27008536657477,0.545824574975151,0.541424252708993,1.2752069458957,1.0484882262989,1.10154222570638,42.2466399729928,0.501199954370551,0.520720855310277,29.4383585712243,1.00078642596278,12.2109143154461,37.5646489718992,2.12319203859837,0.502929595976131,41.4390533904716,9.2185080781331,2.88868702918899,1.57941655891917,0.500893177496301,2.96320045365326,1.04036892342517,15.0480101134067,0.500520072380062,11.0864034740033,47.2851813450061,0.501900458100255,11.098988886448,15.657449134331,0.988441789672718,6.9482759484053,2.35821195276237,0.541791964544623,2.36557862632077,1.00060163423697,12.3561577484486,51.0928618388648,1.43507132022272,0.583980607303791,52.2109343127252,12.529840952969,0.5964894644811,2.49225746934666,0.503563542313449,0.583855689275927,1.01991267953182,17.7674665786553,0.501971887772479,17.6078779741282,26.0025315616406,0.537623284549621,19.1534022048764,1.07305364749206,6.97783513532365,30.368858495806,0.784335618770437,0.503694056108339,34.6120965032928,1.06873145858171,16.6343083630264,33.0876004606258,0.506547859078741,0.507818263708532,16.4433443912833,1.44409389981011,7.8754312569852,82.2235234930251,3.64702435818998,4.55961540606434,16.1699703118713,14.5540122861463,1.13474234030304,5.93483178792869,1.83912547523571,0.501801481348699,2.91045668638175
2.27538887577859,0.682629467128256,36.2590737734219,2.89281516926526,1.1514366101279,1.52571982086101,2.46807341242567,3.60477008195455,6.62622534584268,0.500476463749556,0.601978440892773,13.1734971099283,1.17425553774415,0.622226407779001,31.048592807306,0.601396099144365,0.614734582021356,4.4313935797489,1.50089696473793,2.08093230591308,10.5221746872659,8.27338160559697,0.508244567231037,18.3947996273209,8.60783813428585,0.501723565797336,3.42210297628285,0.503758336765915,0.50397940991076,1.00971856536079,14.8919208964572,0.500554952007817,1.23939593212628,0.501515800964561,0.500652992354454,1.0002159223998,1.05359494208428,2.73991850776594,23.4350019062554,1.99406985203847,0.501651207051557,32.1484261680638,1.94726462230836,1.53560213299259,25.554445745914,1.00138779003059,0.51213990931938,41.3849423414428,0.999344114679791,2.06324886738739,39.3517530647974,2.87632372965239,0.544916204470603,36.8875645989828,10.2369113303848,0.774171778232596,1.60709199830211,0.501763200121542,0.502648651406589,1.06496249949185,1.0449830807222,0.896254719496547,28.3224634820463,1.53924105094035,2.8503752073685,30.2068450988609,1.09562828042784,1.88945570843119,30.9335457399038,0.505044329855702,6.42754343396638,16.6060588084089,1.00494565663807,3.86427362476418,27.8301844752969,0.501900717068415,0.504735563760467,25.6486308748127,1.22299493782981,0.745276873618,38.0911184535702,0.520681162039009,5.23568881742743,26.4055714250779,12.703808722154,0.850753457515067,2.76483278533573,0.523598562967439,6.453837371997,1.01155382722003,14.491336520385,0.642033735739227,1.76961311364568,0.503925644350336,6.69871711850456,1.00733964473632,1.18642839830329,0.507713682072465,21.7502171820602,0.519964578375825,8.88002684334065,6.03268906397504,48.0364449620911,0.598623668734616,2.89833887816282,0.72657100691203,0.687332220500935,3.32438089808667,1.45167771652561,2.83125531377683,21.8407011341013,1.05640407138675,0.518516196510694,37.2511183979216,50.2258565360157,8.33009333970011,1.0549027824927,0.524806886916281,0.541905857906221,1.1869346495123,1.00389409322002,2.94096396020097,37.2694959970806,1.58251739639618,0.536166619008781,40.9467187462234,1.01624664815408,7.22226619803249,35.0368587207781,0.500698324183839,0.502265286569079,14.2258316846888,1.1347684042236,0.528567309083285,20.7355068418909,0.52664500572956,0.52341419353594,11.3890191430047,1.12248050044261,6.96664603761126,34.5119718302822,1.01894381747094,0.508346300992163,37.9180589729206,80.465683035565,0.505452283412221,1.09058961724534,0.514815495630237,0.513367648334763,1.09254670197153,1.01372664258138,1.07836097082329,43.506021447261,0.506000183569947,0.506324921304101,30.981700111805,1.00173489255041,12.1992045418477,37.6121962512426,2.17256083321901,0.508778910089005,41.6755991295994,8.83970498434555,2.88737639669491,1.69214394673903,0.505416703279003,3.1313880336316,1.06858595891798,16.6671236639582,0.508512868930105,9.6805052045216,43.638881865496,0.534143002104895,9.32743146594868,15.1264886085402,0.984381889854189,6.92324532577438,2.15597507711521,0.545974742736358,2.26958013052274,1.00411314873552,11.9929864845795,51.0442856403142,1.58887927915538,0.515128369877906,53.5449480776195,12.6613325137409,0.63023478935342,2.59664853637163,0.504800317194802,0.613541897737445,1.02023568715749,19.4859702126201,0.50111161947759,15.3150263113153,23.6058705404335,0.503006983934815,15.8406068118376,1.14610358552237,6.95645560081705,32.2802468523245,0.868660735895724,0.502200511432892,37.5682475985272,1.28160185188948,16.7047679092915,33.2525975273426,0.526680062735938,0.534162331547193,16.9937041618396,1.07552413421696,7.88187362025601,82.0762222856228,4.17368449973634,4.39822685038193,17.4282208226467,14.0627501436286,1.12410591625758,5.7671489200729,1.65025233247932,0.500660330593464,2.7247003555032
2.35737932464884,0.70756710343211,36.4110792823543,3.03062045554831,1.14770579980359,1.54814686331792,2.78131538111976,3.5386759361344,7.03283037367562,0.501329749242436,0.605690125442251,14.2378893151764,1.00629509271052,0.60069028660208,31.111349626207,0.600046152566317,0.600483181563824,4.66007562942164,1.74505199004948,2.01498506080138,10.2135231682639,8.46232321753456,0.518124953779133,19.4993990687031,8.13294962816378,0.500653867155514,3.81334451358994,0.507849922945236,0.501463118995419,1.02504911351667,14.4661641754316,0.521477971099859,1.30126854935571,0.55327904940132,0.524342346019026,1.0041560756454,1.1294261691172,2.71063437390946,23.4867520851248,2.21462462003032,0.513177603491998,34.0357176229442,2.55270222103561,1.50450449280821,25.3561600711399,1.07479505810268,0.511700364284504,43.9620287626697,1.013215158702,2.03884118355498,39.3522626313977,3.36893505872497,0.507624098344038,39.8923068538629,9.8874901909864,0.76588443274414,1.71583462383369,0.501019983731254,0.501550877955976,1.09572928039463,1.13139999585599,0.870172320975496,28.3218630788243,1.70168277627651,2.6501173060656,32.8664866849725,1.17674149213573,1.81328688259457,30.93246769861,0.509167748199263,6.38306517392152,17.092320334987,1.00073025945676,3.8395612739747,28.8900452422347,0.500717933427863,0.502806203916075,28.3241030681135,1.43186343982514,0.706834612736319,38.0906085891491,0.522880577077737,5.17986190496942,26.9543245749299,12.2526703466098,0.849971620673465,3.04550357903964,0.514198063210603,6.5610390590604,1.02836927950655,14.0269629971252,0.636137168363793,1.9121766771553,0.514031685320521,6.79313929226557,1.02174214499316,1.10822896401561,0.504510179901575,22.2321844194449,0.511335277731058,8.83584957682767,6.4128465079102,48.0361057337134,0.571564814249612,2.37749456155093,0.664406596745574,0.635934070608439,2.68664332411351,1.68157109168049,2.79625145566842,21.7733468994736,1.13776496962452,0.566286753095631,38.6038248342593,50.1723953696348,8.34275817545553,1.14554227871115,0.565894864722463,0.611413593770409,1.49656576598596,1.04312728481564,2.93853803704392,37.3649849759057,1.79562941820839,0.502435733900792,43.4564229558591,1.00821230058546,7.18041048028626,36.0128886871661,0.500306053702336,0.501192915154127,15.2600035578184,1.13440527890422,0.528346962654963,21.9153560568019,0.525301634106454,0.52381188077443,12.1544138376954,1.23255516631052,6.95925436944629,35.9178326652504,1.14861715819406,0.52001355118468,40.8897770202757,80.8901457156219,0.542705902007752,1.71374587710552,0.616878570556597,0.605206785271761,1.73034707640892,1.10712628954295,1.05562573952511,44.6634139110968,0.514032763609547,0.555131190283429,32.458699724359,1.00198997080835,12.1871897292649,37.6506982177696,2.22444242435095,0.514713559539965,41.8833980406622,8.47311292254901,2.88923484106778,1.81985079160542,0.503499700196167,3.30208278836518,1.10474265659692,17.9759887575914,0.50125450184214,8.42759747944797,39.7817579477946,0.505510109490232,7.77312781055679,14.5890618952212,0.98077347470679,6.94341501818809,1.97694509547805,0.550053246460132,2.1961931121853,1.02736083031304,11.6344662100024,50.9752477858872,1.7638521798912,0.503691655908246,54.7644467582463,12.9625310794382,0.66887636611281,2.6961536675762,0.506350948293524,0.647595044854225,1.01322008887843,20.6853129038023,0.501872408376145,13.2841432927897,21.0800302154108,0.505203082003433,12.9808707719884,1.25208859629586,6.93313339253176,34.0693398048571,0.971841214803896,0.500412702486525,40.443419606983,1.48264878739033,16.768937237791,33.4078465016736,0.545510034255576,0.562493569602369,17.5556976604686,1.16881578284801,7.86989005606996,81.9421090663704,4.78367212849319,4.22578332372152,18.7322978423638,13.5697846679348,1.11405149470951,5.64039610690735,1.48415246736047,0.500099958638155,2.57136032641326
2.43904060359838,0.732613081607632,36.5353913485756,3.16779350958064,1.14351313142327,1.56996208437365,3.19208253708466,3.47403835100719,7.4454708064061,0.500272804301771,0.601501051062732,15.2334031996233,1.06894294200722,0.607667568592249,31.1701407995931,0.600402782698022,0.60558309016061,4.90275417331609,2.07395614482923,1.95181569554787,9.89786405524248,8.61370024665956,0.501250616316822,20.5120555411525,7.65347657406042,0.502186223411092,4.26208355781661,0.513585708594828,0.504761641920266,1.04794857404369,14.042199444641,0.501771578227601,1.37250090843154,0.504744416062013,0.502031757541983,1.00012246956677,1.24499675735595,2.68033343815993,23.4942697745371,2.4656241939831,0.506583256377088,35.817924309197,3.47367765928846,1.47435152794608,25.0068754777118,1.15517359316701,0.505441251412038,45.9201505448004,1.07606266513021,2.01267571940273,39.2946826186299,3.96493713957064,0.50191557049549,42.7630022659953,9.54529299163069,0.757757101244028,1.8381533239223,0.515618347633872,0.52403792738313,1.13304234005816,1.27382998878749,0.844222029604201,28.2793089673801,1.88557542232941,2.44308642328766,35.4354075447218,1.25274522405046,1.74033387388328,30.931218465683,0.512877484993044,6.33551342229867,17.5873912561094,1.00563917632364,3.81459583773716,29.8371911209417,0.501345833861489,0.510765800419949,31.1089430139324,1.14685185083596,0.670312757991774,37.988948563636,0.509774026437496,5.11900651426114,27.3936801695401,11.7883017117937,0.849377568079406,3.36763512476625,0.505390582969121,6.66405601000173,1.05315681240888,13.5596386702994,0.630453762507271,2.07514187244467,0.508749125461115,6.884843415147,1.01130688066261,1.16683020767006,0.507031291769556,22.6658117578972,0.517053749575105,8.78857882740577,6.81269704506166,48.0357736932993,0.544505959865998,1.85665449229769,0.602242979718462,0.584536399327219,2.04891140057831,1.98682329847304,2.76195588188603,21.6520634281074,1.22617849025164,0.534975151062893,39.7290136943421,50.1225518909864,8.35417644597847,1.23563953185123,0.606887031849852,0.68087036114578,1.80552750204812,1.12420398306499,2.93452143268497,37.4010478665307,2.04824556837289,0.533516231555626,45.8290785191622,1.00035507973439,7.13849600558356,36.899984119478,0.500011404287128,0.50005460697485,16.3405183607453,1.1337590243467,0.528125456199022,23.0961494169112,0.523959984218616,0.524226535864619,12.9564972074808,1.39237288658552,6.94827321574672,37.1165846854722,1.30299917221096,0.506698530506013,43.6716805435263,81.2824795964373,0.527462454513856,1.46065971648672,0.575494573024525,0.567855949537702,1.47184474679927,1.07285796250415,1.03333794470999,45.7203439788931,0.525244416095709,0.540502414907681,33.8595051767007,1.00166181185823,12.1748553370861,37.6808551848542,2.2787743501987,0.520717076894925,42.0649160944624,8.1180571805069,2.89423081614331,1.96430741684998,0.501969507845999,3.47427153141914,1.14936620134812,18.8979572765375,0.502288711865552,7.34152165546306,35.9116553717675,0.511360379774785,6.45393002344633,14.0459310462705,0.977553474227459,7.00835578130954,1.81833982171502,0.554033965121471,2.14341861975489,1.07132084568629,11.2834367785187,50.8758133901145,1.96243798606845,0.515424208157094,55.8646404906388,13.3526227123458,0.772064364343311,2.78499713563764,0.510295428964427,0.738040729675128,1.01303621773635,21.3348988910141,0.501174180933023,11.5504707250647,18.5954323688822,0.503359800440937,10.614930748551,1.39902845873035,6.90793493823728,35.7024727238928,1.0974400361607,0.533206517818853,43.1684206144406,1.16206144676976,16.8273175296619,33.5538184081796,0.515256013885352,0.521510443725671,18.129122121426,1.0249060515519,7.83785948792046,81.7234273969972,5.4869590020174,4.04280397199763,20.0414520540008,13.0777269343889,1.10449882980039,5.55116209894578,1.33790388477598,0.501599407740627,2.44596001881854
2.00162186113159,0.600490257960951,36.6348383056593,3.30351353203918,1.13887839603417,1.5911422577298,3.72240084871809,3.40982327991028,7.85852687086992,0.501624231541466,0.609353340143635,16.1047725074235,1.19343071849273,0.621867889016994,31.2187398211855,0.600812970479921,0.616652837378023,5.15679603002364,2.51321949764516,1.8912722981294,9.57652501468301,8.7238634733909,0.513436055147449,21.3701633643925,7.16930468430849,0.502946962277576,4.77648523943139,0.521102141208911,0.506248566500046,1.07896906850552,13.6201735577373,0.500663750362335,1.45417036897776,0.501760130645464,0.500751539463876,1.00090165977383,1.40953526523247,2.64893188341137,23.4534789529128,2.74988720387778,0.503390166396015,37.4521797528516,4.86120834652266,1.44503591224295,24.4479604018468,1.23798924419534,0.517123571588947,46.9730189389638,1.19550230130942,1.98448460022092,39.163794476775,4.68505629146825,0.507227109260636,45.4141551842135,9.20976170123123,0.749782689054257,1.97559414710425,0.501103444595493,0.501715410009046,1.17735749934988,1.48923560096522,0.818394052586563,28.1856192271656,2.09245926654454,2.23320821652972,37.8297841504471,1.32350277199104,1.67042829020441,30.9298537969897,0.516169856961931,6.28509611452681,18.090862818382,1.04185145188925,3.78947355738304,30.6693616695962,0.500326831721259,0.510294793165043,33.9667186774515,1.00457718456875,0.635632221712593,37.9981643970865,0.500244310010438,5.06028007388447,27.9262080627561,11.3090741438602,0.848952571416897,3.73808168328698,0.523630109794608,6.76324274512711,1.08661760423546,13.0873424570063,0.624970923957174,2.2614942308615,0.504026407541617,6.97411761619143,1.00402203154926,1.22440707779765,0.509591501133851,23.0540223951335,0.522459129111767,8.73822943689532,7.23268563127475,48.0354488408489,0.517447105583773,1.33581867040312,0.540080155830695,0.533139206657277,1.41118512748109,2.38707614788596,2.72833012258706,21.4665811362705,1.320784459529,0.502438082958642,40.5756973916306,50.0760845624157,8.36446804403235,1.0192500499175,0.508738991688484,0.514792832082582,1.0658485733456,1.25473445600969,2.92884497251124,37.3684009666184,2.34707166304363,0.531122197902145,48.0076256218443,1.16673104991234,7.09665056642599,37.7014066069694,0.504133831157116,0.527037247840131,17.4653931632286,1.13280161273379,0.527902469411476,24.2711499166555,0.522624421591579,0.524657071784168,13.795072666349,1.61666393998347,6.9337724159664,38.0903410663293,1.48490740466526,0.519350306279468,46.1812213976893,81.6448354606993,0.512219007038078,1.20565563895393,0.533728248919344,0.530274700515184,1.21084227779446,1.04171928445601,1.01149868303325,46.6798565979056,0.539616400980715,0.525057322383507,35.1766646787328,1.00084537664658,12.1621882430882,37.7033078304024,2.33549969522635,0.526775163732539,42.2224555946908,7.77382809577458,2.90232244037279,2.12753323528556,0.500826471028954,3.64688354078895,1.20314386186175,19.4026196571065,0.502740100207611,6.42385587067022,32.1899092346655,0.515659630387105,5.36681065820562,13.4974957360077,0.97466601719542,7.11848384540054,1.67774812179863,0.557922140873566,2.1098445433016,1.1370245249808,10.9394109790344,50.7371303836805,2.18691569972463,0.521017513102802,56.8277207656567,12.9989001883715,0.734974229929013,2.88313827655734,0.507558718905015,0.70468833977548,1.01476773107873,21.4726111120632,0.500792164319289,10.1149090131459,16.2710719482591,0.502334814905868,8.71935855074675,1.5976466805524,6.88090988202698,37.14715548786,1.24946179243094,0.532947118474703,45.670947431555,1.35732422002383,16.8803819628794,33.6909795677611,0.533508352075247,0.55068797647647,18.7137453058067,1.15118003298994,7.78426522631398,81.4201555285479,6.2958827898424,3.85133247516841,21.337592440617,12.58844482561,1.09537401421644,5.49680077861315,1.20896022634756,0.501026146704084,2.34490915482654
2.08341094003333,0.625337330288982,36.7120938140132,3.43699136613928,1.13382352373866,1.61166884076289,4.39688588696359,3.34590309129624,8.26407944761211,0.503265115848063,0.618649853777432,16.7889945995782,1.12424489913988,0.614218716650503,31.2588790306802,0.600374893025112,0.611183575666883,5.42260110842624,3.09471104600368,1.83353289562554,9.24983527091879,8.78943403083585,0.502527907452692,22.0165641690459,6.68062605796347,0.504433928014186,5.36551035823303,0.530576174198505,0.509141987953548,1.11885227778534,13.2008349351862,0.50770124589676,1.54748465728512,0.520191026136235,0.508600441671864,1.0074031418761,1.63589610502184,2.61623634074136,23.3585778288342,3.06890508869373,0.501610422638611,38.8877723097615,6.90590564013201,1.41664105259229,23.6009426315706,1.31590402500846,0.521638705937577,46.7926157402962,1.38610632547676,1.95384950317712,38.9427871937761,5.55022163908602,0.502602176679476,47.752187653038,8.88032496391062,0.741954219813422,2.12990373069849,0.51792509083108,0.528253283704363,1.22924385852811,1.8030567322918,0.792690522326161,28.028304332693,2.32304509085356,2.02448447715381,39.9558475144454,1.06181758142417,1.60341395313162,30.9284159286646,0.503062645001818,6.23200783091002,18.6023007974328,1.11645865112538,3.7643091702455,31.3815254613978,0.500485617725338,0.501296815846259,36.846905837854,1.0035672308066,0.602681825752472,38.0238069235416,0.500186218796645,5.00007240728421,28.4796706019888,10.8133217067898,0.848677775536794,4.16491916862013,0.515094448377526,6.85896066369676,1.12970452860141,12.6080517036909,0.619676655081079,2.47474133709448,0.511805484810952,7.06127124413766,1.00581502717368,1.28050807845415,0.512190901593791,23.4000525775805,0.527565673056296,8.68480636545316,7.67319592694749,48.0351307479839,0.605733292770553,3.03512413422304,0.74289236182622,0.700829597628571,3.49185807000619,2.90554183145455,2.69543720787521,21.2043010560841,1.42002855783535,0.536914668987646,41.091250853737,50.0327676256652,8.37374177359132,1.10938511548339,0.549737311912263,0.584252806124398,1.37488635879224,1.4469401469239,2.92128526284653,37.2555914291178,2.69921551631972,0.528406732811432,49.9288795466328,1.1550190488716,7.05499066708243,38.4214912922558,0.502981829787268,0.526619807061914,18.6320670015327,1.13150990756547,0.527677699992004,25.4337523888218,0.521299202324568,0.525102196961056,14.6696686773506,1.92547277285831,6.91581038734578,38.8208906048319,1.69640677965668,0.504412411919506,48.3340709193702,81.9792611880607,0.544054062872833,1.7448213681865,0.622267887390977,0.609552339430892,1.76454158326352,1.01365457941181,0.9901072297268,47.5461384914371,0.557159355764931,0.508859641143441,36.4051024534084,0.999747321840516,12.1491766202951,37.7186360711397,2.39456612435666,0.532875453725562,42.3581452109255,7.43964939892168,2.91346260887533,2.31182949721432,0.500080090899684,3.81881266913509,1.26693738981001,19.501172175971,0.50291682047067,5.66630594089187,28.7282163950432,0.519591338700439,4.49219241845002,12.9438952631051,0.972061168715873,7.27504779679275,1.55308474766312,0.561723388660044,2.09458617907759,1.2263053211061,10.6018283315894,50.5508161707208,2.43938671776414,0.5108147337462,57.6353232109287,12.646293249323,0.699507886792882,2.99547444504865,0.505792534515484,0.673808411608243,1.02161923191177,21.1778034683863,0.504475803628707,8.95548740597458,14.1735873275227,0.513598414982389,7.23487933695672,1.86195402197553,6.85208595478322,38.3715777159101,1.43219765729784,0.532275184023168,47.8765870982354,1.05095190034614,16.9285695580505,33.8197789396134,0.504772216008237,0.507415844903172,19.3093011913258,1.01768785217133,7.70772492906001,81.0303756876626,7.22325750981106,3.65353518756121,22.6007906778536,12.1033367028486,1.08663154071632,5.47533974043715,1.09511680389807,0.501645444583342,2.26535089653581
2.16485429892893,0.6502862505165,36.7696717819147,3.56748636936667,1.12837232165113,1.63152797897216,5.23809897794154,3.28233534400661,8.65205729070152,0.500770218225417,0.604319560547647,17.2178442934846,1.05652637217186,0.606551675145295,31.2920359391961,0.600102395587951,0.605324315093412,5.7005704118203,3.85346049391883,1.77855795201346,8.91719033592914,8.80573611222481,0.503243555160991,22.3728036877845,6.18803081581335,0.505944942611135,6.03877710861437,0.542222911994772,0.511916890455874,1.16855007390052,12.784082198695,0.501499503582408,1.65390711863932,0.503892918442305,0.501655173363824,1.02022303784495,1.94138115093628,2.58217468374402,23.2015611973199,3.42343646426914,0.501545111346656,40.0729990927274,9.78951393302022,1.3892469668153,22.3787246636498,1.37715658514117,0.504172261518249,45.0446558687835,1.67124308537428,1.92032027533148,38.61083153853,6.5801145571656,0.534456065667293,49.6779779989262,8.55640257788907,0.73426475664158,2.30304396686502,0.534118214472767,0.554576380498867,1.28939033036042,2.25165751293274,0.767126535925202,27.7897849788107,2.57653843272461,1.82076787171206,41.7082046507286,1.13471232938412,1.53914626753433,30.9269356689908,0.506533550780156,6.17643072113744,19.1212459605588,1.23906771745303,3.73914123840089,31.9685336428898,0.504282400071099,0.500252368403055,39.6864700162698,1.0921999601281,0.571369027296678,38.0436975780436,0.50469776490183,4.93781271351971,29.0323965564062,10.2994408618846,0.848533951938306,4.65763148733951,0.507258330539325,6.95156468905887,1.18366722660593,12.1197554072939,0.614559476152849,2.71899986767221,0.50740476661771,7.14663064781688,1.00040984467818,1.33470972196442,0.514829868415245,23.707288308075,0.532384358192989,8.62830872701511,8.13453942057736,48.0348187115867,0.578674438616332,2.51429563235212,0.680730924786585,0.649433241678527,2.85414150946242,3.56705203554542,2.66314020891183,20.8505682755163,1.52132567051364,0.502058971282421,41.2111176133138,49.9923904437319,8.38209609510515,1.19907055140633,0.590655429253478,0.653669415998063,1.68333093393146,1.71870605621305,2.91159236956235,37.0476587472334,3.1116784823472,0.551332747824869,51.5240751187378,1.06461454974676,7.01362064789766,39.0653257654678,0.500920137007632,0.511721055586943,19.8373909664216,1.12986758381975,0.527450877011982,26.5776301773848,0.51998844296049,0.525560420766848,15.5795197090097,2.34519666475653,6.89445326440476,39.2873615322781,1.93805245436794,0.517832108878206,50.0437305585864,82.2876954572841,0.528810615166515,1.48849269590352,0.580237567196459,0.571811986384801,1.50181243834572,1.08637169970024,0.969161113585555,48.3241980410195,0.577914336124614,0.562537051528665,37.5419944044821,1.00064783225954,12.1358099748034,37.7272806734487,2.45592215235338,0.539007312365342,42.4738200328467,7.11478759964156,2.92757871868375,2.51979653226662,0.500919546860694,3.98894029604309,1.34180206689418,19.2362880858561,0.500406550051495,5.05427973708585,25.5899554380016,0.503225254815496,3.80188543622912,12.385096326965,0.969693860650225,7.48013273775675,1.44254710731648,0.565442936875549,2.09724827393579,1.3417022932486,10.2701687100738,50.3086788555867,2.72155382201077,0.500463738616632,58.2691805477079,12.2942153797969,0.665609272624379,3.12316926741188,0.505002358726464,0.645172676040499,1.03368236314177,20.5449910954794,0.508933810623019,8.03925711632569,12.3280004059952,0.52789283924119,6.09026353813941,2.20972016004832,6.82146886345243,39.3437580394567,1.64990118467363,0.531189472523998,49.7093134793334,1.24032256481366,16.9722908215539,33.9406548454631,0.52244355523934,0.537444226130982,19.9154926913612,1.13351911696335,7.60703892999089,80.5506786177032,8.28182223648366,3.45164580611616,23.8097347385923,11.6232520103009,1.07820868222057,5.48540589914257,0.99445433033893,0.501703781398996,2.20503976337858
2.24586763549126,0.675321275603821,36.8099244223146,3.69432086406049,1.12255014251085,1.65071036884761,6.2585855120998,3.21921204407108,9.01048532714966,0.500050305271679,0.600262521445207,17.3269201683326,1.18901329766633,0.622334358124691,31.3194256203573,0.59999724697416,0.619028891589529,5.99110033012415,4.82190944742214,1.72643426931982,8.57732729171865,8.76771592848472,0.502298674996056,22.3638056271252,5.69265290106991,0.500479728905407,6.80633719969938,0.55630420770461,0.500941819330546,1.22925797840025,12.3696971695839,0.523942142559317,1.77513096918113,0.561280669733802,0.526007205794147,1.03954196545875,2.34817356970734,2.54668658427766,22.9718313243676,3.81222722747296,0.501517150053833,40.9511537867144,13.5660252623694,1.36298757493573,20.7194916611932,1.40669269507927,0.508342913413058,41.53064699987,2.08558262392928,1.88344118340367,38.1410889852595,7.78924802303935,0.524271872624979,51.0851373557791,8.23741204346186,0.726707366037631,2.49722820563717,0.5119251316108,0.519292876565752,1.35862749542645,2.88430869037385,0.741731924131494,27.4460588865447,2.84966935223102,1.625584812279,42.9680721946878,1.20222801187751,1.4774904735786,30.9254371063938,0.509583538017973,6.11853705752101,19.6472143252482,1.42464511699481,3.71405736157841,32.4234309679081,0.511608943821964,0.50241673369738,42.4123800501707,1.0106483820879,0.541616237942425,38.059035798289,0.500532961642345,4.87376372978887,29.5835855315729,9.76599264842407,0.848501178201796,5.22731779441692,0.500191348345155,7.04139050574012,1.25011452763461,11.6205599481427,0.609608334581495,2.99908376370867,0.503616284910309,7.23052350378193,1.00153799505837,1.00466732145905,0.500208741909605,23.979133819452,0.500448353241756,8.56873336110045,8.61694441461256,48.0345133408604,0.551615584538464,1.99347098451712,0.618570214110952,0.59803732399185,2.21643006753853,4.39367746639378,2.63146835316396,20.390006802735,1.62099378807213,0.503992151791275,40.8770337028367,49.9547441431862,8.38962066898265,1.28836110377138,0.631502662759507,0.723047142201628,1.99121702364711,2.09453500313379,2.89949880418495,36.7249273810506,3.59041195931037,0.561430561037963,52.7168923943283,1.2185653135486,6.97263291751592,39.6384459157145,0.501486653229184,0.543136422693413,21.0776622992993,1.12786387691819,0.527221764698464,27.6968681861613,0.518696054215678,0.526030040190143,16.5235503796162,2.90899289635725,6.86980916658926,39.464241384089,2.20786660528528,0.501594734242352,51.2207652360662,82.571977888608,0.513567167390464,1.23064170709339,0.53790512605108,0.533889546585704,1.23709829043912,1.0591115606992,0.948656581777913,49.0195974660821,0.601950519131839,0.546112313055555,38.5865610298982,1.00334942810142,12.1220798938572,37.7291711281014,2.51950157678403,0.545164869987049,42.5704738487581,6.79851175493515,2.94458183938994,2.75436891260078,0.500111943002953,4.1561563677931,1.4290063088304,18.6689616553242,0.50353201859513,4.57043163407855,22.7989397315895,0.535587579136178,3.2654322254093,11.8209718045635,0.967522975661242,7.73668143325021,1.34457829417795,0.569087435521279,2.11790807085996,1.48635367734341,9.94396353997331,50.002454147818,3.03445797100889,0.52284541461624,58.710944664635,11.942041987318,0.633222197587826,3.26757508856953,0.50520200134999,0.618579662634976,1.05113636949226,19.6662051911811,0.503966820299716,7.33086920131046,10.7313439385275,0.512616842941377,5.21703744355397,2.66255360624597,6.78904982827548,40.0306541304764,1.90621626158317,0.5297026204765,51.0918079979017,1.41572377859631,17.011925588159,34.0540312312168,0.538743975631156,0.5694815428938,20.5319902514295,1.01129158521817,7.48124825321425,79.9766186852224,9.48343259218547,3.24790440534698,24.9423472925965,11.1484831924784,1.06999811700211,5.52618347045512,0.905299365775371,0.500232840018741,2.16226184014559
2.326390754766,0.700428203261039,36.8350367465639,3.81689331208696,1.11638354610481,1.66921116746605,7.45054183076913,3.15670821920999,9.32636144262531,0.501688872523174,0.607858064682621,17.069335358924,1.12227089437457,0.614654851404044,31.3420357092361,0.600057780199601,0.612909348538143,6.29458271877675,6.01750310170442,1.67721699304236,8.22889718650941,8.67007963343537,0.512129999209304,21.9212362388427,5.19630605629858,0.501985660399506,7.67827033105054,0.573137083056642,0.503791012260776,1.30244855218664,11.9573339728591,0.512836888116262,1.91312965274346,0.532534334025796,0.51379656203355,1.06566855204114,2.88289397618376,2.50965084707046,22.6561014718418,4.23016976195249,0.511754894878244,41.4553405797717,17.9977316328026,1.33804556042134,18.6421303763086,1.39053502770741,0.510595480129798,36.3958924281696,2.67778193793251,1.84280021881195,37.4990435717598,9.18069338121791,0.512284543549171,51.8577141969234,7.92277667990509,0.719275083229961,2.71494104495808,0.527650180132127,0.545494957251669,1.43794373241757,3.76273316295825,0.716553970423514,26.965874827153,3.13541235250258,1.44199923050326,43.6030314097803,1.26426326661862,1.41832097254046,30.9239385136512,0.512209929051566,6.05849021196977,20.179697662307,1.69564037698959,3.68913005902209,32.7355121167187,0.522096570121865,0.504889891115594,44.9375827247492,1.03866442005985,0.513346406586222,38.0708298344199,0.501887999106741,4.80818349081691,30.1324184471103,9.21184274820544,0.84855845972607,5.88688989036327,0.514445322514582,7.12873986913815,1.33109514346697,11.1092853908675,0.604812424799227,3.32059781637321,0.50047512633434,7.31318971859152,1.01073399522965,1.06080019302068,0.502783307901355,24.2189167218025,0.505774873728199,8.50607784265538,9.12054508741555,48.034214635805,0.524556730536948,1.47265019071804,0.556410229799319,0.546641844568539,1.5787237442345,5.39809784163156,2.6005182869762,19.8089242756829,1.71426470079618,0.500668219320602,40.042871154796,49.9196303913497,8.39639682418943,1.07382148566889,0.53368398221015,0.557146912915265,1.25390429359402,2.60605068525192,2.88473607417388,36.2621478552413,4.13883557527886,0.503636417360814,53.4219475103459,1.13132414284014,6.93210778333372,40.1466077732112,0.500168008095201,0.527624447140398,22.3486401135743,1.1254922802883,0.526990161258752,28.786077322029,0.517425660955685,0.526509131712321,17.5003641535455,3.65551389989471,6.84207916217269,39.3205628298588,2.50011443642552,0.515501310032544,51.773282882049,82.8338440882122,0.5454022231754,1.77451636253077,0.627382786332764,0.613732504099538,1.7969361999826,1.03464110099678,0.928588556437007,49.6382097288467,0.629361962221631,0.529069399810333,39.5397992149635,1.00767603697305,12.1079809569552,37.7241140804337,2.58522702175477,0.551334031570567,42.6488288301494,6.49003712541184,2.96437962682654,3.01885998538181,0.500208248078119,4.31938129476074,1.53005836588004,17.8668127278335,0.501573481809033,4.19736510012118,20.350747277428,0.51989459050928,2.85427692412979,11.2513759806354,0.965510542729206,8.0485302040789,1.25783697897779,0.572663858434675,2.15711775561981,1.66378833591483,9.62281136907312,49.6237420025453,3.37816080842844,0.512401862808375,58.9422844369013,11.589118581557,0.602290505890768,3.43025226220309,0.506414019475984,0.593849462021194,1.07425082974449,18.6214496254598,0.512087652266208,6.79776452789295,9.36495094854939,0.539171520953371,4.55664431510407,3.24517307276574,6.75507477391204,40.3977652058049,2.2033092112855,0.526802946982026,51.948312149819,1.13254164158162,17.0478277904216,34.1603156507508,0.512344594762785,0.522756492022072,21.1584318732455,1.11629929619502,7.32970717192995,79.3032329014671,10.837961739868,3.04449738484203,25.9765203028883,10.6787353905631,1.06181873382452,5.59738314355228,0.826182351317235,0.500383805498407,2.13576205578581
2.40638528683408,0.725594378514598,36.8470270374581,3.93468746705957,1.10989996988684,1.68702976079119,8.77416590976458,3.09501334589546,9.58741693863244,0.507763468116933,0.631124488572979,16.4306751420469,1.05725249971186,0.606965243666878,31.3606751074231,0.600513260790607,0.606345053856667,6.61140120596467,7.42459153586316,1.63096676917376,7.87143005818894,8.5086527735181,0.53935077181046,21.0066192717291,4.70158966090087,0.503523180554762,8.66406032468334,0.593102117093741,0.506545763891211,1.38990121519085,11.5465455359246,0.501724890626244,2.07017465375687,0.50432778764507,0.501834427148265,1.09903752810846,3.57534947299803,2.47147095870481,22.2386925771653,4.67190930198463,0.510391776437059,41.5200636342591,22.4893021273262,1.31456885185557,16.28823020818,1.32272136993094,0.507584976689586,30.2476346516558,3.5114801278065,1.79810488933081,36.6420107027818,10.7372375218125,0.552843364136749,51.8700125372613,7.61193523355798,0.711960875718637,2.95895405334497,0.506275888636406,0.51046204423317,1.52850336534759,4.95430499867235,0.691661013728793,26.3119651045863,3.42157753781103,1.2725271337237,43.4732944561875,1.03319195452613,1.3615204995803,30.9224533571491,0.501515476977701,5.99644586661192,20.7181641040116,2.08491981627922,3.6644447809274,32.8877724651073,0.535201000112433,0.543944676040647,47.1582807045143,1.00447410357654,0.500701162712081,38.0690326766357,0.500214321620064,4.74098381996,30.6649018715555,8.63634189319395,0.848683329759087,6.65121582503823,0.50775719373706,7.21386301303974,1.42919068628098,10.5853204468952,0.600160925714538,3.69001512330263,0.505274916340224,7.39478365451551,1.02835097566583,1.11490956941573,0.505398019214798,24.4298239768307,0.510812191615957,8.44034316521918,9.64537182430897,48.0339224993179,0.612842917464556,3.1719093114131,0.759213484515405,0.714326829228612,3.65933541719782,6.57375481667378,2.57037431032614,19.0989610513996,1.795440479949,0.524699949596128,38.6836086373677,49.886864121004,8.40249766356678,1.16315260051297,0.574538110403125,0.626527927007118,1.56181520378113,3.29094046964553,2.86706340550829,35.6284628216001,4.75557799513645,0.51280570158675,53.5452562175011,1.0499084492309,6.89211170988827,40.595593194422,0.500355007363008,0.511232296622279,23.6455679660733,1.12275187777158,0.526755900906138,29.8404863563686,0.516180566963648,0.526995569834529,18.5082376877665,4.62445017819949,6.81182228524229,38.8214919631033,2.80417259639807,0.507012219470349,51.6127781568211,83.0749271400293,0.530158775391463,1.51561347471808,0.584840811921929,0.575683783253375,1.53085069470532,1.01273891977541,0.908950474909119,50.1860074381035,0.66026586355778,0.511478096016763,40.4041651391629,1.01346948416832,12.0935107820002,37.7119602073652,2.65301101452426,0.500462514579279,42.7095847499673,6.18863995373928,2.98685545114013,3.3169790253931,0.501579362491998,4.47757823994649,1.64673897333662,16.8955903291805,0.500318777533618,3.91933280935961,18.2234856872634,0.505283029515293,2.54387662982012,10.6762196779523,0.963621013058432,8.42045519373229,1.18117226574198,0.503535203144603,2.21592581605276,1.8776258653807,9.30639842105021,49.1641557302024,3.75136906310339,0.501983044494309,58.9453069949742,11.2347696707427,0.572758368271163,3.61299459217924,0.508670624004305,0.57082103676918,1.10339431032376,17.4757910534464,0.504041987243315,6.41235152659023,8.20292606216259,0.513215217925864,4.06209596121639,3.98306332103733,6.71919910342653,40.409909209997,2.54054541016365,0.505628775067791,52.2009217501259,1.30139358300756,17.080322487908,34.2599020515546,0.528043216990862,0.555660001041815,21.7944238607873,1.00581789217257,7.15216058370774,78.5256723688926,12.3519679050293,2.84350180918068,26.8909728594217,10.2131317738559,1.05339754636378,5.69923585339558,0.755804484668948,0.500076025617286,2.12470187469439
2.48583243408678,0.750808410716865,36.8477504849026,4.04727812352536,1.10312734820316,1.70416946710492,10.1513654575693,3.03434080172865,9.78459069779821,0.507596178733516,0.626745614598805,15.4425031384394,1.27760083622608,0.634676480449801,31.37599614195,0.601372284502201,0.633401769782712,6.94192889302375,8.97658648728641,1.58773918880859,7.50655311991374,8.28229505538426,0.522035742065994,19.6350364679047,4.21197003485109,0.505098912188182,9.77175796340756,0.616654556168415,0.509231225445107,1.49374129647766,11.1367885126664,0.519286102787433,2.24891109260005,0.547656090476203,0.520210364567454,1.1402354043868,4.45379952825043,2.43268510870754,21.70272410161,5.12829246965804,0.538038447260139,41.0797871665848,26.2889569210804,1.29266800227493,13.8940980772246,1.21055346531842,0.504576398580705,23.9879670135657,4.66141375763297,1.7492851786158,35.5211819917027,12.4106114042256,0.540336246030917,50.9931676541417,7.30435238147041,0.704757610589816,3.23234524657878,0.547345247646937,0.580840874165883,1.63167202804734,6.51348986425347,0.667146037547259,25.4463604292824,3.68983171872602,1.11908340008311,42.451768205715,1.09752999496561,1.30697959980851,30.9209911969927,0.504325067653246,5.93255276936111,21.2620589878137,2.63914840812793,3.64020003721526,32.8540802214686,0.550102802099544,0.501765612929729,48.9527152405831,1.04142062437019,0.506865445878885,38.0784915442895,0.501934317745102,4.67298172027536,31.206302296559,8.03956704695022,0.848851354900161,7.53720024543414,0.50202980906681,7.29693517022573,1.54763954612161,10.0481400710301,0.59564279443502,4.11474529093652,0.50252496309805,7.47543711923621,1.05496930351047,1.16663755878997,0.508053816278779,24.6148855048576,0.515564693119353,8.37153570678978,10.1913427772705,48.0336358120928,0.585784063507096,2.6510950728697,0.697054771960932,0.662932117219212,3.02163774678173,7.88444895932326,2.54115051544843,18.261913221956,1.85856130762533,0.512496296029107,36.8134277887129,49.8562788279515,8.40798969519698,1.25215468048094,0.615332456671448,0.695876100208593,1.86931835330017,4.1887348121145,2.84655403725327,34.789199449535,5.43166702217888,0.518690338187509,52.9939769850265,1.18258302554032,6.85268636127222,40.9909672231437,0.502551446012658,0.54557228044799,24.9631976999052,1.11964929683539,0.526518858242172,30.8560079292316,0.514963758194779,0.527487056713676,19.5451210976413,5.84669146018543,6.77921712992772,37.9337842206333,3.10376210471815,0.508014188472767,50.6596748954891,83.2967690022426,0.514915327701018,1.25552205112716,0.542062251231268,0.537492480701049,1.26321581156598,1.06898616737338,0.889734426940702,50.6688959130987,0.694802118667469,0.568581038231525,41.1832485564421,1.02058655434798,12.0786698265276,37.6926787031059,2.7227578277456,0.50651614648422,42.7535334973158,5.89365314497039,3.01187060980892,3.65285735158831,0.504269802955535,4.62976793170632,1.78113599424052,15.814200981052,0.50133456160779,3.72304301511125,16.3861109896159,0.534062997231564,2.31429761336675,10.0955473955697,0.961820599589207,8.85822279696734,1.11360147017089,0.507803740765258,2.29591656299988,2.13110537804547,8.9945214094176,48.6157014948443,4.15104313011761,0.523960902644972,58.7033973604205,10.8783087642133,0.54457060389083,3.81786902608179,0.51201527357284,0.549350748766143,1.13905145348868,16.2799242922012,0.50040043480085,6.15267084117657,7.2178336794146,0.501324980204011,3.69756968037244,4.8972465083664,6.68149492680778,40.0346465820086,2.91297252668378,0.515271345077128,51.7834528559865,1.03480417797935,17.1097114224349,34.353167345248,0.503237849444208,0.50661235953379,22.4395409467057,1.09994317713593,6.94883724201475,77.6399425129104,14.027083185075,2.6468341505119,27.6662252488075,9.75028470185628,1.044369397805,5.83250171945422,0.693013439920776,0.501776773175505,2.12864058011125
2.05511604542953,0.617142881393558,36.8389030117026,4.15433310697182,1.09609378233859,1.72063715068709,11.4721181594843,2.97490808464831,9.91454871434479,0.507101239584288,0.622145119113371,14.1843895351775,1.02748050946897,0.603465239930342,31.3885278963587,0.602646096570027,0.603402356491176,7.28652560002822,10.5497333787394,1.54756649928032,7.13907099024529,7.99498321454005,0.505054132945231,17.8908663866402,3.73178993734333,0.506720106499429,11.0069033296159,0.644336566026568,0.511880857849322,1.61647750644373,10.7274389028028,0.508167147131241,2.45241071974218,0.519956605828373,0.50847118255846,1.19001810769367,5.53650959566858,2.3937889843294,21.0329773844713,5.58391198297815,0.512718221810946,40.0821732791062,28.8518578221711,1.27234022927881,11.694049715543,1.07170654102203,0.51292277170994,18.4107972983511,6.19900018826555,1.69661306105315,34.0886887734838,14.1118624903767,0.525814216317563,49.1155004628072,6.99953229050966,0.697658018299249,3.53851564915838,0.551717771972883,0.590127220892145,1.74904823368945,8.44799022040151,0.643128111193417,24.3418798499845,3.91625627741116,0.982944277854321,40.4642305272766,1.28910364292535,1.25459561694074,30.9195590687525,0.512287026896615,5.86695416367094,21.8108063554018,3.42087739304676,3.61630616241205,32.5964242013019,0.565494923239956,0.500908533287579,50.1624695468962,1.00393887663336,0.500683418951394,38.0858923365264,0.500179764154252,4.60385395838863,31.7429634339005,7.42260710930436,0.849035600276583,8.56369406068119,0.51157631412626,7.37802781760212,1.69048565503372,9.49727280093168,0.591246626973799,4.60319668948089,0.500537971454404,7.55527304543992,1.09142940699984,1.21566437680053,0.510751869330283,24.7769312172673,0.520034421606032,8.29966950293276,10.7582531870192,48.0333553083113,0.5587252095861,2.13028426513072,0.634896719330933,0.611537803414768,2.38394461332504,9.25865850514448,2.51298062335334,17.3138609251092,1.8983983028218,0.500579624376535,34.4982310913116,49.8277324560844,8.41293312988525,1.03870059025829,0.517709565429556,0.530083231904804,1.13345798675508,5.33033555838337,2.82268940106787,33.7108059660056,6.14689800535726,0.501380328190564,51.6728404251719,1.10570576936418,6.8138507428846,41.337978447796,0.506740134655737,0.528504745781616,26.295876006102,1.11619811175185,0.526278949330705,31.8292772640116,0.513777896773329,0.52798113720158,20.6086442483249,7.32849406582256,6.7453320173508,36.6367251524854,3.37773365990013,0.501058726784296,48.8742627167949,83.5008133482963,0.546750383671187,1.8030568621076,0.632267272283458,0.617773812988779,1.82782604961321,1.08742736135999,0.870931382157026,51.0925942585217,0.733132458451327,0.594264436126409,41.8814750827134,1.0288970461052,12.0634611280654,37.6663513824653,2.79436457158486,0.512589005423716,42.7815548734448,5.6044676333517,3.03926681256232,4.03107365314557,0.508343105827502,4.77504257965556,1.93568798772539,14.6722466186925,0.500470389146433,3.59794001295392,14.8043884130325,0.520054045850467,2.15005910686387,9.50961809407939,0.960076685446952,9.36863808935327,1.05429112046579,0.511983917696059,2.39927136953274,2.42641730209505,8.68711062932456,47.9714322240067,4.57204585843811,0.513531831214599,58.2025756580988,10.519050462256,0.51767289482183,4.04723104297786,0.516503404532575,0.529309132426745,1.18183129262879,15.070483920271,0.500422617596362,6.00207619513009,6.38318446343658,0.501391944706761,3.43570353193995,5.9972159474831,6.64237379484076,39.2482887031174,3.30995326092765,0.509970818693667,50.6531125640047,1.1970367404753,17.1362721830602,34.4404736975272,0.518332524220174,0.540385374662446,23.0933280133697,1.00130809340936,6.72053344293972,76.6437111653826,15.8584365402055,2.45621117841198,28.2855928140666,9.28839986239215,1.03428524192453,5.99849241776032,0.636783594898733,0.506148007474645,2.14753361299856
2.13526785697853,0.642253860599963,36.822026521042,4.25561295160995,1.08882719948874,1.73644281792097,12.6159145183372,2.91691138090197,9.98134620243575,0.50619908212943,0.617376443388954,12.7704691696621,1.05949794838202,0.607667008841907,31.3987239851216,0.604347875958062,0.607847318831547,7.64553865206742,11.981701586801,1.51043512200813,6.77722318004566,7.65697680533987,0.530624713074641,15.92054223835,3.26617411029567,0.500983889691284,12.3712444684182,0.676790640963861,0.501712433420928,1.76103508129404,10.3178116557945,0.525754099954995,2.6842247416847,0.561883091903235,0.526333120776399,1.24933136708511,6.81734778344345,2.35451929839248,20.2209131381731,6.00918707588274,0.501952319001163,38.4969075619575,30.0438130209711,1.25348101944179,9.83386937782906,0.925882616365281,0.505521044386791,13.9185780882745,8.16194265924634,1.64080831385398,32.3121570925451,15.7093078525505,0.509473701461312,46.18273249015,6.69703189690428,0.690654663130126,3.88119520053822,0.555771737931229,0.599404347498718,1.88249392454636,10.6770001237801,0.619748254221673,22.9992061211578,4.07478193154331,0.864708492822141,37.5447575702073,1.08184866605813,1.20427212830448,30.918162096795,0.503423484529527,5.79978853840501,22.3638106202574,4.50793128807171,3.59306089272071,32.0637102640457,0.579504566809866,0.520360011587449,50.613175689834,1.03386260150352,0.506231125452431,38.0916774617614,0.501498201343661,4.53384312219804,32.2741099239558,6.78788336266642,0.849205237791015,9.75114780673755,0.506272809855833,7.45706844014059,1.8627426975736,8.93250370897695,0.586960619445853,5.16479980219277,0.502068361143257,7.63438979956868,1.1388645494621,1.26168527153961,0.513493486673994,24.9185643314292,0.524221747813234,8.22476833581698,11.34576522078,48.0330809879733,0.531666355701568,1.60947688819615,0.572739326625407,0.560143887815279,1.74625601682775,10.5939853442696,2.48600208431946,16.2866991213693,1.91161176138007,0.533141189606092,31.8574982311559,49.8010968375809,8.41738211707785,1.12772931575304,0.558508352292328,0.599434019400701,1.44105310157575,6.72107394936049,2.79583588646313,32.3704017060541,6.86835485256052,0.509533616258974,49.5354393230366,1.03591190628194,6.77561414706715,41.6415692147501,0.512926108323534,0.51050600034144,27.6376578434358,1.11241655347674,0.52603612853655,32.7576648333285,0.512625300147134,0.528475205697033,21.6961297529544,9.03306476765415,6.71132927567241,34.9367372785649,3.6025497766549,0.533655907496174,46.2785094372053,83.6884051804394,0.531506935861193,1.54213330224334,0.589323505032907,0.579482938724201,1.55910609907003,1.10339927150017,0.852531312842706,51.4625491981735,0.775439595414733,0.62040030018701,42.5038360456064,1.03828171393798,12.0478899593807,37.6331339673549,2.86772194706378,0.518673332392704,42.7945651820471,5.3205414235075,3.06886689586313,4.45666512508467,0.513885319744803,4.91257178006238,2.11323038253836,13.5095536430306,0.500062226855088,3.53612389967634,13.4445446936506,0.50692338194408,2.0395600507746,8.91899103584376,0.958357285558279,9.95957990473132,1.00254111285116,0.51608585937036,2.52885179987286,2.76383227173059,8.38425032382123,47.2263931029135,5.00691204563362,0.503359750936624,57.4334146838593,10.1563244841183,0.51414227468595,4.30375931558198,0.522199232408883,0.510565105629537,1.23248566451472,13.8750440499263,0.501512350327134,5.94865428807995,5.67553205659123,0.504987254979127,3.2571790952344,7.27095339097064,6.60227374221777,38.0450596540186,3.71431973803447,0.509662610958504,48.8034229164717,1.34359869021947,17.160258801996,34.5221674932994,0.532002845777284,0.576208940863372,23.7552994590596,1.08483267755423,6.46870062074924,75.5371916065737,17.8330662756804,2.27311607694476,28.736242980324,8.82542616682812,1.02263323111898,6.19910800623304,0.586202277926233,0.5139806770486,2.18173370566948
2.21489650243432,0.667409315797991,36.7985147223356,4.35096666604109,1.08135505529116,1.75159916808504,13.481470698996,2.86050090776522,9.9961448621037,0.504875608366112,0.612512872628986,11.3233113997987,1.09002859705821,0.611871941733251,31.406954750402,0.606493113653897,0.612667690601835,8.01929806583074,13.1138470441604,1.47626682447478,6.43165931919838,7.28407358233737,0.514089456532872,13.8987853250308,2.82080813569825,0.502594406822169,13.8613804744774,0.714774153985704,0.504436855050082,1.93078209068363,9.9071792318829,0.51462693743812,2.94845317101421,0.534708011613759,0.514808150188395,1.31934273119612,8.24956380393852,2.31110324222313,19.2721831919611,6.34152870309588,0.501663704321955,36.3547047364685,30.0601508276383,1.23594079904629,8.35438415828935,0.787886075933066,0.50409351172431,10.5366886187612,10.5098613001474,1.58307784175754,30.1963610319496,17.0429753275891,0.557449790808877,42.2541480152613,6.39647760527693,0.683739915478544,4.26443945925988,0.502279245182036,0.504107332974396,2.034171006677,13.0076166202612,0.597156638445239,21.4627071183611,4.14384141394625,0.764264428520722,33.8791516872743,1.25853855735188,1.15591913458397,30.9168031630038,0.510262673261758,5.73118928194638,22.9204568255315,5.98258466692432,3.57069623372079,31.1948779774898,0.589529297753221,0.501943966573566,50.1125076241466,1.15810941847471,0.531585124596791,38.0962047179914,0.506670602709108,4.46317741850438,32.7989873220912,6.13947509753435,0.849324686448816,11.120890446734,0.502184990710227,7.53379513557946,2.07058057291424,8.35402069417932,0.582774012453994,5.80997341840889,0.500506766729267,7.71284457224882,1.19874864190934,1.3044116603909,0.516280091642301,25.0421560310138,0.528125413498614,8.14686773179906,11.9534008819612,48.032812851079,0.504607501853501,1.08867294206601,0.510582593844355,0.508750370420747,1.10857195728986,11.7746183912397,2.46033577073287,15.2252414257542,1.89765881004405,0.521145509767139,29.0498900369302,49.7762578225285,8.42138559849875,1.21648579289871,0.599257254865157,0.668757246738555,1.74831930732952,8.3204664534999,2.76648335672387,30.7684167854754,7.55121944507323,0.502268902105015,46.6034252735437,1.14453274263752,6.73798045041255,41.9063470199578,0.521135593695318,0.547857793428458,28.9824181215299,1.10832676928826,0.525790384815659,33.6392658620196,0.511507941098016,0.528966531740494,22.8046134084487,10.8669801421091,6.67859314767134,32.8820299914777,3.75695735233975,0.509008150392467,42.9829357790649,83.8607983463636,0.561462962306149,2.05988740993774,0.674709145474005,0.655330017570089,2.09369801510561,1.0205180040154,0.834523315487277,51.7838722283236,0.821926779025466,0.524707808430583,43.0556478783489,1.04863114331346,12.0319636090975,37.5932093622232,2.94271402549303,0.524760185871253,42.7934527057357,5.04142344506631,3.10047397272338,4.93512408687289,0.521007672947549,5.04160441367449,2.317043563912,12.3567597169232,0.500057391975474,3.5321283881527,12.2753163764426,0.552318193773284,1.97443585749683,8.3246164669002,0.956630553295052,10.6400082974457,0.957772702398037,0.520120329293512,2.68830723789629,3.14068730399794,8.08619197707309,46.3788263331936,5.44584545968935,0.523983899134027,56.3934409363525,9.78952307530439,0.502370757250979,4.59049853367407,0.529169937837551,0.501610217443884,1.29194353861167,12.7125031039574,0.505284644560056,5.98449220985907,5.07446069785785,0.517353326447683,3.14811447037719,8.67597700423813,6.56186132359416,36.4473762007275,4.10314348604142,0.521992561289068,46.283061056867,1.10338359170579,17.1819066943464,34.5985794445604,0.509635033997004,0.523640663122096,24.4249427724102,1.05933278363872,6.1955176580129,74.2747279777514,19.9227334061067,2.09848342115999,28.9840292447736,8.3592324011503,1.00886607098865,6.43688033493585,0.540459293152094,0.526153944415996,2.2320021172909
2.29400767398605,0.6926002846807,36.7696187230735,4.44032617169545,1.07370408327039,1.76612118754377,14.0102706804213,2.80576449857833,9.97502223781722,0.503188904642578,0.607638487916581,9.94739518343322,1.11897346312991,0.616079347166892,31.4135178300062,0.609099649220958,0.617887044981644,8.40811241914019,13.8371051889262,1.44491110059539,6.11340347315387,6.89495090458612,0.537449310149159,11.9835898156708,2.40157631927706,0.504260105246759,15.4675006832998,0.7591750791015,0.507195011969467,2.12954552236183,9.49479125878639,0.503486913464608,3.24981852859947,0.508165208014476,0.503495828512349,1.40148079407015,9.74977997817922,2.26755080492433,18.2096737497178,6.58546332744263,0.511432443601494,33.7440546182896,29.2243094419863,1.21949906500593,7.22701623389253,0.665433848734217,0.500490678935733,8.08747379778516,13.0859069132365,1.5250302966161,27.8043071914759,17.9605335159148,0.539761028937222,37.5492184987047,6.0975867196294,0.676905922571767,4.692613577813,0.507316306551756,0.513540128342369,2.20658713031106,15.1633447718647,0.575491481671898,19.8228403689293,4.11401632077541,0.680800323597583,29.7945130648566,1.0674456768627,1.10945153087867,30.9154847295804,0.502624201959167,5.66128670483267,23.4801146184665,7.90392732170632,3.549435273009,29.9305480466797,0.592317174497897,0.515342679567602,48.4845118659213,1.02070736772054,0.504261849568093,38.0997391962021,0.500858117946497,4.39206210185669,33.316889806519,5.48325921304968,0.849365842103835,12.6939092129907,0.501558727591268,7.60779191978436,2.32158298944925,7.76279899937131,0.578669839828354,6.54988432903681,0.500053394269126,7.7906381031596,1.27296395637562,1.01649535413894,0.500897597909593,25.1498512610347,0.50152294798622,8.06601663970739,12.5805368552202,48.032549948697,0.592893689157114,2.78789361551232,0.71337812827477,0.676430694171407,3.18913327597424,12.6971316638178,2.4360673543337,14.1799438003086,1.85897049315832,0.50979543873767,26.2448431076982,49.7530980431448,8.42498788803368,1.00391360991159,0.501795243626289,0.503053243444189,1.0135709680799,10.025933764089,2.73515055630956,28.941416475832,8.14443614167143,0.502504026990804,42.993663872647,1.17165719512,6.70094721131546,42.1365529689793,0.531413736117706,0.56388045948647,30.3239613815038,1.10395587237334,0.525541739325285,34.4728696615523,0.510427478490996,0.529452306677309,23.9308718493443,12.6846651012294,6.64858951460277,30.5681525893747,3.82735506296083,0.524992879991701,39.1911264228361,84.0284246997475,0.59126626559228,2.55615584422954,0.759262189659507,0.730310087489075,2.60570375689413,1.03897297068012,0.816895789142198,52.0612814341916,0.872817314128033,0.550349740953261,43.5423300756947,1.05984437009213,12.0156912325767,37.5467856145714,3.01921823895045,0.530840954849299,42.779079165466,4.76677309971391,3.13387028293208,5.47237220672903,0.529850255183831,5.16146249808155,2.55090967851242,11.2364731726323,0.50104763941026,3.58265040658323,11.2688636017188,0.521087643138939,1.94896038175634,7.72792855966749,0.954864326856352,11.4199219686614,0.919519846665083,0.524102145833803,2.88220770848659,3.55039007812787,7.79335572767176,45.431512899927,5.8770478372422,0.51391797994553,55.089743022268,9.41836299198434,0.506565997200315,4.91086486205042,0.537528374750877,0.504343651705392,1.36143541708074,11.5956406882809,0.500388002077089,6.10505301370367,4.56268971444707,0.501267728479792,3.09902274804571,10.1361108547459,6.52202770502257,34.5132437950077,4.45060303091655,0.501166833248466,43.2062618738158,1.24283981287915,17.2014290660629,34.6700243713035,0.522687230243745,0.56034829281883,25.1017160456092,1.03935852551945,5.90396276125291,72.9689606287257,22.1039133303685,1.93408608494405,29.077527165753,7.89340235339113,0.99364030763844,6.71494720416842,0.530196302625286,0.541665048154183,2.29951093697874
2.37261684368204,0.717818989388248,36.7364546139338,4.52369899557131,1.06590005884791,1.78002574937826,14.1940886817345,2.75272218309513,9.9358865760173,0.501245281893098,0.602834102427658,8.71318492647956,1.14623250928502,0.620288784767771,31.4186559561129,0.612187503535142,0.623529690022716,8.81226603032227,14.1166469041181,1.41615239951868,5.83170935008684,6.50770630900938,0.521660770001476,10.2832754717137,2.01407822935112,0.505988165461547,17.1725180980503,0.811028545680328,0.510051073751157,2.36161351154663,9.07990274183828,0.521112519870795,3.59374801153579,0.548447391411748,0.520883973462973,1.49748663890007,11.1952768567515,2.22446291010451,17.0735693532628,6.72624790388105,0.501366680432892,30.8149050374272,27.8455474099364,1.20400166808149,6.39548472960944,0.561049707140279,0.520669197177061,6.34624726361415,15.6205642159056,1.46844460155362,25.2624919629391,18.3656212687824,0.521407032341246,32.4414020295174,5.80019297265495,0.670144582358202,5.17035620456203,0.512046177910702,0.522957411207068,2.40264881188578,16.8691064967609,0.554855877104763,18.1974802933258,3.99218578737767,0.612901822832515,25.6778868907013,1.22915828521714,1.06478991994821,30.9142074355881,0.508343244853634,5.59020679048067,24.0421370407071,10.2601511544006,3.52963350775131,28.2368924738241,0.584454542467107,0.525244469303374,45.6434735394237,1.05981470334814,0.513200174583569,38.1024996888618,0.502364876957961,4.3206889482979,33.8271431129383,4.82743600706963,0.84928055312481,14.4885648724164,0.501242651254858,7.67827323391724,2.62484854422532,7.16053604064398,0.574634355561312,7.39618815853909,0.501815069391565,7.86768748588108,1.36387639546262,1.06375014020002,0.503614250700017,25.2435784391646,0.505892184606366,7.98227867096694,13.2263997384241,48.0322926240962,0.565834835254719,2.26709513889023,0.651222504937478,0.625037845728398,2.55145634505527,13.2937200137532,2.41323495305956,13.1980597211605,1.80034926348563,0.53845946645979,23.591638314993,49.7314973689395,8.42822898920793,1.09268639262823,0.542547084856385,0.572377795401786,1.32081227553921,11.6787667325648,2.70280505777768,26.966769699459,8.60208461604168,0.526707170100577,38.9311887461138,1.19148442950161,6.66450561596069,42.3360473123915,0.543823887083245,0.580743454396657,31.6561259873976,1.09933590399628,0.525290242720907,35.2579119210513,0.509385287927685,0.529929685094573,25.0714564329095,14.3169838933046,6.6226635218513,28.1279439026764,3.81176063526684,0.502041338873806,35.1714813712002,84.4161213598414,0.522172783848205,1.0057476553127,0.533009461047219,0.530483068391669,1.00593751404472,1.05535445254606,0.799636505385913,52.2991070495062,0.928354539576121,0.576361060883517,43.9692642774329,1.07182762680654,11.9990837704056,37.4940985490166,3.09710556638082,0.536908413747561,42.7522881261435,4.4963830083779,3.16881643920294,6.07470411552964,0.54058735391292,5.27153273032768,2.81916609822339,10.1646023204039,0.503069098751462,3.68629376081432,10.4010461774854,0.545993200076328,1.95955313148851,7.13093556627731,0.95302572570311,12.3102388627438,0.887423120183527,0.528049673519116,3.1162034348776,3.98169577237641,7.5063156950529,44.3930366785051,6.28744642441473,0.504388725188832,53.5413162397468,9.04241070054299,0.501800448461465,5.26868762078752,0.547397636798613,0.501163646167533,1.4423429221424,10.5325977514664,0.500885563403658,6.30868223107624,4.12581809845597,0.502871111912518,3.10389777893853,11.5488194258355,6.48382693164634,32.3359609411528,4.73270878241835,0.512745540849598,39.7477607505272,1.02106599577156,17.2190228200041,34.7368007368174,0.501970254881672,0.505408457471505,25.7850518587378,1.05415856346559,5.59747583117065,71.5789931469613,24.3355765591322,1.78011345040895,28.997710835479,7.47427638877606,0.987158755089757,7.03418880921073,0.50259067560406,0.544114503277484,2.38444172247613
2.45074785102066,0.743058667800148,36.7000110065615,4.6011595054553,1.05796762524119,1.79333120612723,14.0662358894789,2.70133200829535,9.89562926528772,0.515662804223178,0.634219528576511,7.65515344639127,1.17170319456257,0.624500155117951,31.4225690350843,0.615778821955295,0.629620906456226,9.2320158274935,13.9863422419219,1.38972881724365,5.59272467838419,6.13710586638034,0.506945002460411,8.8482663921216,1.66308336889195,0.507785022936041,18.9519006875002,0.871534280631991,0.513082294220982,2.63172257582397,8.6618080325277,0.509959482228762,3.98644927403565,0.522505189475912,0.509761572397923,1.60947371377519,12.449599716244,2.18237636425156,15.9180551533011,6.76082332043736,0.520672533005648,27.7565680341327,26.1623204915988,1.18929552935528,5.80168278450731,0.500399819479219,0.500472522743478,5.11495416213956,17.7996855514027,1.41495044118383,22.7382870455024,18.2532189575935,0.503396486430576,27.3746064338413,5.50427135184984,0.663447533725896,5.70251269520741,0.516439211472504,0.532374513413211,2.62571240827989,17.9453584215177,0.535302145214458,16.6999519453581,3.79906415270678,0.558748710667196,21.8642374175796,1.05437174932852,1.02185864691098,30.912972114739,0.501929013456546,5.51807363723507,24.6058666177308,12.9165135448911,3.511638009805,26.1373958236073,0.563327326109649,0.521270362979187,41.6739066106566,1.09354454584681,0.522208038361035,38.1046667894415,0.503500918936044,4.24923734700103,34.3291041630177,4.18215317449021,0.849021160615394,16.5180085026446,0.500056358712872,7.74415854560815,2.99115226497797,6.55003446576065,0.570649855317794,8.36039868101751,0.506206774036999,7.94378360688974,1.47441642210925,1.10767722711005,0.506376624716209,25.3250631920078,0.509974813858006,7.89573293490473,13.8900619516855,48.0320410337768,0.538775981352021,1.74629969085874,0.589067480733173,0.573645358664329,1.9137833890484,13.5432034193758,2.39182636675769,12.3165242745856,1.72782026574679,0.527200565298335,21.1977863229713,49.7113378967213,8.4311446997843,1.18123196864098,0.583257117492175,0.641678602547104,1.62770187844709,13.0968357355452,2.67045533315069,24.9535297218187,8.89535606162732,0.532305137708739,34.7089225151077,1.00084984126413,6.62864119726306,42.5083144442951,0.558447245840106,0.500377232757991,32.9728838635584,1.09450170911364,0.525035970808448,35.9944141392763,0.508382472836484,0.53039580899303,26.222732659309,15.615014545456,6.60184795176155,25.7063989561852,3.72000352082001,0.516748924384969,31.2016517225733,84.5311913642395,0.506199501953487,1.1075923989512,0.517758328617354,0.515749870053843,1.11120918871441,1.07001401446577,0.782732752861601,52.5012812960264,0.988801506554705,0.602664257137839,44.3416654385954,1.08449335117674,11.982153907252,37.4354102926771,3.17624091313412,0.542956475918957,42.7139072306954,4.23020003236614,3.20505072935082,6.74869346445622,0.553433717712265,5.37125449386366,3.12675110326535,9.15167154195268,0.505980220984266,3.84334907478871,9.65131498867819,0.516568524029405,2.00440846783716,6.53629831251132,0.951080805972836,13.3225651828619,0.861226320753793,0.531986165126056,3.39721039309162,4.41858245615501,7.22576656780919,43.2786632949387,6.66381195503079,0.52260939640622,51.7804932234431,8.66115335608051,0.502715530167688,5.66823426481354,0.558923798506824,0.50171357253819,1.53628929716726,9.52819130823225,0.501559235745227,6.59614382464589,3.75192830975682,0.505012665242052,3.15948585059309,12.803772960028,6.44836002377808,30.0333678656063,4.93240220051384,0.523001398022537,36.1187032708798,1.15337289515058,17.2348678806981,34.7991929209401,0.514403852978404,0.543001591125257,26.4743597352788,1.08133696703551,5.28014159423279,70.1163755286147,26.5706526904778,1.63697549195071,28.7511763757603,7.06123861608933,0.980708877225746,7.39633706207376,0.500130080930567,0.547042741116658,2.4874750037853
2.02756188871007,0.608762402890107,36.6611573953443,4.67283954996836,1.04993013783307,1.80605700368619,13.6846639109724,2.6515028626872,9.86834395799326,0.513515000338223,0.629000280622309,6.77947502777944,1.19528074492003,0.628713515932924,31.4254215339147,0.619897917960849,0.636186564911692,9.66758793922579,13.5236604649094,1.36535520566098,5.39925889559651,5.79334086016316,0.527908807452368,7.68269525971251,1.352013822361,0.50158803466486,20.7744544282508,0.94207527178209,0.502684428861927,2.94503023197637,8.23988336667914,0.527635694947153,4.43498218600549,0.560977234301605,0.526751872035449,1.74000175175223,13.3959153014806,2.14174497719226,14.8016896590292,6.69894230367283,0.510703509348211,24.7611547849059,24.3425846262097,1.17509255129257,5.39618203898656,0.508269116531357,0.509702548728237,4.24262107499603,19.3679443588005,1.36574714733321,20.3963370800051,17.7080917589488,0.546998996840613,22.7373534804359,5.20996280322014,0.656806162223669,6.29403509685555,0.520459867672037,0.541810440234889,2.87963544696142,18.3508080762858,0.51682979739146,15.412561589764,3.56173999349861,0.516362091059341,18.5615256879782,1.20107711747466,0.980586815756003,30.9117785977956,0.506534028451252,5.44500793503255,25.1706340025376,15.6002296844824,3.49578684609206,23.7356609031105,0.528333208745731,0.500419716327037,36.8823211655482,1.12206894089742,0.531285175710292,38.1063696935509,0.50428034918159,4.17786877943255,34.8221767916337,3.55917067715461,0.848536837015138,18.7866353624546,0.501416898401891,7.8039977504303,3.4329274966181,5.93535339874525,0.566696133615206,9.45304245588983,0.513476789867484,8.01858744270601,1.60818621877571,1.14806736034754,0.509186236820853,25.3958390230095,0.513768402949073,7.80647460847397,14.5704389793876,48.0317951777388,0.51171712744902,1.22550727141784,0.526913055661856,0.5222532329792,1.27611440795362,13.4673215657346,2.37178498281807,11.5587726421311,1.64743881334757,0.516761710999998,19.1227342293818,49.6925050536864,8.4337675490529,1.26957690312239,0.623929955880328,0.710958303401743,1.93431108093619,14.1254008799846,2.63907662528975,23.020096400289,9.02009317473443,0.509306917539096,30.6229419842898,1.03108866510144,6.59333445326828,42.656478245577,0.57538256841198,0.515991992761933,34.2684398821792,1.0894891229029,0.524779019583236,36.6829150930347,0.507419874200877,0.530847835131776,27.3809248402822,16.4873620923278,6.58674454382603,23.4316540819097,3.57021700358441,0.529665779097045,27.5112814223225,84.6345822384394,0.543332449082993,1.75303512544189,0.624325293133822,0.6102048488458,1.77863285656507,1.00273264791226,0.766171463258978,52.6713552763674,1.05444084249935,0.504123154813246,44.6645116171347,1.09775942009245,11.9649160215487,37.3710048317804,3.25648361632669,0.548979591138722,42.6647458805584,3.96834331775942,3.24228825811558,7.50104827772663,0.568652388794594,5.46010530990095,3.47924326047432,8.20400746792791,0.509663372625925,4.05561486809088,9.00238410285725,0.540576481523804,2.08323504866014,5.94738430558241,0.948994296638032,14.4688124268933,0.84077609471779,0.53594160606165,3.73361812740063,4.84101939791603,6.95247233645677,42.1104912342887,6.99413422496629,0.513345554148572,49.8527814529633,8.27428379939689,0.501474636518336,6.11421723532641,0.572279172785991,0.500909785990938,1.64523772194291,8.58486287633027,0.507229748284336,6.97025408708243,3.43120783896405,0.522934220095954,3.26481350133042,13.8065628447222,6.4166319454855,27.7291886138148,5.043018114036,0.504591811217379,32.5302832546382,1.26878871224615,17.2491270916384,34.8574699142883,0.525380216000433,0.582680830635519,27.1690245342149,1.10480709369143,4.95643230046174,68.601291735678,28.7587374481563,1.50487558792598,28.3523514337659,6.65465827973905,0.974249271803264,7.80456283851558,0.505101143360514,0.550408972154788,2.61026497634436
2.10643034877888,0.63395372726677,36.620652343889,4.73891890412469,1.04180956087878,1.81822333032461,13.1154164381238,2.60310971018359,9.86468511985592,0.511233350717184,0.623942367640006,6.07479144835235,1.21685951191246,0.632928943421703,31.4273477068815,0.624571365810692,0.643252751516776,10.1191740788687,12.8218299456415,1.34274406115613,5.25135280457298,5.48216461019721,0.514086653673068,6.76306772048687,1.08256418973708,0.503362318611903,22.6041265930218,1.02423799793617,0.505773463846006,3.30707552235227,7.81364266722428,0.516467285842981,4.94731949007071,0.535674090051085,0.515809120790961,1.89217229197621,13.9645576450748,2.10289329635246,13.7765720489287,6.56008694003107,0.501519452681102,21.9866936432501,22.4900385297462,1.1612927404268,5.14188612880687,0.502019611654071,0.502375462150918,3.62307664117121,20.2027629166762,1.32147237486213,18.358733407419,16.8678439074273,0.528783203566943,18.7702061743681,4.91760071917083,0.650211620076198,6.94984137265924,0.524069135385415,0.551288649286756,3.16883071213062,18.1594707850496,0.504287246296058,14.3780423051833,3.30605151093541,0.506772753801824,15.8443444867674,1.04266500254288,0.940906810669516,30.9106267981879,0.501338892825195,5.37112856784568,25.73576386346,17.9632609538372,3.48218847365746,21.2054174227211,0.502928377256838,0.503699347246309,31.745248816832,1.01353891109594,0.503591969619076,38.1077090587522,0.500459640836156,4.10673127298812,35.3058053251004,2.9710712440621,0.847770700816967,21.2861139139032,0.507521723562161,7.8559182718598,3.96401364142936,5.32189066744334,0.562751925099667,10.6824873572866,0.523936564451427,8.09160349880479,1.76956760575558,1.18472125141831,0.512044570490955,25.4572637582581,0.517270144852692,7.71461585276463,15.2662926816215,48.0315543538208,0.669377589463471,4.25986395969311,0.889044391567593,0.8216836190194,4.99143691572085,13.1172471404525,2.35302097132554,10.935395966405,1.56442889034305,0.507121171522319,17.3844029554356,49.6749062783729,8.43612688263887,1.05792733062091,0.526637918846911,0.545349517461271,1.20078700802137,14.6788218755391,2.60947211409812,21.2690547088156,8.99568859505395,0.529203137392814,26.9075877059391,1.05421076517298,6.55856139140325,42.7833200877985,0.594745943797456,0.532422337424382,35.5373298557473,1.08433506130055,0.52451950103152,37.3243984196061,0.506498097851477,0.531282982277978,28.5421651235096,16.9134356073567,6.57750819396718,21.3948758696464,3.38351564705644,0.509655095042295,24.248395485738,84.8048156197229,0.528436233521969,1.32913395569365,0.574489885096952,0.566212611391472,1.33425259638286,1.01895555434162,0.749939312128623,52.812504494821,1.1255744781635,0.530142362015448,44.9424680360307,1.11154853500943,11.9473861097671,37.3011827998705,3.33768800890952,0.554972552205364,42.6055916086123,3.71111996735551,3.28022002770169,8.3384045052104,0.586564448193187,5.53758456435596,3.88288291693534,7.32474020831117,0.514018904337754,4.32625148715744,8.4398532996159,0.512567177561155,2.19708237453123,5.3682807663798,0.946729444952941,15.7606200349746,0.826024913928763,0.539954340511783,4.13551120529816,5.22672707525936,6.68720221315436,40.9166379772328,7.26901323174404,0.504887620056674,47.8147054504675,7.88166520647282,0.504168676925898,6.61186227055673,0.58767154866154,0.502512365159681,1.77155627233795,7.70338281595542,0.503015194014628,7.43558582386802,3.15564001057298,0.509468505586466,3.42090930736676,14.4977738106661,6.38942332132588,25.5332383352497,5.06869428095315,0.513941319651206,29.1589052701253,1.07572963680179,17.2619512647386,34.9118873624385,0.507167783171973,0.524152833816431,27.8684143262394,1.08079876937848,4.63096831799173,67.0567571432165,30.8494678429734,1.38379049204583,27.8201728111155,6.25465172887613,0.967770432029956,8.26255467066256,0.500082791405924,0.554171053562421,2.75489928353394
2.51678527361929,0.765601260063782,36.5791521156631,4.79961601604208,1.03362642902011,1.82985085282392,12.4210348254568,2.55600775732103,9.89205041817858,0.508928437771953,0.619082267351025,5.52154989582085,1.01062901826367,0.601639778324948,31.4284559271025,0.629828119798943,0.602195908161466,10.5869276916774,11.9696420134395,1.32162074191135,5.14715932351184,5.20580384407504,0.50118929397429,6.05445936752456,1.00615194446846,0.500375960710052,24.3819275392514,1.11946899798273,0.500663655162074,3.71949654656609,7.3827997699274,0.505274108092414,5.53237288950848,0.511200938143466,0.505024059660429,2.06973345712873,14.1428794189446,2.0659999609704,12.8807556644135,6.36830028379877,0.517871093638073,19.5358864762266,20.6656144634832,1.14785007624706,5.01268303362177,0.513255647045578,0.515767481692851,3.18373831081143,20.3204163633692,1.28223965369513,16.6891618663891,15.876046798428,0.512372736803445,15.5508025377618,4.62773565323914,0.643654865042912,7.67462607518519,0.527223512534033,0.560837058866974,3.49831778580055,17.5067232731977,0.500974177459028,13.6059435209715,3.05270020586838,0.501341791709139,13.692255874309,1.17439047029555,0.902754820461822,30.9095159978038,0.504839291251276,5.29655175261988,26.3005743961869,19.7094717896214,3.47062066625753,18.7412596261038,0.513518545921982,0.512482541072882,26.7658401206889,1.0439222648153,0.512646082888108,38.1087598681942,0.501368332657074,4.03595990511999,35.779473877914,2.4300418585968,0.846660840198417,23.9918953070614,0.51880361710552,7.89767699157435,4.59909915828153,4.71639300894937,0.558794616560776,12.0534312987816,0.537967988383662,8.16214647832981,1.9638292483467,1.21747071093075,0.514953038005637,25.5105345538609,0.520477795655534,7.62028598483563,15.9762341309174,48.0313182327635,0.642318735640533,3.73907695947425,0.826891027297463,0.770292131593575,4.35377502332562,12.5577642362709,2.33542383429419,10.4470856913239,1.48278058131734,0.531346198452809,15.971846963429,49.6584617779751,8.43824895100917,1.14629011252182,0.56731377309737,0.614631153958308,1.5074848330128,14.7526036801956,2.58218944813875,19.7707377317895,8.85667899792059,0.508381565746508,23.7018617432738,1.07039693527268,6.52429398554109,42.8913040722439,0.616670603253521,0.549635076709953,36.7745323854129,1.07907782857558,0.524257539584062,37.9202190643137,0.505617546629786,0.531698581963103,29.702545026939,16.9318249281633,6.57391694687006,19.6450317633835,3.17936665452572,0.521429394373599,21.4773827109286,84.9048946108948,0.508855146523027,1.1542812141436,0.525484748565193,0.52256832823775,1.15963040514028,1.03370830840014,0.734022821690851,52.9275491456815,1.20252337772455,0.556399729453247,45.1798515066494,1.12578769732964,11.9295816956436,37.2262567667943,3.41970402978302,0.503903455891773,42.5372071143279,3.45904647287007,3.31851206944743,9.26705495378143,0.607560705799789,5.60319675187529,4.34456017023057,6.51463711121274,0.518961517745967,4.65965183024083,7.95183095563493,0.535906525097829,2.34823630621489,4.80374707769433,0.944248003783092,17.2085471879624,0.8170377489279,0.544072447256554,4.61488865648058,5.55374563232072,6.43066198673392,39.7294197440602,7.48277538706872,0.519894580215205,45.7297069856311,7.48339317817919,0.509825810802399,7.16684165634371,0.605347829207051,0.505785200428893,1.91808203566849,6.8833336407762,0.508431517301324,7.99812522800455,2.91864577932008,0.525655632296724,3.63058968603353,14.8601500604499,6.3672120706273,23.527673918623,5.02190451406748,0.52187057527158,26.1254460407478,1.18369592209558,17.2734756400151,34.9626862669631,0.517519980329662,0.564724737286852,28.5718756170081,1.11610701697302,4.30826738876449,65.507335731357,32.7964615548228,1.2735007622568,27.1767390448706,5.86138674661513,0.961270192988722,8.77438713510663,0.505133775217045,0.558283521415271,2.92389605895296
2.09703902549864,0.631140469071694,36.5372189935611,4.85517870652508,1.02539974985095,1.84096038528171,11.6545428156587,2.51004377226286,9.95516805322629,0.506681707972626,0.614436200374037,5.09827997487107,1.03659009488745,0.605849730867142,31.4288323460877,0.635699639781305,0.608162044258504,11.0709602671961,11.0410817883982,1.3017324874838,5.08377129011452,4.9640706929223,0.520270123727766,5.52085957717876,1.06521833015621,0.503870083943433,26.0462054127537,1.22902210069029,0.507128061061184,4.18137874204847,6.94734916013027,0.523026763611926,6.19997754495254,0.547396036703637,0.521722067440115,2.27721685006121,13.9667016576562,2.03110891496884,12.1359230466897,6.14717908021695,0.50919140312732,17.4547218401067,18.9042810871325,1.13472590355071,4.99115124524008,0.509905668623111,0.511977553517543,2.87571248315789,19.8312021128312,1.24777943833586,15.4010677552685,14.8499738961193,0.547159945030642,13.0384495889101,4.34115476288463,0.637126725403812,8.47261647084229,0.529875550431784,0.57048867603586,3.87376423190698,16.5363185238672,0.50039422817583,13.0853737750486,2.81399092169624,0.500419703172407,12.0342012973815,1.03234323268027,0.866070230270506,30.9084449942328,0.500853505578153,5.22139138909222,26.8643816809787,20.6908220914192,3.4608632698513,16.5043897644622,0.506609628207491,0.504880607654039,22.3228351143059,1.06932690544635,0.521768701880716,38.109579016549,0.501939251286331,3.96567744847411,36.2427091371998,1.94637588495222,0.845145902736586,26.8612850670789,0.535813686745863,7.92675663926408,5.3527452778519,4.12678775130566,0.554800393046244,13.565164836105,0.556033625721827,8.22931385346069,2.19722039247959,1.24619904601177,0.517912949037554,25.5567065576335,0.523389519721408,7.52363155356578,16.6987321241097,48.0310871615438,0.615259881849142,3.21829273597029,0.764738207887191,0.718900972185402,3.71611676585775,11.8544120577369,2.31887349260235,10.0881652184795,1.40522261555304,0.521976450947747,14.8580665056503,49.6431130350762,8.44015751940643,1.23448708958641,0.60795852335014,0.683895496979772,1.81403068552116,14.4066781983158,2.55750533404884,18.5601795201326,8.64236577846073,0.526210746966993,21.0532253350804,1.0799185067855,6.49050036793982,42.9825993052799,0.641307134168255,0.567589575248574,37.975508263269,1.07375586714217,0.523993268529969,38.4720310241741,0.504778436351047,0.532092109685542,30.8581676778985,16.6160130153513,6.57548415977857,18.195553484744,2.97300317026576,0.503901060321559,19.198540676591,84.9772535950687,0.515933258387061,1.27781318852728,0.545897912782441,0.540632868997214,1.28750581853536,1.04723273193547,0.718408434610267,53.0189746587084,1.28562711897695,0.582842537742792,45.3806171756642,1.14040757936766,11.9115217037874,37.1465465578409,3.50237816090243,0.551991245655591,42.4603283188976,3.21282888440416,3.3568046513417,10.2925757877083,0.632117507030716,5.6564383162049,4.8717590105186,5.77276886514334,0.524416875519378,5.06131458876336,7.52856701109695,0.508951720645245,2.5401769906278,4.2590872570058,0.94151039622707,18.8210160945046,0.814002958942292,0.548355230303376,5.18585617767403,5.80329183091532,6.18343172492642,38.5827708407349,7.6340469316317,0.511881163854278,43.6627683659718,7.07983658987246,0.515526895718576,7.78523998359908,0.625600942566362,0.508950811642031,2.08820353468248,6.12354279929127,0.504361813392227,8.66491017740709,2.71481447392173,0.512855619842276,3.89835807198246,14.9134806566944,6.35015752924049,21.7625194903175,4.91955938505187,0.50661581957577,23.492432528981,1.01033957022154,17.2838247166737,35.010094656682,0.500989373868902,0.503789909691797,29.278741046019,1.14783659348482,3.99250955860508,63.9777506930163,34.5607504009691,1.17362054886316,26.445867637653,5.47532896351839,0.954736537093294,9.3443157679673,0.502448229407576,0.562693475523073,3.1202369055489
2.50544914630868,0.762851060379907,36.4953295568264,4.90587705110266,1.01714706918524,1.8515727440895,10.8576016423368,2.46506421730622,10.0567790172723,0.504548779823148,0.610004995590233,4.78504493292529,1.19301890200405,0.632503327968359,31.428545677614,0.642220093144012,0.647895343094815,11.5713361487559,10.0923627150501,1.28285244042002,5.05783635685425,4.75533830437403,0.508067156408347,5.13029930734962,1.01868211485314,0.501093499181138,27.5627369285488,1.35473106420245,0.502092226842761,4.69482490451914,6.50765488727125,0.511808916248203,6.96079897049576,0.523718036306771,0.511074322322659,2.52009306839211,13.5016621720179,1.99815790329638,11.5494657907731,5.91657955911824,0.501509898440252,15.7449352027911,17.2254979065182,1.12189236674786,5.06649431192038,0.505142875978061,0.506286712619186,2.66641207244872,18.8837749183512,1.21760028462218,14.4766677436809,13.8695844781091,0.531420949792341,11.1337734409135,4.05889119350401,0.630617998254834,9.34727280788532,0.531973051977531,0.580282993434418,4.30150891531791,15.3731643436738,0.50229907806997,12.7962877275999,2.5966025061043,0.501680513104868,10.7866016561675,1.14918060086411,0.830795513035212,30.9074130501919,0.503263038781094,5.14575906450381,27.4265021394793,20.9251144644628,3.4526856138058,14.5889941180076,0.517183868682518,0.510320142927753,18.6026689753765,1.08997440570214,0.530958557315917,38.1102178313271,0.502188337225184,3.89599709349705,36.6950789460623,1.52710307784387,0.843167882172412,29.8340540878308,0.559239904767543,7.94050156060614,6.23793865801145,3.56178993625316,0.550744638978303,15.209822787685,0.578688055524221,8.29196697480054,2.47703023902512,1.02226501599704,0.501664953661012,25.5967058131229,0.502125634651108,7.42481573474244,17.4321204633713,48.0308610788496,0.588201028092151,2.69751126661835,0.702585928475025,0.667510137806401,3.07846211286162,11.0655001337212,2.30324864107588,9.849619344058,1.33341025507329,0.51327702015554,14.0098568147879,49.6288025828027,8.44187403802961,1.02338185596255,0.510767794504223,0.518344010014181,1.08121202625793,13.7355641731214,2.53546171198994,17.6439266861769,8.38876340485305,0.5075471160262,18.9439552376053,1.08311040581266,6.45714510663143,43.0591036330365,0.668823697011725,0.586239085915487,39.1362421705369,1.06840603735514,0.523726826469286,38.9817190389813,0.503980800254024,0.532461203826347,32.0051996815679,16.0507567458268,6.58157158048001,17.036016088582,2.77482666034765,0.514738655160462,17.3738506692891,85.0435713661028,0.519956418852741,1.3482024412942,0.557534940714444,0.550921445945743,1.3604161039746,1.05972305839462,0.703082576127667,53.0889580596952,1.37524334368221,0.609427528328242,45.548346738754,1.15534277490129,11.8932265101241,37.0623810574334,3.58555305626643,0.501089260975032,42.375665056133,2.9733624702302,3.39471184554141,11.419423647956,0.660814123746114,5.69678725763292,5.4724424501404,5.09703410391656,0.530318585235109,5.53769746345175,7.16213769055381,0.531845862172007,2.77757440999867,3.74003168707657,0.938533780603788,20.6030356023642,0.817263179954661,0.55166381917826,5.86511689801228,5.96222292943875,5.94591909416014,37.5093888765373,7.72567192692429,0.504827482378355,41.6748568307433,6.67169760667818,0.505378936997882,8.47348233790893,0.648780346765406,0.503058850486562,2.28598170934992,5.42237276376008,0.500429510312348,9.44364095946076,2.53973885569475,0.501212319012477,4.23040595128792,14.7022916567083,6.33813621578296,20.2590448122618,4.77930125613446,0.51388175140057,21.2744285055758,1.26313851951449,17.293113582246,35.0543287448862,0.525567826971426,0.612324806731457,29.9883351826811,1.0366145817303,3.68732904627672,62.4914439074205,36.1134808197632,1.083631942276,25.6515638059067,5.09702375651454,0.948164493330304,9.97685476163345,0.500050335496653,0.567340536824486,3.34742350164808
2.08777503715217,0.628317865247574,36.4538829348544,4.95199361222097,1.00888433642511,1.86170836258619,10.0610877215054,2.42092057920034,10.1982468439067,0.502564748254548,0.605778676804394,4.56492862254193,1.00693235904562,0.601190968283861,31.4276473301632,0.649426365149602,0.601789379047378,12.0880723447885,9.16314067088818,1.26478028287352,5.06594284880326,4.57726396967414,0.525870588876417,4.85658954860163,1.00126628371894,0.500073479497561,28.9182426321674,1.49881215793313,0.500146342673341,5.26406920096465,6.06454459327947,0.500553618684688,7.82614178343537,0.50108255463171,0.500516239213403,2.80494622604351,12.8241211019093,1.96701221690241,11.1186636837507,5.69132978296174,0.514791935080368,14.3809648131606,15.4846717160347,1.10812029225871,5.24839791730531,0.596369649508609,0.668233677229131,2.53567243815158,17.6248524071319,1.19111832072935,13.8848236291239,12.9811068556841,0.517616965639746,9.72387311140656,3.78222150434857,0.624119584205222,10.300937183982,0.533462890190269,0.590267274035453,4.78855494692285,14.1135597358416,0.501713426008563,12.7166413340039,2.40314278352381,0.500787873643831,9.87231294457942,1.02341120736623,0.796876117831564,30.9064194570731,0.500472146336342,5.06976375334333,27.9862553317768,20.5417724332074,3.44582329228851,13.0234473593824,0.51946912762228,0.50992381266522,15.6260747565849,1.00809664084018,0.502901930701637,38.1107169369664,0.500182837925128,3.82702207181279,37.1361912111826,1.175054373714,0.840675163767525,32.8364572377993,0.589930561582407,7.93631563967438,7.26418449332318,3.03027801566833,0.546602414711685,16.9709485895912,0.606590397295424,8.34872614928095,2.81158868535476,1.05714402854939,0.504544682191634,25.6313422361815,0.505517430393679,7.32401758126858,18.1746078349146,48.030639923369,0.561142174372411,2.17673252885559,0.640434184199214,0.616119625468089,2.44081103388165,10.2385468306421,2.28843224599826,9.72121428792102,1.26818938085548,0.505146884004488,13.3940409986179,49.871998655749,8.44428935589482,1.07348778373435,0.536579676765664,0.546124598907312,1.0598364200183,12.8412172489621,2.51592551397816,17.0103409265599,8.12458182750978,0.523696131976876,17.3213476187869,1.08035978946552,6.42418945597203,43.1224701903936,0.699406271787418,0.60553240556949,40.2532763431254,1.06306321170722,0.523458354320164,39.4513362317036,0.503224500927913,0.53280369500506,33.139921597298,15.3159758349138,6.59147984822383,16.1433149417128,2.59103160774611,0.524403118335728,15.9487108832049,85.1043344795891,0.540984981465374,1.71561962576019,0.618263167775391,0.604640255406671,1.74085674959917,1.00476557375293,0.68803171667658,53.139393995338,1.47174699727004,0.508898953573145,45.6862559220366,1.17053042241635,11.8747176290576,36.9740885385214,3.66907032290878,0.548982472203912,42.2839019001374,2.74170819699836,3.43182141281416,12.650422434077,0.694356178345042,5.72369739167532,6.1548475965543,4.48456003773722,0.536605978582963,6.09602853309418,6.84618169418195,0.505603226161092,3.06631177143602,3.25223696671322,0.935283417213474,22.5546763627059,0.827310137572872,0.500567617967519,6.6714380368814,6.02452605430704,5.71831293285369,36.5381327899766,7.76402258932055,0.516387743557603,39.8182687058158,6.2600687147319,0.511111139707654,9.23820409762978,0.67530406092745,0.506222458101771,2.5162816516484,4.77790209293787,0.505513034145301,10.3421587668838,2.38983491397856,0.513804585545316,4.63462025055846,14.2824642570826,6.33080667737975,19.0172388225847,4.61696132609513,0.500976266045611,19.4537694614212,1.10981579788967,17.301443968329,35.0955908453239,0.51072282713074,0.548977814919759,30.6999641224272,1.07032233244499,3.39567523169374,61.0693462449263,37.4372265680366,1.00292015102778,24.8166691162419,4.72725741111445,0.941544200364707,10.6765637959159,0.500184547057936,0.572154393966875,3.60954507473511
2.49442540137825,0.760072372920771,36.4132085622509,4.99382012115209,1.00062611128677,1.87138738187552,9.28674208449068,2.37747256730596,10.3800328360125,0.50074970392151,0.601740268721703,4.42438698325685,1.15287091705495,0.62785654038583,31.4261787343583,0.657358535776915,0.644149149882691,12.6211280997003,8.27943029472288,1.24734093272672,5.10482407206562,4.42726689677276,0.53076667986411,4.67930419528341,1.11110417410638,0.506533806592184,30.1080447470548,1.66373281415505,0.513857950868937,5.89327902890209,5.61941249874189,0.518413446857569,8.80759335733296,0.534487015341064,0.517111610293013,3.13968578661676,12.0072868918962,1.93749513205037,10.8349162517853,5.48140536541244,0.507706371106061,13.32470702294,13.9837007508794,1.09577008282128,5.51675108109867,0.556075540820229,0.612078221830356,2.47432150710579,16.1791509018146,1.16774093028811,13.5928700945574,12.206243254251,0.505506039971908,8.70668651955346,3.51264688881834,0.617622659589511,11.3344446646901,0.534290815510314,0.600496917269935,5.34251979740404,12.8263996225636,0.501611800675868,12.8258117180349,2.23376780201174,0.500343600181606,9.22776547238295,1.12552641873566,0.764260087339633,30.9054632206297,0.501808846347162,4.99351205467988,28.542965899793,19.7106986271005,3.44001624594443,11.7916744635886,0.521376426470968,0.509469772830072,13.3166330553446,1.03048175224329,0.512068799900625,38.1111075884133,0.500550513139789,3.75884605691597,37.5656932836962,1.01935560528897,0.837624230007424,35.7666851055992,0.62874638612032,7.91079113886318,8.42852678091061,2.54049099147306,0.542349040410374,18.8228395234629,0.64051866987571,8.3979861746671,3.21017646235709,1.08803157660898,0.507476055407124,25.6613215120307,0.508614630246105,7.22143097654638,18.9242909894165,48.0304236337899,0.534083320692777,1.65595650011916,0.57828297019801,0.564729432181986,1.80316349846222,9.40972912692638,2.27431469668194,9.6927448145551,1.20985017712136,0.526485170195637,12.9807431828027,49.8464704516227,8.44559008154325,1.01111264860644,0.505082341371209,0.508628426361086,1.03829380411612,11.8156700555337,2.49864923211846,16.638724538832,7.87050321300633,0.506879519910256,16.1209771743303,1.00791829377312,6.39159156620284,43.1741327561341,0.733258928894411,0.511748352543544,41.3237287217055,1.05776066627927,0.523187992951084,39.8830483730524,0.502509250536096,0.533117643912347,34.2587753642332,14.4788025181627,6.60450992524659,15.4898281715857,2.42468096494601,0.509360808456994,14.8661791909928,85.1600054900004,0.528841020162658,1.50383498331096,0.583272578386712,0.57366586456258,1.52167163699053,1.01819737795352,0.673242434447371,53.1719208227254,1.57552937738815,0.535335031337317,45.7972118684105,1.18591185419205,11.8560180703272,36.882008676682,3.75276753736675,0.596521081884769,42.1856995795458,2.51905082148693,3.46769536274291,13.986224747277,0.733603814402967,5.73660122979455,6.92717939206219,3.93200664819403,0.54322220921971,6.74405252302302,6.57567945837087,0.528277139945146,3.41352126757965,2.80061585231433,0.931531204455886,24.6697381392415,0.844774948228525,0.502052755093317,7.62420780911568,5.99154414200798,5.50054560752463,35.6921424450309,7.75792406102504,0.509809944283103,38.1337112029399,5.84647263611244,0.500873152409962,10.0860234879983,0.705671326216335,0.500484837349249,2.78489690151537,4.18805305371708,0.501743224024014,11.3677980428519,2.26218344608733,0.50380037059488,5.12060096403855,13.7107305772643,6.32768130203558,18.0238605753531,4.4453391594682,0.507679330790774,17.9954147911342,1.30893019660981,17.3089068621543,35.1340708467878,0.530857360305641,0.663878429762332,31.4129226330141,1.10223218833586,3.11975414350647,59.7290436184689,38.5258846175962,0.93080672880585,23.9618663899359,4.36699213423319,0.934865156940344,11.4479403069713,0.50029403355373,0.577053179371073,3.91131679054297
2.07862999031134,0.625488868944047,36.3735745901099,5.03164785994558,0.992385475057222,1.88062930960121,8.54907837196457,2.33458980510428,10.6020345745023,0.50591518770479,0.614294268585405,4.35304355466783,1.28017481159318,0.654543916200739,31.4241637850843,0.666059473820645,0.691172547377102,13.1704145126291,7.45681695018216,1.23038217851345,5.17143969706682,4.30281356707597,0.507508195147091,4.58303612815048,1.09301192571984,0.505572794609081,31.1347609424017,1.85225648509081,0.512432827067253,6.58643755776728,5.17430092970919,0.507119167875984,9.91651400130074,0.51288651687505,0.506608910868656,3.53375189752256,11.1136696129305,1.90941126538866,10.6869774808776,5.29283519316426,0.501449035634247,12.5355768996635,12.5986228174819,1.08375715956909,5.87343243763325,0.513297955617042,0.525128767432673,2.46517142172576,14.643905979295,1.1469113269214,13.5724749391573,11.5513273067322,0.532429548203609,7.99992505432565,3.25185460798141,0.611118887965955,12.4467212033638,0.501139468454301,0.503491355523275,5.97152622433697,11.5585145707169,0.501027112041108,13.1055124116469,2.08732546967911,0.499993155367806,8.80399565965519,1.01587008326677,0.732898015000826,30.904543429956,0.500193631924167,4.91710789391267,29.0959667324557,18.5923413587486,3.43503005481982,10.8563218604659,0.5229421651243,0.508989760986727,11.5621137200536,1.04840364301173,0.521300858907326,38.1114137217933,0.500617576951824,3.69155377110303,37.9832718424422,1.01168468373999,0.833984347689317,38.4977547834914,0.676408387012659,7.86041537634082,9.70749562575488,2.09917515768501,0.537960702756581,20.7310897402289,0.681386770957184,8.43795596976849,3.68281104056431,1.11485061335127,0.510460024079219,25.6872594515532,0.511417735029573,7.11726364568514,19.679173160259,48.0302121488002,0.507024467056102,1.1351831578462,0.516132281609663,0.51333955495961,1.16551947614774,8.60498246088341,2.26079528009383,9.75462081179578,1.15833349694172,0.51858730649704,12.7446743758301,49.8186063584395,8.44675929630622,1.0167129798886,0.507652941790664,0.513000227290706,1.0576681182444,10.7333244309779,2.48332033740852,16.5054648132505,7.64029207615296,0.521791660009476,15.2805867817246,1.01480604160802,6.35930666136986,43.2153286141329,0.770604088501913,0.529969757164009,42.3452979143425,1.05252971433591,0.522915881179069,40.2790848152157,0.501834624055773,0.533401364230752,35.3584069680364,13.5914769868572,6.61999905689956,15.0483398738988,2.27675781366448,0.518529929102024,14.0745380805986,85.2110069677082,0.555357626616602,1.96766833344025,0.659953585506638,0.641466843834244,2.00208780425323,1.03071090407929,0.658701469802064,53.1879462313008,1.68699690613799,0.561886987348232,45.8837557603044,1.20143000959888,11.8371516117451,36.7864726535939,3.83648406520108,0.545959409724503,42.0816915844156,2.3066450490178,3.50187129624673,15.424787359194,0.779605624218204,5.734922308783,7.79719221672374,3.43578844199791,0.550112567027383,7.4896890474188,6.34677710941916,0.50241046587617,3.82761598331226,2.38976423032732,0.9273628528251,26.9344823765,0.870602800290684,0.511707373084245,8.74650748231323,5.87106011263397,5.29227103902805,34.987863252692,7.71747782242143,0.504186680694778,36.6493143273009,5.43289879662975,0.506638864380922,11.0232503137816,0.740479728146351,0.503666397500964,3.09870343688743,3.65065320144112,0.50625670244446,12.526619252706,2.15442566776896,0.509280278497585,5.69969210944719,13.0382389477003,6.32819056675843,17.2590620979326,4.27398958315693,0.513491044806703,16.8580139890879,1.17587203534252,17.315592372891,35.1699518555243,0.517696518699369,0.598120063959376,32.1265212388165,1.00355969184316,2.86102730474724,58.4842522697429,39.3836351285814,0.866581159266683,23.1049724325054,4.01736615975647,0.928115825504908,12.2952317210474,0.500376797841121,0.581940929771817,4.25816436166106
2.48371252468559,0.757272682964812,36.3351935220413,5.06576777108149,0.984174216526972,1.88945312032678,7.85714785397788,2.29215220527115,10.8638119608567,0.516609170873744,0.64230009336362,4.34327010257173,1.11627953611265,0.623206032403722,31.4216241345583,0.675575959464756,0.639510745307911,13.7357740304913,6.70336629685252,1.21377119983558,5.26298665612737,4.2015769117257,0.528558913238897,4.55647920113043,1.07418063977008,0.504575426275433,32.006321425546,2.06747550827287,0.510762041229443,7.34718622429285,4.73196392867422,0.52511628698918,11.1632700715314,0.543030472356005,0.523375962741014,3.99834216350942,10.1925081780795,1.88256243787953,10.6629723559573,5.12878948854064,0.52354669940861,11.9761131903789,11.2994177932764,1.071797098652,6.32450771788286,0.500017054333311,0.500026556108666,2.50444384156287,13.0909254614973,1.12812688838884,13.8013724130348,11.0142897192181,0.507325458010029,7.54171798642946,3.00166066276592,0.604600663249448,13.6344054537742,0.503907453695911,0.513276556979672,6.68401680106344,10.3405027043632,0.50043238884244,13.5393515553969,1.96205945290839,0.501514735128154,8.56499632370668,1.10349615576356,0.702742736631797,30.9036587215965,0.500479753187782,4.84065259148722,29.6446007414669,17.3157150297753,3.43066319423668,10.1748124193887,0.524214622570372,0.508507216087423,10.2509615008349,1.06209686007254,0.530596419904751,38.1116531715585,0.500401220748151,3.62522141896765,38.3886531285161,1.09852915809269,0.829738815672118,40.949977363571,0.733917911297355,7.78490951354866,11.0739898679691,1.71080721690566,0.53341495553221,22.6545734846489,0.730264978536612,8.4667225545547,4.239879308922,1.13757103492983,0.513497322375821,25.7096949861898,0.513928716916035,7.01173575593976,20.4371844741818,48.030005074231,0.664684924217067,4.1694451003885,0.878245799154513,0.812759273007011,4.88071823261459,7.84177284604928,2.24778250523326,9.89802212148424,1.11338220415374,0.542136836483277,12.6652634454138,49.7925940838492,8.44781159306126,1.02293857660233,0.510512493479883,0.517865060688178,1.07922178207643,9.64974700835301,2.46959640156505,16.5872848866166,7.4425297986556,0.506398435076872,14.7465156579284,1.01604188576107,6.32728715925828,43.2471186921849,0.81168275005003,0.548802482268547,43.3162495165444,1.04739871029154,0.522642154085805,40.6416963683517,0.501200062115788,0.533653425249804,36.4357034486548,12.6924537222462,6.6373381739033,14.7944680147062,2.14699740019596,0.504951623441337,13.5303177940974,85.2577263280775,0.581874238673324,2.43198513185318,0.736731671648438,0.709326370127044,2.48313421819845,1.04241708763656,0.644395774787995,53.1886683558498,1.80656951939448,0.588528361264875,45.9481230735944,1.21703147868032,11.8181433692145,36.6878192414469,3.92005668333227,0.593220176005619,41.9724888757412,2.10573930245765,3.5338651380891,16.9607924914105,0.83364597257525,5.71809892169078,8.77157977289747,2.99223113142446,0.557223080441119,8.34058190504134,6.15665090865143,0.525099115370455,4.31829716151273,2.02287000071823,0.922741460623597,29.3269033566568,0.905990768548879,0.502984047228998,10.0615849696046,5.67554676960843,5.09279758719736,34.4349405066072,7.6529493511933,0.511146104590392,35.3813105149918,5.02182160459387,0.512478019538874,12.055498456909,0.780446161007203,0.506904498009819,3.46582390303644,3.16343821274342,0.502712344891425,13.8225282866727,2.06467658113646,0.501991063304199,6.38497428794396,12.3076446024843,6.3317331437936,16.7009602917739,4.10958349065445,0.502880717368105,16.0008105691273,1.05300150126275,17.3215715176,35.2033999362608,0.505375551556056,0.531158335079709,32.8400368186772,1.03653347336837,2.62027056129813,57.3446797986658,40.0230576622897,0.809527591957139,22.2606089882999,3.67966785404929,0.921283694014871,13.2222010595135,0.505209369408776,0.586705555246131,4.65627049428687
2.06959937699385,0.622655487390354,36.2982310504608,5.09646209407146,0.976002861029186,1.89787707356501,7.21600477373687,2.25004891007802,11.1647327618135,0.509369949325874,0.624869000900102,4.38973607648135,1.23161853212777,0.649908678481576,31.418568347484,0.685957983373883,0.689526425741145,14.316993720375,6.0217894628641,1.19739131804377,5.37686765399769,4.12149850656527,0.506184146755674,4.59155310715218,1.03923679363915,0.502514734953364,32.7340090169082,2.31284194571394,0.506236883441904,8.17863330950732,4.29587869159457,0.513775676299973,12.5562130504237,0.522585815677638,0.512883953131796,4.54661209980199,9.2801916302128,1.85675721928828,10.7513873176596,4.99053853909974,0.519137671471194,11.6143808128165,10.0871995187383,1.05997801733628,6.87419860368679,0.507521639304726,0.511276582550649,2.59169602893041,11.5713639595657,1.11094243751448,14.2626864649609,10.5892540322532,0.505531166940375,7.28790008282848,2.76393404712313,0.59806137834831,14.8915356356589,0.506064069416558,0.523280413524875,7.4884747397882,9.19175257789922,0.502751152552826,14.1117705944809,1.8560932035412,0.505736683186485,8.4854437056063,1.00971074101532,0.673749182142308,30.9028074555599,0.500016240761434,4.76424473207768,30.1882237844241,15.9747346228253,3.42674627977923,9.70793657932312,0.525242719184287,0.508039001708209,9.28828795742269,1.00422863867082,0.502191909158078,38.1118404016735,0.500014322568602,3.55991727305139,38.7816033929006,1.0302981869177,0.824881373163568,43.1033885996733,0.802661613042341,7.68671043350483,12.5045459837895,1.37712764950317,0.528690997144707,24.5487960504766,0.788406128370197,8.48233743659933,4.89159499132058,1.15620670989476,0.516588447281258,25.7290977559198,0.51615124225991,6.90507794684386,21.19620036603,48.0298023999784,0.637626070603798,3.64867634660734,0.816096010693236,0.761369938181633,4.24308018819667,7.13096344980705,2.23519281988129,10.1148082332569,1.07464435208947,0.52249734244622,12.7262086363224,49.7683215994547,8.44875765296091,1.1388575463662,0.563693215515996,0.60828728649629,1.48002535586288,8.60376885418075,2.45712756923842,16.8624152281443,7.2822919123461,0.536100420088506,14.4755219572975,1.01207213947054,6.29548273021701,43.2704046290917,0.856754683544868,0.568191548105416,44.2353842173582,1.04239266527323,0.522366941746062,40.9731203476569,0.500604875883273,0.533872654045847,37.4878238999322,11.8087905696829,6.65597540993375,14.7074954277253,2.03447013997463,0.515991345577897,13.1987567168879,85.3005166464848,0.519552286897685,1.34203376836369,0.556546132247343,0.549996531979573,1.35426776402228,1.05339875361218,0.630312552369146,53.1750964412198,1.93467874231594,0.615237225047443,45.9922639789882,1.2326646509564,11.7990190577698,36.5863785574991,4.00332536433579,0.542934570466871,41.8586767815185,1.91749979920376,3.56317484881872,18.5853321568893,0.897294532571803,5.68561984536084,9.85532345650634,2.59767737662009,0.564499317668973,9.30353046966305,6.00340570305993,0.548048711526778,4.89651424159325,1.7016013045665,0.917634414794845,31.816840452387,0.952485191936556,0.525144580122173,11.5924375919344,5.42014786898884,4.90106331165848,34.0367856563523,7.57394828068516,0.505502132314635,34.3358416384795,4.61618733614906,0.50208635100898,13.1871775521289,0.826432764327479,0.501162353059554,3.89579139388234,2.72401228298099,0.50618397318305,15.2563279637841,1.9914482149661,0.500150937097265,7.19119107863974,11.5525677739721,6.33771069969896,16.328356634993,3.95649464841187,0.501217112695961,15.3872439556067,1.20832719205388,17.3269134100954,35.2345738985538,0.521942734809541,0.651174200943382,33.5527614145931,1.13559611696233,2.3976706814954,56.3161989659269,40.4628772523838,0.758946225004181,21.4401860357722,3.35529863874898,0.914355359203419,14.2318565939123,0.501629970610934,0.591216932847553,5.11261050208688
2.47329559218488,0.754457763084071,36.2628094348838,5.12400621679248,0.967880751054784,1.90591874722585,6.62786664598411,2.20817607346648,11.5040561065759,0.502877789483408,0.607985067613752,4.48897364400503,1.0836350393685,0.618551377974618,31.4150019155871,0.697259977392623,0.633883482886323,14.9137879264819,5.41141818177643,1.18113716649957,5.51064292553725,4.06080615195955,0.526153046106631,4.68270658804555,1.00552483124941,0.500372330348831,33.3309315199894,2.59219590714967,0.500974987021513,9.08313859544378,3.87018890605498,0.50236712765145,14.100489129577,0.50369456927392,0.502231203671709,5.19381046644543,8.40210403468414,1.8318162228293,10.9413926053746,4.87821672566587,0.515210909752468,11.4245322158534,8.95949725679761,1.04828296564125,7.52695096298632,0.507540226142894,0.511964408700687,2.7281735717162,10.1206632993221,1.09496626897788,14.9430102499615,10.2692582991291,0.503919655070329,7.20857086443354,2.5405068829497,0.591495704964026,16.2093642620547,0.507560523272032,0.53356484317921,8.39302689625347,8.1240616029137,0.502108894811266,14.8068281435344,1.76760399995232,0.512215066931765,8.54832467070939,1.15940537697617,0.645874080973509,30.9019733300625,0.500118970141074,4.68797794410817,30.7261852563532,14.6331632427848,3.42313756876897,9.42317655929223,0.514140935192942,0.504145591912131,8.59960501664916,1.01949262370533,0.511465317526453,38.1119843029059,0.499999617796477,3.49570190500262,39.1619242825291,1.0357872231582,0.81941049176884,44.964090198411,0.884361428934857,7.56872306023726,13.9735061528963,1.12224835026331,0.52376964206645,26.3699760553009,0.857278748939209,8.48291152867075,5.64723456385038,1.17079416862493,0.519733639340088,25.7458745289494,0.518090593851916,6.79752921400891,21.954060634568,48.0296041342115,0.610567217017508,3.12790996413299,0.753946686064264,0.70998088256914,3.60544523511596,6.47852109428061,2.22294687520734,10.3973196525877,1.04174239124674,0.503356158465657,12.9148052769959,49.7456759092233,8.44960778597216,1.09048129787257,0.541528062657816,0.57062384006604,1.31299380894892,7.620740586668,2.44556853381586,17.3105108183829,7.16249698514517,0.508835222909836,14.4342238585959,1.00335422909205,6.26384034853558,43.2859468499849,0.906098522860271,0.588081209249629,45.1020006684519,1.03753358354383,0.522090368297964,41.2755523447819,0.500048259929714,0.534058147175898,38.5122239315267,10.9587471342669,6.67538104534833,14.7703199858707,1.93796224302283,0.526361895709235,13.0530501930161,85.339715549678,0.546068898766134,1.8063019748994,0.633315594143889,0.617850846659109,1.83525051703332,1.00626684206243,0.616439297302233,53.1480711002834,2.07176527655268,0.513721560426462,46.0178687028703,1.24828046613808,11.7798053378013,36.4824794626664,4.08613062947586,0.589897089009448,41.7408172987515,1.74293320665515,3.58928569071192,20.2857156481319,0.972472519873528,5.63707277088378,11.0508816666086,2.24855050580626,0.571885338864608,10.3837993175123,5.88600601709456,0.522219142648725,5.57434516842641,1.42593220536715,0.912013533158618,34.3666752051748,1.0120827938899,0.516366165313674,13.3602479070468,5.12079854509091,4.7156306809978,33.7915132548635,7.48892208759092,0.501453080559192,33.5112325510848,4.21936265552777,0.507973170704865,14.420902438487,0.879477775526174,0.504528124800882,4.39969140717627,2.32978459802151,0.502985030942386,16.8247935913224,1.93359712953131,0.512206043489217,8.13483178661291,10.7983481356218,6.34553749488658,16.1220851144829,3.81740101817053,0.507223659162057,14.9863515865412,1.10588081215084,17.3316842407623,35.2636247706491,0.511293505842524,0.581815683895478,34.2640001812103,1.10730714770231,2.19293906308657,55.4012298787925,40.7257244296324,0.714169212104381,20.6521076475619,3.04572835974015,0.907316625828191,15.3261592103322,0.507640438494678,0.595325101810352,5.6349795693454
2.06067221420166,0.619819041659579,36.2290162303158,5.14866206763611,0.959816155998505,1.9135949557052,6.0929539897263,2.1664339296036,11.8809708897831,0.511499634696034,0.634132344390501,4.63901102532687,1.18652117569264,0.645271359609603,31.4109241595516,0.709540389397299,0.687012508736724,15.5258044610758,4.86911109496352,1.16491091289762,5.661981172406,4.01799882181797,0.504678747020028,4.82655632444349,1.18734126260535,0.513822819606278,33.8108290874288,2.90977950603887,0.539246569132359,10.0620906081515,3.45955455945074,0.520554822281127,15.7965712734484,0.529629013142738,0.51973403636229,5.9573215984864,7.57487570896646,1.80757425120793,11.2227374753792,4.79135202804338,0.500452269200213,11.3863570087389,7.9140720837447,1.03668760858793,8.28622528813697,0.502178565052199,0.503673150277896,2.91733497847887,8.76294013219637,1.07985314396607,15.8297440237534,10.0478711330298,0.502446372231844,7.28476285865466,2.33308207915772,0.584899860183371,17.5763491442372,0.508352659441928,0.544198678777211,9.40493215405279,7.14414203779069,0.501525517027055,15.6071398957803,1.69492488599095,0.520541872091662,8.74300197693415,1.08117821163916,0.619075844401277,30.9011417511864,0.500780896815,4.61194335146292,31.2578557350036,13.3318255913237,3.41971805017686,9.29520437260716,0.519857589056713,0.505364896537662,8.12912574793158,1.03083480314933,0.520799935527079,38.1120845704012,0.500343897462503,3.43262824760104,39.529446364391,1.09370072340898,0.813328829103001,46.5369633995795,0.980831475784334,7.43363576323425,15.4451318021078,1.00471480652484,0.518633005254712,28.0632859399363,0.938375938436759,8.46561044811925,6.50923169895094,1.02096684169553,0.502523002640167,25.7603770628036,0.502248178483991,6.68933483499602,22.7085916387765,48.0294101908523,0.583508363458188,2.60714590151631,0.69179781492021,0.658592099926063,2.96781330435006,5.88673077496018,2.2109687404176,10.7381310080194,1.01430405587376,0.526161908642317,13.2211860143672,49.7245463462923,8.4503718769736,1.04220833229643,0.51938307119279,0.53297232628074,1.1460971227831,6.71583321375036,2.434575168181,17.9119743508786,7.08490085805757,0.525096993353991,14.5975655182641,1.00032902703165,6.23290343868074,43.2943720063222,0.960040338383337,0.605374813005875,45.9201841634137,1.07835931530387,0.553876982153212,41.5511060328246,0.500373539584903,0.584871793094968,39.5066519948597,10.1540660953932,6.69500154675831,14.9689512275721,1.85620164959418,0.504765106754306,13.0731258546154,85.3756210742087,0.572585506823305,2.27097109812461,0.710163821075762,0.685752558503095,2.31675583055613,1.01785473026074,0.602763837732984,53.1082833974471,2.21827624693815,0.54035536374571,46.0263917970604,1.26383243620734,11.7605294095065,36.376446739705,4.16831640853027,0.539919205308173,41.6194503160728,1.58281297048194,3.61167694889772,22.0455171535805,1.06153311975668,5.57220091957916,12.3573453834855,1.94138867945497,0.579322797550194,11.5843351395053,5.80423547491215,0.545808140694619,6.36476772078801,1.19425509261574,0.905855228584399,36.9334741278987,1.08734056890383,0.506983161453138,15.3823538959031,4.79271902761749,4.53469918759649,33.6930178937149,7.40492564815243,0.499973048822819,32.9002786676752,3.83503882317383,0.513961468542648,15.7568198906499,0.940833779636799,0.508179336178777,4.99026979540537,1.97777632573477,0.500443417634893,18.5199030729775,1.89027294996817,0.543410380201867,9.23439124944887,10.0633187236736,6.35459231481473,16.0655079043791,3.69380264801763,0.512652391577864,14.772945628013,1.01364622074757,17.3359369710365,35.2906900792085,0.501474775343662,0.5112655626361,34.9730406375102,1.07929087978513,2.0054278050456,54.5992308956431,40.8360975521473,0.674572168834981,19.9021033220598,2.75243192973117,0.900152673527074,16.5056723058218,0.504199921486235,0.598858746904509,6.23199076295205
2.46314188510363,0.751632345975726,36.1969059680173,5.17068068318492,0.951816298253104,1.92092177025739,5.61013498326319,2.12472373690788,12.2946200269043,0.505645937454142,0.61762737824228,4.83907484563379,1.0553096398073,0.613892074360321,31.4063275496114,0.722862517485356,0.627175029828973,16.1526197590292,4.39079561946226,1.14861727352563,5.82861276078977,3.99182666692043,0.512839929207612,5.02026317781774,1.14834799828991,0.511831578393958,34.1870301945843,3.27023843808631,0.535500430336488,11.1156355504857,3.06890995369371,0.509077713138781,17.6388817893219,0.51226862039987,0.508870473740018,6.85652220114507,6.80848065062705,1.78388034740238,11.5854538432192,4.72920227002153,0.519497540118146,11.4844365647486,6.9493072876822,1.02516859507061,9.15323840699915,0.514118510199213,0.525985072372212,3.16474436045994,7.51401920729543,1.06529707126123,16.9082823426766,9.91987811727507,0.528986397463167,7.5058592759859,2.14314755528934,0.578271839784823,18.9783606963048,0.50840305373897,0.555254573007531,10.5299546899201,6.25524093154991,0.500841531511524,16.4931779602169,1.63659678451432,0.530323259280053,9.0636681442381,1.01058956298098,0.593314343305968,30.9002963177882,0.501994456586827,4.53622898488879,31.7826242093506,12.0952292310599,3.41638897680155,9.30516806718765,0.525039224220726,0.506314436660209,7.83641787825397,1.03850063681828,0.530195122905963,38.1121255407676,0.501034159663244,3.37074176206064,39.8840173632199,1.0692206928051,0.806640930051155,47.8443227490901,1.0941889266991,7.28478095654155,16.8853224145883,1.02667737120823,0.51326517259456,29.5616738496983,1.03296892724269,8.42696850171335,7.46665462116488,1.04226247243341,0.505580711204679,25.7729100887322,0.504667780196514,6.58074425658403,23.457629813465,48.0292204838232,0.556449509925824,2.08638410730816,0.629649386913689,0.607203584008933,2.33018432687654,5.35561017720822,2.19917360892962,11.1298318035138,0.991993398786076,0.522419184186777,13.6379345172632,49.7048276468247,8.45105887173994,1.15771899752712,0.572484005929134,0.623347318997239,1.54637146267781,5.89663616406196,2.4238098124346,18.6470747605247,7.05077293527497,0.540687679289558,14.9469900200323,1.00951719984988,6.20341819555853,43.2943668420175,1.01894913274761,0.52599784140888,46.6929578193686,1.10416919559549,0.585699981561333,41.8017560118772,0.502110895300182,0.637749972936855,40.469125293443,9.40170092551484,6.71427049319768,15.29181640415,1.78797078579126,0.514666903095435,13.2443339984641,85.408509709884,0.510263555793824,1.17973957985584,0.529723048660646,0.526268916622982,1.18622069259638,1.02875296174886,0.589274374619778,53.0562926578623,2.37466177412854,0.567044328884186,46.0190770874639,1.27927601048105,11.7412190341027,36.2685977199113,4.24973017467272,0.586567222052558,41.4950925379384,1.43762832155101,3.6298298006273,23.8449349615881,1.16735737744676,5.49096483829708,13.7696434840658,1.67285568280708,0.586750183911688,12.9049306239948,5.75868521504404,0.519541690086124,7.28127505292095,1.06472629190052,0.899144802262757,39.4709495669122,1.18152406336541,0.532234816639419,17.6695785506938,4.44942312108085,4.35614585717972,33.7320121230742,7.32761803977547,0.511148676577518,32.4930869074406,3.46708592824224,0.503360105985295,17.1919063143997,1.01201471388428,0.502029138361487,5.68196724022056,1.66448957917939,0.501637420206542,20.3284119413273,1.86087821578336,0.598510932364554,10.5100818656005,9.3601682943889,6.36427308671517,16.1444245024196,3.5864241504299,0.51740085592303,14.7270472632175,1.12540497510071,17.3397246304758,35.3159019485894,0.514526194903021,0.636326727477746,35.6791986757044,1.05106023182032,1.83423913200293,53.907264994802,40.8186999533023,0.639580689248951,19.1936535206544,2.47681751849158,0.89284828008109,17.7692130950938,0.501725724917153,0.601624446862014,6.91303150795014
2.05182656340845,0.616980690990633,36.1665083959895,5.1902970884006,0.943887472261809,1.92791446046084,5.17739581775547,2.08294444102428,12.7441062747156,0.500668370396057,0.602201681871693,5.08933172244049,1.1452803591913,0.640631656697237,31.4012013486673,0.73729455097801,0.683531717024031,16.7937363378348,3.97127940874431,1.13216186109383,6.00828939603266,3.98124769244168,0.504756749438369,5.26312063663947,1.11155493789272,0.509754324195015,34.4716805535504,3.6785973950678,0.530916935679794,12.2423743604044,2.70316542618721,0.527359704318041,19.6144860995673,0.533259693283026,0.527627479273049,7.91243775000792,6.10804270867315,1.76059557522127,12.0195256838314,4.6909623580116,0.50557931156384,11.7072191364988,6.0642369441206,1.01370393208013,10.1255580605658,0.508917179832474,0.517828318404694,3.4781652072944,6.38360879795671,1.05102509650138,18.1593219362012,9.88162258550263,0.505418487850679,7.86746917949859,1.97191028268356,0.571611589834534,20.3991217968025,0.507684191321166,0.566807296162629,11.7716428657099,5.45811295983597,0.50028428937141,17.4430771026272,1.59138187541415,0.541162466912341,9.50809327964815,1.10597378806724,0.568552227698605,30.8638508497218,0.503448528659801,4.45994637754618,32.2456986461015,10.9367112876219,3.41307275847228,9.43953616186352,0.529425367815948,0.507048039576774,7.69298225407051,1.0017402164541,0.501462888638306,38.1120935422868,0.502057944878027,3.31008216075659,40.2255169612345,1.04547953675216,0.799351982736291,48.9141427111622,1.22681969307639,7.12565850227359,18.2618882246237,1.00097809045013,0.507651714521943,30.8524026177574,1.14301194316619,8.36735998719852,8.5139865279212,1.05957872057418,0.508691983496598,25.7837395337107,0.506809763574655,6.4720089514387,24.1990469927083,48.0290349270462,0.529390656420407,1.56562453005941,0.567501391697319,0.555815328574282,1.69255823367301,4.88327508964528,2.18746708425333,11.564875977983,0.974507959708318,0.508109753197402,14.1585265934944,49.6864231959924,8.45167653325816,1.19557889734788,0.589937576842206,0.653092674315446,1.67796600811438,5.16562238436429,2.41290129723114,19.4951672308344,7.06132167514974,0.51478257431861,15.4688872542851,1.03015825618317,6.17198927537036,43.281542473458,1.08290199227067,0.503888718678362,47.3895032783411,1.02888277925572,0.525723676634951,42.0293575600826,0.505209562728367,0.541665249204806,41.3979457943246,8.70526370689588,6.73245204519026,15.7290731685625,1.73217738259419,0.522826877679011,13.5562792654392,85.4386344395366,0.536780163751407,1.64438967286246,0.606564481948204,0.594166530839057,1.66770200773045,1.03899415105557,0.575959525201203,52.9925427080665,2.54137102133882,0.593776424495214,45.996979800073,1.2945695489753,11.7219023352391,36.159246958695,4.33022350930658,0.536922532302393,41.3682402010874,1.30755546876449,3.64323610018275,25.6614575224285,1.29347078709635,5.393603875004,15.2778920098941,1.43973938114256,0.594102166067196,14.3414182776548,5.75076804169973,0.544100642860474,8.33730981422985,1.00382546998201,0.891895684619987,41.8946945105337,1.29823764709259,0.502037559408861,20.1994237324341,4.10229410540089,4.17764486597904,33.8969053058764,7.26147217624172,0.542732064287341,32.280276347929,3.11937020988556,0.509413907984703,18.7193371960724,1.09485131520385,0.505999470013826,6.49083983286632,1.38587500444197,0.500111488728048,22.2318473639821,1.84506356512273,0.682996889416014,11.9834883741657,8.69717856043753,6.37386741638814,16.3467681626534,3.49550298659224,0.50301300104326,14.8331351816374,1.0535355952495,17.343094471577,35.3393832714889,0.506354210430433,0.563412259043924,36.3817951590652,1.02220553866646,1.67831972574998,53.3205650945194,40.6972370409598,0.608672563566443,18.5284422332592,2.2201429770898,0.885389766028073,19.1135898267704,0.500299211276586,0.603407136249758,7.68816319345855
2.453216090264,0.74880038436815,36.1378289309922,5.20773350199502,0.936035090806096,1.93458757249903,4.79216130345418,2.04098921294185,13.2284858597563,0.506537406443564,0.623407350753181,5.39066517551619,1.03165794006588,0.609227234225587,31.3955277059889,0.752910118252616,0.61929722112119,17.448585396284,3.60525632841384,1.11544657346189,6.19875789090509,3.98540054289804,0.515819102840057,5.55490077785427,1.07777775529445,0.507577984721354,34.6755432821595,4.14019200486929,0.525350080197838,13.4391092699104,2.36689347308701,0.500757775444042,21.7020820895319,0.500862173512385,0.500782890911789,9.14718197685202,5.47523135522507,1.73758817570203,12.5145887733338,4.67582834949605,0.523719465867044,12.046106793569,5.25838399685753,1.00227377044226,11.1959100008877,0.511415811961257,0.52543704045607,3.86754157506511,5.37720425477922,1.03684747756985,19.5564812943662,9.93424245785467,0.501919082625583,8.37080156557596,1.82025980642096,0.564921096946756,21.8208629930386,0.506180860045417,0.578928715591954,13.1305621610806,4.75157784593905,0.498268004176442,18.4330214015831,1.55825666551708,0.552646681616705,10.0765871550775,1.04548828083844,0.544754226653072,30.8478674330347,0.505438473269554,4.38541580715171,32.7174925711264,9.86213985451723,3.4097152983455,9.68895660957486,0.532501616153683,0.5075872137769,7.67945274752046,1.01079337494009,0.510837192861478,38.1119770507438,0.50340324928807,3.25068383418416,40.5538560766487,1.02289189425774,0.791466957401634,49.7763509305903,1.38138794552417,6.9597669765501,19.5471583057496,1.05676220041194,0.501778395646794,31.943144292405,1.27092495109564,8.28797605829551,9.64436183799059,1.13875167863647,0.523290106355664,25.7930962933498,0.516713794516894,6.36337998096102,24.9307711632225,48.0288534344437,0.502331802941924,1.04486711832092,0.505353818923712,0.504427327378641,1.05493495571704,4.46707141643423,2.17573430532788,12.0354668148066,0.961596157261143,0.503644855095602,14.7772210451909,49.6692444541941,8.45223178369163,1.36524924967214,0.668079424754978,0.786203796234141,2.26708830596938,4.52132433041486,2.40144581608652,20.4342069913539,7.11800240780899,0.507555356774108,16.152662631226,1.06216995429184,6.14044139045508,43.2519395644894,1.15219140665379,0.502314451638309,48.0166190223976,1.05145290699892,0.557555851394648,42.2356420510167,0.509626278827904,0.594947903053275,42.2917369587815,8.06601932878631,6.74857112475737,16.2719358953899,1.68787929101365,0.50396486676609,14.0017579585123,85.4662257346245,0.563296775306377,2.10934709995561,0.683464750493844,0.662099723131123,2.14958562685484,1.04859441246444,0.562808379962009,52.9173761809018,2.71884764110904,0.620541116593909,45.9609919436872,1.30967342937707,11.70260770241,36.0487003120308,4.4096534849805,0.583243428959542,41.239368104884,1.19245670628139,3.65140724596391,27.4707832987366,1.44418034434653,5.28068705417649,16.8670377428196,1.23894403975644,0.601309015882848,15.8849957222486,5.78276151570674,0.516956050656728,9.54546977115899,1.01958265929175,0.884034468966979,44.1451577529826,1.44208224986947,0.512330750462637,22.9405911377262,3.76043504587893,3.99667037371685,34.1744917730335,7.20997993679465,0.600433659907509,32.252674807575,2.79554001200853,0.515603752998877,20.3279838271936,1.19155949990138,0.510634103894697,7.43431440108899,1.13721263185948,0.501145355995188,24.2071029863394,1.84272614765525,0.803050678216736,13.6774577103762,8.0792533933728,6.38246050763863,16.662189500576,3.42099457445264,0.507153117746993,15.079330242337,1.11215076026736,17.3460895256536,35.3612490636783,0.515148725456919,0.694593750297145,37.080163832261,1.19999489026757,1.53653566254289,52.8330147073203,40.4936099597763,0.581377822484026,17.9067544550359,1.98346206643415,0.877761960454637,20.5332872485389,0.499944858615625,0.603971952959555,8.56795545486183
2.04304248391117,0.614141519961634,36.1108563099364,5.22319517359771,0.928263773455265,1.94095485257855,4.45152783803119,1.99874205335582,13.7467604953136,0.502378242010777,0.609149945742029,5.74447671495082,1.10829599184658,0.635988745563856,31.3892855270147,0.769788627083198,0.678985066771668,18.1165227118591,3.28734221729902,1.09836625813511,6.39773991247741,4.00356593558057,0.508002708342261,5.89597430752921,1.04778572797418,0.505286684467033,34.8079569516675,4.66055075613551,0.518640618387719,14.7006198006485,2.063299901271,0.50482297155402,23.8736884109865,0.504880307676632,0.505195819328207,10.5816223986417,4.90937668328299,1.71472773544504,13.059740073168,4.68297000246327,0.510243829485137,12.4947614048542,4.53146891593186,0.990861370873911,12.3512603047085,0.50133032734147,0.503275524327635,4.34507060957315,4.49493845524245,1.02242201950682,21.0656668519761,10.0708846093561,0.503065308533923,9.01647833486976,1.68876911464852,0.558204378767974,23.2251390425456,0.503892727659705,0.591684296636132,14.6035462879824,4.13285237378939,0.532988335558332,19.4382090792454,1.53636669735924,0.564324849700391,10.7711027649312,1.01049478979481,0.521883694393741,30.8520668175443,0.508059492173405,4.31235698246013,33.2067223394494,8.87249509043583,3.40628922206224,10.0472364090957,0.533412498430519,0.507914801777478,7.78345314171531,1.01648788596026,0.520268817796389,38.1117676616643,0.505058568559236,3.19257618762618,40.8689769896588,1.00169097204312,0.78298996513346,50.460072350811,1.56082769824023,6.79042453688112,20.7197938706114,1.01561161464673,0.500446411394842,32.8487979200521,1.41953574987573,8.19008796304813,10.8465956093199,1.03113295801282,0.505513588132378,25.8011788954148,0.503831734363392,6.25510558066405,25.6508052338157,48.0286760632683,0.659992261832914,4.0790556205306,0.867452790599029,0.803838239895612,4.77003854185879,4.10344324311929,2.16383752774287,12.5335639674465,0.953037905923577,0.513272632219754,15.4893905830862,49.6532135967246,8.45273043505601,1.15385946418654,0.570818940505926,0.620603021471725,1.53388526074684,3.96014572890491,2.38895223459212,21.4406080375431,7.22264532427723,0.512459242340838,16.9886219389329,1.1056308667559,6.10867132312261,43.2021765629472,1.22696581718825,0.512164818970374,48.5687227137479,1.06030223749989,0.589418722103129,42.4222587328327,0.515330383570009,0.650048273324279,43.1494359450677,7.48357010811198,6.76135284661474,16.9120665371271,1.65428399343048,0.509432390613036,14.5758240033351,85.4914943149234,0.500974824102019,1.01710285573633,0.502826845882554,0.502497263627577,1.01772844947841,1.00737337256476,0.549810535974355,52.8310480805732,2.90752458875146,0.518544101058942,45.9118577094148,1.32455066454039,11.6833635604146,35.937257837205,4.48788267987005,0.533951663331924,41.108930108395,1.0919072252953,3.6538823825258,29.2479135524053,1.62473488047322,5.15314545650631,18.5168983574722,1.07769344872896,0.608321995896342,17.521516595935,5.8579180936415,0.541757725419008,10.9167220289641,1.02226535318671,0.875591504112634,46.1965214030293,1.6191413452356,0.517474747567737,25.8657182363773,3.43063396928132,3.81043382335099,34.5505195208326,7.17582746177302,0.690769331271295,32.4020081308307,2.49881301113317,0.504723025816894,22.0021880738532,1.30482134059132,0.503404639754444,8.53070848461942,1.02708803668757,0.500190505001925,26.2061449021665,1.88352952203802,0.604662852381669,15.5782177408836,7.50872986023951,6.38888712365075,17.0815923438098,3.36270994765996,0.508972337952726,15.45658344321,1.06049155424059,17.3487468128023,35.3816079726281,0.508599956016809,0.619346468516648,37.7736577491665,1.17317889611143,1.40772969800211,52.4375807878667,40.2274380398343,0.557277180770486,17.327830155076,1.76758215182843,0.869943762202635,22.0201837553261,0.501559995076053,0.603067098773682,9.56322908583002
2.44349699796684,0.745964692193565,36.0855621791971,5.2368742712543,0.920577425965229,1.94702942752959,4.15242376651493,1.95607445363804,14.2978692283263,0.504244383310281,0.619270222712752,6.15250101603083,1.01302178834311,0.604555423991781,31.3824487192335,0.788015740783676,0.610165687379639,18.7968313233433,3.01254150962795,1.0808113179986,6.60292221215248,4.03513763499938,0.501204326932567,6.28722589709166,1.02226801712376,0.50286149749384,34.8767703134924,5.24521495284476,0.510616218550598,16.019467726842,1.79503662806473,0.500108614587529,26.0930305876952,0.50009691710211,0.50012195706288,12.2355771103987,4.40793760835848,1.69188201640001,13.6435152883057,4.7116222390998,0.502803502999477,13.0482900226416,3.88303901015877,0.979454071618441,13.572529369347,0.509154091581057,0.526587334829805,4.92524248916152,3.73462656082615,1.00761810680241,22.6451266143263,10.2960437221023,0.503540199764762,9.81030619302659,1.57773426551433,0.551467371292608,24.5937221514304,0.500836521239843,0.605127387978903,16.1830572798282,3.5978032742825,0.5285875653841,20.4341221606007,1.52503986948343,0.575710766114752,11.5944167287871,1.00040866432492,0.500239035009815,30.8607960527662,0.511267182943512,4.24007343418829,33.6965313083037,7.96558756354651,3.4027977223183,10.510439830562,0.503974733799051,0.500992497011169,7.99800529874128,1.01907430579238,0.529756214316264,38.1114627570486,0.507012833295145,3.13578441495067,41.1708554764309,1.10173698187594,0.77392373759371,50.9921110447334,1.76833120151094,6.62062178745677,21.7656277036006,1.06586032285206,0.502106089296534,33.5883718075586,1.59214779396948,8.07509146893588,12.1050915143051,1.09750932903217,0.520291333097478,25.8081604028443,0.512855268031105,6.1474291770084,26.3572493173567,48.0285026596776,0.632933408188092,3.55830185078817,0.80530598416389,0.752450702430594,4.13241994662043,3.78862829188722,2.15160814454254,13.0509408996443,0.948652159418906,0.514801180033052,16.2901390742958,49.6382467121242,8.45317892826322,1.32335014831356,0.648925469808303,0.753693299006436,2.12277887124685,3.47648498011089,2.374855595527,22.4895571965838,7.3776319483637,0.501788400857205,17.9688049233451,1.16082098535587,6.07650453887337,43.1292585086906,1.30731392258659,0.519702528866339,49.0405343223074,1.0173152866845,0.529366201232621,42.5907557215893,0.522297979328462,0.5495967546361,43.9702825423572,6.95634881349164,6.76913467244638,17.641073735741,1.63074172555985,0.507965923800734,15.2749882628943,85.5146312948921,0.527491436135227,1.48202104812227,0.579722731762706,0.570427870782794,1.49956074924201,1.01743805582888,0.53695614585773,52.7337386557886,3.10781846436486,0.545271465599448,45.8501932845702,1.33916660512255,11.6641983271172,35.8252112923254,4.56478053750939,0.579936050881936,40.9773603087833,1.0165235666767,3.6502348591051,30.9670072453422,1.84147327783785,5.01223188754642,20.2015718430569,1.00060022456152,0.615052278918996,19.2265698169933,5.97975961296848,0.500354501818678,12.4540319972076,1.01080842858133,0.866551973026855,48.0363518471593,1.83712271169317,0.511266305973724,28.9389703656024,3.11753147645638,3.61582967014549,35.0101858866841,7.16110698207259,0.820989594675757,32.7217875554529,2.23179990635507,0.510999932194452,23.7218867316061,1.43787743409802,0.508652172086001,9.7984787988595,1.00063029927147,0.500064155823674,28.1820509716902,1.93237345559961,0.541375741174954,17.6738043453385,6.98599575065715,6.39164212591166,17.5967120170197,3.32040376524932,0.506453815787935,15.9579630806669,1.0188519575052,17.3511030559491,35.4005618495026,0.502852305877766,0.542946983199096,38.4616504968681,1.14528455687494,1.29076397153616,52.1266601054255,39.9158305473075,0.535999009515187,16.7901604672088,1.57294138758032,0.861920529413468,23.5637865875946,0.506606224542776,0.600427887137605,10.6846575137374
2.03431417278864,0.611302122577622,36.0619081277027,5.24894639056493,0.912979308327672,1.95282369794492,3.89171672103384,1.91284211822834,14.8806810795341,0.500997121592342,0.606598666326502,6.6166235211631,1.07595581352189,0.631341489053963,31.3749872775607,0.807683917067951,0.673276616142366,19.4887204635475,2.7759221810137,1.06265949153071,6.81195576139839,4.07958390912017,0.505605203905717,6.72985001458634,1.00182738507655,0.500280514015322,34.8883881706603,5.89947936997415,0.501093091543379,17.3858798550663,1.56327422441537,0.507899079152269,28.3195119390243,0.50596652235972,0.509414618604343,14.1244700695391,3.96761901682733,1.66890604638468,14.2540042460289,4.76073737815129,0.503722613177177,13.7017512634812,3.31203620679359,0.968044224083802,14.8351106491405,0.501337120845694,0.504470563076752,5.62480387676667,3.09056436908867,0.992254006724769,24.247583341069,10.6119996263071,0.502402054475662,10.7569840601987,1.48728404054487,0.544729669221615,25.9094716508871,0.50012429148086,0.61734809134079,17.8577364794099,3.14121354040037,0.512379522900696,21.397831609542,1.52396508209271,0.58637455765255,12.5493705022479,1.01000924378118,0.507039536182253,30.8675358183174,0.515008359484341,4.16826153544341,34.1772611880119,7.13719044951127,3.39927860159592,11.0761235145063,0.505721689883663,0.501723205721294,8.3204054426413,1.0004097026321,0.500716262662814,38.1110609824714,0.509255290255901,3.08032929228577,41.459497092875,1.07931811378128,0.764269119941422,51.3961017088183,2.00732247128414,6.45291334697635,22.6775765685878,1.02703659522478,0.500972921360656,34.1821838286026,1.7926207606919,7.94469356980532,13.4003475509823,1.01008684426589,0.502235074357595,25.8141907823101,0.501369546074851,6.04058706762967,27.0483186833346,48.0283331349779,0.605874554496795,3.03754991402057,0.74315955329774,0.701063391803684,3.49480371271116,3.51872795142861,2.13883946843031,13.5793103299481,0.948286242988772,0.500422046087036,17.1740088254864,49.6242787800073,8.45358175975803,1.11230079481547,0.551731697243934,0.588132120728476,1.39001875763667,3.06386586061841,2.35847224508809,23.5556722871805,7.5859495095164,0.50225072575885,19.0843568296844,1.22818743526254,6.04397249745799,43.0304547858429,1.39326243100533,0.54351392239937,49.4272873910649,1.02348509569943,0.561235320365395,42.7425934310411,0.530515101616747,0.605021399627215,44.7538293594166,6.48194122705779,6.76979488154955,18.4501179925237,1.61673136551554,0.499964953938192,16.0965026435898,85.535810080238,0.554008044050192,1.9471567878107,0.656667293416905,0.638387683282124,1.98167468707116,1.02685173614504,0.52423596225698,52.6255648888148,3.32012279236122,0.572025639900617,45.7765020315968,1.35348898773711,11.6451401443251,35.7128431481015,4.64022371024887,0.531011736874316,40.845071487494,1.00331846115682,3.64007730695193,32.5953045061092,2.10177716321161,4.85931900582631,21.88385205571,1.01928023490259,0.621359038318421,20.9557698430394,6.15063467095395,0.51240982275673,14.1398623888069,1.02536442184068,0.856888825263192,49.6595992515686,2.10564238119676,0.544016987291703,32.1146262923178,2.82385234335504,3.40931722806146,35.5385623893348,7.16750022139866,0.999021154556678,33.2079245135254,1.99638739371286,0.517454906011453,25.4631506926669,1.59463547416165,0.515117076721534,11.255095476941,1.00560403838023,0.500667257673464,30.079054190167,2.00079221375929,0.502680040417474,19.9422881308405,6.50994512862988,6.38880533269763,18.1997502717467,3.29383062466147,0.500043762240539,16.5780319271335,1.03539429683717,17.3531902063939,35.4182060725974,0.508305473206216,0.67894708823687,39.1435354689877,1.11609546060915,1.1845486053235,51.8923805143752,39.5733843796466,0.517215377101512,16.2917398092607,1.39964251253899,0.853673130362844,25.1511097193946,0.515339851936253,0.595786652047112,11.9423303422548
2.43397105610311,0.743126819809932,36.0398428373295,5.25957454942167,0.905472087999453,1.95834931856561,3.66628367428649,1.86888151343613,15.4939884073869,0.500045384530271,0.600097012414372,7.13869667756225,1.11510648556159,0.658173744090773,31.3668673392569,0.828892799616562,0.742325474386122,20.1913258038847,2.57287854525957,1.0437778078847,7.0224720277972,4.13642998357547,0.538748044985551,7.22627276150951,1.07927998454916,0.51702500101841,34.8479609076229,6.6280396718033,0.570910584349358,18.7877503330626,1.36790797545776,0.503149684462488,30.5105391770109,0.501993307755662,0.503965621973311,16.2571264987625,3.58432460244487,1.64564536765808,14.8790880534486,4.82917677464874,0.504230250200742,14.4516396627143,2.81643140486521,0.956629834850643,16.110390925262,0.506638340491601,0.528248648558814,6.46259904325263,2.55434083935767,0.976167187523936,25.8235042045145,11.0223353777274,0.523285810606399,11.8601515315231,1.41765956549173,0.53804660794704,27.1569495236505,0.503325563815249,0.502670225852564,19.6145636353123,2.75709903783692,0.504560058022005,22.3096943221981,1.532864255759,0.595805099304574,13.6381026380457,1.00497777701196,0.504434393986831,30.8725403983423,0.51926746794845,4.09690545610447,34.6480464561773,6.38176942053799,3.39580848825615,11.742673871634,0.503804145025384,0.50211296258879,8.75143757054358,1.00418746225283,0.510184258152836,38.1105621284088,0.511775485561678,3.02622749813559,41.7349356285502,1.01081952316813,0.754024631238984,51.6922094483483,2.28141335338368,6.28935802876011,23.4547968058359,1.11141384418641,0.504792257380772,34.6501223745161,2.02542828124337,7.80082869359872,14.709796586235,1.06418072508713,0.517189242997055,25.8193988657536,0.509552061518671,5.93480679843023,27.722355396259,48.0281674114379,0.578815700750616,2.51679973839195,0.681013485841878,0.649676300779409,2.85718974286601,3.29003217773828,2.12529183132763,14.1104988966737,0.951815731147132,0.499695223155948,18.1350049926615,49.6112368540773,8.45394422809104,1.28162466892189,0.629805452289521,0.721203026251786,1.97870239498368,2.71519783232303,2.33898492414344,24.6139357340838,7.85126701502115,0.502232158289276,20.3252593808934,1.30825401143596,6.01109438370003,42.9032296518525,1.48472478734416,0.536661525705301,49.7243232262918,1.00034951864612,0.501134219379357,42.879131892821,0.539971620592608,0.501957596578912,45.4998851524019,6.05730591477465,6.76069210298849,19.3296424518701,1.6118447333533,0.512116654808054,17.0381658963679,85.5551911106436,0.580524648441488,2.41249092697318,0.733653613503269,0.706372467258277,2.46404364715788,1.03560342892175,0.512063275975683,52.5065925606193,3.54480069657647,0.598801276749858,45.6911927107063,1.36748800392049,11.6262168345554,35.6004269097944,4.71409676791611,0.636637166927537,40.7124570491084,1.00368964211122,3.62306865588525,34.0993391564066,2.41415349321921,4.69623286564324,23.5201469011857,1.01534941400131,0.627201293233293,22.6783614466982,6.37621511234573,0.510923469407478,15.964799034885,1.00836638670501,0.846558854677358,51.0668083942712,2.43660791358823,0.531242071782262,35.3386144555986,2.55063004078142,3.18673207679705,36.1209679851828,7.19642061639401,1.2334416424646,33.859286519679,1.79372537885468,0.506211525904045,27.1991392221147,1.7797857854996,0.505791548592508,12.9155350721793,1.00422692296463,0.500575122267948,31.8746086499341,2.09132812457949,0.50247378063089,22.3783031336349,6.07831501888491,6.37797979565375,18.8830842048776,3.28278074656423,0.507328144608412,17.3125700654831,1.01357257553264,17.3550350879611,35.4346292251359,0.504136097320037,0.600275480072213,39.8187246293244,1.06530859611599,1.08809106620984,51.6833078494437,39.1972259048701,0.504808628867026,15.8124457688978,1.24744840379013,0.84518357435567,26.7671027969577,0.528098569414102,0.588885412330077,13.3452149743388
2.02564150428178,0.608462470438544,36.0193097518712,5.26890660634285,0.898057932829766,1.96361727966616,3.47301570929343,1.82400548457792,16.13647400262,0.504800093860478,0.60893387409225,7.72048240318235,1.04860956444053,0.626688618385727,31.358050923434,0.851750049708765,0.666318905828866,20.903714979981,2.39894506468242,1.0240137975661,7.23210560568152,4.20523706920711,0.608511606452808,7.78053030210723,1.05062018565067,0.514751292005508,34.7596128356385,7.43455151850495,0.564084374900329,20.2107745934462,1.20777062563919,0.511036710339582,32.6247970742172,0.50541044028994,0.514877122966823,18.6331417589678,3.25348826830489,1.6219216667525,15.5068321737288,4.91548573199857,0.504048119460937,15.2937407297554,2.3930318488947,0.945214709230006,17.368082078872,0.501097823222988,0.50579214298155,7.45922924987581,2.11556104662284,0.959211250594743,27.3254139747883,11.531688692879,0.518138627620265,13.120949238463,1.36844996627091,0.531289637658193,28.3229971845648,0.509747673397874,0.504097403681789,21.4197347235924,2.43908398896525,0.501384819676461,23.1540977055188,1.55158828255151,0.603465728151147,14.8613469270202,1.00522939965114,0.506473449465913,30.8761597032002,0.524043418010481,4.02611480679348,35.1083740844708,5.69293143181253,3.39250613690996,12.5087282551945,0.500951050830149,0.502041403296226,9.29482977893575,1.0094073066909,0.544659347758977,38.1099666886054,0.514563219907335,2.97349188259517,41.9972312943288,1.11576002927778,0.743186171057326,51.8971959668523,2.59433940126956,6.13150731500429,24.1014128927195,1.04358350232713,0.502136796693036,35.0104521600502,2.29571638464055,7.64562664231824,16.0090646833413,1.09730583456344,0.532450527116661,25.8238987804495,0.516305849764401,5.83030484239474,28.3778522419844,48.0280054113259,0.551756846941148,1.99605125206647,0.618867769637602,0.598289422122298,2.21957793982,3.09896231181343,2.11068235574368,14.6366318383019,0.959132561736916,0.513917167976037,19.1666887551921,49.5990635564052,8.4542700074389,1.07087146938697,0.532669790076106,0.55567634371542,1.24632514553118,2.42365292216815,2.3154727129801,25.6406731449909,8.17796275203891,0.500185627733781,21.6787699302789,1.40154440835468,5.97793375075179,42.7452624436633,1.58147310951195,0.529847964821389,49.9274340724571,1.00372599969401,0.533013338728173,43.0016329809899,0.550664026231084,0.557734913573054,46.208512179944,5.67883313004101,6.73862731111487,20.269250897727,1.61576941537701,0.556528341783367,18.0996315312242,85.5729259756204,0.518202698384964,1.31930635374796,0.552823608304249,0.546654260428474,1.33096195715136,1.04363405579025,0.515208557608637,52.3760190297859,3.78217818242302,0.624759552924597,45.5948379106588,1.3811362339989,11.6074557188093,35.4882257442222,4.78629227139305,0.588089970611545,40.5798895764178,1.0056193038555,3.59891688477692,35.4657704844759,2.78897582970477,4.52563249951485,25.0809801442798,1.00389096708536,0.632488569853441,24.3669958960055,6.66371411576498,0.503130678161333,17.9159382565128,0.999465977493008,0.835498476412296,52.2625449025181,2.8446832847261,0.517065465852043,38.5508466390918,2.29740399071996,2.94298621421303,36.7434101224183,7.24915369513494,1.53346692759145,34.6784104830338,1.62432196870985,0.512782250126075,28.9013306123395,1.99891485817062,0.513244049258201,14.790429737229,1.00056039645372,0.500093098312009,33.5468159195577,2.20696177396331,0.500418638450823,24.9642952082102,5.68789659703813,6.35626478466923,19.6390689243799,3.28710650236318,0.536889511675358,18.1594420411263,1.00152926042616,17.3566646094349,35.4499157100381,0.500742649504416,0.520485631000495,40.486662597021,1.01789830472338,1.00048115432769,51.5799675188732,38.8220609887115,0.500942456042508,15.3850052004614,1.11580195570046,0.836436839396455,28.3951662066267,0.545320894060317,0.579489335303307,14.9004772575987
2.4246136717997,0.740287703671291,36.0002451897255,5.27707883729085,0.890738530336661,1.96863813146623,3.30870762957032,1.77800918084611,16.8066969617102,0.516734317184628,0.643394421815595,8.36404900719435,1.0731735724884,0.653554967370739,31.3484966395121,0.876371555876957,0.739006016335789,21.624883777344,2.2499851131674,1.00319321938187,7.43852342638046,4.28558894441732,0.723891115742669,8.39795815857523,1.02774295594663,0.512299234633855,34.6266764877001,8.32110238444551,0.555561802788618,21.6387450693654,1.08098477869892,0.506250290169424,34.6253302035776,0.502293692978445,0.508962377518188,21.2404456294182,2.97051051902995,1.59753688509509,16.1259073398035,5.0178099826829,0.502799412838828,16.2233132866548,2.03747846038755,0.933808124631268,18.5789300489639,0.503881377567067,0.530586583036786,8.63646965718339,1.76261596247431,0.941254068970352,28.7118783205737,12.1456244869202,0.512558545165332,14.5367009557253,1.33994199035877,0.524510438653862,29.3971293997226,0.519625372116563,0.511712193083827,23.2531334268994,2.18078114775588,0.503348728756945,23.9200767635185,1.58018255359105,0.608837359586268,16.2175893970456,1.00738684980685,0.515488951762312,30.8786674817465,0.529336124519117,3.95599139143586,35.5577653782848,5.06345143448254,3.38949555224733,13.3725469668532,0.526044749024763,0.501179801759154,9.95670172832576,1.00232197765182,0.515403545883524,38.1092747106797,0.51760849710141,2.92213173351974,42.2464680428029,1.05096696781952,0.731746945339907,52.0246895479994,2.949874900218,5.98043006836097,24.6251545719058,1.08332701171841,0.50498818377182,35.2792087267422,2.60934995894571,7.48136103585883,17.2733861090653,1.03841340464207,0.513985189080936,25.8277848046898,0.506773347733102,5.72728610956651,29.0134430373496,48.0278470569105,0.524697993059988,1.47530438320827,0.556722392526214,0.546902748596882,1.58196820630818,2.94184109405833,2.09466314207452,15.1503685498843,0.970131369288418,0.559577342837284,20.2640686457723,49.5876984188318,8.45456306317599,1.24004389090211,0.610713833888695,0.688729486013039,1.83481295692308,2.1819968770032,2.28683520987101,26.614535677376,8.57122125983259,0.519828590873305,23.1312899859544,1.5085618017907,5.9444607113861,42.5544270329228,1.68315569777666,0.523023070284087,50.0328736176778,0.99998609481959,0.560952177452925,43.1115042746065,0.562622359345384,0.602138031433494,46.8978990592713,5.34235160932691,6.69971475218822,21.2577666684287,1.62826982008769,0.644273284403193,19.2822152377495,85.5891555353926,0.544719306279912,1.78465397210733,0.629805651081001,0.61463654484572,1.8133490453822,1.0073570429791,0.502586312484947,52.2219204360924,4.03238761194001,0.51133084055702,45.4890828865649,1.39440869151749,11.5888834407194,35.3764916490296,4.85671283722192,0.539733568992,40.4477229387357,1.00628452945422,3.56736959258408,36.6853181423772,3.23835875059347,4.35012075383094,26.539631325709,1.04095059770786,0.637122256442657,25.9949210022749,7.02164612034212,0.540135005308387,19.9738720208187,1.01934870488202,0.823675027105052,53.2499024069654,3.34759870518948,0.501048648988423,41.6874534492039,2.06237091885784,2.67165045962599,37.3930070115381,7.32697860175774,1.90894499289709,35.6722579381065,1.48826124558731,0.501184126080386,30.5409621653521,2.25860602514744,0.501326821533374,16.8838001848012,1.01417978224091,0.503415507075719,35.0813224657441,2.35134363306293,0.516143672346314,27.6752818006382,5.33465953500501,6.32017581758267,20.4599498517831,3.30673971392581,0.597008067218468,19.118480562693,1.00062658757541,17.3727719195134,35.463872942718,0.50308873923027,0.637963113004902,41.1819291305062,1.08847850406654,0.920848097742993,51.5365604870252,38.450582846954,0.504062957958176,14.9935486208962,1.03461072894336,0.827419187489795,30.0153208962718,0.567538425015767,0.56739239471049,16.61100039511
2.01701364739693,0.605622434962239,35.9825836097492,5.28421432629455,0.883515192454699,1.97342181385832,3.1700927754513,1.730670459835,17.5031519887854,0.537788675414672,0.709830037974833,9.0718336481569,1.02656169032102,0.622028613231524,31.3381584557783,0.902882527250411,0.658036063959429,22.353768204551,2.12211106203096,0.981114431887478,7.63945902074056,4.37707931122161,0.894940585879656,9.08576370634688,1.01102424360446,0.509640440588552,34.451927249217,9.28763271910469,0.545143147214978,23.0540121616134,1.00536941387776,0.502861407376078,36.480093774694,0.500698535955977,0.504373808952084,24.0524183371252,2.73077757215777,1.57226945640894,16.7260134819001,5.13383025405334,0.499598985220412,17.2347727219972,1.74445881356378,0.922424025011472,19.7173053231105,0.500613418652804,0.507334743588665,10.016379561065,1.48358228806581,0.922176178023661,29.950614566372,12.8704744246462,0.506376661185846,16.0996517093167,1.33222939815823,0.517577875413987,30.3715761120606,0.532249405644654,0.511282203485471,25.0856433382536,1.97619185770424,0.500855407368077,24.6010526813817,1.61885904987222,0.61143157614451,17.7024065230433,1.00299832996557,0.512174915159579,30.8802729141706,0.535146400965613,3.88662806228728,35.9957812769174,4.48504796752827,3.38683211969397,14.3313219186439,0.592760720044349,0.500023666872397,10.7449861114763,0.998720833115379,0.550062029661303,38.1084860712415,0.520901550201418,2.8721526879219,42.4827532081518,1.14787068838633,0.719697654423485,52.0855720934753,3.35170896128685,5.83676483260848,25.0358746247024,1.02754599950082,0.501925532182924,35.4699343249355,2.97294681696374,7.31036475789207,18.4791612309912,1.06102430876673,0.529409907690928,25.8311417277217,0.512820616276983,5.62594104674573,29.6279380125142,48.0276922882629,0.682358460101445,4.50943801290069,0.918808197094219,0.846305638276859,5.29700296394838,2.81524782403597,2.07681539158338,15.6451251152044,0.984715493283765,0.645418293205544,21.4233235939849,49.5770876478695,8.45482664974289,1.02954918179243,0.51362892982158,0.523232994376343,1.10276944007458,1.9831818964015,2.25178490692202,27.5173956411708,9.03718017836251,0.577875216198821,24.6701640949837,1.62966196638657,5.91066242938381,42.3288318009647,1.78923767634962,0.516183189049968,50.037449844382,1.00426165329765,0.502292261406257,43.2088357315461,0.575840496018066,0.504045436923879,47.5442468814967,5.04324159256269,6.63912285213505,22.283427838391,1.64918194008502,0.788711414666359,20.5885144770435,85.6040143604791,0.57123591994454,2.25019786758266,0.706818651212429,0.682637743264828,2.29599641710722,1.00051353536398,0.500197361576202,52.0717918403694,4.29564387532969,0.50155589189437,45.3702955320665,1.40728282295098,11.5705258633273,35.265465289231,4.9252705369307,0.64398397533049,40.3162914120937,1.00471988055451,3.52820068350261,37.752166536754,3.77625374600126,4.17213597607179,27.8731593396502,1.02715385055824,0.640993797152959,27.5371785901209,7.46005083854365,0.532770033532935,22.1124567552466,1.07975274256362,0.810867064986755,54.0176817139916,3.96549934401702,0.504014359017665,44.6593926901948,1.84238702294833,2.36441371140129,38.0583753556889,7.43126029976662,2.37036334877946,36.8530800870538,1.38552791920868,0.507878934024181,32.0903576489121,2.56648490257836,0.509811068283166,19.1906648860777,1.0134631530312,0.50598297747891,36.4688780066613,2.5289475671932,0.529575125773871,30.4793380827135,5.01385785623113,6.26543444067894,21.3378793702285,3.34170659029107,0.697865210782626,20.191199742955,1.00884452123212,17.382237315784,35.4755583257569,0.501320872095944,0.540512816810279,41.8543920935042,1.12889761127165,0.848381421141773,51.5384536180623,38.0867252185648,0.505182743318438,14.6324632700302,1.00209916185591,0.818120439696294,31.5966088941416,0.59531605526634,0.552413074195778,18.4674311336617
2.41538947376837,0.737448397046165,35.9662546673763,5.29042552281796,0.87638882860523,1.97797778277001,3.05397776587234,1.68173228527704,18.2242556098445,0.570305478728813,0.815527442605855,9.84637945713228,1.03636706962202,0.648933434360777,31.326986730133,0.93141770720748,0.734403178198239,23.0892389987858,2.01166664006522,0.957541331943183,7.83274771646402,4.47930704898769,1.13268594727445,9.85350185822916,1.0007247310712,0.506746116108456,34.2378409530094,10.3313562949264,0.532639039880664,24.4381111998389,1.00183952181297,0.501410849118952,38.1501085984971,0.500174985418937,0.502306637243518,27.012138013326,2.52982417014079,1.54587534591228,17.298256860812,5.26071437629419,0.507461197269745,18.3217234955124,1.50810870281475,0.911079818471303,20.7631706731471,0.50086261291174,0.533783102681891,11.6200356452128,1.2670853548992,0.901869303836342,31.0198344470084,13.7130809213959,0.565207523994856,17.7959925025433,1.34574015705163,0.510341641363812,31.241245608298,0.546786143254418,0.500051533733416,26.8864269568702,1.82006226139156,0.503569034240324,25.1944089928773,1.66799000514596,0.610812385020629,19.3076981787659,1.00034557062805,0.508685669204398,30.8811449421139,0.541475700712891,3.81811077380883,36.4220157125317,3.94883837361001,3.38458429144703,15.3809628898701,0.712885809208114,0.503273629978565,11.6695926301157,0.998419209537146,0.520669834618661,38.107596895221,0.524432672273404,2.82355782259024,42.7062059220762,1.08637878180282,0.707027086834071,52.0883825941939,3.80329114258151,5.70078950651553,25.3444063042592,1.05857219351866,0.505171146762745,35.593677130772,3.39389053919922,7.13493209985449,19.6053545960762,1.01972080791232,0.510681915458369,25.8340408559542,0.504481041766953,5.52644681425973,30.2203000736252,48.0275412466593,0.655299605984352,3.98869409693629,0.856663499111464,0.794919374986375,4.65939693870085,2.71598078240289,2.05662787175613,16.115228546547,1.00279000281506,0.781538916192115,22.6415160913308,49.5671818440375,8.45506358511286,1.198586268201,0.591646414184613,0.656270161479183,1.69107648088346,1.82038146715671,2.2087852000295,28.3348478115109,9.58312421066299,0.684836182919169,26.2831113190882,1.76496025228721,5.87650798387774,42.0669056805004,1.89899102159655,0.509353332038724,49.9386963463422,1.01671156281034,0.513879396393556,43.2911770989545,0.590272222088837,0.524948690693282,48.134733854774,4.77625050675486,6.55075669273687,23.3342579745776,1.67840466563784,1.00563878713397,22.0234648458708,85.617625217797,0.50891396944328,1.15646746732374,0.525882493999888,0.5228555901438,1.1622051563556,1.00649011115425,0.50265570234966,51.9116874816074,4.57210584552818,0.520448724362684,45.2410683987908,1.41973861673729,11.552408102977,35.1553788614794,4.99188327342454,0.596010896353267,40.1859079572325,1.00787111573269,3.48119681322818,38.6631483617103,4.41843972898099,3.9938634954561,29.0628872828786,1.0315336706066,0.643983155159284,28.971571279709,7.99064560501125,0.552287117909401,24.2994663080425,1.18797100025409,0.796997276476987,54.550667614425,4.72071073149935,0.535993450172572,47.3804588408365,1.63280369505436,2.01035160986314,38.7301336446472,7.56356640198441,2.92886552800169,38.2397219763525,1.31642951846047,0.5148466801314,33.5240096960459,2.93116813498722,0.520490372733869,21.6946439862596,1.0020449035179,0.503920751960312,37.7052495433083,2.74521929155973,0.520080125668519,33.3389474442986,4.71993968983197,6.18673993841242,22.265064425541,3.39214604973055,0.851682404401038,21.3816017148986,1.02673860229405,17.3835373092587,35.4814646973944,0.500207066562879,0.50145405516539,42.4917013075101,1.00674966379591,0.782343698781811,51.5788393360531,37.7350459205397,0.50024577123672,14.2990694196361,1.01023980771741,0.80853496400725,33.1095788071353,0.629329596198939,0.534481326949752,20.454044872207
2.00841101106432,0.602782291828731,35.9511892137321,5.29581380288926,0.869360072392541,1.98231505688419,2.9571569153088,1.63089907774298,18.9683342655846,0.617117889282728,0.968644178129217,10.6905685633238,1.01007425920133,0.617359502687146,31.3149265185789,0.962122504701895,0.648364316629025,23.8301150410069,1.9151357848817,0.932194676992277,8.01636563629543,4.59187820621398,1.44896720856706,10.713862380023,1.00842238312264,0.503056248488429,33.9858651061786,11.4529617858557,0.510511213951703,25.7788561457421,1.00224392566631,0.503593377589731,39.6205421182331,0.500010526630424,0.506282859203375,30.0603743818547,2.36326613065683,1.51807567604005,17.8354305607178,5.39507280140312,0.538409806649177,19.4783978417224,1.32251803644882,0.899794970082728,21.7030840176476,0.499921105751403,0.509206541951493,13.4658363521169,1.10291897155589,0.880236483660732,31.9080754312509,14.6804559691782,0.561698176659719,19.6050776552864,1.38142326437705,0.502755106109029,32.0033524227002,0.562368440558079,0.551220710095018,28.6277970475104,1.7081763291849,0.501776648307919,25.7006311835786,1.72809392642658,0.60661917716619,21.0210688449479,1.00278005971798,0.527336670933851,30.8812918327274,0.548298998097464,3.75031739504919,36.8356841245314,3.44554305115749,3.38280143969677,16.5158142421642,0.899998689782557,0.512830528477559,12.7425465187239,1.0012328568836,0.554469176363653,38.1066633333438,0.528171757469653,2.77622173281,42.9168655772159,1.02779432153286,0.6937230906837,52.0397268216524,4.30764881555101,5.57249321994674,25.5617577168727,1.01526582125285,0.501614666450078,35.6591797234196,3.88030949316849,6.95722322974361,20.6344510116533,1.03253093059566,0.526263954329981,25.8365449138878,0.509873578864464,5.42896411542422,30.7896746038409,48.0273937195449,0.628240751743379,3.46795155628125,0.794519118733926,0.743533303804431,4.02179263551148,2.64095193251346,2.03346965385793,16.5560349887503,1.02425618907106,0.979434325985693,23.9175013151296,49.5579301551159,8.455276837198,1.36739984624347,0.66961995614613,0.78928103257477,2.27908591810787,1.687101476865,2.15601823119569,29.056406736524,10.2177227294187,0.85226778143686,27.958702555912,1.91434555612321,5.84184487601795,41.7674872735484,2.01156020127143,0.516915357437428,49.7382855683004,1.03720663331049,0.510884992482302,43.3562595611456,0.605896242200382,0.51972650769545,48.678640996766,4.53531815332405,6.42678259696565,24.3985973836228,1.71589489468215,1.3134241939879,23.5954788574093,85.8744565241883,0.529364739731034,1.04614759288059,0.556611965348399,0.551230292121236,1.04714747384426,1.01164654199773,0.505086921482975,51.740615702391,4.86184428644559,0.538238419317425,45.1014244859479,1.43175841048263,11.5345540129474,35.0464482150105,5.0564844157138,0.548229410170753,40.0568689923314,1.0016171830002,3.42614626006718,39.4170632248258,5.18239960749656,3.81717297790353,30.0946562345095,1.00920839387248,0.645956999242315,30.2792796138134,8.62700324951444,0.521797186804444,26.4976085699629,1.35624019880167,0.781943021231905,54.8303824982001,5.63606068656998,0.521215875312495,49.7606301724855,1.42707710500603,1.59494294928803,39.4015317770379,7.7258343241542,3.59626887971602,39.8594808871087,1.28216102542875,0.504864415351981,34.8192781826017,3.36205503799459,0.50720846110881,24.367122457443,1.00539077457317,0.501770265603272,38.7898163703456,3.00672067013378,0.509356814852072,36.2116214029734,4.44642928232593,6.07744356781214,23.2340581007842,3.45833979801035,1.0728353490645,22.6970866878841,1.054569539586,17.382612792718,35.4780929789082,0.500002361604471,0.501223164742928,43.1002592961846,1.04665489474814,0.72208013140863,51.6514314475,37.3988406239094,0.501479763385521,13.9908660769885,1.01844078481732,0.798660260329153,34.5410996012419,0.670508740668008,0.513693184744646,22.5603715209655
2.40627430006567,0.734609894540254,35.9373156032757,5.30047096299447,0.862429226712939,1.98644219996814,2.87640743737555,1.57783154541447,19.7336400450667,0.681620059787495,1.17814242941697,11.6078303305463,1.00501738848741,0.644307665074753,31.3019185382032,0.995153340337227,0.728435600007851,24.5751603415302,1.82904963651688,0.904740057909074,8.18846770858221,4.71441581039696,1.85624965602431,11.6836170469028,1.04448589345607,0.504689196271104,33.6917408795422,12.6283378140656,0.524048369510988,27.0361337689547,0.999960981449456,0.51218098434069,40.8982440285561,0.502164740850894,0.522796851225511,33.1421852671307,2.22681406759876,1.48853992823848,18.3322070086599,5.532834996962,0.598762416767326,20.6997439206427,1.18226987363239,0.888587833321831,22.5301431206858,0.502607936616372,0.538027381090292,15.5673297518475,1.00182740770815,0.857227294580563,32.6110106142647,15.7825801956503,0.502724466264988,21.4997933376869,1.44101442655812,0.500507462011218,32.6568714594428,0.578088330546813,0.71393109552573,30.2962023281308,1.63764286591475,0.507211829560114,26.1223922960587,1.79982275306483,0.598593284983125,22.8251705681397,1.01216344801886,0.504342373943365,30.8789317756362,0.555631551103012,3.68355067019134,37.2333154985645,2.96570981400264,3.38147676789111,17.7284230338393,1.16886925993502,0.529870607288147,13.9777969708631,1.00698952109558,0.522649529336001,38.1043215071535,0.532093857803384,2.73011782092471,43.112616851296,1.11816479351904,0.679773939029309,51.9446841716127,4.86716803508287,5.45164591431484,25.6985112071458,1.03837152540886,0.50532785322902,35.6731081797187,4.44101748021871,6.77918004171453,21.5530363539392,1.00752094633386,0.507283447862204,25.8387076133876,0.502630858506779,5.3336389668044,31.3353647514289,48.0272496420754,0.601181897366711,2.94721031573218,0.732375045696862,0.692147418592784,3.38418995007939,2.58722287483471,2.00655375032645,16.9639966980987,1.04900793153764,1.25202691030573,25.2525153104864,49.5492927582784,8.45546839719764,1.15723314653118,0.572599502072902,0.623823015709313,1.54747065863586,1.57711123872989,2.09132929765626,29.6753594179014,10.9513708497446,1.09239407349858,29.6872476011295,2.07714366976904,5.80740341220674,41.4299441279011,2.12579584929518,0.503772617198107,49.4289638543061,1.06569560283748,0.503130354566907,43.4019305537091,0.622671797636266,0.505713414467351,49.172017839323,4.31316704891301,6.25688690108901,25.4658040856412,1.76167036564325,1.73313043722257,25.3180485466678,85.8703678406708,0.509215236051288,1.16216193068797,0.52684098314631,0.523678542329133,1.16821884365729,1.01632936551845,0.507644222994671,51.558577364526,5.16483693663253,0.556048127960983,44.9514968653866,1.44332703135852,11.5169862875144,34.9388770126309,5.11901742597581,0.500638895820203,39.9294516806821,1.00218660344059,3.36283220048967,40.0139800641376,6.08694966521522,3.64358630570428,30.9586176134254,1.01221061737013,0.646767187577746,31.4451049627057,9.38467729401579,0.572071400057286,28.665948367584,1.60347218956359,0.765614848435586,54.8326953249144,6.73202548297958,0.504811320352911,51.7093099979365,1.21599736503393,1.09877454030383,40.0692632663488,7.920650208927,4.3850040880958,41.7508015713958,1.28535223759812,0.5032019931562,35.9563565242448,3.86874410863602,0.505151667298802,27.1606703604927,1.04177521409622,0.50704101198948,39.7179415042066,3.32101115225827,0.53847262295356,39.0428465786865,4.18559928269515,5.92902764821349,24.2382161757211,3.54075723122411,1.37793935775612,24.1497823986607,1.09283568851809,17.3816176443167,35.4620964252475,0.50013476688572,0.500384968270676,43.6777389498342,1.08850475321555,0.667007963239851,51.7504601957442,37.0803914511764,0.502437576204812,13.7055314995577,1.00497463885107,0.788515999642226,35.8818435955412,0.720004123632469,0.502678937785766,24.7735275736012
2.8034805382016,0.866440884121269,35.9245649429535,5.30447963017797,0.855596387821233,1.99036741534948,2.80843696425985,1.52213970925456,20.5183528240617,0.767844999243586,1.45367799002134,12.6024423469201,0.999355916494947,0.612678813611091,31.2878979082671,1.03067877341671,0.637253092997063,25.3230956693411,1.74984613868026,0.874771355281882,8.34742377948537,4.84657992358004,2.36740918584962,12.7848519379567,1.11131270407487,0.508384479599022,33.3504457153192,13.8475935445648,0.544131159878437,28.1888695764522,1.01916924442009,0.507581424177414,41.9924901517972,0.509253481989365,0.514397317342503,36.1980786927936,2.11638055327697,1.45688031288449,18.7852089249375,5.6691296977082,0.69562860237125,21.9813022815652,1.08297732490553,0.877471433101538,23.2430487726576,0.509046590045298,0.511533875129938,17.9305711193566,1.00822220345346,0.83270368783612,33.1152850304761,17.0130946473187,0.51919572239872,23.4225955546405,1.52747614983311,0.501340245590819,33.2018434024211,0.592990570039225,1.01506460460865,31.8892131324424,1.60714717639028,0.505421218033012,26.4635341263613,1.88393485805171,0.586600768103851,24.6972155708899,1.02742857255578,0.501154966886185,30.872687391041,0.563461029702065,3.61794469554257,37.6112284683632,2.49993506016824,3.38049610083956,19.0094436032821,1.53462200374756,0.555336260558688,15.3911425973552,1.01553379974233,0.50724412392155,38.0992175857477,0.536232728103973,2.68559518935068,43.2914119875643,1.06197486573723,0.665170051573824,51.8071656366123,5.48334859395001,5.33786246009365,25.7644283798054,1.00681102138006,0.501169207930266,35.6403123939826,5.08540178357624,6.6024606584269,22.3519599752372,1.01125560321775,0.523016397769492,25.840575923843,0.507420524809213,5.24060040321603,31.8568498065167,48.0271089494066,0.574123042842535,2.42647030008566,0.670231269735527,0.640761713213191,2.74658877810367,2.551807215842,1.9748844012336,17.3366983502561,1.07692451787884,1.61368671987155,26.6510214273247,49.5412235570365,8.45564083920424,1.32595017066632,0.650554004115429,0.756822551149247,2.13535181456818,1.48428876207953,2.01216441989314,30.1883999108578,11.7966652799089,1.41756075648919,31.461809872029,2.25207000925531,5.77465790085927,41.054441296815,2.24041525253143,0.5053240415571,49.0155477006992,1.10221257374909,0.521630632387041,43.4262035958589,0.640541908099326,0.539780585417716,49.6109621111476,4.10058594478107,6.02715437986609,26.5271612140975,1.81582334332782,2.28860745874516,27.2122077380024,85.8613717994622,0.534098710298553,1.59996328168734,0.599303778918571,0.587607776805032,1.62235177732622,1.00384616837283,0.50189803345146,51.3655892788913,5.48096785246843,0.513662952297305,44.7914225439512,1.45443168119091,11.4997268423636,34.8328628654278,5.17942667135323,0.603728460091046,39.8039098103975,0.999911871833108,3.29103433907624,40.4546617956868,7.15156891880688,3.47427696454975,31.6487302509544,0.999808584519929,0.646249584492035,32.4574091814073,10.2812700248656,0.539490842036501,30.7618269199251,1.95757015148458,0.747953551189101,54.5255536657761,8.021965626186,0.570188576660135,53.1341617711102,1.14856517576473,0.866032672814469,40.713128804493,8.25416460120091,4.65828363576031,43.8966818254302,1.3310624193971,0.501463071054296,36.9180769257589,4.46017136831609,0.502536407681831,30.0155992562804,1.11589824692034,0.504860420306583,40.4802213790249,3.69645185346364,0.527122864138492,41.7657365526444,3.92791054815615,5.73032066091561,25.2723650227727,3.64013065435777,1.78588942956033,25.7585382617453,1.14222412202408,17.380780018245,35.4301591766072,0.500751230036244,0.50144963501107,44.2168608960025,1.13222497040196,0.616609713269193,51.8706873202345,36.7811474406852,0.503150666556244,13.4409278664478,1.00123904824442,0.778170648657379,37.1287329403458,0.779256288853689,0.501370333202844,27.0822413318535
2.39726354045618,0.731772431815775,35.9128667227819,5.30791403201041,0.848861390669762,1.99409837829053,2.74981337734579,1.46337685350994,21.3205879872598,0.880567530182984,1.80540769821637,13.6799528845687,1.00435260200617,0.638006097646155,31.2740738694629,1.06897833647226,0.70679465278217,26.0812238176078,1.67362784887449,0.841788569538979,8.49185476780063,4.98810030639834,2.99547299498633,14.0466134053976,1.21343910832783,0.500056024514137,32.9578249415628,15.0931008061771,0.500314459726999,29.2121702778539,1.07386865618249,0.501980787061274,42.906180145179,0.521044131084672,0.504122056145943,39.1525528334192,2.02800990446357,1.42264031578818,19.1929592049698,5.79814064962024,0.836897434030924,23.319882830298,1.0217685122931,0.866456710343048,23.8448278105866,0.5194606174629,0.543472672108538,20.5513204844435,1.0106186476404,0.806677482719944,33.4311520294946,18.3752817004508,0.549678750290205,25.328283471369,1.64554207630264,0.500563703822493,33.6384823628972,0.606080119093945,1.48046000097241,33.4126837286596,1.61721580571142,0.501073795358136,26.7281302494255,1.98125054207267,0.570648636968856,26.6086602073145,1.04856182361044,0.502122539515664,30.8616055267241,0.571744422424547,3.55349876984898,37.9656437973903,2.03895697917315,3.37958886680702,20.3477303612604,2.01184684556881,0.589728158496659,17.0001784550311,1.02670506712275,0.500330083878535,38.0910288462471,0.540538914856968,2.64252333532905,43.4516998097243,1.00813201004861,0.649906024954449,51.630235470999,6.1565477335447,5.230659593206,25.7682872591451,1.02288683160378,0.505437083839007,35.5641054614691,5.82324393604606,6.4283997857067,23.0260881373808,1.00115918081625,0.503794981430667,25.8421895405916,0.501173961873727,5.14996186965507,32.3537638802465,48.0269715766941,0.547064188159036,1.90573143413824,0.608087780585175,0.589376181527407,2.10898901528341,2.53152049653558,1.93718531729822,17.672856094757,1.10786474762425,2.08021826917184,28.1217264834404,49.533688798801,8.45579576797416,1.11596730564003,0.553569707900503,0.591386158820194,1.40397912724503,1.40237185544613,1.91548003135671,30.5951190141521,12.7690502283092,1.83963373750375,33.2790934774908,2.43740947594143,5.74493169424115,40.641996712514,2.35406138385282,0.513348459964499,48.5022085610951,1.14686285700507,0.504289956039249,43.427273833938,0.659431134168295,0.50793055358315,49.9918637845829,3.88531815139916,5.71836368911857,27.5770466021372,1.87855786815014,3.00655808463815,29.3099105615384,85.8531264834744,0.552826741093121,1.92938258703936,0.653825114841128,0.635712975372464,1.96403746039023,1.02413012917517,0.51312122272337,51.1616914989811,5.8100153805334,0.591431881512836,44.6213416857226,1.46506208977831,11.4827956894274,34.7285832896377,5.2376770011606,0.556515791153385,39.6804827008823,1.0067996017748,3.21054164133956,40.7390720583925,8.3952546136834,3.31007097408662,32.1610291717109,1.00878552379257,0.64434170139216,33.3068833161442,11.3369987070226,0.512295560585895,32.7474705660899,2.45818889264827,0.729024492588314,53.8671784440084,9.50457094070073,0.501431741441165,53.9449477692214,1.19682382128311,0.854004343016109,41.2327903352106,8.7711183623069,4.14970022843529,45.8612430374424,1.42782371631909,0.505949773293074,37.6887937610698,5.14308012116124,0.511070541273888,32.8559138605191,1.23576671657922,0.502562533917228,41.0675827554936,4.14210823666426,0.514518670517349,44.3091816948162,3.66111181594214,5.46628897666137,26.333756168416,3.75758395650491,2.31784762674912,27.5516812902527,1.203599257843,17.3802273541571,35.3789163728826,0.501782941504913,0.520602007951733,44.7097440920411,1.17772450841041,0.570425668411638,52.0074002594412,36.5018916166521,0.503647892461317,13.1950967358962,1.00004815320134,0.767669723205758,38.2773314929776,0.849990506322371,0.500397329955789,29.4681421346232
2.79416000879711,0.863606712514054,35.9021539843072,5.31084086319542,0.842223913827593,1.99764243959721,2.69689174598987,1.40103196212806,22.1384042729256,1.02541389112125,2.2437352493575,14.847670789066,1.01997003528504,0.605063399870838,31.2568972915741,1.11008915065857,0.609961138940077,26.8326250200097,1.59576379825402,0.805168384892571,8.62067012202322,5.13882836789046,3.75329420770939,15.5071307946372,1.35749648133027,0.500839440253193,32.5106694461122,16.3333309941531,0.504552976154194,30.0735582082057,1.16976417353025,0.501110018506141,43.6415954538561,0.537400186434024,0.502426388155931,41.9321178261127,1.95779501222024,1.38527886483346,19.5557646982509,5.91290724034501,1.03122828185881,24.7143490675573,1.00030395033385,0.85555348686636,24.3411225608168,0.534168490009936,0.514406842425424,23.4119686082774,1.00160234773047,0.779145101945299,33.5846534061121,19.8688726418583,0.54223858014888,27.1801660681332,1.80258819451835,0.502479714704507,33.9661874218467,0.616308563293708,2.13375185610308,34.879301101666,1.67055687888064,0.509018658159977,26.9197077759503,2.09258680145306,0.550894635128453,28.524921052123,1.07557932500162,0.507105202789391,30.84491879031,0.58044065756082,3.49032099412684,38.2927733365281,1.57359757046474,3.37827583324093,21.7306494474867,2.61360029762999,0.632880417134778,18.8242479478202,1.04033012391365,0.503908742597997,38.0794872442522,0.544973569404189,2.60088056267814,43.5919938371306,1.09267144922486,0.633982877684318,51.4164173125553,6.88573052023557,5.1295035165417,25.7178784799226,1.00175301245523,0.500541026987824,35.4465313413643,6.66445774726523,6.25799571953041,23.5737803165849,0.997987229742554,0.519672216236195,25.8435225961424,0.505411207628812,5.06181901697791,32.8257877023321,48.0268374590936,0.520005333304401,1.38499364268653,0.545944567981063,0.537990817397187,1.47139055731773,2.52272319210589,1.89180058567669,17.9723210303052,1.14165919129247,2.66881716784611,29.6787210638951,49.5266497962229,8.45593518935842,1.28459621263143,0.631506827203684,0.724375366857915,1.99174752030753,1.32453489121791,1.79761770249645,30.8974575415926,13.8877100206192,2.36937631889495,35.1402319471923,2.63043351772345,5.71939555496644,40.1946945452094,2.46509893803533,0.518119244495179,47.8909213214015,1.19979572825879,0.529908711785474,43.4035175548799,0.679244660989673,0.555630535035201,50.3114542960137,3.65011615526154,5.30339927235149,28.6145321244444,1.95027006595919,3.91655216529874,31.6589977795117,85.8455785348545,0.571554773189158,2.25875090510784,0.708337446947129,0.683812776766786,2.30565634186815,1.0272131728799,0.516054781409545,50.9469601443257,6.15163777572403,0.609000829904466,44.4414096771353,1.47521042275961,11.4662114384568,34.6262038375582,5.29374192852123,0.509489368593339,39.5593898225892,1.0234459162127,3.12118052977754,40.8646682568693,9.8346051037472,3.15147565733875,32.491391840525,1.04326439072729,0.640612697393397,33.9808902404257,12.5707468803548,0.511754510114288,34.5618831654113,3.15900629183174,0.708516784328787,52.8053364791277,11.1529386759696,0.506220390527185,54.0281490471598,1.27613644017202,0.838389335646304,41.6143662992625,9.33388071826163,3.69699017366981,47.533422146054,1.58925859755674,0.500791687608056,38.2530177715318,5.91991715884567,0.501553026406657,35.5911717448399,1.41367155385104,0.500125895732097,41.4691824611894,4.6672301355262,0.500719585343828,46.5982345096495,3.36867690362371,5.11616948709907,27.4234565776769,3.8948557751029,2.99716007851284,29.5710687748964,1.27797759906243,17.3800734112922,35.3049702519216,0.503123360644565,0.525814849150594,45.1479827182468,1.04136488823526,0.528047743106779,52.1564037290082,36.2428712259048,0.500758621143322,12.9662528740407,1.00840646108329,0.757009746450972,39.3253632547856,0.93427410759706,0.503000376278555,31.9086262054497
2.3883521240703,0.728935534107601,35.8923599025401,5.31331964869071,0.835683437187173,2.00100652015809,2.64568038640189,1.33452214775695,22.9698143369186,1.2089938404414,2.77896082938491,16.1152789169337,1.04648115351994,0.600526577802309,31.2345452924814,1.15411153243126,0.601666993993964,27.5693187138936,1.5102501678126,0.764126133028834,8.73311047187243,5.29881590261531,4.6531381875942,17.2167919476922,1.55281440973227,0.500155045271201,32.0061146426844,17.5422374437427,0.500855437899195,30.7503224341733,1.3158971322821,0.50203134625592,44.2004095566263,0.558186730219137,0.504604464392389,44.4681960618472,1.90176417755522,1.34415312842526,19.8755679169414,6.00505637669824,1.28804559671019,26.1664846670994,1.01581268741417,0.844806706806644,24.7383307469885,0.553709878622054,0.501757835322364,26.4813210574742,1.00718023387014,0.750170189783776,33.5986435483681,21.4956165228858,0.525380714476304,28.9442397362285,2.00986848259733,0.501597509407268,34.1823441861038,0.622503695000049,2.99588728028634,36.3054382851823,1.77246167280508,0.504614441921152,27.0405826120341,2.21866246331257,0.527646735090745,30.4052072116165,1.10851173624612,0.506944427777919,30.8220214545527,0.589504342065552,3.42856580520272,38.5888611082968,1.32241420855805,3.36890812693088,23.1060122738971,3.10804045605693,0.659758707734107,20.8740693228751,1.05622986268105,0.50082874408965,38.0644224758582,0.549504182209858,2.56069843627236,43.7110036683575,1.04081293586272,0.617410330876448,51.1679568553978,7.66825104139806,5.03384897091531,25.6200634678408,1.01162236919767,0.505466594291034,35.2886185338959,7.61873100423379,6.09192047932589,23.9962316285401,1.001382492885,0.500222651728963,25.8444862023029,0.500055377600162,4.9762501764358,33.2726422854371,48.0267065529287,0.677665807732469,4.41908755576476,0.90801865092236,0.837386661353891,5.18637904621306,2.52088269321093,1.83655845902963,18.2361099332112,1.17810104571906,3.39798255450288,31.3429397425441,49.5200765531836,8.45606049614148,1.07477358205339,0.534554079263775,0.558957832594406,1.26058584513229,1.24272862863216,1.6541455068127,31.0992440147828,15.176811929631,3.01577434289298,37.0515041623122,2.8276447025555,5.69862524422086,39.7158645928168,2.57181310868766,0.515603309771956,47.1905014264812,1.2611767151379,0.512557929366964,43.3534494509577,0.699865625814276,0.523442946164989,50.5667586784811,3.36935628720701,4.74327597636098,29.6457315195375,2.03171464349551,5.05096179879611,34.3308415202245,85.8386739164846,0.509232821401709,1.16240128717099,0.526878949857374,0.523715754281425,1.16844826553095,1.00152382322672,0.500935745467475,50.7215098579685,6.50538486215832,0.506273631276972,44.2518037019448,1.484870745138,11.449991756041,34.5258813565571,5.34759743001841,0.611277534980054,39.4408300934008,1.05038087068092,3.02285983021389,40.829071520269,11.4817273283633,2.99881194341742,32.6376418781009,1.10598302810354,0.634976931094936,34.4669343539589,14.0026294786576,0.511772773784358,36.1601198901468,4.12486945977209,0.679382699401934,51.2805810963052,12.8938216067638,0.671869912981042,53.2979924238288,1.38873535947141,0.819624604406373,41.854229737717,9.9347654536685,3.2941815533338,48.8863759936291,1.83632339178483,0.508386304562345,38.5935376933857,6.78605045007992,0.517330341852287,38.1179854671038,1.66756898459213,0.506066557641835,41.6705395547116,5.2802796807168,0.534715696759366,48.5538869858353,3.0271731901479,4.65057041072934,28.5484494841698,4.05470573583728,3.84914393188696,31.8782404574519,1.36653798367502,17.3804984957902,35.2047633532378,0.504648118395633,0.558365240397286,45.5224936266216,1.16328367982287,0.519839864167317,52.2749627246589,35.9916838122465,0.502697990486962,12.7401653942859,1.04274958344169,0.746187297608544,40.2651946917055,1.03450454163233,0.50199915040159,34.3703072177063
3.23770881783121,1.0112476840923,35.8834209330391,5.31540378562039,0.829239323772965,2.00419717153926,2.59165757873942,1.26318505969962,23.812801080524,1.43905366577019,3.42082489598814,17.4955512252479,1.08468230062484,0.60222331336569,31.2069468869875,1.2012021277934,0.602380703462094,28.2908073152793,1.40843912430505,0.717666603303858,8.82881065888737,5.46844388809668,5.70607933718492,19.2424758585433,1.81162242054298,0.501006659801492,31.4406834783073,18.6882326586123,0.50569085291792,31.2180718044464,1.52208580250622,0.516438617158424,44.5817739896049,0.576129297582879,0.630757155803331,46.6966599512056,1.85571086084165,1.29849914595089,20.1558027137505,6.06442284813887,1.61753712753688,27.6820428342506,1.07663906206695,0.834143645867287,25.0432185375576,0.578297513801728,0.500776278811774,29.7024665235068,1.04716462268722,0.719749194096037,33.4865127909605,23.2348526799663,0.514421483106577,30.5700095644728,2.28450539832082,0.500448293263316,34.280783821794,0.623257112927828,4.08408765640907,37.7069864774004,1.93136238458105,0.500125460484755,27.0911829761133,2.35994731162527,0.501353176993466,32.2023405051092,1.1473859680823,0.513493861842856,30.792425366847,0.598880218069102,3.36841044527445,38.8500697688958,1.27642308658076,3.33908019664205,24.3322432209817,2.96434571818135,0.618108778277558,23.0681065082422,1.07420344754064,0.518756330201863,38.0457628672903,0.554096938520239,2.52202385554615,43.8075644043309,1.1199108342148,0.60020896987094,50.8870421036966,8.4996931412107,4.94317043836333,25.4808952055358,1.01406253855894,0.511364006019766,35.0906293574482,8.69506141538991,5.9305488798466,24.2967764098768,1.01105141866897,0.5152679492856,25.8437658981768,0.503707604810166,4.89293721617725,33.6918762315477,48.0265788550639,0.650606952637274,3.89835202567732,0.845876029708223,0.786001650767573,4.54878328138205,2.51992568907947,1.76858580852485,18.4665024414945,1.21693691198126,4.28735868660491,33.1440411632442,49.5139372448405,8.45617320703317,1.24332230752094,0.612475387967048,0.691937603219561,1.84825312814016,1.14661121573899,1.47967119979793,31.20592097458,16.6672792177302,3.78526988607186,39.0250674513152,3.02661342289101,5.67742843506821,39.209692843081,2.67333625267998,0.500029762149653,46.4145743272748,1.33115868927202,0.538193197540012,43.2757243364215,0.721151476793209,0.571588140483116,50.7551188071301,3.00281274323853,3.98093838115131,30.6876712133853,2.12436309475913,6.44452972624508,37.4330174873468,85.8323640007661,0.527960851774281,1.49181350553858,0.581399495447821,0.571820476488853,1.51012445472695,1.0054338136789,0.503645135252913,50.4854990627401,6.87069355798215,0.523812328596932,44.052729161378,1.49403970798509,11.4341523454102,34.4277566060804,5.39923365255735,0.564616135845404,39.3249846204467,1.08848721669058,2.91562711684588,40.6313617166691,13.3416720690342,2.85226669008415,32.6004566429927,1.2013953257887,0.627234173233854,34.7541276738781,15.6506552899607,0.525940067241404,37.4958854068178,5.43224669585784,0.610818031364171,49.235940438285,14.5884137421997,2.65231406776815,51.9329990449581,1.53779362604231,0.798151163418935,41.9501913574319,10.5629765681793,2.93639026501525,49.899841277717,2.20027380986077,0.505940647391677,38.6891377407374,7.72665625682043,0.512720143200971,40.3212217573579,2.0227296045645,0.503569014866327,41.651669371834,5.9873064754817,0.520284389828981,50.0920007440203,2.60164469351419,4.02689099271347,29.7249813127094,4.24166940549029,4.90066676259404,34.5641973431074,1.47052936913072,17.3817623439431,35.0746406857292,0.506215343314841,0.529305436941423,45.8237431898822,1.05783314483466,0.506576043651532,52.4249244953009,35.7593308023485,0.500797616553064,12.5345649704244,1.10759666324602,0.735202070454602,41.086746583824,1.15342645280509,0.512324262603506,36.8111613135492
2.83224137247456,0.876572791708785,35.8752753358353,5.31714032307284,0.822890769363012,2.00722084506126,2.52946165115147,1.18627211816239,24.6653505148124,1.72465286865072,4.17792551267328,19.0052199421815,1.13231489898712,0.601964078117292,31.17370859395,1.24901135746464,0.705334073434535,29.0041848634367,1.2766544302699,0.664522877565198,8.90791026387237,5.64863818139328,6.92105255259277,21.6739708368356,2.1492360559084,0.500440428767582,30.8098274642866,19.7384298882603,0.502458206905836,31.4532020323586,1.81345597523784,0.504290829391694,44.7809323226606,0.60487994425743,0.510624270347894,48.5670505638614,1.81497295759634,1.24741035953351,20.4012903770898,6.07849386802332,2.03065868248986,29.2719921556366,1.19438403875983,0.823607740316402,25.2598496805083,0.608590545132878,0.514274105489704,33.0053279551675,1.12506145530501,0.688034748960251,33.2568564048648,25.0684314306049,0.518768339603685,32.0117701252335,2.65263929791473,0.503174713110404,34.2497083686748,0.616727687665132,5.41045054158296,39.0933525447106,2.15964445291668,0.501110092115301,27.0694751813641,2.51712652271204,0.502036993439323,33.8667049000266,1.19220155983736,0.505375122859728,30.755755308666,0.608504127745874,3.31004698945331,39.072639830279,1.25603506466073,3.30968041935624,25.4859482875651,2.84996920305224,0.575365983644523,25.3915894579924,1.09402138122741,0.50993192923692,38.0235415133439,0.558715469309121,2.48490924832909,43.8806831842981,1.06997172133269,0.582412062535213,50.5759960400127,9.37380356543258,4.85698628536466,25.3057757737188,1.00383850216139,0.505367241675152,34.8523033641363,9.90117969181351,5.77400186457661,24.4802506521782,1.0267264380608,0.500106639070289,25.839808838387,0.500024033013011,4.81255468569604,34.0805157636756,48.0264542577366,0.623548097388174,3.37761747427764,0.783733680780751,0.73461680347336,3.91118866071265,2.51114045795689,1.68405658562824,18.6672804281046,1.25785934156946,5.35746899204582,35.123043241089,49.508204052837,8.45627456553447,1.03363940548025,0.515550176992986,0.526536520060268,1.11727355610915,1.10504270887669,1.29399775405225,31.2219857242788,18.4221685656441,4.44823483247413,41.0720585366596,3.18216068878266,5.47400471357782,38.6867378154713,2.74184896328114,1.37104538590516,45.634304906753,1.40984357634519,0.52083343262823,43.1691425857125,0.742932713194689,0.539131762445883,50.8742166300317,2.4838942531561,2.9315894852425,31.7750502736008,2.23116101546919,8.13303953668549,41.1312359094299,85.8265968005011,0.546688881120031,1.8211922310655,0.635911739008185,0.619920160425582,1.85175739004372,1.00881603139542,0.50650139421099,50.2391426777496,7.24686345125433,0.541363272047663,43.8444293136415,1.50271637680973,11.4187070417481,34.3319555102622,5.44865243398443,0.518132862798253,39.2120162318363,1.13904946471509,2.79973368164694,40.271933996675,15.409499773013,2.71191430098772,32.3827780779451,1.3360384519771,0.617194326266414,34.8328569094831,17.5287719200327,0.540872084413536,38.5271972105934,7.29024625847196,0.527467191632999,46.6037765843128,16.2056809132633,5.35325806258019,50.54669169428,1.72705367730527,0.774413204239161,41.9013138552089,11.2043684996327,2.61943539894106,50.5601657047613,2.72637373731267,0.503348705898809,38.511943659455,8.713664143563,0.507362674934939,42.0743029539582,2.5134209490539,0.500877372062878,41.3853187383347,6.7893949720963,0.5049172186909,51.1216072626296,2.037114917357,3.18200355811931,30.9843886636411,4.46362041789712,6.17871471438012,37.7663023272602,1.59122448831226,17.384107979902,34.9108588137955,0.507663539239266,0.563428248381712,46.0418038134327,1.03484098823089,0.503874833612896,52.6008532749131,35.5509967594342,0.500420200597458,12.3489308540193,1.20950424676809,0.724125371534137,41.779337878383,1.2941583191531,0.500371430739027,39.1830196739833
2.42692098646212,0.741895709524936,35.8678651669467,5.31857183718076,0.816636918773487,2.01008350122521,2.45236725673398,1.10294438160858,25.5255186275734,2.07636827620716,5.05698122189214,20.6660585255658,1.19746843114547,0.602186729805935,31.1327790644956,1.30263634475108,0.60722685173903,29.6816360620234,1.09119074555756,0.603085208885513,8.97127091690946,5.84124683360547,8.30330970809861,24.6341092787449,2.58389169647203,0.500741716190735,30.107445655509,20.6602460249542,0.504250698790268,31.4326155513255,2.2109286845167,0.500029193724234,44.7829904384646,0.635988416296721,0.500073799826329,49.9811798956432,1.7741317990827,1.18981443250436,20.6182155204376,6.03157433820708,2.53915178031195,30.9540388006455,1.38903984027562,0.813199033904468,25.3884331803949,0.645086692168545,0.509093164269533,36.2950501218772,1.24737851512497,0.655223075436335,32.9171073578483,26.9686479303967,0.517882776914742,33.2266653451633,3.15440728202983,0.50130365505685,34.0687980136537,0.60036619565473,6.97881329779471,40.4586827838502,2.4741510062754,0.500150290866366,26.9704049241908,2.68977428676811,0.500325338841872,35.3384722834871,1.24290738436843,0.511961055836228,30.7117369795105,0.618302534939485,3.25368005301707,39.252933957293,1.26353671224392,3.2805401473952,26.5520812158576,2.76185084447658,0.531867770724673,27.818804516841,1.11542960222297,0.501082058974641,37.9978747658926,0.563322301089828,2.44940927058942,43.9295691540375,1.02223055064408,0.564066838310444,50.2374261004963,10.2825369788626,4.7748763116423,25.0996092974001,1.00148006276569,0.512216232476308,34.5730985907917,11.2428750148561,5.62219805500938,24.5524709080792,1.04825292858965,0.500284669195568,25.8313450653481,0.500058480472988,4.73499652670047,34.4357269250729,48.0263327010433,0.59648924197987,2.85688384241256,0.721591597156248,0.683232115082836,3.27359509872494,2.48126004297496,1.57784929391403,18.8442211949925,1.30050752216641,6.62932971371928,37.336304116891,49.5028509200302,8.4563656731489,1.20211555513692,0.59345717612388,0.659507706351518,1.70484795686621,1.34216615812799,1.29181796448892,31.0643287783585,20.6085792875379,3.44770172692705,42.7135615938034,3.04750888818777,3.86986429610623,38.2113863568162,2.61353052226537,10.0190179007427,45.9927800887209,1.49724206919633,0.531787367537072,43.0326788201386,0.765012008675884,0.559808437941571,50.9221309851201,1.69497630949461,1.46734277315193,32.97355381277,2.35822633508658,10.1491816369484,45.6914965234299,85.8213254645852,0.565416911776801,2.15053768118647,0.690415895793637,0.668014991761242,2.1933476887924,1.01165470272774,0.50951066336677,49.9827211818578,7.63304982632068,0.558923621068527,43.627194906061,1.51090137036037,11.4036685981933,34.2385937076297,5.49585951060175,0.618693632160821,39.1020700342417,1.20379811397203,2.6757011786016,39.7531752644106,17.6676709199702,2.57778736806361,31.9899528400808,1.5190795963097,0.60469586513714,34.694470401651,19.6436785243385,0.503422847695062,39.2174758576349,9.95348780264804,0.519603681043307,43.226183507641,17.6692258567944,3.88064397488637,47.572165818149,1.96025297210318,0.748855663080005,41.707900199616,11.8415920638763,2.33958003209824,50.8601238812414,3.47768469909635,0.500605791541005,38.0246630821701,9.70350387585801,0.501356100667615,43.2387707904514,3.18388304271554,0.507647872731708,40.8359606770962,7.67897684188254,0.541758030373048,51.5439100981256,1.24263011647819,2.02073996066823,32.3835405110807,4.73502790451794,7.70643360228559,41.6981773725307,1.72986471944823,17.3877051781818,34.7096244328485,0.508809947702649,0.533182933188543,46.1706806001321,1.11006174456968,0.511964612198382,52.7769994811579,35.3597618465532,0.501140232344171,12.1748368539737,1.35823316510453,0.713146657063892,42.3305346685443,1.46013229497133,0.506974879182376,41.4312001722785
2.02173251787723,0.607216290640111,35.8611361781943,5.31973658117718,0.810476854328619,2.01279082134803,2.35136395510098,1.01227478426342,26.3915696578868,2.50652126461956,6.06188389970346,22.5063418132749,1.27811343382157,0.607117316828797,31.0830595975045,1.35946166121697,0.624703959971615,30.3161503646165,1.42674884227327,0.589876682279736,9.00554597149806,6.15077581666849,6.84268329405011,27.8088818386939,3.13589408485309,0.504811586282107,29.3257124393492,21.422495751205,0.527674507423862,31.1339725892109,2.74582505706653,0.502879775696449,44.5670747495725,0.66889432753858,0.507429365424157,50.8990167974098,1.72657886252293,1.12444887151472,20.8142250480756,5.90349474387505,3.15558505958755,32.7546001047087,1.69343327957435,0.802918182651209,25.4232926013306,0.688158671741296,0.517329354430404,39.4511674156749,1.42398691199528,0.621562032089507,32.4735721592689,28.896066190391,0.582626282735294,34.175551655995,3.85187290099429,0.502201203706096,33.7050557472508,0.570740459090952,8.7728804119665,41.7677087118676,2.89675115827374,0.500883613847868,26.7855785400904,2.87657178399141,0.501961655069778,36.5516560534282,1.29936858834839,0.503780514192849,30.6602004896773,0.628191578096269,3.1995252789442,39.3875129831233,1.30262262290156,3.25153114651672,27.5177046581347,2.69737064836036,0.500241707362986,30.3161233216338,1.13814089856733,0.513321611764328,37.9689657449798,0.567878870706826,2.41557995173419,43.9536782248875,1.09556502925034,0.545234994364257,49.8743184596354,11.216239498701,4.69649250557181,24.8669360275818,1.00091402128286,0.505069356046646,34.2523473847344,12.7232245656357,5.47490693347437,24.5197770470553,1.07551095760717,0.501904461087838,25.8173540591103,0.500380505450235,4.66026832914178,34.7549084236327,48.0262141250806,0.56943038640706,2.3361510709289,0.659449771851019,0.63184758120758,2.63600250993895,2.40903424503456,1.44308323522439,19.0060462777329,1.34449068494818,8.12386980751953,39.8619091861234,49.4978514207033,8.45644766252921,1.37047093027949,0.671340349891606,0.7924646058511,2.29226466765453,1.67966058285541,1.27571839712398,30.6931050181875,23.0096100150839,2.66285145031971,43.6371877618503,2.7902736657436,1.31253803007169,37.9585409689275,2.36596692904986,21.1855009979507,51.2080342345565,1.59323259478928,0.542742753787051,42.8655252946395,0.787163703095988,0.580470373532094,50.8974172416177,1.49924774242372,1.02227157136881,34.2958114812721,2.61648553617355,9.7783534753504,51.11862621427,85.8165071057068,0.503094960917223,1.05443879981768,0.509009333240003,0.507949292339394,1.05646583935569,1.01393678287474,0.512677938069353,49.7165824072197,8.02827602357787,0.576490110391977,43.4013695531187,1.51859725109137,11.389048153338,34.1477739656111,5.54086829525316,0.572556415179724,38.9952732518831,1.28493297943445,2.5443770097273,39.0803614623471,20.0841240851869,2.4499216587822,31.4302339444952,1.76290133432301,0.589626988518974,34.3311816511358,21.9907546047162,0.504248356417744,39.5358238581835,13.3755226261105,0.506694962257449,39.067538276298,18.5386694897797,2.82444133158307,42.7367940830659,2.24034719771827,0.721920362506634,41.3717733935738,12.4545491052428,2.09340673352227,50.7991309818721,4.53660346498351,0.516354133982986,37.178926585816,10.6368019222839,0.53704735996609,43.6649717428588,4.08721174637322,0.504809094282097,39.960552756773,8.63520540345553,0.523740239419429,51.2570928807978,1.56316706192925,2.05331415151223,33.7562190814681,5.36267913648573,6.59154051521421,45.8397124116037,1.88754707577118,17.3928787158228,34.4671340711167,0.509455655209727,0.500184314248826,46.1936627212203,1.03813160592238,0.504073660693608,52.9514442801169,35.1848359870805,0.500347047229154,12.0112153222464,1.56785734543906,0.702561610342875,42.7246887044195,1.6549257384828,0.517361661108926,43.4937015680926
2.87049756857401,0.889543181249841,35.8550337835082,5.32066641206774,0.804409442046074,2.01534863519182,2.21346284693993,0.913262772226527,27.2622607200282,3.02942756163287,7.19247337557764,24.5630357092527,1.37627243551745,0.611195100739986,31.0233908579855,1.41956398026722,0.639665318978348,30.9044501667514,2.03592375263318,0.582260124733246,8.98597627054636,6.47189138668656,5.3133556153665,30.4006929085506,3.82574156182597,0.504488786088118,28.4553884288678,21.9968099980543,0.52592036766283,30.5369330357457,3.45559109412024,0.505363883047061,44.1034204800004,0.702010332834466,0.514060814386061,51.2560977116785,1.66388117787899,1.0498395340874,20.998701697779,5.66765747903378,3.89339107282647,34.711447051787,2.16014299409585,0.79276684714167,25.3500232732032,0.737852674297464,0.526288776206746,42.3223771662946,1.6687308760145,0.587360660737725,31.931081712908,30.8009541095253,0.628505548881517,34.824933400674,4.84081515615049,0.500156766372923,33.1070315970203,0.523371162750697,10.7401859526769,42.9319387651398,3.45397306701134,0.501778338777665,26.5030377299945,3.07450713243151,0.504681818285869,37.4316603494234,1.36133921958642,0.510399675889988,30.6010800050499,0.638078094510503,3.14780556859948,39.473221283638,1.37922058877384,3.2228594773465,28.3716321190422,2.65442426700987,0.504328341269354,32.8472106360211,1.16183283301374,0.518791135918331,37.9370953413109,0.572346079594309,2.38347705489285,43.952731990591,1.04977123523592,0.525992326238416,49.4900856017886,12.1639641555897,4.62156429013563,24.6120427293458,1.00967376453687,0.513003192108258,33.8883009147086,14.341545183845,5.33176806346007,24.387623041299,1.10839362764099,0.503551232691467,25.7970471280047,0.500680249909299,4.5885048135953,35.0357954814274,48.0260984699452,0.542371530664443,1.81541910067347,0.597308197881367,0.580463197459173,1.99841080887475,2.25853579272136,1.27049482198266,19.1662722443731,1.38947054642134,9.86092851297049,42.8108708079873,49.4931840427021,8.4565213061388,1.16096513881289,0.574450071739538,0.627084411011569,1.56151412106304,2.15065793311683,1.24747605698584,30.1005415897672,25.5801088896601,2.05040511872657,43.8188198239644,3.52437163838763,1.48473880571116,37.5796187574155,2.59805792102509,14.733191870501,55.5771720170922,1.69752114488274,0.553697189760215,42.6671439606681,0.809134614752475,0.601045194453319,50.799202635798,2.09302376636062,1.11358900866209,35.3241121095879,3.02556892976672,7.36928023124508,55.3544006610877,85.8121014469449,0.521822992600492,1.38379663355747,0.563516904273909,0.556046225036675,1.39807223445987,1.01565305373078,0.516007008584637,49.4411441230886,8.43143814576666,0.594059050339147,43.1673509422322,1.525809142347,11.3748544969108,34.0595829596428,5.58370465103399,0.526586560748461,38.8917342823418,1.38515311702831,2.40696432313064,38.2621048168699,22.6116501774678,2.32837884216138,30.7149257883212,2.08377328911942,0.571950441242515,33.7362965769303,24.5490959174659,0.545889990981371,39.4572653501946,17.3669538049116,0.50464189810743,34.269075232723,18.6245909005438,2.07320994018092,36.5639298561803,2.56846126971721,0.694040614100221,40.8968222053612,13.0213214419143,1.87774302887628,50.3838331452596,5.99975637971869,0.513674196102787,35.9170107010217,11.440935744065,0.531035143750687,43.1990047251949,5.27927709180868,0.500765457039173,38.7125721224046,9.61843836456957,0.50387694758647,50.1545047500418,1.98495590325102,2.2332714977941,34.8518230075835,6.13617807181872,5.40612018221263,49.1990409123747,2.06471670807297,17.399675862312,34.179876949387,0.509371646525679,0.50300643660645,46.1009221184307,1.2449776913439,0.525564213914978,53.1225799363092,35.0253093536202,0.501822293847231,11.8570970348832,1.85819511405405,0.692843434993812,42.9411993988696,1.88192179942775,0.534831454670063,45.2998107525962
2.4655395480918,0.75485825905133,35.8495107688315,5.32139198630238,0.798433657547725,2.01776220739664,2.01843658446231,0.804871944717892,28.1374328893038,3.66167444879451,8.44292081140298,26.8855251773053,1.49416222062431,0.614789584853923,30.9525282183354,1.48285163017168,0.653391339222653,31.4368182425729,3.01942786109729,0.57288956849427,8.90392884974205,6.77311891020105,4.10165923951519,32.1546049819067,4.67054995107114,0.501721845596817,27.4870819982566,22.3589423889881,0.50996109898601,29.6256790653976,4.3809518259341,0.507840880499665,43.3546373537147,0.733122208892223,0.520751920856758,50.9850458466001,1.57481298223032,0.964296279780799,21.1833291986079,5.28785610536176,4.76669513078187,36.8777432347372,2.87122711611917,0.782782502135135,25.1417080023102,0.793741089035558,0.502666434193755,44.722290303808,1.99982577431633,0.552980512223794,31.2926739132387,32.6240722248796,0.504603592340743,35.1468957595488,6.30334054832407,0.509471533071177,32.1911136186799,0.575140747762837,9.77529109183167,43.5373312157312,4.1848721873639,0.508843896355613,26.1063295578271,3.3218822668228,0.546112085979402,37.8965930926641,1.42842354310608,0.502162971890043,30.5344362544787,0.647859802443366,3.09874880852157,39.5073154177719,1.50213065579333,3.19447837891301,29.103613113534,2.63088995666811,0.500180483403253,35.3616421353178,1.18614912537902,0.524274833598502,37.9026143733965,0.576684892815491,2.35315474753449,43.9267253838494,1.00617830707874,0.506427419809384,49.0885657380166,13.113906587882,4.54989848501214,24.3390428885586,1.02767705289009,0.504483557366808,33.4782338170277,16.0922784635693,5.19236520799599,24.1602096107121,1.14679778554358,0.505215482309595,25.7697808908002,0.500973421483972,4.51985136659404,35.2763635604922,48.0259856757336,0.51531267474672,1.29468787249312,0.535166868263598,0.529078959449197,1.3608199100524,2.19833195449377,1.10853966777999,19.3413480447668,1.45870450704269,10.5404535314632,46.2867554449994,49.488824316408,8.45658759866028,1.32926829666724,0.652322932878283,0.760035116836168,2.14886021145575,2.79618100965749,1.2089616640285,29.2777694552327,28.2410833960932,1.57530003420533,43.2459357772648,4.61948784424329,1.6213107835985,36.8694294627538,2.82366098133558,10.5944315278222,57.2104237266132,1.80959398861612,0.564647980309051,42.4373349619609,0.83064637643364,0.621460282184038,50.627302311517,3.03048707907148,1.19462401858433,35.9186686846052,3.47741414427014,5.61612781038666,57.9190775538757,85.808070537637,0.540551023871307,1.713116538879,0.618018210159719,0.604139383419412,1.7396289379975,1.02920024677953,0.535818154234261,49.1568968852547,8.84130957900148,0.70286244906957,42.9255941805768,1.53254348255017,11.3610952333495,33.974096584099,5.62439887337026,0.626012825229371,38.7915458433582,1.50766722429347,2.26501414621509,37.3105741512422,25.1892248224105,2.21327249060357,29.8583445440723,2.50240596133814,0.551728268283507,32.9047473471255,27.2763289906532,0.588989210919458,38.9631171885096,21.5243148098649,0.501857682741105,29.1462341618145,17.8908699545292,1.5400373335201,29.8000844193126,2.94263937242476,0.665634196865299,40.2898026495774,13.5195786274579,1.68962543559271,49.6291360494242,7.9587893393933,0.51082175926146,34.1812069708073,12.0368635489725,0.524461523754507,41.7046131417026,6.80407605632368,0.500047870681775,37.0522826004063,10.5666075237217,0.500224140687362,48.1596497376383,2.60426271728913,2.40138961605824,35.6013053022659,7.02501782578943,4.42767448675665,51.5938474531663,2.2613300714552,17.4079649760097,33.8448254090178,0.508323125735375,0.522827851387964,45.8860390663977,1.17223004413699,0.517705334239449,53.2890993208994,34.8801998872216,0.501103873037634,11.7116118997461,2.25649305516578,0.684653402793194,42.9525454470043,2.14371683292169,0.508618107952151,46.7680636093625
2.06067808385743,0.620170436066144,35.8445237101396,5.32194093002189,0.792548447561505,2.02003664955012,1.73220153081903,0.68611672360835,29.0192418388435,4.42242358189871,9.79934052339044,29.5428034728174,1.6342554152536,0.606404318347348,30.8691302420476,1.5491420409338,0.623449556275303,31.9026432785667,4.57457176178727,0.562282026931416,8.74770873511484,7.03017740194044,3.15335302084716,32.7832820189761,5.67895932178157,0.513308433479255,26.4134235036162,22.4906552917475,0.576988336387775,28.3937995122498,5.55921613158183,0.500992098481781,42.2799227672848,0.759351348229114,0.502633439342052,50.0222183363919,1.44380951497028,0.8659377889299,21.3830563042935,4.7132951308923,5.79002490503123,39.3278260233521,3.9500049514198,0.773264991643414,24.7542999425933,0.855681697038541,0.512806999135232,46.3988677892738,2.43993846998613,0.518821989398068,30.5592836585114,34.2982240234608,0.549329094794261,35.1186631350797,8.27824173867928,0.51298572360056,30.8450233872285,0.672177968105257,7.00403268738821,42.3294533550449,5.11236460965347,0.500202956002331,25.5721336695534,3.57275561871578,0.533433339339776,37.86435522938,1.50004487946859,0.508811539496004,30.4604769179659,0.657426871712034,3.05258466787666,39.487591289843,1.68421555847707,3.16636196706001,29.7032258984127,2.62461114223045,0.501567056489732,37.7980668376899,1.21070114321198,0.529770836707028,37.8659391541479,0.580856991554434,2.32466437809137,43.875941233781,1.00574673706655,0.500782332953279,48.6560322699845,14.0505797588527,4.48098453887337,24.0397610626788,1.05514618569443,0.513615218332506,33.0207641407876,17.9643961661297,5.05636316792365,23.8424527238392,1.19060387287732,0.513111691116205,25.7350364059723,0.502432875722777,4.45445880858559,35.474844049938,48.0258756614579,0.672973151492412,4.32874663356624,0.897230444648169,0.828468675089317,5.07577032561364,3.09956724016503,1.13326287172981,19.3899749320377,1.61599212682084,7.54069913900248,48.7726789426615,49.4847534207555,8.45664715457937,1.11986178651414,0.555452249987769,0.594666658302993,1.41823871304108,3.66158778865937,1.16217526536169,28.2170140332654,30.873983831667,1.20893345101225,41.9188138858095,6.10276140217397,1.7296989985368,35.739217567471,3.02320543234483,7.81110223262578,56.4374080372896,1.92867262885588,0.504257251449346,42.1763169762427,0.85139969411651,0.507989398480416,50.3823565927236,4.46386289868915,1.26677250098194,35.9548365581347,3.94708958442798,4.31842327577202,58.6613994918499,85.8043804339241,0.559279054051299,2.04240491164327,0.672514528197466,0.652229493432769,2.08114373250946,1.01364686442554,0.517858190192248,48.8644060452349,9.25655492084431,0.59994732438188,42.6766145029633,1.53880784145551,11.3477768844573,33.8913803658996,5.66298542382731,0.580365337385784,38.6947862295049,1.65616971401182,2.12037220689915,36.2414075687755,27.7453911031484,2.10477411594473,28.8775913231636,3.04422723261358,0.529147773105136,31.8340770235773,30.1028903656871,0.533981032854174,38.0418544121345,25.355929902172,0.50015083717154,24.1085499874975,16.4820407836629,1.16017663036769,23.2425575955235,3.35662097495624,0.637095176232803,39.5612665124051,13.9283330393852,1.5262820216009,48.5594547944339,10.4605620411873,0.507842263955514,31.9352239888922,12.3514008613633,0.517560577043047,39.1086776127592,8.66953617708942,0.503602361004542,34.9633104890625,11.3951275583142,0.506471518174156,45.2533352030111,3.49398354536659,2.55602374377382,35.9210579033408,8.01228216484926,3.62311477038692,52.8616197474568,2.47654648317267,17.4173471381711,33.4596125244565,0.506064106345401,0.505254281594331,45.5418411854457,1.09768456225511,0.509902314813463,53.4499737916498,34.7484783521428,0.500533969100341,11.5739799575092,2.79902461714572,0.678851424647416,42.7223675318242,2.44115739736368,0.532894425044679,47.804097394071
2.90887015861006,0.902520552523775,35.8400264201397,5.32233445987616,0.786752513468373,2.02217712293729,1.29294364135002,0.556276500184734,29.9146984821609,5.33363276977359,11.2351803076555,32.6385770801628,1.79918406078564,0.62147513067261,30.7717701956494,1.61814960856659,0.67999993077605,32.2905740191485,6.91873536326155,0.550922167365974,8.50282661258248,7.20956036627735,2.42115519910375,31.9796081772555,6.84503023063178,0.508046532976956,25.2321119414241,22.382001882495,0.546470307556513,26.8504475931845,7.01261768676117,0.503460169045843,40.8435892565787,0.777275539018241,0.509152056224344,48.3220691080212,1.7337302622419,0.849538105205099,21.5433645656582,5.34997680722114,5.00955780345369,41.7649713570775,5.566659612445,0.764261731530698,24.1219759015907,0.92055688474178,0.532427005269894,47.0714820283457,3.01624776815782,0.500950443152734,29.7286457850537,35.7715978246182,0.508984156076557,34.7304081878949,10.6514265785771,0.513435075911364,29.0376650346092,0.745865533096,5.021417639353,39.5121547065756,6.23979084525212,0.50053383678773,24.8930966991025,3.76520912403663,0.501488651046594,37.2630577603455,1.57541567614556,0.500525658955929,30.3795831459298,0.666663708192941,3.00954162724416,39.4125241518709,1.94386972163036,3.1384833322245,30.1584041897143,2.63314020937902,0.501992935167668,40.0825170134525,1.23506842589495,0.535277293976123,37.8275534349854,0.584825487558124,2.29805315788865,43.8009859178828,1.0073012021955,0.501077313154707,48.2370840146012,14.9671416356537,4.41551591210751,23.7444595001276,1.09256076259207,0.503510296999287,32.5161281955882,19.941014593785,4.92353512446686,23.4402909024193,1.23965506283439,0.510094096893133,25.6924096734141,0.501897116156057,4.39248110474803,35.6297528113667,48.0257683455936,0.645914295472079,3.80801737474808,0.835089631812743,0.777084742309657,4.43818166364388,4.45201790474307,1.15058734882889,19.1968329062209,1.77578621698898,5.52091901053126,49.5390126039907,49.4809503335369,8.45670075087419,1.28811748395287,0.633315733245152,0.727611745333537,2.0055208542529,4.78771753416288,1.10927044890631,26.9157620607828,33.3201272557532,0.928044484603048,39.8584672739202,7.9247799388056,1.81631172622471,34.138470514055,3.17169785788267,5.88524505294399,53.6412605488883,2.05367684614594,0.5152066110301,41.8848107370488,0.871080502676798,0.528450192600822,50.0659701605403,6.55171121984609,1.33144356849398,35.2885916259533,4.39151077762631,3.34989936020002,57.4411880518936,85.801001140974,0.620059848109745,3.1110971654915,0.849379227817863,0.808303198554577,3.18951691966491,1.02379230941041,0.538652722528072,48.5643094034516,9.67571803497479,0.708721287673437,42.4209843888249,1.54461222396902,11.3349033134103,33.8114833252093,5.69950931386714,0.534872473768763,38.6015138728788,1.83477823509746,1.97508092322465,35.0731111293129,30.203448827409,2.00309796708333,27.7919453811837,3.73890275298655,0.512801821186071,30.5258350836936,32.9288364380282,0.57361184323033,36.6936572080712,28.4774610490627,0.500526611594682,19.5202450778073,14.6592772753449,0.886940329230592,17.4997570618446,3.79879979390773,0.608784705727694,38.7265145990027,14.2300135372717,1.38512602483355,47.2099147227447,13.4520849154329,0.504551113659586,29.1968470749035,12.3348632602217,0.509226400906437,35.4681345422335,10.8201704436772,0.502331237824884,32.4733870150409,12.0084865455501,0.514218386098746,41.5135775084221,4.73706456715031,2.69619698922456,35.719737229981,9.05694330334147,2.96572555513631,52.8621995151891,2.70838428349618,17.4273197788208,33.0229455608685,0.502357463829127,0.506521124903362,45.0659010889182,1.02146389020389,0.502147983871734,53.6044288529625,34.6290939516203,0.500099296000728,11.4435042023212,3.53131476924842,0.675331323923069,42.2042413590757,2.77153502626839,0.59103781529694,48.3024840200504
