Cancer_Cells,Regulatory_T_Cells,Effector_T_Cells,Macrophages,Endothelial_Cells,Fibroblast,Survival
73.5,2.78,6.31,6.99,5.49,10.94,PCR
72.42808688,2.360282324,3.987734901,4.552486013,4.138786815,3.294067135,PCR
65.88226495,2.036956973,2.642487614,2.977156918,3.261100985,1.077563108,PCR
58.92569761,1.774223635,1.862048677,1.99942693,2.648739889,1.013901082,PCR
52.70560233,1.553582256,1.386874752,1.381237106,2.200499367,1.018269538,PCR
47.13945774,1.364704434,1.084218127,0.979000779,1.864365108,1.033120659,PCR
42.15820056,1.200673391,1.012478607,0.710236637,1.606866753,1.04209786,PCR
37.65902769,1.056131571,1.0157001,0.526340581,1.406275778,1.056940267,PCR
33.62835153,0.928652373,1.003535259,0.50409484,1.247328331,1.013985086,PCR
30.02310159,0.81635148,1.013497853,0.519566955,1.119603579,1.060646266,PCR
26.80566262,0.717463295,1.017080122,0.533196541,1.015614671,1.092270615,PCR
23.93465125,0.63043364,1.019637554,0.559741438,0.929981726,1.145758102,PCR
21.37280943,0.553873427,1.001857768,0.509241222,0.858723962,1.020387544,PCR
19.09672687,0.510846051,1.000503304,0.517039399,0.798718298,1.03208466,PCR
17.05637516,0.500874104,1.00369949,0.50132097,0.747907581,1.002155411,PCR
15.23311036,0.509603886,1.02143717,0.513847971,0.704429553,1.018373903,PCR
13.60336189,0.507598248,1.053057372,0.51049975,0.666941163,1.011086301,PCR
12.14533576,0.510017958,1.098245434,0.513269,0.634389935,1.010403618,PCR
10.84003272,0.521788305,1.157166815,0.527629624,0.605940959,1.013956074,PCR
9.670781362,0.533729624,1.230393341,0.541016269,0.580926813,1.009811474,PCR
8.622871517,0.506494899,1.318849516,0.507666234,0.558806965,1.000406076,PCR
7.683457819,0.518522498,1.423784879,0.521008552,0.539135744,1.004153636,PCR
6.842276163,0.530812867,1.546756138,0.533592101,0.521519112,1.024566989,PCR
6.090542207,0.502869829,1.689608949,0.503039643,0.505609186,1.060800195,PCR
5.419814478,0.515270615,1.854473355,0.515553941,0.503077775,1.112776024,PCR
4.82246288,0.501163529,2.043580352,0.501147449,0.500220744,1.181053052,PCR
4.29049721,0.502522396,2.259984984,0.50239525,0.500455861,1.266676784,PCR
3.817536556,0.501381236,2.506498462,0.501262524,0.500235786,1.371146203,PCR
3.397373473,0.508540814,2.786370939,0.507488211,0.501399941,1.496458935,PCR
3.024463349,0.538197765,3.10309072,0.531864378,0.506029051,1.645119434,PCR
2.693826064,0.504514389,3.460345569,0.503641248,0.500700025,1.82016771,PCR
2.400990677,0.513617432,3.861960341,0.51045547,0.502080025,2.025208636,PCR
2.141989788,0.523277751,4.311829071,0.516967387,0.503539816,2.264507244,PCR
1.913288392,0.53359746,4.813798476,0.523164633,0.505138768,2.543030041,PCR
1.711748505,0.520745638,5.371532757,0.513582781,0.503214341,2.866525693,PCR
1.534599436,0.507084682,5.988355574,0.504390076,0.501119396,3.241612819,PCR
1.379407354,0.572172532,6.667066743,0.541010172,0.51189621,3.675866287,PCR
1.244046687,0.559209638,7.409719255,0.531553869,0.510114411,4.177913883,PCR
1.126679282,0.545251263,8.217383009,0.522522211,0.508054832,4.757530025,PCR
1.025846681,0.530165829,9.089917784,0.513959067,0.505622701,5.425711453,PCR
1.005619633,0.506397846,10.01972888,0.50427103,0.50228589,6.189287958,PCR
1.0034508,0.505322946,11.00710729,0.502107136,0.501112282,7.059079958,PCR
1.027377161,0.553777906,12.04312308,0.519052352,0.512135213,8.045075859,PCR
1.021729428,0.556583965,13.1208336,0.518126361,0.513641968,9.160713546,PCR
1.014865448,0.559495571,14.23230771,0.517086191,0.515354179,10.42063981,PCR
1.006600772,0.562493481,15.36844486,0.515924071,0.51729501,11.84048695,PCR
1.00009788,0.564661219,16.51892696,0.514585676,0.519406747,13.43681479,PCR
1.014157729,0.500692306,17.67150714,0.500138411,0.50021824,15.22570163,PCR
1.055940791,0.502592558,18.81531378,0.500441832,0.500883586,17.21611915,PCR
1.133310361,0.516170212,19.93364326,0.502262916,0.505946245,19.41102286,PCR
1.258866808,0.503267461,21.00969461,0.500372042,0.501294078,21.80271755,PCR
1.452787782,0.51985645,22.02466919,0.501736801,0.508526052,24.36643009,PCR
1.747628382,0.537372239,22.9565417,0.502380334,0.517374642,27.04982906,PCR
2.196084796,0.506365594,23.77754536,0.500294643,0.503163955,29.75698188,PCR
2.882721721,0.507510072,24.45013372,0.500244235,0.504001543,32.32411767,PCR
3.938977186,0.502112051,24.91826385,0.500059509,0.501195855,34.49007648,PCR
5.550464796,0.517440265,25.11220037,0.500668902,0.5104294,35.85302358,PCR
7.928438582,0.518485244,24.92971262,0.501290609,0.511469954,35.90029061,PCR
11.18417115,0.50705325,24.26595524,0.500896129,0.504449726,34.13577507,PCR
15.08785561,0.517433109,23.06732338,0.50382644,0.510913073,30.41427614,PCR
18.91505073,0.52786538,21.4060783,0.509353294,0.516839007,25.27708717,PCR
21.73367804,0.519198456,19.50115383,0.508609603,0.510970402,19.81231112,PCR
22.99663984,0.511392382,17.62546146,0.506211691,0.506051004,15.01093448,PCR
22.77954114,0.504448473,15.98365718,0.502736764,0.502169017,11.30924256,PCR
21.51981683,0.529930089,14.66766214,0.519748973,0.513119096,8.667923443,PCR
19.68619432,0.523085648,13.6851349,0.515567733,0.509141251,6.854626982,PCR
17.62709569,0.516852725,13.00351912,0.511308825,0.50600385,5.630102817,PCR
15.55805068,0.543762133,12.57952845,0.528553367,0.513793994,4.810652734,PCR
13.59666368,0.512247843,12.37269719,0.507728877,0.503509243,4.270465046,PCR
11.79899252,0.526132355,12.34966582,0.515714169,0.506716742,3.927512159,PCR
10.18530854,0.539136355,12.48430368,0.522343407,0.509168295,3.729457455,PCR
8.756115896,0.508645858,12.75652457,0.504726861,0.501913303,3.643467409,PCR
7.501480293,0.519148464,13.15080853,0.509925524,0.50410854,3.649493146,PCR
6.406299337,0.523469671,13.65489785,0.511429197,0.505281693,3.736075283,PCR
5.453214883,0.502496511,14.25875465,0.501105008,0.500690063,3.897773455,PCR
4.624187574,0.500001289,14.95378821,0.500011805,0.502742379,4.133642983,PCR
3.900860541,0.532103885,15.73125678,0.520263916,0.50011088,4.446322529,PCR
3.263395363,0.638933008,16.57826969,0.581639656,0.507468791,4.84158845,PCR
2.691565625,0.839593717,17.47892098,0.699397879,0.528871926,5.328893706,PCR
2.164999369,1.153859069,18.41449318,0.891946874,0.568702245,5.921742568,PCR
1.662979643,1.600610231,19.36333688,1.180684129,0.631694132,6.638655941,PCR
1.164009548,2.196189094,20.30130543,1.589692117,0.722498776,7.504775971,PCR
1.095255415,1.868735906,21.14377498,1.630519671,0.718751508,8.519438802,PCR
1.002644208,1.335095177,22.0158959,1.521258772,0.673876629,9.678660476,PCR
1.000785532,0.945418291,22.91824513,1.426345418,0.628364676,10.99074905,PCR
1.006213239,0.663437118,23.82419807,1.344254067,0.581987848,12.46413423,PCR
1.002147385,0.504466893,24.71486589,1.273911315,0.534767234,14.11315803,PCR
1.000480973,0.5053193,25.56320831,1.214426931,0.501396699,15.95404158,PCR
1.003617757,0.505177088,26.35696196,1.165169627,0.501438185,18.00615438,PCR
1.037723136,0.501809661,27.09065616,1.125585979,0.500570343,20.28140172,PCR
1.115559575,0.511630162,27.75758013,1.095141167,0.504014621,22.77676075,PCR
1.252489271,0.501522434,28.34679511,1.073390799,0.500647845,25.47530976,PCR
1.474700033,0.523372208,28.84885151,1.05986458,0.50970297,28.33412861,PCR
1.826477461,0.528897193,29.2447553,1.053932308,0.513115029,31.27275219,PCR
2.382389449,0.56856972,29.50694664,1.054513164,0.534098283,34.14709368,PCR
3.265966958,0.501019667,29.58861258,1.059607996,0.500540333,36.71562196,PCR
4.669945267,0.518538883,29.42514844,1.065478121,0.510552204,38.58327905,PCR
6.855365497,0.524397226,28.91046025,1.065753572,0.514650474,39.1885011,PCR
10.06009883,0.504064264,27.91704408,1.050909325,0.502518447,37.87634013,PCR
14.23053764,0.511996231,26.3456409,1.0101196,0.50748904,34.2373195,PCR
79.2,4.03,6.17,2.21,3.57,9.82,PCR
78.52468316,4.174984961,1.352434671,1.803336285,2.65845254,2.209533142,PCR
75.03018947,4.35930746,1.025248199,1.443533069,1.976843055,1.025076063,PCR
71.24626478,4.541590407,1.17965623,1.166372227,1.493109354,1.17936462,PCR
67.62897685,4.720761194,1.075332857,0.951936788,1.144455562,1.075533771,PCR
64.19758114,4.896401634,1.386353555,0.784457794,0.888595581,1.389205634,PCR
60.95797737,5.068046039,1.033808715,0.652405051,0.697867657,1.034172649,PCR
57.90812618,5.235225455,1.077331502,0.547319979,0.55374523,1.078469891,PCR
55.04632638,5.396266932,1.002625501,0.500222244,0.500296889,1.00267209,PCR
52.37875764,5.5533632,1.322680499,0.527801607,0.537769446,1.329387552,PCR
49.89147056,5.704793881,1.245994237,0.521520281,0.529645633,1.251757887,PCR
47.56764343,5.850249575,1.177107198,0.515742435,0.521991906,1.18175049,PCR
45.39252355,5.989494647,1.115323476,0.510421443,0.514764924,1.11868576,PCR
43.35870299,6.117801495,1.006011942,0.50055233,0.500793253,1.006205112,PCR
41.44297656,6.244422634,1.006984009,0.500653594,0.5009527,1.007232199,PCR
39.64113984,6.364532272,1.074146252,0.507081353,0.510483941,1.077061861,PCR
37.94396369,6.478147132,1.080317829,0.507828211,0.511765681,1.083787197,PCR
36.34319357,6.585334254,1.231546465,0.523118741,0.535348856,1.24263414,PCR
34.8314408,6.686206103,1.101278477,0.51031172,0.515979963,1.106522015,PCR
33.40205163,6.780912734,1.359829973,0.537723228,0.559600909,1.380609922,PCR
32.0490037,6.869635093,1.237217889,0.525406874,0.540690539,1.251981071,PCR
30.76684166,6.952580018,1.126513912,0.513855048,0.522494565,1.134990876,PCR
29.55061305,7.029974417,1.026909344,0.503016174,0.504964677,1.028849242,PCR
28.39581229,7.102059786,1.233284765,0.527072996,0.545451768,1.251941318,PCR
27.29833132,7.169087762,1.139490812,0.51660705,0.528270353,1.151479184,PCR
26.25441604,7.23131613,1.055264058,0.506757289,0.511664411,1.060367396,PCR
25.26062846,7.289005048,1.221940276,0.52825356,0.549760621,1.244659837,PCR
24.31381421,7.34241387,1.142862361,0.518734788,0.533463871,1.158580689,PCR
23.41107505,7.391798761,1.072092394,0.509752694,0.51766814,1.080620876,PCR
22.54973804,7.43741019,1.215209644,0.530548642,0.556500757,1.243539157,PCR
21.72734138,7.479491897,1.332087012,0.549641496,0.593744503,1.380814028,PCR
20.94160039,7.51827848,1.098187179,0.514994459,0.52854872,1.113229631,PCR
20.2023792,7.54919657,1.176672778,0.532880341,0.559745202,1.20309273,PCR
19.48843974,7.580095846,1.000921693,0.500151922,0.50029804,1.001086554,PCR
18.79997579,7.6108703,1.019051788,0.503317584,0.506612095,1.022791762,PCR
18.14511443,7.637612348,1.075324827,0.515193971,0.529376904,1.090499629,PCR
17.51511476,7.663008477,1.004335189,0.500839977,0.501728383,1.005357736,PCR
16.90933383,7.687006804,1.030684496,0.506362339,0.513329709,1.038760817,PCR
16.3302937,7.708450829,1.001407013,0.500309575,0.500658086,1.001813206,PCR
15.77275709,7.728679072,1.039432749,0.509452013,0.520488075,1.052384484,PCR
15.23756053,7.747215815,1.015575792,0.50401282,0.508828252,1.021255531,PCR
14.72359874,7.764193508,1.056221337,0.516193671,0.536367951,1.080173242,PCR
14.22981829,7.77973844,1.026418413,0.508285903,0.518871586,1.039039925,PCR
13.75523822,7.79396682,1.002154541,0.500742259,0.501714311,1.00331823,PCR
13.29893949,7.806985997,1.057986916,0.524407094,0.557813453,1.098258583,PCR
12.86005889,7.818895151,1.003259012,0.501482752,0.503541863,1.005747021,PCR
12.43778403,7.82978599,1.015904116,0.508928538,0.521746205,1.031466549,PCR
12.03135328,7.83974273,1.021588745,0.515914552,0.539522677,1.050385171,PCR
11.640046,7.848843307,1.020767768,0.522470279,0.556898741,1.062948103,PCR
11.2631821,7.857159559,1.001378831,0.501879145,0.504798707,1.004962486,PCR
10.90011986,7.864757576,1.002504139,0.508563132,0.522294192,1.01942724,PCR
10.55021695,7.871692131,0.998886282,0.514851347,0.539420754,1.028044678,PCR
10.21477643,7.87807545,1.002678636,0.520587618,0.554861726,1.030995641,PCR
9.892363525,7.883746969,1.013558267,0.501983587,0.50541091,1.00266943,PCR
9.574080509,7.888223209,1.031748341,0.500720354,0.502027582,1.000732577,PCR
9.262656821,7.89150024,1.057346429,0.500036092,0.500119232,1.000023446,PCR
8.956742683,7.893406463,1.090688633,0.500386811,0.501124677,1.000117575,PCR
8.612699196,7.888267753,1.135541587,0.501348515,0.547609112,1.000754938,PCR
8.277233346,7.883134598,1.191163486,0.500913898,0.569318573,1.007995988,PCR
7.984524802,7.880850456,1.254115095,0.501938201,0.517370621,1.020834327,PCR
7.693437091,7.875781077,1.328273297,0.500401014,0.50139536,1.039983092,PCR
7.404318739,7.868156099,1.415086027,0.500038252,0.500149512,1.065951209,PCR
7.116846369,7.857772151,1.516260029,0.500305468,0.501199162,1.099200487,PCR
6.830498575,7.844318897,1.633849893,0.500554818,0.502354765,1.140308452,PCR
6.544680672,7.827433841,1.770296714,0.501721843,0.508124195,1.190031795,PCR
6.258754452,7.806696984,1.928535706,0.502145863,0.511562678,1.249326294,PCR
5.972040873,7.781618911,2.112058953,0.502960945,0.519250483,1.319377084,PCR
5.683833568,7.751628544,2.32501467,0.500162592,0.501267577,1.40163923,PCR
5.393420108,7.716058499,2.572333154,0.500762932,0.508885868,1.497894415,PCR
5.100109719,7.674126983,2.859881987,0.500598616,0.516233767,1.610326284,PCR
4.803274027,7.624923736,3.194594692,0.500004637,0.52327601,1.74159571,PCR
4.502408567,7.567385153,3.584612998,0.501414184,0.506330915,1.89494484,PCR
4.197216083,7.500265906,4.039392822,0.505456801,0.513255272,2.074320475,PCR
3.88768696,7.422140476,4.569825852,0.512570429,0.51978743,2.284528175,PCR
3.574202165,7.331406029,5.188289157,0.523328884,0.503938353,2.531412991,PCR
3.257659563,7.226286665,5.908552448,0.538486174,0.510314327,2.822065797,PCR
2.939608208,7.104857497,6.745477156,0.559040321,0.516165304,3.165057897,PCR
2.62236791,6.965098283,7.714395044,0.586323288,0.501787531,3.570688857,PCR
2.309104627,6.804984593,8.830052613,0.62212741,0.507429386,4.051226729,PCR
2.119447738,6.622660858,10.10094023,0.668848286,0.512162396,4.619349554,PCR
2.037994815,6.417138052,11.50208509,0.729385877,0.503271243,5.276447714,PCR
2.072055261,6.18900118,12.99226977,0.807469029,0.505263893,6.020117462,PCR
2.088824611,5.940330561,14.54130628,0.908159849,0.505526302,6.8558392,PCR
2.106378955,5.67404897,16.11827058,1.038240785,0.505626174,7.791172605,PCR
2.123914806,5.393833324,17.6872636,1.206785186,0.505544761,8.833124403,PCR
2.157756288,5.103921584,19.20902755,1.425914139,0.505897548,9.987713009,PCR
2.18940923,4.808875296,20.64251831,1.711777894,0.505808814,11.25943015,PCR
2.215888167,4.513314835,21.94623206,2.085772947,0.505244855,12.65059507,PCR
2.233707775,4.221658029,23.07900104,2.576003463,0.504184324,14.16057499,PCR
2.026300172,3.937917354,24.00003611,3.218759717,0.500338044,15.78494515,PCR
2.046118626,3.665553833,24.66849602,4.05977001,0.500230116,17.51456616,PCR
2.055610794,3.407400824,25.04298925,5.154553276,0.500269057,19.33466059,PCR
2.050695549,3.165657576,25.08184278,6.566781407,0.503281372,21.22415664,PCR
2.027082521,2.941918755,24.74530645,8.363111866,0.509496543,23.15531194,PCR
2.002021594,2.737214283,24.00075281,10.60277555,0.518710454,25.09345158,PCR
2.100376013,2.552132263,22.81413319,13.3189348,0.530552996,26.97697207,PCR
2.381836684,2.387264223,21.14092281,16.48567527,0.544252698,28.67261646,PCR
2.936705351,2.243345505,18.98110826,19.98332113,0.558520234,29.99077278,PCR
3.936453618,2.121151966,16.39201254,23.57275013,0.571334199,30.66838432,PCR
5.682126624,2.021534513,13.48365189,26.8919215,0.579625452,30.34104731,PCR
45.3,7.46,8.18,13.17,7.26,16.63,PCR
47.513669900366,6.84223165798507,5.51648893645938,11.0116802359406,5.50683453332771,8.22292410169841,PCR
44.8570372076355,6.48968537389281,3.89943268364128,9.07405146574583,4.34974120926424,4.10154044190842,PCR
40.2925350003022,6.28470189925495,2.92194456019989,7.51471200276839,3.54294098409984,2.18825170323786,PCR
35.3584005389078,6.16569818482821,2.31739733497776,6.30180944820861,2.95601517355883,1.27209779687213,PCR
30.7023300754694,6.09891521612679,1.93334682017521,5.36188816615141,2.51401769895636,1.00264768192347,PCR
26.6324360654679,6.06476758630453,1.68382378377801,4.6275323979264,2.16904801697413,1.03161101485289,PCR
23.1012322832093,6.05131748839015,1.52014069673514,4.04438606131826,1.89388784181981,1.02321376463025,PCR
20.0350735118092,6.05092229918086,1.41448510134053,3.57390308276519,1.67056982949301,1.03406008907433,PCR
17.3716894988976,6.05844985929491,1.35029596609908,3.18874748299121,1.48651434382729,1.04479633788041,PCR
15.0577099242955,6.07031548406127,1.31740712394279,2.86923511973826,1.33272641757515,1.04765157911664,PCR
13.0470629819177,6.08391874476041,1.30940794964014,2.60092949787699,1.2026286691447,1.01002009911948,PCR
11.299888288823,6.0973222207809,1.32225408113865,2.37311190601858,1.09134014729149,1.01396731058317,PCR
9.78164715487013,6.10904021605123,1.35342805879995,2.17771214153949,0.995180712212147,1.01248560603639,PCR
8.46238774408566,6.11790206763588,1.40143902602592,2.00857813303413,0.911336970025573,1.0070437422577,PCR
7.31612722437029,6.12296013525671,1.46551218894061,1.86096901183329,0.837632200613629,0.999999198999567,PCR
6.32066182642901,6.12342565600515,1.54538788646574,1.73120469376426,0.77235268538848,1.00884503648839,PCR
5.45767947650747,6.1186205021073,1.64116891001348,1.61640790779123,0.714097949984555,1.03467353781201,PCR
4.71094562603443,6.10794826038996,1.75322655320656,1.51429736481359,0.661743335377818,1.07639067429836,PCR
4.06567740638246,6.09087217735012,1.88213444956541,1.42304048654089,0.614393962765701,1.13361496166263,PCR
3.5087885334277,6.06689976361423,2.0286144417086,1.34116043195887,0.571323636137476,1.20653651832427,PCR
3.02868773663481,6.03557379849315,2.19349226393308,1.26745702335809,0.53194035778189,1.29582697426731,PCR
2.6151729388608,5.99646749836552,2.37765307396515,1.20095188717738,0.512649375165394,1.40254566334999,PCR
2.25946039061406,5.94947311814483,2.58199664057325,1.14088924108668,0.502704506785529,1.52845860969195,PCR
2.01585642830437,5.89428387227762,2.80726043210601,1.08659533036954,0.501897006199456,1.67528776356891,PCR
2.01412509567274,5.83065144607223,3.05049311237684,1.03694598540431,0.501718146007602,1.83960498323222,PCR
2.06449351613529,5.75855774106842,3.30987764482421,0.991295371080036,0.507995809373962,2.01970746423961,PCR
2.0172472033546,5.67825287285492,3.58366141814738,0.949200688334187,0.502223084739094,2.21425744923059,PCR
2.04604332111318,5.58960193622939,3.87543743634732,0.910876831081842,0.505960247249241,2.42998562664197,PCR
2.01176141836253,5.49283709500154,4.18319406279332,0.875929015141314,0.501560672390406,2.6660646095948,PCR
2.0160514321677,5.38818468672438,4.5064385379946,0.844181383727302,0.502194114351941,2.92420808389816,PCR
2.07497639040797,5.275932659116,4.84447983500974,0.815475995485983,0.510649968448908,3.20626833933514,PCR
2.1308324050169,5.15643742290874,5.19639573050951,0.78967049436245,0.519418789096451,3.5142074259826,PCR
2.12905854414916,5.03013000880601,5.56102232411963,0.766637753201219,0.520043125541187,3.85010114841187,PCR
2.12667951413406,4.89751383245217,5.93697090263294,0.746264712502406,0.520714708336282,4.21612966970559,PCR
2.12361188963208,4.75916291057515,6.32264104700564,0.728452311215275,0.521438663590636,4.61457149913319,PCR
2.11976971776047,4.61571748903615,6.71624329387096,0.713115378706667,0.522220332930061,5.04779339229937,PCR
2.11506548240381,4.46787674038458,7.11582973022803,0.700182642748028,0.523065202959892,5.51823583349026,PCR
2.10940609435378,4.31638888853366,7.51933040982508,0.689596915669157,0.523979053896777,6.02839432102743,PCR
2.10269168554039,4.16203918044901,7.92459486157045,0.68131543188202,0.524968001026456,6.58079598670411,PCR
2.09481797894871,4.0056362689805,8.32943705114741,0.675310337224906,0.526038411955742,7.17797103408795,PCR
2.08567881936665,3.84799763156566,8.73168146076922,0.671569344039635,0.527196803888781,7.82241842786823,PCR
2.07516701446559,3.68993468400327,9.12920791196579,0.670096566978603,0.528449741140508,8.51656537631328,PCR
2.06317741589977,3.53223828094581,9.51999310478465,0.670913554586279,0.529803853615298,9.26272055996246,PCR
2.04960359827107,3.37566515857911,9.90214747821088,0.674060547708316,0.531265492597544,10.0630222907363,PCR
2.03434588112443,3.22092597376076,10.2739447328378,0.679597935562205,0.532840913058441,10.9193783865683,PCR
2.01731120329702,3.06867530024499,10.6338444192883,0.687607976361748,0.53453631223631,11.83340200834,PCR
1.99841037579232,2.91950382796725,10.9805077003875,0.698196823468817,0.536356535466199,12.8063472798819,PCR
2.00747524530086,2.77404900689576,11.3126962489514,0.71151809620821,0.536046513344212,13.8410292158386,PCR
2.05108672069351,2.63260142637093,11.6275498608708,0.727639367168669,0.501272755981605,14.9282227831779,PCR
2.13351940171151,2.49563402586624,11.9213467666019,0.746623028856623,0.500346150157963,16.0549594998869,PCR
2.26112459883556,2.36366864293729,12.1902904943175,0.768529270372161,0.507331553309843,17.2051305921868,PCR
2.43946985459509,2.23448190697681,12.4306210466571,0.792628342575363,0.515702376214794,18.3579027566065,PCR
2.68607846063733,2.11405579249294,12.6378192447715,0.820312558418496,0.507241508215765,19.4779286585515,PCR
3.01252102983571,1.99985758049159,12.8065448590991,0.850667937252001,0.536348507470303,20.5274652434482,PCR
3.43643308136163,1.89222198961107,12.9310575870785,0.883322480704715,0.503339914265119,21.4552785694295,PCR
3.9771077421642,1.7914776852888,13.0049559598252,0.917660070598665,0.509318218926912,22.2001434488217,PCR
4.65347924649301,1.69800501102957,13.021309754275,0.952791854195357,0.502792583845871,22.6970133599942,PCR
5.4787729557293,1.61213694850086,12.9732746109253,0.987473639311411,0.516047290940192,22.8781187300789,PCR
6.45266751605926,1.53418555186573,12.8552473150423,1.02012208753414,0.509254681401582,22.6851600494307,PCR
7.55163253681187,1.46441781262708,12.664645468965,1.04891232597499,0.502340688335764,22.0842628765508,PCR
8.72106183554265,1.40301477127566,12.4040462203269,1.07199447691511,0.515411665179291,21.0818408587859,PCR
9.87510889545315,1.35001818833296,12.0829541031279,1.08781378599793,0.508417006537512,19.7343561750852,PCR
10.9089329913749,1.30527712769234,11.7181969141612,1.09544858995945,0.501705583647325,18.1445234442047,PCR
11.7219320590274,1.26841204697205,11.332267092195,1.09483485465956,0.513526738364635,16.4418601234472,PCR
12.2426268494679,1.23881174232574,10.9498812175988,1.08677128107219,0.507025537362646,14.7545362129747,PCR
12.4435800522096,1.2156658704549,10.5940375792945,1.07270559153318,0.501065382295092,13.1849434565965,PCR
12.340970308066,1.19802288007958,10.2830060650961,1.05440355817555,0.511252301343823,11.797864161869,PCR
11.9822333204312,1.18485642600148,10.0290185297992,1.03363235311418,0.505642968105901,10.6219367670027,PCR
11.4298170357633,1.17512504770838,9.83849504473874,1.01194455885618,0.500552115076147,9.65889034877109,PCR
10.7474373967554,1.16781632001737,9.71316072391578,0.990578284394074,0.509318102108773,8.89445578766214,PCR
9.99140411811228,1.16196650836494,9.65141578635235,0.970441353716548,0.517332890903806,8.30727771197006,PCR
9.20687953046515,1.1566757866797,9.64955468499511,0.952151637117794,0.501117421709774,7.8747280124762,PCR
8.42744815236016,1.15112231039044,9.70266165921972,0.936099212685935,0.5031134662594,7.5760452907876,PCR
7.67636973903942,1.14458159693096,9.80522141427719,0.922513004718445,0.512955530179415,7.39370674736244,PCR
6.96865462686019,1.1364296488232,9.95148734703318,0.911513932546842,0.501111224114471,7.31369129799479,PCR
6.31305596882324,1.12614049251393,10.1356690696554,0.903149729533216,0.502112837412074,7.32526186836101,PCR
5.71366160563198,1.1133031810927,10.3520510066097,0.897431369915692,0.500872367431016,7.42055981393806,PCR
5.17135823896401,1.09762599667004,10.5950631621758,0.894357261506669,0.516363694251219,7.5945330359168,PCR
4.68492007132964,1.07892587173573,10.859308305731,0.893923140999073,0.55061242454607,7.84496327376901,PCR
4.25178524689523,1.05712695466989,11.1395994510822,0.896135028719424,0.605500329115811,8.17154191826026,PCR
3.86863321807855,1.03225064594584,11.4309979741589,0.901016624919953,0.682731459949485,8.57559778557112,PCR
3.53178421685963,1.00440152126105,11.728850568175,0.908613665761566,0.783783278730717,9.06012267358795,PCR
3.23756208323063,0.97375399305555,12.0288232539136,0.918999764737943,0.909860572558116,9.62953275440945,PCR
2.98247266989236,0.940536699118434,12.3269295311175,0.932281210762494,1.06183535450515,10.2895983485417,PCR
2.76336415287053,0.905015775126753,12.6195493015956,0.948601947331109,1.24016831592816,11.0474116837337,PCR
2.57761477463259,0.867479120952774,12.9034302633645,0.968149707643612,1.44481498398631,11.9112310014588,PCR
2.42326784500139,0.828222183685068,13.175668795964,0.991162650035132,1.67511055729474,12.890294967144,PCR
2.29921401841959,0.787535955105699,13.4336671858033,1.01793676022336,1.92963187342353,13.9945076452072,PCR
2.20547280435167,0.745698369805361,13.6750588114994,1.04883381152883,2.20603569596265,15.2338535275272,PCR
2.14358510328664,0.702969821156481,13.8975963459344,1.08428869728729,2.50086863667546,16.6174566694723,PCR
2.11723327147088,0.659593911659831,14.0989885598335,1.12481456882115,2.80933898530975,18.1520552963007,PCR
2.13328580934242,0.615803988385346,14.276661334069,1.17100137468331,3.1250683917177,19.839505463333,PCR
2.20342191548877,0.571836873384919,14.4274106960383,1.22350088504806,3.43982164478987,21.6729294373076,PCR
2.34680753514797,0.527955245659383,14.546884931782,1.28298377739469,3.74323308175182,23.6306767077337,PCR
2.73327180660344,0.506737605046972,14.6235499417404,1.35807564024302,3.49306917313631,25.6148905881526,PCR
3.42972193913569,0.50080989337363,14.6247724017959,1.44529152960009,2.88427127553402,27.2682599434046,PCR
4.4094805921764,0.500952683469358,14.5319059656013,1.53539009981689,2.36331806737857,28.3847887391362,PCR
5.74712215509357,0.502933770906139,14.3272010066538,1.62422856361787,1.92560060268241,28.7722628420674,PCR
7.48828756730261,0.500917593208881,13.9929826297747,1.70572894196525,1.56464154279783,28.2562763835217,PCR
59.39,7.88,4.16,12.52,3.06,9.99,PCR
56.0654546170857,6.30229374004667,2.92344984402255,8.70242215190635,1.84156958286164,3.82470323898946,PCR
48.9568607154455,5.33188621114668,2.21114535054068,6.17145042690706,1.22046912932819,1.62625304579576,PCR
41.5096605102608,4.6792930914439,1.7980728993595,4.50019730891795,0.868060176924363,1.00558181379167,PCR
34.9771690123555,4.20699252940597,1.55550954833865,3.37069510324216,0.649858289194517,1.06113955358587,PCR
29.4133118614271,3.84468245613486,1.41529165724354,2.58427650776397,0.505366141225705,1.00691077907505,PCR
24.7008591980081,3.5539312419368,1.34203052306792,2.02359587034628,0.508235047765365,1.02619196278654,PCR
20.7204927850064,3.31197376704604,1.31660680156023,1.61503609740026,0.525230513302533,1.06769772999796,PCR
17.3704277933145,3.10438524316639,1.32847633915459,1.31012975201527,0.501565599719236,1.003553661805,PCR
14.5444079732142,2.92173907813612,1.37206943670551,1.07743985290694,0.506572167791511,1.01171790379614,PCR
12.1668640073491,2.75776224174785,1.4448086331814,0.896715902491571,0.519351248132588,1.0248188148361,PCR
10.1678738778222,2.60802054451696,1.54607281538928,0.754092632845081,0.510009028474669,1.00870057730095,PCR
8.48802217094087,2.4692986066534,1.67665345146595,0.639960977332447,0.501600215554123,1.00076902635162,PCR
7.07703731218461,2.33919764935085,1.83844478711298,0.547530982460567,0.510975214155098,1.00079929474431,PCR
5.89288017935308,2.2155876482634,2.03408840675655,0.500955580293791,0.500832373390699,1.00566220633578,PCR
4.90070593305569,2.09616952880262,2.26666614317033,0.508505099300158,0.507750779132845,1.0310687789165,PCR
4.05565840797998,1.99568659032805,2.55012902135146,0.523937772407009,0.518025606192461,1.07532785190808,PCR
3.27887432826445,1.969251709687,2.92639991165184,0.864965573614539,0.795807680138923,1.13941275064497,PCR
2.72305483558658,1.84037086674886,3.2943640257944,0.766701355189663,0.700784052007326,1.22360987190876,PCR
2.25838301123757,1.71678064509354,3.72029420711274,0.682319287710925,0.619567665418097,1.32559811806943,PCR
2.0054373454693,1.59750122349376,4.2094384866591,0.609687690043667,0.549544615809158,1.44531903669395,PCR
2.00076381186044,1.48183992870727,4.76170145641029,0.546769976203798,0.500117052503672,1.57781298698717,PCR
2.00600676261507,1.36943988580072,5.37959426161595,0.500799356610906,0.50090825949211,1.7218784478434,PCR
2.00095096803408,1.25948655021774,6.06647071269806,0.500118744774631,0.500142406586881,1.87875455843971,PCR
2.00481965080851,1.15178156687524,6.82523117949729,0.500564455063271,0.500713393172559,2.04944967662731,PCR
2.00382951916808,1.04669730651627,7.65904057516111,0.500412410155211,0.500562608570041,2.23518377185518,PCR
2.01314182209383,0.944674025411201,8.56980288974938,0.501293918349581,0.501905250067175,2.43709835935984,PCR
2.05791246676088,0.846225514678133,9.55838547638606,0.505110343489003,0.508307004922297,2.65669050532061,PCR
2.0464723348649,0.751910333278042,10.6238007758886,0.503658086949787,0.506592263311286,2.89537199961954,PCR
2.23760763149123,0.662303627660156,11.7630211730045,0.515825211618638,0.533242199988167,3.1544774928614,PCR
2.09303906734261,0.577980522182425,12.9709708078453,0.505432212522641,0.512898116632037,3.43558050396601,PCR
2.2160309469631,0.537746008869031,14.2371219714802,0.510359979067327,0.52993660234653,3.73823197521771,PCR
2.0032353005833,0.500606509603439,15.5503231732038,0.500133154108379,0.500440970937032,4.0642383052156,PCR
2.03881613147677,0.507700590318328,16.9059164258686,0.501253903508821,0.505257973146058,4.42102861439448,PCR
2.12998934854612,0.527342274849779,18.2845698287553,0.502997165501398,0.517539764082906,4.80684717695477,PCR
2.28115691610049,0.562866905769465,19.6721204418255,0.503770341507911,0.537924160895133,5.22364329968262,PCR
2.13556463158507,0.531651972430766,21.0540450824188,0.500901369866097,0.518332793644165,5.67342004493495,PCR
2.2856577185827,0.570878334639271,22.4160383204363,0.499998930034341,0.538972822907596,6.15822753094542,PCR
2.13911670992239,0.536068422851224,23.7444696255893,0.501761131210255,0.519176226339072,6.68014472046374,PCR
2.28511831821332,0.578776640062846,25.0266027200321,0.506948476746049,0.540177069168234,7.24125561696751,PCR
2.13983968282801,0.540496808679973,26.2512190198879,0.515527046539746,0.520123674165099,7.84362941859314,PCR
2.27803170298167,0.586308193956667,27.4090884825701,0.527498226966936,0.541571005475742,8.48929642068768,PCR
2.13689262165228,0.544797358699199,28.4931497390698,0.542894151773356,0.521178097887531,9.18021563158249,PCR
2.00254587197046,0.500881979149227,29.4984915580175,0.561775537711946,0.500410981646636,9.9182415784224,PCR
2.12955645925093,0.548885797602374,30.4222539181566,0.584230548777177,0.522360495780395,10.705085032672,PCR
2.00591110133226,0.502387900618972,31.2634413290985,0.610373407856912,0.50108267079415,11.5422735263737,PCR
2.24623854468551,0.612969355953261,32.0226488040881,0.640342757873035,0.550713681830105,12.4311040845757,PCR
2.24629794705021,0.626524664782217,32.7017724312327,0.674300278002955,0.556623393490943,13.372596607993,PCR
2.23909552702695,0.640263328181446,33.3037384685027,0.712429480881538,0.56278308473382,14.367450953562,PCR
2.22395923012189,0.654143014035833,33.8322212494855,0.754934430542485,0.569215922210733,15.415999444184,PCR
2.20022751640932,0.668121956673581,34.291350687858,0.802038144870986,0.57594563044155,16.5181543306231,PCR
2.01018050157495,0.509586005134556,34.685478632768,0.853980776151307,0.504344815033138,17.6733601991709,PCR
2.01705460071845,0.521749292268552,35.0190160886979,0.911017737232054,0.509956418727908,18.880558570526,PCR
2.01692036789808,0.534143222009258,35.2963208573402,0.973417558084569,0.515820169520365,20.1381605714966,PCR
2.00919506457751,0.546737183811174,35.5215878932975,1.04145925697043,0.521959438090524,21.4440210205311,PCR
1.99422074487662,0.55950071667587,35.6987174083632,1.1154283600541,0.528397748216844,22.7953415495519,PCR
2.02964762341779,0.548688571685181,35.8197667035729,1.19514897033649,0.529065943029118,24.1915216641223,PCR
2.11970009510435,0.509291213399348,35.8961588686928,1.28136870709445,0.504588382674123,25.5915339464675,PCR
2.27197277861739,0.500232379253475,35.9108865188135,1.37361872994901,0.500117197071034,26.9620661032683,PCR
2.49802806708533,0.52474311067763,35.853906222091,1.47141263096113,0.512791102016989,28.2572384676955,PCR
2.81343194171527,0.530873236311962,35.7152003295014,1.57392383413529,0.516374249556837,29.4186871879917,PCR
3.23748716447058,0.53694229757357,35.4831217593754,1.67983505318483,0.520135966864486,30.3755571773091,PCR
3.79146993205098,0.542892198049413,35.1444322588537,1.78721366833238,0.524064272452383,31.0455276352119,PCR
4.49432106945961,0.548652374955349,34.6851452198108,1.8934081757996,0.528134289375501,31.3397101456042,PCR
5.35459667947108,0.554140942528748,34.0926827204263,1.99502394965072,0.532303994219976,31.173799239379,PCR
6.35864194915195,0.502778564514986,33.3597854331519,2.08806765105867,0.501702506985202,30.4869804118581,PCR
7.45813980663789,0.508530872498563,32.489960614312,2.16834751673312,0.50539532982666,29.266206481499,PCR
8.56454172260989,0.514021571584597,31.5029485529138,2.23214729656196,0.509143067910548,27.5669874682815,PCR
9.55933646125997,0.51920242480057,30.4373232980732,2.27703517649708,0.512876945599951,25.5170915833037,PCR
10.3222551387411,0.524058808557698,29.3474511776811,2.30250404131805,0.516524302179381,23.2942572420471,PCR
10.7662186297003,0.528617931722883,28.2946280227016,2.31013156103694,0.520024006100669,21.0844062083516,PCR
10.8604593147919,0.532943675025125,27.3357781437844,2.30317232483634,0.523337333132822,19.0405164631544,PCR
10.6309622083204,0.537123853727354,26.5144717357448,2.28578885942303,0.526454054991159,17.2604298624751,PCR
10.1426385753565,0.541254241214208,25.8570585582688,2.26226399029558,0.529389725633953,15.7872231342576,PCR
9.47597143420276,0.545425996878802,25.3735846132898,2.23644119259932,0.532178224318664,14.6234004364427,PCR
8.70840482834444,0.504163478463203,25.0613750955434,2.21145713171039,0.502925449713505,13.7480365366635,PCR
7.90403248706917,0.508865631067736,24.9091951361115,2.18970298107203,0.506148894080684,13.1304315671241,PCR
7.11033384002849,0.513577211088975,24.9007897360094,2.17291437421603,0.509272095125604,12.7386501177927,PCR
6.35918021013473,0.51835673130584,25.01742746772,2.16230844118502,0.51232571452045,12.5438216407768,PCR
5.66972695849788,0.536867605678791,25.239542674907,2.15872041719809,0.52430535108083,12.5217130983389,PCR
5.05160602397553,0.555831678843462,25.5476970908534,2.16271520044054,0.536150238884974,12.6528270212256,PCR
4.50786636774787,0.575387261987265,25.9231516238878,2.17467383199069,0.547993175795226,12.9218318158742,PCR
4.03741719004169,0.517109214057426,26.3481888195174,2.19485651486854,0.510769012933406,13.316703177624,PCR
3.63666732159116,0.580653265045648,26.806250438446,2.22343779307166,0.549990607750245,13.8278528453174,PCR
3.3010690406266,0.554697079531881,27.2780708551151,2.26032626146977,0.535829684842734,14.4498486992191,PCR
3.0233875103262,0.575739298578042,27.7567037780234,2.29377455568682,0.523942057569337,15.1714837701557,PCR
2.76420466254011,2.61566730019433,28.1008527676033,2.02930254345705,1.33851126720271,16.0764715686351,PCR
2.60854770053256,1.9646406111864,28.4616452735173,2.05707347459652,1.11924041963639,17.0834630308105,PCR
2.50253226159671,1.47001020682875,28.8659942413139,2.10024530090737,0.9363892947257,18.1465110265873,PCR
2.4428743237878,1.09523329121442,29.2836289404149,2.15651005709748,0.783045645939608,19.2544347913784,PCR
2.42838058961968,0.812384120270537,29.6903310237298,2.22406122177728,0.653967969241669,20.3930819876416,PCR
2.45982894109162,0.599900356740677,30.0664425464763,2.30137224371192,0.545084780652541,21.5446386693884,PCR
2.54010852443121,0.502684609307697,30.3942989897361,2.38734848685379,0.501618382848297,22.6894897949302,PCR
2.6748573526407,0.501034800575104,30.6494340435475,2.47974597573574,0.500630026495874,23.8099262653667,PCR
2.87192253982193,0.53880889388568,30.8222436277902,2.57702415245977,0.52395752156977,24.8732473529111,PCR
3.1411300645452,0.514202271844913,30.9065306317309,2.6776661192471,0.508886746438083,25.8371798934742,PCR
3.49379537190624,0.556748606264729,30.895845070647,2.77970292960624,0.53618794201883,26.6522412870256,PCR
3.94143619249264,0.531817750231386,30.7836018210929,2.88063969088432,0.520639378319504,27.2627607930281,PCR
4.4931427611048,0.506783613270406,30.5636323180108,2.97744067055324,0.504482044710883,27.6103332504017,PCR
5.15136818911526,0.549069202145902,30.2313312267988,3.06658281499064,0.533203729211423,27.640081047261,PCR
30.96,6,36.58,33.76,2.56,18.14,PCR
32.8535794630495,4.03397574646696,20.4905014685337,34.344075438107,1.83773112660331,10.3872442118586,PCR
33.080560645189,3.10919596958124,11.9422667798161,31.4922718488926,1.39443237220385,5.87564757663118,PCR
31.9142820145604,2.59238097287726,7.39411617996184,27.4529558849314,1.10174600952554,3.38469417773254,PCR
29.8336491500209,2.26612719397764,4.89204221252603,23.4237366844753,0.897545897687206,2.02871230858228,PCR
27.264729481503,2.0413689875587,3.44951897010078,19.8618456024013,0.749051633087998,1.28080839917622,PCR
24.528580269782,1.87627262016255,2.57648787081698,16.8679646801385,0.637369440687925,1.00539664000697,PCR
21.9091205470452,1.74897255300432,2.02339029211396,14.4027550878245,0.550062399365587,1.01124446050966,PCR
19.4661207465942,1.64706847703104,1.65870347295496,12.3802109411056,0.500739926823392,1.00296384204403,PCR
17.2159082500724,1.5631474126513,1.4106452088705,10.717677771815,0.500984144424593,1.00355697126182,PCR
15.1652110715595,1.49236744785929,1.2381226695748,9.34378991920278,0.502894192080039,1.00925925867013,PCR
13.312837283521,1.4314453460637,1.11660118439248,8.20046854658907,0.501427531886422,1.00388280982309,PCR
11.6475031322561,1.37807757679907,1.03088780312192,7.24146148142371,0.501265915766789,1.00279051637288,PCR
10.1674369914419,1.33054201554325,1.00327410848516,6.43162448509741,0.50302491004323,1.00506077502679,PCR
8.85342249656424,1.28714623426719,1.00635153519247,5.74376538363289,0.508425549122818,1.00946001315413,PCR
7.69266473624349,1.24716474368111,1.00070545575411,5.15467896760484,0.50147928624308,1.00096570447257,PCR
6.67177463045397,1.21010585300862,1.00040437489408,4.64600091148621,0.502210829975551,1.00033543496322,PCR
5.77721066414405,1.17557423187956,1.0004370858935,4.20343677453745,0.50287946602043,1.00345673819848,PCR
4.99660394552714,1.14320693734079,1.00856319816857,3.81584896527143,0.503520157611833,1.0235845616514,PCR
4.31827204093932,1.11263376671944,1.02579395577245,3.47453021492598,0.504124088425272,1.05969635864902,PCR
3.73073315793948,1.08354233397578,1.05142771247562,3.17245230857617,0.504716380554168,1.11124475295448,PCR
3.22321268799386,1.05567526634224,1.08503043275621,2.90388882379881,0.505306502216521,1.17826142667528,PCR
2.78582201917442,1.02881319376872,1.12637298631446,2.66415678717173,0.514490431823723,1.26125008589202,PCR
2.40960597614174,1.0027680016686,1.17539041614722,2.44939604868871,0.506810786272409,1.36111669077763,PCR
2.08655426415497,0.977377067954024,1.23215348935097,2.25641305966774,0.524435280315093,1.47912761677044,PCR
1.809569333856,0.952497816797818,1.29684534312176,2.08253912239461,0.516931449271216,1.61688235415042,PCR
1.57240665650389,0.928004007836831,1.36974617004324,1.92552472607912,0.509437322697592,1.77630137159193,PCR
1.36960239934232,0.903783338511807,1.45122430208165,1.78346649046443,0.501864396571364,1.95962547437378,PCR
1.22275605946823,0.879750734497183,1.54168652898794,1.65475435113206,0.553615476542226,2.16942168530504,PCR
1.07186935330193,0.855840288446282,1.64149301596636,1.53795879480858,0.517042831309062,2.40820314736226,PCR
1.00499346726086,0.831886546084451,1.75126498856418,1.43175029120495,0.501409444934802,2.67798397800233,PCR
1.02127242880452,0.807861503959148,1.87073763603399,1.33478612577598,0.506484520743739,2.97785638683178,PCR
1.01600295205465,0.783720277104158,2.00036234769727,1.24623030884118,0.50528505054604,3.30956874414272,PCR
1.03643595714787,0.75941589017266,2.14087651425129,1.16541422633036,0.513333017791494,3.67602556295784,PCR
1.05372532150833,0.734907784115374,2.29306232371419,1.09172936363798,0.522135000604304,4.08026362609474,PCR
1.01258317161225,0.710162517036872,2.45775286334079,1.02462595983193,0.505712789130822,4.5254499246933,PCR
1.02815898339323,0.685153709412836,2.63583018185354,0.963604673403425,0.51492622807812,5.01484804520846,PCR
1.03949539922341,0.659862681897145,2.82822594254019,0.908214277115671,0.525157035505817,5.55178279275476,PCR
1.0084676676092,0.634279031924955,3.03592000964744,0.858048363876116,0.506307895690904,6.13958811346328,PCR
1.01758159721347,0.608400977485605,3.25993699415388,0.812741278426577,0.517071774456785,6.78154724466428,PCR
1.02113456780782,0.582236205432679,3.50134443133743,0.771966936076447,0.529169759214957,7.48082067449535,PCR
1.00360596502497,0.555802548529914,3.76124817466079,0.735436753858818,0.507081968796189,8.24035592716937,PCR
1.00436908214844,0.529128275894245,4.0407852735079,0.702897003977718,0.519849529653197,9.06279766723519,PCR
1.0000024093676,0.513895541524573,4.34109101347121,0.674131330298398,0.533929859373023,9.95064922616832,PCR
1.0078827202903,0.500778230826002,4.66286193763153,0.648931086491534,0.501894974118968,10.9054784297569,PCR
1.03361005060545,0.505260832357121,5.00644329059786,0.627074696816572,0.512792749211492,11.9233383803877,PCR
1.07974150262221,0.50039508585593,5.37197217309486,0.60840147907866,0.500960043970821,12.9995789124971,PCR
1.15004652452512,0.512548905796187,5.7593562040705,0.592762320377619,0.530419419116549,14.1253006406387,PCR
1.24983283329095,0.509582693399733,6.16804313417659,0.580022821947852,0.523170845529616,15.287483725518,PCR
1.38649821030274,0.506209129221921,6.59683117501097,0.570055385792304,0.514959128514671,16.4677247679721,PCR
1.57007744195902,0.502397424550321,7.04365593207051,0.562727396078054,0.505746043190444,17.6411009471052,PCR
1.81392223538834,0.518004157415222,7.50529463164634,0.557886353094268,0.542752177286607,18.7747083702416,PCR
2.1353073485268,0.51427319188147,7.97699768954101,0.555339388211571,0.533545436810087,19.8261834108308,PCR
2.55563421669187,0.510056366829984,8.45206016967728,0.554826557838636,0.523319246737085,20.742572523686,PCR
3.09958719684408,0.505345287436878,8.92138489947635,0.555988599426442,0.512183496895912,21.4602894588138,PCR
3.79246207270903,0.500731754380947,9.3728566669681,0.558340419396011,0.501633727063258,21.9096539491076,PCR
4.65292597915198,0.502203995418606,9.7926435338563,0.561217080913434,0.504777134501031,22.0130016204122,PCR
5.68308332905847,0.508584875162829,10.1643449136722,0.563824937299995,0.517927479874381,21.7108580357506,PCR
6.85471953966839,0.512491942625565,10.4721073288355,0.565264805406614,0.524969722925617,20.972192277782,PCR
8.09869530349049,0.502104520272543,10.7036677208295,0.56466554518528,0.504020005931265,19.8158056187231,PCR
9.30691226865457,0.505425334559961,10.8534046720221,0.561366506639956,0.509792334671258,18.323538854522,PCR
10.3501485015764,0.518029164141942,10.9277871930668,0.55505808865803,0.530408947600112,16.6190178668202,PCR
11.1150073750639,0.501187936485779,10.9410810223902,0.545915686041941,0.50189066989023,14.8573629906214,PCR
11.5317225187904,0.504870051335881,10.9162094160028,0.534458364213209,0.506530327032067,13.1730854790207,PCR
11.5888883715898,0.50196172754449,10.877875791195,0.521429587003366,0.502010326658061,11.6636343504779,PCR
11.3278122979581,0.509153536851395,10.8491776646447,0.5077495374288,0.505609722416308,10.3788024361574,PCR
10.8194853971034,0.506849046182376,10.8484511602471,0.502481049059229,0.502414402763662,9.32954149186039,PCR
10.1434948596091,0.505499695513142,10.8875976006843,0.501717904541043,0.502071414678801,8.5024751570021,PCR
9.37316189106314,0.518313126994633,10.9746623755317,0.503688133340988,0.514490348303412,7.87286125284402,PCR
8.56898949971815,0.506108633355253,11.1140705424665,0.500731208065928,0.50733800131602,7.41310087428997,PCR
7.77724318091551,0.520911778171817,11.3073676256839,0.50110055755635,0.533585344077636,7.09725310964441,PCR
7.03126166267554,0.549663935848118,11.5540408421344,0.500767394645474,0.59310143521235,6.90285641883038,PCR
6.35368397478977,0.504796771503362,11.8520831204005,0.499992583676512,0.509683140671559,6.81113287763408,PCR
5.75833412781373,0.540785309622914,12.1982682258229,0.50221610078669,0.586870201977892,6.80651741903174,PCR
5.25102130832943,0.598230680407773,12.5881573547285,0.508404247396438,0.715730137774058,6.87599491183599,PCR
4.82866438939908,0.671527329871618,13.0167125621953,0.518664227351764,0.882408130890747,7.00871252078372,PCR
4.47655339531821,0.531851126662244,13.4789860033539,0.53273083713203,0.571112358188499,7.19618809157228,PCR
4.16354553005553,0.575549719682252,13.9713299241324,0.549687553997778,0.664711141029033,7.43355972635294,PCR
3.83530048607443,0.543548425913246,14.4934479442159,0.567595047299726,0.570510641633316,7.72242775247043,PCR
3.45677152838875,0.507396080814017,15.0504053069835,0.585191789379188,0.505287374204255,8.07424997428915,PCR
3.1221402080946,0.52973537473644,15.643648941193,0.606832665243491,0.520925251977794,8.49541081797287,PCR
2.8351985306262,0.535177060260082,16.2688421748986,0.633410218329154,0.524520920168622,8.98496999245895,PCR
2.59162896426448,0.541009309423633,16.9212720000768,0.665596671127611,0.528445991239052,9.54211089625308,PCR
2.38746903377129,0.547241853878791,17.5957381459517,0.704208677792334,0.53274884930218,10.1659964820881,PCR
2.21923975651558,0.581580114588535,18.286472313277,0.750236085869945,0.556788978084992,10.8554467043893,PCR
2.08402874032888,0.56158093945019,18.9870782536713,0.804870414405831,0.54314124164759,11.6086038596052,PCR
1.97955441048798,0.540124629160581,19.6904510043578,0.869539481087113,0.528363795222329,12.4226205176803,PCR
1.90422838041834,0.517199436487998,20.3886905000543,0.945946756770119,0.512297587386223,13.2933050811368,PCR
1.85722644904129,0.58636879015997,21.0729991612128,1.03611513519596,0.563014232016551,14.2147127772154,PCR
1.83856858724013,0.562840372846746,21.7335801731176,1.14242548459518,0.546598466009896,15.1787404888364,PCR
1.84922479425788,0.537888691623907,22.3595289613688,1.26764799219141,0.528602674147705,16.1746904374109,PCR
1.89125759034779,0.511601212562536,22.9387189775843,1.41495781675341,0.508928801064932,17.1887860297866,PCR
1.9679999663545,0.587889587067993,23.4577015298105,1.5879181434638,0.569694479481664,18.2036532255323,PCR
2.0842606588791,0.560939572323936,23.9016457904094,1.79040709942919,0.5493908385797,19.1977969800413,PCR
2.24653744196868,0.532946731103422,24.2543549387681,2.02645868908944,0.527312562806249,20.1451043196596,PCR
2.4631870670992,0.50415070633002,24.4984225009161,2.29997444072665,0.503521782547152,21.0144528836857,PCR
2.74443860385871,0.583950090476471,24.6156255545378,2.61425774061133,0.573663619989619,21.7695876736027,PCR
3.10241304695077,0.546153652313432,24.5828034348573,2.97130410811551,0.542243681927796,22.3751642509801,PCR
3.54966979682105,0.501677438659055,24.3910457067462,3.37090123953885,0.501539589971213,22.7768425409299,PCR
4.09695836017283,0.51104835528485,24.0242394218908,3.80967477262452,0.510410129823548,22.9315781107423,PCR
70.61,2.41,4.41,3.87,4.6,13.79,PCR
67.79394898861,2.28152098510815,3.06709627203838,2.87278498550735,3.38948641859295,4.60939834496055,PCR
59.2624939252957,2.18879687730395,2.25367247727499,2.16005238434869,2.69459352052543,1.72159643929543,PCR
50.3402916634515,2.11717415422313,1.77603942235895,1.67815809166208,2.24942188687306,1.01240202862881,PCR
42.6245790571482,2.05828612155193,1.49174174829365,1.34851101045428,1.93978500388893,1.0199423936593,PCR
36.0953422030356,2.00744498457953,1.32178602201847,1.11590500059317,1.71511916287481,1.02049920532527,PCR
30.5637153531933,1.96188488024371,1.22496219418536,0.946913505962128,1.5476869399163,1.01874968693578,PCR
25.8742190110449,1.9198484161547,1.17898355157334,0.820962436161279,1.42024653713917,1.09203927748574,PCR
21.897013389002,1.88013267531279,1.17152595069559,0.72494797169139,1.32159589169761,1.05572810665307,PCR
18.5229530794644,1.84185362785991,1.19590752040768,0.650270665998518,1.24419136039657,1.02983720152201,PCR
15.659986597827,1.80431492439973,1.24889647588978,0.59114043412717,1.18280279627208,1.01228064788798,PCR
13.2303261607755,1.76692976163949,1.32953287052041,0.543561798924992,1.13370723989057,1.00196715667196,PCR
11.1682671857405,1.72917274478708,1.43849796523649,0.51430077283746,1.09419329826924,1.02887807561413,PCR
9.41933251822408,1.69050009705364,1.57764156418489,0.501179474138063,1.06202873945239,1.00168779300369,PCR
7.93470124408248,1.65039384163876,1.74992086955011,0.502676173528492,1.03564161789029,1.00172222409116,PCR
6.67527049293693,1.6083856886735,1.95939276158833,0.503045146866607,1.01385860919116,1.00021435539432,PCR
5.6071077709942,1.56401364734776,2.21115792131831,0.502043721949489,0.995808508070819,1.01283450465453,PCR
4.70247448416521,1.51680259006989,2.51131686028722,0.507575384920238,0.980711167650785,1.04331486161033,PCR
3.93731399605715,1.46627346527956,2.86699104257131,0.503333734069811,0.96792348336405,1.09036665722166,PCR
3.29075997380045,1.4119561365995,3.28634215526523,0.506382017344326,0.956917759887457,1.15352728789598,PCR
2.74490213355593,1.35340941260169,3.77858373613587,0.502877936231558,0.947253996903269,1.23295706410788,PCR
2.28441065984405,1.29024975806297,4.35391613996136,0.508442242410797,0.938556704394369,1.32929596779877,PCR
1.89624076401353,1.22218856191901,5.02341672669418,0.504264767967948,0.930499826358154,1.44359236063681,PCR
1.56934501986803,1.14907548229632,5.79883913991144,0.500713910193786,0.922794947008823,1.57725944745048,PCR
1.29435919422755,1.07095677674352,6.69225847601733,0.50491562392431,0.915179804451285,1.73204294911058,PCR
1.06336516981755,0.988131907446894,7.71557629196906,0.501920835592473,0.907410950961618,1.91001190975242,PCR
1.00255069434552,0.901224631223584,8.87413119402323,0.50010123535368,0.89903515445471,2.11022399462158,PCR
1.02390209556181,0.811263734180584,10.1727281843535,0.500814464912093,0.889833266845885,2.33291668178324,PCR
1.03357480707636,0.719630016073822,11.6124206430112,0.500960868686923,0.879570658133254,2.57831141477481,PCR
1.01852884878454,0.628017714582647,13.1935369129081,0.500432618174961,0.868153570162149,2.84850329597187,PCR
1.0025621665846,0.538327855277851,14.9119197260887,0.500046074244118,0.855486250224737,3.14577477199752,PCR
1.02000145088769,0.507834791981367,16.7530742098758,0.500251219803408,0.841389279822852,3.47102924499596,PCR
1.02085724795328,0.508871617874766,18.6985711986408,0.500156185964071,0.825779705440091,3.82979303403563,PCR
1.12879391449097,0.559994181789452,20.7214592298056,0.500192076552407,0.808500562533166,4.22341921818438,PCR
1.01763695725521,0.508672857361339,22.7944521942776,0.50011551005117,0.789485690244443,4.6548217354074,PCR
1.04978629973267,0.526211230452347,24.8874538999393,0.501283258474589,0.768676205837598,5.12704580905867,PCR
1.08332142657924,0.546761046305285,26.9689724082804,0.503719951641905,0.74602358228321,5.64326633805521,PCR
1.1177527241631,0.570204963259198,29.0081080904282,0.507445354609713,0.721500134108898,6.2067657364932,PCR
1.15242653732612,0.596323874583221,30.9764319811224,0.512475744546451,0.69510419441347,6.82090833263264,PCR
1.0292333325575,0.519266117451707,32.8494270229914,0.518825131505919,0.66686432452754,7.48911182372086,PCR
1.06264497719338,0.543710765067957,34.6075160821239,0.526507202296697,0.636843762778743,8.21480992610162,PCR
1.0952118178739,0.570410198806966,36.2366044487561,0.535537668978756,0.605144518703359,9.00140857201098,PCR
1.12606496627024,0.599041632317508,37.7280943784041,0.54593677989222,0.571910607396026,9.85223631022375,PCR
1.08211608260616,0.568212042217548,39.0784752574011,0.557731986462247,0.537330216302964,10.7704870241807,PCR
1.025442298428,0.521968645446932,40.2475891526977,0.570678139862832,0.505224022864142,11.7428556190071,PCR
1.04185037044822,0.53958905753345,41.32612641303,0.585464218158576,0.506779559992756,12.8050523119358,PCR
1.00786154774633,0.508004056460505,42.2764319598553,0.602081844071413,0.501469479695848,13.9477893565892,PCR
1.06770537132116,0.576360962659254,43.1065660177199,0.620643870651907,0.515276145843197,15.1739910045852,PCR
1.11568535751699,0.647253887717631,43.8263297681736,0.64128783995752,0.532124524308992,16.4864372215727,PCR
1.04120660961469,0.558089118213518,44.4460090517475,0.664178802201189,0.513487212232075,17.8873892789118,PCR
1.07774125168189,0.63006903620078,44.9758885416879,0.689512695717432,0.532933682382335,19.3784738946508,PCR
1.01965629239432,0.53830114790046,45.4258224724565,0.717518717692988,0.51031735422535,20.9605837027906,PCR
1.04328819238903,0.61113441291582,45.8050256923424,0.748462937529514,0.532602725822933,22.6337683025659,PCR
1.0051864736176,0.517518851495018,46.1219366255422,0.78265272211323,0.505460447291881,24.3971187658383,PCR
1.00549096181753,0.531629147962144,46.3841441369905,0.82044150291362,0.51062566019662,26.2486667004011,PCR
1.00207659982941,0.545859634170674,46.5983662789119,0.862233442721797,0.516580970371457,28.1853096794116,PCR
1.00570918850726,0.505045212351975,46.733824258618,0.908801378108057,0.513382144312929,30.2148185784609,PCR
1.04437172052595,0.516064149872376,46.867030820179,0.959946382191054,0.506652639947664,32.2959095205346,PCR
1.12467789021491,0.51907649496014,46.9439605221478,1.01639899683168,0.510535977710823,34.4112920128214,PCR
1.25681763100554,0.515346665678035,46.9682653437683,1.07834656009594,0.507240668258997,36.5146179381869,PCR
1.45707977281375,0.562786776828427,46.9237459332797,1.14597919305863,0.531635229597803,38.5503523534842,PCR
1.75032144299468,0.535373692157519,46.7946847051279,1.21917195080557,0.518797660993914,40.4411508052891,PCR
2.17260923037839,0.550237325225724,46.5597353579354,1.29732843687562,0.528135571765424,42.0820837942336,PCR
2.77358234751328,0.528185240019007,46.1889239710212,1.37910234386496,0.516478186016843,43.3332230960939,PCR
3.61599734080766,0.518203140782433,45.6337214470029,1.46225557124156,0.511037577277995,44.0217688091236,PCR
4.76374547273049,0.521508878546398,44.8629621200623,1.54244649752722,0.513399193452818,43.925717141472,PCR
6.25496613816925,0.53989493986066,43.8160441156551,1.6143211725351,0.525297859026881,42.8477638167136,PCR
8.05248683233888,0.500814187647462,42.4586435068989,1.67116180388485,0.50051428437469,40.6651942794755,PCR
9.99123340987215,0.50929422105198,40.8017555183942,1.70657885319821,0.505822728105461,37.4369169880232,PCR
11.7598774655718,0.895880454084322,38.9180945690868,1.70287421708812,0.637609017793217,33.4644224158104,PCR
13.0757154911181,0.581148231430382,36.9180379779125,1.68922616919775,0.511144271887182,29.2412202026505,PCR
13.6959584979698,0.512013955218426,35.0806468179554,1.65581546460014,0.50637969002231,25.2085192408455,PCR
13.5882542768896,0.530373872933313,33.4923878894996,1.61079834066018,0.514838979204033,21.7200664383387,PCR
12.8838886834339,0.526871874253633,32.2451178100327,1.56157681168383,0.512045953864779,18.9146225121531,PCR
11.7859029192513,0.533629655098888,31.3761598349279,1.51387329192049,0.513759124483792,16.782157398629,PCR
10.4903951865735,0.528103004355781,30.8790909596562,1.4713089725267,0.510539771619928,15.2392022542714,PCR
9.14840889686423,0.522980825619672,30.7221043332225,1.43576848208173,0.507940192613264,14.1839476752608,PCR
7.85964919442408,0.542831930245471,30.8617976145177,1.40796937312248,0.513679662173612,13.5238017286076,PCR
6.68104873493191,0.563467425473258,31.251256120927,1.38795301910827,0.518979634704558,13.1843896628991,PCR
5.63891210451679,0.585272925249501,31.8441856398242,1.37543112182838,0.524237522021221,13.1098318345916,PCR
4.73981302694125,0.505089314205725,32.596542400786,1.3699914520198,0.501407812591603,13.2593540969199,PCR
3.97844695061988,0.526662988065912,33.4673315820352,1.37121669430532,0.507205536464428,13.6038960223779,PCR
3.34315459604589,0.549563836794652,34.4190053932093,1.37874693266657,0.513292560158159,14.1230234649071,PCR
2.81951907418509,0.573880685697226,35.4176981137871,1.39230598466542,0.519941607122458,14.8023707729636,PCR
2.39254331982499,0.5996153910076,36.4334887473988,1.4117113590771,0.527399766524037,15.6317954534403,PCR
2.04796347472733,0.507603487222385,37.4405971229465,1.43687503886304,0.502135210446195,16.6039456354108,PCR
1.77295989255058,0.532466929261875,38.4174688155909,1.46779979541259,0.50945242682595,17.7131475155955,PCR
1.5564933780802,0.558593183638201,39.3467171438137,1.50457410858355,0.517822897948351,18.954517039914,PCR
1.38942920443675,0.585845323264567,40.2148933294989,1.54736636076078,0.527449538191494,20.3231851415486,PCR
1.26454092644331,0.692322847134972,41.0120986289216,1.59641830211864,0.565544696623834,21.8135774366518,PCR
1.17647475178925,0.668859137117844,41.7314645917014,1.65203707724872,0.56063211113011,23.4186878356776,PCR
1.12173197685476,0.644299930154051,42.3685382045759,1.71458449934474,0.554695056645211,25.1292949373011,PCR
1.0987165727922,0.618779024528201,42.9206025100182,1.78446140944064,0.54758284107769,26.9330618670315,PCR
1.1080894123519,0.557823227352107,43.3632684291458,1.86252466949647,0.532437786339951,28.8213893073844,PCR
1.152781279943,0.516503651929442,43.7409826331148,1.94836623730157,0.507355670494666,30.7575799013691,PCR
1.23855203279282,0.515955512389506,44.0306627722762,2.04256926750686,0.50754022687711,32.7168504422957,PCR
1.37552550646373,0.508108093376315,44.2194056247675,2.14553230336293,0.504053560098553,34.6638333256957,PCR
1.57893642111721,0.528979551444353,44.3151184417479,2.25672318692924,0.515340785578264,36.5388732087084,PCR
1.87137912251708,0.536461460318056,44.2999935387479,2.3756132831491,0.520342596520288,38.2737734909591,PCR
2.28466692454707,0.604828529750567,44.1584220136773,2.50067301675639,0.561721212857123,39.773959393937,PCR
67.97,2.34,7.62,6.19,2.54,14.39,PCR
60.5071247794409,2.09639380115989,4.73633630703463,4.7740985564756,2.04691132453734,8.6509816872449,PCR
52.4584809124804,1.89956397465075,3.19438189344626,3.69305121487245,1.69749342270498,5.59470390757777,PCR
44.8003487939126,1.73267374513914,2.32034854281704,2.90065938848678,1.44200977226789,3.88677981148472,PCR
37.9192928433699,1.58692326336127,1.79790364642677,2.32223570659295,1.24992126570956,2.88231004844982,PCR
31.9172234474462,1.45727673013331,1.47194573433914,1.89531636717992,1.1018368114829,2.26349181886739,PCR
26.7685637937412,1.34059661840959,1.26239860298701,1.57477965673658,0.985068383804433,1.86744465801743,PCR
22.3961027881584,1.23477802387442,1.12571798609158,1.32947650151271,0.91937914304417,1.60675490697573,PCR
18.70799824617,1.13843513523348,1.03710183616429,1.13820924574333,0.903807094624256,1.43249611524082,PCR
15.6101192470179,1.0504285049903,1.0015400232638,0.986379926896727,0.902567349308863,1.31594109277219,PCR
13.0121715568,0.969662730423997,1.00125567078145,0.86398214305878,0.903786544597178,1.23958635291388,PCR
10.8394962603862,0.895628412757432,1.00125147584954,0.763916454096869,0.921257431893816,1.19244228457021,PCR
9.02787684971117,0.85407745709923,1.00539387763293,0.681281861484654,0.916682696253104,1.16740461772647,PCR
7.51363837542435,0.856425827605838,1.02094908097948,0.61067881532025,0.905127800122754,1.15968299098113,PCR
6.25165479388474,0.866221880060058,1.04805731461759,0.550379665369519,0.912301718490275,1.1661421835986,PCR
5.20046269875136,0.851029364966624,1.08561240948457,0.500798080114101,0.900780512221626,1.1846045906258,PCR
4.32554270863396,0.857423578720076,1.13258548033895,0.505117841017494,0.905221520890888,1.21351233287056,PCR
3.59781159708904,0.854395836388049,1.1882402810504,0.502916191837794,0.90299891220906,1.25179511374264,PCR
2.99250804030646,0.870721495636434,1.25239146245992,0.513192782073441,0.913717142418526,1.29875770342075,PCR
2.48904461323084,0.858939848266726,1.32499330254237,0.505513404137436,0.905794022178032,1.35394992812512,PCR
2.07028908311726,0.875438648361026,1.40610978150432,0.515109921013049,0.916123829428983,1.41710386559525,PCR
1.72198065939375,0.86246474793081,1.49589114281245,0.507187048770522,0.907778291009546,1.48809131522332,PCR
1.4323710515749,0.851763893894563,1.5943019992133,0.500987410075655,0.9010900706721,1.5669033566485,PCR
1.19138776363647,0.853451480761995,1.70212611205304,0.501867508783496,0.902089182885879,1.65359806014659,PCR
1.00745019526838,0.852828944400856,1.81942985960184,0.501486671510604,0.901712499145501,1.74832780233939,PCR
1.00168546955722,0.850644989329571,1.9452238806393,0.500329906219139,0.900386267835899,1.84977551740181,PCR
1.14932565566648,0.86967498032655,2.08441063293679,0.507427280899753,0.904580892819249,1.95682457674105,PCR
1.12413642143985,0.853849066785024,2.22877318935491,0.501872334082087,0.902308480609926,2.065950799729,PCR
1.00404571590663,0.851592148847724,2.37869568904234,0.500746560254048,0.900946962467106,2.18457320541178,PCR
1.0107406748347,0.854244330528663,2.53805450813662,0.501923059742518,0.902512815920589,2.31061011663232,PCR
1.05747015557811,0.872928534492427,2.70654454808956,0.50997293096494,0.913524446108912,2.44369748375613,PCR
1.07273029175561,0.879286267636311,2.88447194478416,0.512229910321597,0.917213154304786,2.584193962506,PCR
1.01083881810643,0.854397964875391,3.0721365807743,0.50177384584145,0.902577312117603,2.73248798904949,PCR
1.0111126675793,0.854552036695464,3.26981252531283,0.501756043718939,0.90265786095152,2.88898090455196,PCR
1.0113864013016,0.854710909751017,3.47774840564584,0.501731578252823,0.902740312616116,3.05408823012722,PCR
1.0116595429025,0.854875026132165,3.69616140266775,0.501699755027321,0.902824930348063,3.22824230080779,PCR
1.01193230426492,0.855044265361555,3.92523015786441,0.501660795022341,0.902911602465725,3.41189359387602,PCR
1.01220493253502,0.855218560025766,4.16509027992702,0.501614831104176,0.903000264875162,3.60551018034686,PCR
1.0124771474914,0.855398106298711,4.41582997345505,0.501561473262372,0.903091118226786,3.8095770883993,PCR
1.0127483535998,0.855583260579564,4.67748479880901,0.501500213630464,0.903184361305128,4.02459612647305,PCR
1.12464536919858,0.905506531979115,4.95003082508095,0.513399977217234,0.931494409707993,4.25108586145466,PCR
1.23647227198768,0.957161942081096,5.23338373789324,0.522887237373806,0.960494752389595,4.4895815196049,PCR
1.05144617202164,0.873474422952077,5.52738939949614,0.50475991079511,0.913225352819419,4.74063444992742,PCR
1.16316067335267,0.925849898830543,5.83182678830832,0.513236166989137,0.942529639618954,5.00481180898358,PCR
1.27456715698025,0.980159454803929,6.14639784609267,0.518996143050459,0.972651335261774,5.28269569865954,PCR
1.0899080542468,0.892949018350089,6.47072846388733,0.505797361878524,0.923932389208378,5.57488196883097,PCR
1.20103925523852,0.948055180813905,6.80436554511485,0.510424031434502,0.954420960639584,5.88197978435195,PCR
1.01690457536517,0.858313184661834,7.14677830914301,0.500792382457843,0.904607276656187,6.2046094356892,PCR
1.12772509352135,0.914214812772466,7.49735961790722,0.504284215549517,0.935469845451569,6.54340128628038,PCR
1.23764838569506,0.972283139348859,7.85542682556866,0.504679678289667,0.967361185168972,6.89899412880331,PCR
1.05490308710144,0.878509354209774,8.22022944755093,0.500782892148878,0.915690736859626,7.27203264421898,PCR
1.16423799760393,0.93741959033429,8.59094975026704,0.499951645486728,0.948030508941432,7.66316583120034,PCR
1.26729058417816,0.996957699127024,8.96487577616504,0.500045729689721,0.981007440950695,8.07132173780387,PCR
1.05821793251353,0.888406495937438,9.33316814866506,0.501890261020949,0.92351390439311,8.48957310743669,PCR
1.02271716407508,0.862747301068829,9.71455161025499,0.506163933047567,0.906998417862673,8.93724950648108,PCR
1.05796224678458,0.883323553747188,10.0983740279985,0.512692580752743,0.918310460026811,9.4064408693226,PCR
1.0477766927659,0.878096568190289,10.4822301761741,0.521553285644773,0.915462126621112,9.89676595153996,PCR
1.03771607368467,0.872711091049514,10.864693784503,0.532877134475313,0.912526115861458,10.408761870423,PCR
1.10121705865768,0.912820749146444,11.244242067133,0.546828665704112,0.934774089621939,10.942950138455,PCR
1.0831461162807,0.902936905577144,11.6193320141049,0.563604074286329,0.929410755308265,11.4998028916327,PCR
1.06540629579015,0.892771745828996,11.9883986930584,0.583431452365464,0.923869177478725,12.0797483049218,PCR
1.04806527809152,0.882329412287755,12.3498559902017,0.606578773310917,0.918136847752918,12.6831593614651,PCR
1.03119919084436,0.871616866424424,12.7021020536049,0.633359762635795,0.912200741266639,13.3103425890835,PCR
1.01488616077032,0.860641938301985,13.0435262546744,0.664137105307663,0.906047622194121,13.9615304790817,PCR
1.13705686538677,0.952951999900758,13.3725137574644,0.699327141056766,0.959186304907504,14.6368729151673,PCR
1.11876140663533,0.942492004873814,13.6874470942298,0.739406385954763,0.953646722927486,15.3364264639181,PCR
1.1010214006473,0.93176442397299,13.9867052712943,0.784918225291394,0.947887698086094,16.0601432067677,PCR
1.08392452999626,0.920780654376792,14.2686608496474,0.836480423831782,0.941895331032563,16.8078580002678,PCR
1.16164364354898,0.994998397018638,14.5316746812108,0.894793183894054,0.987209719742165,17.579275026678,PCR
1.02756445794549,0.875356652054736,14.7740886625912,0.960647392034941,0.915349886991738,18.3739536994547,PCR
1.10129741793724,0.950069086077784,14.9942192010757,1.03493029491203,0.9616916310071,19.1912980578301,PCR
1.16096543301044,1.02151560338834,15.1865569329567,1.11846751022169,1.00888297660983,20.0260913627408,PCR
1.03389146013125,0.884564801237874,15.3453504688507,1.21198542234791,0.925991404621606,20.8716558168205,PCR
1.01104400007881,0.862953493718644,15.4879896716044,1.31757454425338,0.908325490958909,21.7499168760747,PCR
1.03626643370707,0.896551592328841,15.6023641797757,1.43622587734987,0.930523581897116,22.6479221229226,PCR
1.01312741116764,0.868242163996411,15.6854486410835,1.56934078273591,0.912159411663378,23.5628156687598,PCR
1.05451008432426,0.936369237252374,15.7352545996475,1.71847200223836,0.959020956202842,24.4927624631264,PCR
1.03282735802821,0.907887192287759,15.7497601413116,1.88525398283545,0.940284976549865,25.435688075711,PCR
1.0146549954355,0.879255144880588,15.7269252140439,2.07138586863122,0.920749146397078,26.3892624341836,PCR
1.00022896072697,0.850531849301613,15.6647211941116,2.27860233026266,0.900384059861398,27.3508815169734,PCR
1.02275920462777,0.918896871778217,15.5611864184623,2.50861945317221,0.951340702045569,28.3176588462815,PCR
1.01027493841882,0.890111835531389,15.4144858138673,2.76307288234771,0.930541039418964,29.28646093121,PCR
1.00318896081672,0.867776881425753,15.2216332979996,3.04331322992768,0.913922222982455,30.2536296206955,PCR
1.00113421354913,0.862695267054542,14.9840841306839,3.35078605737382,0.910145111351159,31.2160904825972,PCR
0.999871321393593,0.882203090074835,14.6996268145655,3.68625720234699,0.926492571874815,32.1697324977732,PCR
1.00576112273417,0.856835583899808,14.3677183015037,4.05004605984901,0.90576548392698,33.1100365087008,PCR
1.02403608203745,0.880822722851335,13.9878209703054,4.44170694930635,0.92683224709848,34.0299914386277,PCR
1.05561833396381,0.855732487454982,13.5601514112291,4.85985616757448,0.905125125206528,34.9214545757742,PCR
1.10188318032458,0.879336433125005,13.0860809110129,5.30204778286668,0.927113365233035,35.7758160197141,PCR
1.16472028249708,0.854635940584276,12.5682063984006,5.76464958781488,0.904405631376486,36.5839695114545,PCR
1.24661809056726,0.877762122915791,12.0103893680899,6.24275259818213,0.927299745457499,37.3362939555194,PCR
1.35075812751733,0.85356034979545,11.4177163311045,6.73015134868083,0.903602066141381,38.0226325817052,PCR
1.48112895288396,0.876125735879688,10.7963909488137,7.21937981014759,0.927352508366965,38.6322435528888,PCR
1.64263292278616,0.852519574977445,10.1535296428148,7.70183684805901,0.902713647592703,39.1537331039807,PCR
1.8411947074743,0.874457697227318,9.49689682341356,8.16796495294697,0.927232823200503,39.5749568512439,PCR
2.0838143704395,0.851525333127418,8.83457635348046,8.60750347526435,0.901745666751351,39.8829279649498,PCR
2.37856089561581,0.872787626723335,8.1746250879847,9.00977214020578,0.926905278452303,40.0637373177308,PCR
2.73440460746694,0.850586147086717,7.52473740488435,9.36399168763037,0.900710496488249,40.1025800835862,PCR
3.16084949498204,0.871139019282369,6.89194425051476,9.65962425129662,0.926340483135388,39.9839353220281,PCR
3.66723903786844,0.890871335218331,6.2823971404298,9.88673320715396,0.952322609311234,39.6920483064371,PCR
39.41,2.55,5.66,1.74,7.54,45.219,PCR
52.2094656887957,2.66218608164121,4.71518651809433,1.61457679850851,5.38247740936409,32.3478899502228,PCR
62.3333664206064,2.7775049028878,3.64167445210381,1.38603016354331,3.83936600421713,21.3912024271103,PCR
68.6816510339641,2.90024056979419,2.67472342723781,1.12094449018727,2.74263551799456,13.4081084438332,PCR
71.661213489577,3.03150802511574,1.91671382907875,0.872299224692621,1.96592277082348,8.17854070663729,PCR
72.2641935513603,3.17077307132012,1.36607037538073,0.664654060268005,1.41589824090279,4.95506305076781,PCR
71.4018821133119,3.31690386102604,1.01207824743148,0.505820741272426,1.02534782179038,3.02189439114642,PCR
69.6524275416112,3.46614972802662,1.02050872144908,0.50875401962381,0.918259763373561,1.8699352758212,PCR
67.3638053339978,3.6150383820383,1.00020811925214,0.500095001165402,0.900194260912929,1.18044544750179,PCR
64.9791571801984,3.76916817145441,1.07973618227049,0.537544071963598,0.978188735164826,1.12204158585564,PCR
62.6803821178253,3.92526604534392,1.0611915268108,0.529624311074626,0.962743333935151,1.09483389213174,PCR
60.4815797804363,4.08297202348591,1.12390283198186,0.562074719441283,1.03409356660889,1.1950382158026,PCR
58.3770927311864,4.2419193129367,1.03492485698594,0.517958180234983,0.939351262938117,1.05563836674315,PCR
56.3616975566251,4.40173269435521,1.09398954841542,0.550211455080482,1.01224598295091,1.15243299435815,PCR
54.4305556554928,4.56202838398396,1.01622278618504,0.508921271093239,0.920231811370862,1.02667395155418,PCR
52.5791745325833,4.72241754151877,1.06901913370903,0.539601523652729,0.991620545862488,1.11582967507154,PCR
50.8033610621652,4.88251094673672,1.10789227231318,0.564732803783971,1.05274159440203,1.1850846789521,PCR
49.0992001953275,5.04192230889722,1.14018433180535,0.588219513150351,1.11230001307041,1.24630837991922,PCR
47.4630377850645,5.2002714727792,1.16634587224463,0.610177853092638,1.17041241688024,1.30004364547863,PCR
45.8914568367046,5.35718849886192,1.0173775482029,0.511792124801582,0.92919894814393,1.03174383738108,PCR
44.3812630680329,5.51231627572469,1.04883874760414,0.535077116483513,0.988575772357992,1.09194237929118,PCR
42.9294612047964,5.66531476474495,1.07453738758984,0.55692786454499,1.04660005917666,1.14510100364017,PCR
41.5332384252828,5.81586391329253,1.09484692422102,0.577439692615557,1.10336582793176,1.19167171278613,PCR
40.1899534142882,5.96366546371885,1.11011495865635,0.596700789650158,1.15895903741959,1.23207492649719,PCR
38.8971226151803,6.10844508623333,1.01209552655399,0.510999693601933,0.929715496516118,1.02602321389968,PCR
37.6524112602985,6.24995357060386,1.03169890185594,0.531339129693132,0.986324407586292,1.07172399078085,PCR
36.4536205638911,6.38796844644909,1.04654842806521,0.55050010049551,1.04183009635453,1.11160890368514,PCR
35.2986774568161,6.52229475295862,1.05693893325217,0.568556600252085,1.0963035022945,1.14603747890666,PCR
34.1856264767422,6.65276519950921,1.06314490291037,0.585577093646638,1.149809432042,1.17534417281691,PCR
33.1126208466349,6.77924009628092,1.00716810410079,0.510300798393575,0.930329468537527,1.02072722408996,PCR
32.0779167534926,6.90160697161134,1.01695950268527,0.528209749829844,0.984666382390305,1.05442079807047,PCR
31.079862957341,7.01977971297474,1.04394552460692,0.59240047184944,1.18430225869628,1.1680791419171,PCR
30.1168962244226,7.13369766605445,1.00971929465908,0.522510526500622,0.96985495952431,1.04008296381881,PCR
29.187539332726,7.24332459680992,1.02542898395657,0.583907473845416,1.16687848279405,1.13994001168708,PCR
28.290391117657,7.34864704121931,1.00446039430321,0.517301331357787,0.955500487133316,1.02816975823012,PCR
27.4241266404825,7.44967307343245,1.00960768399265,0.576080406342115,1.15007386879938,1.11510392803026,PCR
26.587484617255,7.54642976633279,1.00099964504238,0.512537652100752,0.941562331569916,1.01845845934762,PCR
25.7792169822278,7.63895200535142,0.998258924397602,0.568860869443777,1.1338333714147,1.09327710567921,PCR
24.998088156933,7.72728187950849,1.00118832048117,0.50818460098757,0.928003814160852,1.01074340235564,PCR
24.2801852719632,7.81497632260213,1.00850133026067,0.553997115253881,1.06364427366068,1.06745978719471,PCR
23.5586536685684,7.89543981674746,1.02166705994265,0.501891843962143,0.906611454152162,1.00220177851692,PCR
22.8467578137824,7.9705707026753,1.04057453143072,0.504071966036459,0.914670290932647,1.00437503635252,PCR
22.1549689489183,8.04119377461539,1.06502014568491,0.502331567770437,0.90855436387684,1.00230517126897,PCR
21.4819012183842,8.10725426706591,1.09518725917659,0.520579426271187,0.977224018889068,1.01836272052435,PCR
20.8261831433638,8.16870028925478,1.13134328655954,0.514743076196531,0.956379421420859,1.01193959493985,PCR
20.1865190579186,8.22548129715516,1.17384775674512,0.518465631693005,0.972152860143484,1.0132512215631,PCR
19.5696372482218,8.27901071609796,1.22272383330048,0.519768985262728,0.968534799338907,1.01324738694334,PCR
18.9601982110747,8.32657249131797,1.27911124653178,0.502927822695542,0.911915622454711,1.00160695226491,PCR
18.3613398017632,8.3689520281393,1.34353778988732,0.512348052197265,0.951595583036428,1.00546849749295,PCR
17.7739894858196,8.40642347116205,1.41663531215427,0.520006547245782,0.985952905860497,1.00667971871907,PCR
17.1970935739528,8.43889270750535,1.4992649790596,0.514972152726069,0.96600713108935,1.00351558044331,PCR
16.6296310960505,8.46624646769738,1.59241217685516,0.503197184805637,0.914450038815712,1.00045005846772,PCR
16.0706045560952,8.48834834436957,1.69720317236329,0.521710692039678,1.00201998887729,0.999964118107105,PCR
15.5190785557808,8.50503526023911,1.81491871638372,0.510509316812428,0.950868824637356,1.00114396929603,PCR
14.9744857445543,8.51611204359012,1.94701651511387,0.500039093526664,0.900194727112231,1.00712413076743,PCR
14.4364562524997,8.52134812480924,2.09513957242585,0.516437137597146,0.986474098572389,1.01791797448122,PCR
13.9045684845559,8.52047442528962,2.26112724462012,0.506610854733444,0.936198597301909,1.03361079732095,PCR
13.3783149761627,8.51317957223471,2.44703353423343,0.520763371906164,1.02127320348066,1.05436081164988,PCR
12.857160501021,8.49910649307159,2.65514408617498,0.511607620458216,0.971394553476573,1.0803994048758,PCR
12.3405617106846,8.47784968496663,2.88798782866446,0.503370980739078,0.921976632030195,1.11203582734638,PCR
11.827978658802,8.44895291219371,3.14834599853155,0.524774099187077,1.08135533212105,1.14966390171604,PCR
11.318892513621,8.41190815968253,3.43925418819003,0.500012459124538,0.900088468046657,1.19377040431476,PCR
10.8128280120886,8.3661561904726,3.76399503957625,0.503114578624079,0.926841626765441,1.2449445505188,PCR
10.3093751352798,8.3110886458512,4.12608153787078,0.505341076717297,0.953276407533352,1.30388813326372,PCR
9.80822485369919,8.24605275365519,4.52922156479882,0.506586641693145,0.979391188419455,1.37143278255204,PCR
9.30920217806786,8.17035964003997,4.97726034956344,0.50673265744839,1.00518388390262,1.44855760172642,PCR
8.81230016967207,8.08329668792049,5.47409716209538,0.505645811709469,1.03065302254787,1.53640846247905,PCR
8.31771651356121,7.98414466772512,6.02357128808858,0.503177965728018,1.05579828330676,1.63632039227533,PCR
7.82589124477233,7.87220027505908,6.62931163192246,0.499830333952685,1.08062212516306,1.74984309621412,PCR
7.33755021664488,7.74680117908577,7.29452051182469,0.500536583767823,0.907359765639789,1.87876880990572,PCR
6.85524514479837,7.60922236142293,8.02152082572598,0.505722434208943,0.913971691440449,2.02553474852099,PCR
6.37754921289041,7.45516749590551,8.81138272686673,0.515643950475352,0.902604193555348,2.19177775699693,PCR
5.90762095038065,7.28609916019286,9.66384903697734,0.530999887967763,0.901489177881785,2.38051071507741,PCR
5.44765909854113,7.10206741999027,10.5767853389228,0.552597458752886,0.90923387996985,2.59477807145524,PCR
5.0000727737483,6.9033032996646,11.5460370176347,0.581492516932903,0.900369580482247,2.83802963876595,PCR
4.56743699710321,6.69034194353336,12.5650365779204,0.619047649383054,0.953135685778401,3.11410589051488,PCR
4.15243461104422,6.46409284313648,13.624638986701,0.66702323993522,0.938671508252384,3.42727103318902,PCR
3.75771660889162,6.22584157151429,14.7130765001313,0.72767760954672,0.924332528381984,3.78219589563152,PCR
3.38576716753063,5.97725414552251,15.8159461353462,0.803922256824231,0.910093130463648,4.18395250462127,PCR
3.03876508232316,5.72033688413808,16.916487957002,0.899490982859559,1.01063919166713,4.63795656338402,PCR
2.7184619406128,5.45738328625431,17.9959198004037,1.01917267538891,0.960054905943107,5.14988755300056,PCR
2.42610064757282,5.19091419821041,19.0338236488887,1.16908535861138,0.909447548965408,5.72557507692335,PCR
2.16239680900068,4.92363320604017,20.0085814282485,1.35701537140724,0.975068621477186,6.37106520147355,PCR
1.92744772295473,4.65822426168037,20.8977410565508,1.59291234399238,0.913790418554518,7.09164456023364,PCR
1.72105662282147,4.39765983058049,21.6781978766674,1.88921502866444,0.933849307557398,7.8921298565392,PCR
1.54259993603106,4.14488307530494,22.3262357521849,2.26155390039491,0.922291184008346,8.77670553499833,PCR
1.39134305922093,3.90294640497498,22.817416340641,2.72909382587394,0.907685704374909,9.74789078426724,PCR
1.26660717483048,3.67496293206106,23.126462760952,3.3147393574308,0.916439143803564,10.8061543759506,PCR
1.16311739177886,3.45280918661328,23.2278619543015,4.04388935572213,0.900867077217641,11.9496585866217,PCR
1.0818299186739,3.24217988133189,23.0968773757676,4.94607472374834,0.910277098138144,13.1722580082776,PCR
1.02311209257674,3.0462453880367,22.7092200790236,6.05221497022239,0.913902180010553,14.4645716835199,PCR
1.00104393339153,2.86567912792746,22.0440472655424,7.39074123357264,0.907836631190843,15.8115499361325,PCR
1.00000170676873,2.7009706657505,21.0869342252487,8.98277879872055,0.90710226454937,17.1912644130794,PCR
1.01417251395363,2.55208895996391,19.8419060702252,10.8365135666795,0.914473505262197,18.5797996953907,PCR
1.05939951595083,2.41893531523292,18.3289315344124,12.9407912028136,0.959438899602659,19.9480956510822,PCR
1.14253463621547,2.30104543812919,16.5896621954748,15.259503577545,0.947147514094573,21.2628471721095,PCR
1.27406122744783,2.19766758060921,14.6883260681348,17.7301546573302,0.934043366952514,22.488941033311,PCR
1.46955194031269,2.10777990352087,12.706659501934,20.2678386411243,0.920067199971448,23.5912754237218,PCR
1.75169429267098,2.03013647557983,10.7339583390791,22.7742950453747,0.905207021138343,24.5360633741853,PCR
2.15301768425256,1.96334486561146,8.85469251476322,25.1493551324103,0.963150873524952,25.2910510606554,PCR
32.87,2.24,32.77,18.84,2.51,10.8,PCR
26.5943860463979,1.90784869457535,18.6896488110719,19.2586228752918,2.07952734331661,8.99234782802707,PCR
22.7239345000543,1.69909737634569,12.2843014958193,18.3274512060622,1.75098736809312,7.8251659131423,PCR
19.8209024055292,1.55048646640581,8.8443999091011,16.8881515854871,1.4938549077219,7.02902961261868,PCR
17.4147487593456,1.43698362325678,6.81606194151087,15.3243460510098,1.28895847820338,6.47971415169652,PCR
15.3238668233505,1.34623103050135,5.54674254961645,13.8091066692525,1.1231652035915,6.10846397686366,PCR
13.4711349162845,1.27124028763569,4.72166157029475,12.4143654253965,0.987136106870898,5.87318848294215,PCR
11.8201368207664,1.20769563822492,4.17438119448334,11.1633915084492,0.909460986217206,5.74670974479966,PCR
10.3514469148145,1.1529110879194,3.81084502051336,10.0575440505137,0.904030413342987,5.71153981035027,PCR
9.04985351429716,1.1049197072513,3.57515509151532,9.08680367527534,0.900086949739915,5.75563511637853,PCR
7.901202749317,1.06221836118134,3.43282187736143,8.23693464316445,0.901616870344117,5.87083285938292,PCR
6.8919523245327,1.02368423013345,3.36187396107712,7.49335185629298,0.92435423793321,6.05198814887582,PCR
6.00888445495176,0.98846288668267,3.34800780997316,6.84248954004969,0.936362689380457,6.29618083738606,PCR
5.23915692187829,0.955887735981728,3.38172057413446,6.27229062465098,0.935918437174895,6.60215802297222,PCR
4.57048533846178,0.925430366120472,3.45664030500463,5.77230986606317,0.935640850572284,6.96995805916816,PCR
3.9913233376361,0.896663384460874,3.56837416750753,5.33361694806332,0.935519384909638,7.40060722961306,PCR
3.49099579285853,0.869237272828623,3.71381499112117,4.9486374591717,0.93554591460376,7.89591046439334,PCR
3.05983021757807,0.851957917838791,3.89065504013517,4.61103098694191,0.906037421069064,8.45844914748831,PCR
2.68867905802589,0.851098114817773,4.09700337729783,4.31474004498685,0.903123888024497,9.09080603695547,PCR
2.36944242018442,0.858109045944916,4.33124111979087,4.05469275633233,0.919595095560925,9.79638298173207,PCR
2.09510442732748,0.857605461729961,4.5917902762268,3.8269224739809,0.915114096579596,10.5787182319375,PCR
1.85973485852467,0.853213678418798,4.87692292469656,3.62835535232439,0.90578935234039,11.4414800730286,PCR
1.65995467646269,0.852335863320322,5.18454115404099,3.45903184622278,0.907663136612884,12.3881286706451,PCR
1.49291699008824,0.850736885705519,5.51170334067482,3.31938484646867,0.902076579514766,13.4218139909947,PCR
1.35010596428672,0.851255355394867,5.85548106746446,3.20081063636062,0.903486993692156,14.545026878016,PCR
1.22985323138392,0.855751557622707,6.21251890751171,3.10412917097838,0.91568175061203,15.7604091866346,PCR
1.12938623676128,0.861320410123262,6.5789576110715,3.02811890454877,0.930349319791945,17.0696692956463,PCR
1.04640731437161,0.861613323033866,6.95056504105051,2.97184043443121,0.930718898181165,18.4736076038118,PCR
1.00361947272902,0.852159884931757,7.32214855636117,2.93453443812898,0.905575797464349,19.9705443750263,PCR
1.00310892974495,0.852340969237408,7.6876784795154,2.91529432321344,0.906086718007752,21.5524416108139,PCR
1.00734488505934,0.857737311169461,8.04179859080883,2.91373789010797,0.920013517073148,23.2135825228319,PCR
1.00858656649333,0.865054199140912,8.38050495206384,2.92985195249425,0.938843700908867,24.9500851289767,PCR
1.00135879090874,0.855090479395138,8.70004232842415,2.96382072967284,0.913135242427566,26.7567627154298,PCR
1.00017721014375,0.876891122907732,8.99698318507814,3.01601952244435,0.96966716385008,28.6270986799009,PCR
1.01015330829128,0.866038523014704,9.26792102889138,3.08704491010442,0.940004896389428,30.5536102078795,PCR
1.0360740207344,0.850585323971015,9.50950630627528,3.17732296162725,0.901532702083263,32.5211314190767,PCR
1.07982719826053,0.857645050381189,9.71844626853695,3.28751062740808,0.920267728584968,34.5139568727451,PCR
1.14415737700116,0.853003942566454,9.89182330013212,3.41827630455432,0.908060794389659,36.5141417303727,PCR
1.2328957003112,0.867631956207571,10.0270436054028,3.57021805186942,0.948132512606399,38.5004230402068,PCR
1.3512328125096,0.861565321865073,10.1217850489063,3.74377311360221,0.932074004887827,40.4487008942334,PCR
1.50616859099529,0.85532923046446,10.1739462967814,3.93906466874632,0.915037768296346,42.3316027682688,PCR
1.70696052716132,0.870425080920133,10.1815681613977,4.15570300672838,0.95899337999718,44.1181899801793,PCR
1.96574888867975,0.856553584070263,10.1427870061952,4.392513456257,0.919285039686116,45.7733924430634,PCR
2.298449241593,0.850292913259707,10.0556498626699,4.64743800581554,0.900878163668134,47.2605594272152,PCR
2.72471580851646,0.853683770720797,9.91868184099893,4.91618354323325,0.911362865784992,48.5276444771923,PCR
3.26947739330061,0.863074190182276,9.73012956742848,5.1930443406104,0.941507175546978,49.526412302047,PCR
3.96230759454842,0.857728416567671,9.48860833224673,5.46954956929983,0.925198780457028,50.1989040575453,PCR
4.83650053842671,0.852463301787513,9.1932374227234,5.73418922506008,0.908264468755165,50.4816977114217,PCR
5.92600618896932,0.861427371609572,8.84405945183766,5.97219528891748,0.939740777614217,50.308844660956,PCR
7.2596048803653,0.850886581853472,8.44262224102409,6.16591169725394,0.903186214697128,49.6187359382204,PCR
8.85071248655878,0.855697279823434,7.99286901492558,6.29562945920811,0.921310751589698,48.3612211556415,PCR
10.6851507389827,0.853997093685209,7.50187677494449,6.3423599709947,0.915594406378292,46.5170859533355,PCR
12.708492899808,0.858296408972878,6.98052599810325,6.29079821563028,0.934003817559054,44.1096658171389,PCR
14.8189015288533,0.854900621198099,6.4435121364112,6.13334007011119,0.921082645923745,41.2175946022049,PCR
16.8731268781339,0.851840666126981,5.90837319985478,5.87303477461804,0.908331531688489,37.9746306865945,PCR
18.7079965709755,0.864383999270857,5.39353629487333,5.5243655600946,0.969437907356334,34.5543080897456,PCR
20.1732812164441,0.860989748261233,4.91580475846835,5.11097106698807,0.955834218207303,31.1412745528011,PCR
21.1628880299124,0.858004055141717,4.48820726906938,4.66093376289536,0.942672372057579,27.8999736652413,PCR
21.6328953317113,0.855410712557329,4.118836764276,4.20154476267438,0.930124222116411,24.9517404017833,PCR
21.6010124142543,0.853170252783536,3.81093147059286,3.75526269524696,0.918312921473335,22.3666413198915,PCR
21.1316551843547,0.851228525859617,3.56386785183797,3.33782152902883,0.907306342673726,20.1686341347464,PCR
20.3152094051374,0.859253049598509,3.37452318172876,2.95828151018519,0.956367267225427,18.3480046549293,PCR
19.2490177963292,0.857273120942246,3.23855493785195,2.62026097062798,0.944732384760935,16.8750221481901,PCR
18.0239594236771,0.855516799748035,3.15136246917453,2.3235592751295,0.933957651151213,15.7111209711383,PCR
16.7171297233144,0.853926151135447,3.10868959588407,2.06565294960945,0.923984579003509,14.8164430093163,PCR
15.3893061637764,0.852448974935975,3.10693061857448,1.84284363968851,0.914732966199654,14.1541180295508,PCR
14.0854488318746,0.851038647200142,3.14323034232612,1.65103297015132,0.906110187270663,13.6922023932247,PCR
12.8367535397667,0.858025691965555,3.21545787166113,1.48619040471468,0.945527605564242,13.4041764751927,PCR
11.6632509542263,0.861029235245824,3.32211075598039,1.34460196145824,0.96012107378871,13.2686707724113,PCR
10.5763692101838,0.855554649735338,3.46218420677896,1.22297580252632,0.92922846119637,13.2688462585505,PCR
9.58118631303597,0.863306639814148,3.63502612355527,1.11846928672929,0.966103611411284,13.3916820104736,PCR
8.67826118248733,0.857680704296175,3.84018564375567,1.02866327614557,0.936383331102031,13.6272737441616,PCR
7.86505978259817,0.851735736182006,4.07726185756283,0.951513291957309,0.907770412366813,13.9682043204433,PCR
7.13701293127411,0.860237747888208,4.34575817722356,0.885298353691915,0.941278275803869,14.4090183855386,PCR
6.48831052962653,0.853883916301637,4.64494478390038,0.828570949278886,0.914147797493136,14.9457772488457,PCR
5.91245067963847,0.863215337824983,4.97373401070892,0.780106906062083,0.938832185180646,15.5756865551472,PCR
5.40260837879967,0.856371217747252,5.33057764668928,0.738862160924035,0.914678735150332,16.2967955641345,PCR
4.95188331980156,0.866435022236449,5.7133931484175,0.703935926989343,0.918750202280898,17.1077522756592,PCR
4.55344030780868,0.859074417255152,6.1195295102925,0.674538659256347,0.900811612901601,18.0076115639433,PCR
4.20054517032282,0.85138397026289,6.54577734124426,0.649960959975029,0.910767623073669,18.9958092727548,PCR
3.88633137909365,0.861450788208931,6.9884404426911,0.629528813645992,0.965071258124502,20.072907576065,PCR
3.60371115602231,0.853575539212425,7.44347110247892,0.612576124983816,1.07660262013332,21.240938362116,PCR
3.34541523296717,0.862395267063787,7.90665855630816,0.598433795700916,1.26039274475126,22.503268239824,PCR
3.10379368676956,0.854856105256287,8.37385731923882,0.586404594483064,1.53367191577161,23.8650449388491,PCR
2.87047890090759,0.860021933798303,8.8412540114628,0.575730735104597,1.91585541080036,25.3340045080141,PCR
2.63597535825813,0.853657085459846,9.30566810855678,0.56556048820852,2.42851286281015,26.9213937613206,PCR
2.38906262289504,0.850111198692876,9.76487482405664,0.55490643713894,3.0952809917372,28.643215741078,PCR
2.11586838385444,0.850633459125329,10.2179596919467,0.542587671329186,3.94170111068,30.5220534482978,PCR
1.79844528235897,0.85962807456412,10.665693293004,0.527143203920973,4.99514923918713,32.5896221495927,PCR
1.4125288136491,0.880832185782084,11.111033932354,0.507136222391769,6.28447656640896,34.8906340180398,PCR
1.30638076119587,0.901288664571519,11.5535047273229,0.524254494085373,7.27453435805655,37.4631996619655,PCR
1.40656955392269,0.863726548094422,11.943886829158,0.564307772113815,6.1897514124789,40.0342035176998,PCR
1.54107951794049,0.853240340160596,12.2825212854531,0.610577596738597,5.25968085180227,42.5179810689437,PCR
1.71783177534345,0.852907608771344,12.5665022619103,0.663696088645965,4.46104754061056,44.8803741657063,PCR
1.94715066372316,0.851131440084641,12.79357258075,0.72427703796417,3.77542652731214,47.084410793241,PCR
2.24232730120294,0.852395999669508,12.9615391818918,0.792834630154857,3.18758099709961,49.0897189649459,PCR
2.62017547946086,0.856518892926333,13.0678905340637,0.869679257469272,2.68460562348896,50.8517810718447,PCR
3.10144933614682,0.852538923040823,13.1095572966562,0.954777353043217,2.25540621812265,52.3211406680381,PCR
3.71087167032342,0.887398688079984,13.0826733453488,1.04755398049072,1.89028929181731,53.4428966866036,PCR
4.47635959872949,1.15939275527514,12.9812577376353,1.14638684117233,1.58029297658656,54.1569766414287,PCR
45.06,6.88,16.76,2.21,3.71,25.39,PCR
42.8405813077503,6.53944126080204,13.827028439406,1.90411093164693,2.9271656251446,19.9305400437856,PCR
39.7469412857697,6.29122540834628,11.7707161510522,1.60676080317624,2.36701329517962,16.1525072383909,PCR
36.2533561913245,6.10451047123153,10.358856333124,1.34376904954765,1.95384640920295,13.5547877370754,PCR
32.6724856713517,5.95876937470631,9.41933510916656,1.1224768049472,1.64104220447949,11.7807157988359,PCR
29.1942231651358,5.83998926286191,8.83272328178605,0.941138313980531,1.39875702982021,10.5890604095891,PCR
25.9247663526861,5.73826711139719,8.51918415376423,0.794542480318419,1.20723592199461,9.82045204405437,PCR
22.9163573630381,5.646324576741,8.42695243118705,0.676776729078342,1.05305154333747,9.37098129657872,PCR
20.1878308273498,5.55857293770708,8.52383745552734,0.582410519553312,0.926848480275839,9.17377296235692,PCR
17.7394186687301,5.47100385076194,8.79128150427863,0.506913224759045,0.900595070689241,9.18742029190923,PCR
15.5617248048394,5.38032108853206,9.21712362391673,0.507006087993072,0.911927238468372,9.38706096136121,PCR
13.6367153997044,5.28292950304435,9.79474943312679,0.501806628771172,0.903341293938501,9.75861520836086,PCR
11.9412594454567,5.17601503992532,10.5266623524153,0.505581466171608,0.91167686794691,10.2969065728974,PCR
10.4523528387958,5.05708534928055,11.4183484579777,0.507934067845102,0.919700486693993,11.0030528881529,PCR
9.14809024476711,4.92395623043939,12.477050829656,0.517632096117944,0.958842615996753,11.8828467028764,PCR
8.00816965431197,4.77478715889521,13.7105065918071,0.50674649939923,0.93094288086447,12.9453206698352,PCR
7.0140931650636,4.60815450023125,15.1258033407412,0.500428876335067,0.903323276916698,14.2017046211958,PCR
6.14921358142106,4.42315172848168,16.7280786537797,0.499698045707803,0.940572583433806,15.6642979503797,PCR
5.39870549843686,4.21950621370579,18.5188232991382,0.5035645596847,0.912883572641503,17.3451585425124,PCR
4.74978148156484,3.99784873214098,20.4926650921179,0.519446543523935,0.902208213582251,19.2552400068225,PCR
4.18816006339221,3.75650604841019,22.6362703688122,0.549096259446687,0.901816061859657,21.4003113779446,PCR
3.68928486943409,3.48230887874619,24.930654506793,0.593994132619919,1.05814827886979,23.7908938189019,PCR
3.2847196113068,3.22070043338515,27.3418334621169,0.663672935799776,0.943536561891628,26.4168222070082,PCR
2.94281429738967,2.95086331524584,29.8242285752024,0.763181864731501,0.901182854124036,29.2589616186165,PCR
2.65771844733592,2.67823624324005,32.3227750778697,0.903874030489757,0.904054741964756,32.2982014501734,PCR
2.42420245932607,2.40796855492243,34.7703365137668,1.10250106118382,0.922547901313638,35.5017345274834,PCR
2.23810484282605,2.14511822931986,37.086769428687,1.38387514581212,0.907500672123298,38.8249707289868,PCR
2.09665650902846,1.89445694164949,39.1769659959809,1.78462974895061,0.926765780363589,42.2128087781402,PCR
1.99704156673885,1.65827665733568,40.9275298788529,2.3563977298413,0.908978585162062,45.5968854791056,PCR
1.93157015062825,1.43125859591204,42.2086208949844,3.16472514038891,1.198944589903,48.9220915220285,PCR
1.92843539912381,1.24051880238677,42.8517341913162,4.3327579269449,1.01754503741504,52.079454125577,PCR
1.98298880847597,1.07186950267501,42.661368102069,5.9737490473251,0.919170102779751,54.9483437365233,PCR
2.11304634564456,0.926243187410663,41.4395109534859,8.21813025465097,0.91560678960838,57.4270326637328,PCR
2.34907903592837,0.850603397698756,39.030547446928,11.1530119296127,0.900887217179275,59.3959627100056,PCR
2.74195115097123,0.860775994140667,35.4068483389279,14.740125405186,0.917911490538385,60.7260868666883,PCR
3.37463579574161,0.8499988797521,30.7656707492016,18.7366337463595,0.900015721701779,61.2967695186481,PCR
4.37721789621369,0.851058718185442,25.5451097460625,22.6788480497001,0.902441399517114,61.0046918928311,PCR
5.94184321877087,0.850728420065834,20.3123704311883,25.9842702537512,0.902067382771277,59.7655522050193,PCR
8.32400665851888,0.859775169738927,15.5700987094977,28.1304129439264,0.935767768506187,57.4935085428091,PCR
11.805034040111,0.859098523093949,11.6120586879017,28.7979693995119,0.944160641616731,54.0951940759672,PCR
16.5785217427024,0.858743813889458,8.50648709727679,27.9162266323659,0.961050979702264,49.5023334407319,PCR
22.5488243157101,0.851386985651628,6.17246997047666,25.6395604648182,0.905933343456627,43.7811072373917,PCR
29.1275182939339,0.850811370540672,4.47363863239692,22.3136519387546,0.937764484961448,37.2822812796134,PCR
35.4466480823734,0.850745145812186,3.25916243651498,18.5373462389951,0.900794069739136,30.5633901337465,PCR
40.4528672633788,0.859876097797687,2.40543071353246,14.7747024774004,0.901090577976713,24.3008027816791,PCR
43.5092339262501,0.878326519426494,1.81332953980559,11.4150002388435,0.901635003103829,18.9814547570785,PCR
44.5301117125515,0.904770147048423,1.40625081099834,8.64708914159237,0.919810554271754,14.7826702071576,PCR
43.8408870669625,0.938005240808128,1.12751725722608,6.4890458394655,0.935548103344694,11.63249267802,PCR
41.9249067965767,0.976972431895808,1.0026548554991,4.8637392910555,0.90239269180593,9.34140911299956,PCR
39.2235515135913,1.02041089597946,1.00069209675958,3.66490940075721,0.900737509911494,7.70453025590894,PCR
36.1179007905328,1.06771215413859,1.01079562890656,2.78605022132701,0.91478430802945,6.54860755898832,PCR
32.8863352744604,1.11856450194375,1.00778045216363,2.14016229249537,0.915027561236048,5.74160431863625,PCR
29.7089919218546,1.17274894607268,1.00447414446956,1.66217081822746,0.915211593204934,5.18915467103411,PCR
26.6934999166766,1.23011770159711,1.00140399130148,1.30509558439589,0.928280217605634,4.82634153376702,PCR
23.8980018060181,1.29056651080846,1.00498371080713,1.03548373993267,0.914710188524957,4.6093634594408,PCR
21.3463844007736,1.35394835675896,1.03149979338205,0.82974988095574,0.902522469803171,4.50934228625386,PCR
19.0421563686243,1.42006699601247,1.07997379092963,0.671122550570893,0.931237818394731,4.50777787281953,PCR
16.9778616447457,1.4887221603343,1.15067575093065,0.54759081392138,0.9195996862218,4.59360402162774,PCR
15.1411516617757,1.55965280265274,1.24457767806683,0.503758536241276,0.903337487847666,4.76097417621689,PCR
13.5168636547084,1.63235877332899,1.36289949986721,0.502173133760505,0.901931654889352,5.00747134957757,PCR
12.085993011311,1.70653470244712,1.50839476353021,0.507681074979988,0.906903772802203,5.33429560879868,PCR
10.8292329768705,1.78183029572649,1.68482706663302,0.520555862158932,0.918901303746132,5.74518639537763,PCR
9.72847045484565,1.85781268510851,1.8968012434254,0.508222771651458,0.907757839624449,6.24596864342581,PCR
8.76707121151013,1.93395626429319,2.14980093506149,0.53002220223409,0.929506936967637,6.84419907023933,PCR
7.92999315424846,2.00962636638707,2.4502669985433,0.518212763652784,0.918655950793952,7.54893305203378,PCR
7.20377103697957,2.08406576151735,2.80564504956412,0.522613287060578,0.924505750163336,8.37041937843853,PCR
6.57645040714951,2.1563818892105,3.22441478492644,0.540541011639609,0.947437479534076,9.3197509593399,PCR
6.03751786047181,2.22553532288355,3.7160944209869,0.516347030285947,0.920428363768049,10.4084662618043,PCR
5.57781017898254,2.29033176403961,4.29119102145451,0.531789264877819,0.944355291672504,11.6480201324455,PCR
5.18941275971748,2.34941998153541,4.96106646024195,0.510730294308045,0.916458468210915,13.0490804856448,PCR
4.8655704582507,2.40129981494897,5.73770426778803,0.523184056752894,0.941738341433262,14.6207405639645,PCR
4.6005939964028,2.44434308092476,6.6333251506774,0.50593957122314,0.912309334543398,16.3695226439633,PCR
4.38977596918424,2.47683061612865,7.65985324377537,0.514800708600587,0.939290881167729,18.2983229369816,PCR
4.22930424114182,2.49701102233139,8.82817259147409,0.502295364983208,0.907691815378545,20.405252091524,PCR
4.11617763756257,2.50318164129258,10.1472023275503,0.506892075707333,0.936692278375048,22.6825530460497,PCR
4.04811572189502,2.49379272759464,11.6227924880273,0.500248602104814,0.902326136380805,25.1156636400105,PCR
4.0234539950197,2.46757341445335,13.2564818389804,0.499899119724248,0.933603930377558,27.6825918109166,PCR
4.04124888766737,2.42378560717937,15.044095193862,0.503796374208569,0.9147842267897,30.3548754488635,PCR
4.10040883703285,2.36176357718371,16.9730132307408,0.518748823992015,0.900324915277675,33.092967849517,PCR
4.20005289315044,2.28149143241503,19.02166740167,0.546309495052478,0.909574241137969,35.8542769152088,PCR
4.34003131232993,2.18411087591289,21.1591997198378,0.58894799459996,0.911854277860158,38.5907504444911,PCR
4.52054422201738,2.07173538067141,23.3455395588295,0.65025851430911,0.914641269632846,41.2515564121593,PCR
4.74202175970605,1.94725977927388,25.5319120587031,0.735328188374903,0.937709333816942,43.7854658065612,PCR
5.00526424424766,1.81423321456048,27.6622919704473,0.851204816765882,0.95191934177142,46.143128142502,PCR
5.31174062526651,1.67684888353367,29.6750034103062,1.00746245552781,0.901029606241856,48.2803401712486,PCR
5.66399302773009,1.53965702457972,31.504432086618,1.21689217930538,0.913991642750516,50.1532756032199,PCR
6.05404254682876,1.39917475407581,33.0844556505304,1.49467401501383,0.904819481306721,51.7310285634148,PCR
6.49632643438507,1.26627835742168,34.3481775186537,1.8626124098825,0.903603717691165,52.9857600892236,PCR
6.99342554659505,1.14057822824691,35.2283722764744,2.34467838474258,0.919328319660395,53.8939701651431,PCR
7.55576452710942,1.02406033470197,35.6603454413038,2.96755210318529,0.900192361810277,54.4355939024235,PCR
8.19910065760526,0.918096375425138,35.5845785217891,3.75622452786202,0.916397272956757,54.5914585736828,PCR
8.94588057164015,0.851467596139377,34.9528261672945,4.72678351272444,0.90265507271901,54.3420095031558,PCR
9.82566568458305,0.874809434948906,33.7374240568538,5.87471318795412,0.947342798015968,53.6646421254984,PCR
10.8749773950534,0.852053709549588,31.9491246755695,7.16314444860294,0.904154569208792,52.5390237415669,PCR
12.1328989831129,0.859344015394033,29.6496396155439,8.51312905324853,0.920796430310058,50.9455434824177,PCR
13.6341906869966,0.85495142960081,26.9550424162915,9.80420329488722,0.912360058368601,48.8780660791741,PCR
15.3966695630507,0.867106448167134,24.0266965849443,10.8908906884971,0.95026433801545,46.3493792196824,PCR
17.4049851683231,0.859903046933561,21.0464662395551,11.6344304588615,0.934638537396417,43.4018827509915,PCR
19.5955144465005,0.854376596488681,18.1839955668528,11.9395221186131,0.918929502620131,40.1146193341716,PCR
21.8502230534231,0.850603486942127,15.5694596964102,11.7800547244808,0.903396632156133,36.6038109641629,PCR
67.92,4.87,6.92,11.19,1.085,9.34,PCR
58.416833582143,4.60021796183735,4.32730242850313,8.85497349855445,0.9076561909908,6.1258611154914,PCR
50.0632296780178,4.40845155507446,2.97851563993596,7.1264914488184,0.902258032497644,4.37796293573709,PCR
42.9033775043606,4.26337702779147,2.2173200213026,5.85746899154324,0.90725077260807,3.36476166052055,PCR
36.8283337152253,4.1481715677507,1.75969661193902,4.91503065181417,0.902952975122031,2.74873822141491,PCR
31.6895417675593,4.05329552891695,1.47174225464461,4.20272365179778,0.900849101076619,2.3633304263853,PCR
27.3407590785602,3.97292845507936,1.28540132180401,3.6540968422244,0.900284027423442,2.12113492669854,PCR
23.6526605423246,3.9033045091364,1.16382590169878,3.22374638457772,0.903023205342444,1.97389019865928,PCR
20.5162544321988,3.84193965973186,1.08598937408523,2.88044317823755,0.901373305192919,1.89391126543919,PCR
17.8400330247158,3.78682876381543,1.03941708227929,2.60224281368624,0.905349893634435,1.86488476228251,PCR
15.5501317248987,3.73678424283687,1.01646662674358,2.37373983698416,0.91452874218068,1.87727629324811,PCR
13.5878265166692,3.69143194812607,1.01235613809276,2.18408245368057,0.909507221793993,1.92562878880834,PCR
11.9074769042824,3.65126430658572,1.02408395070789,2.02573785474306,0.924325477132017,2.00715961460766,PCR
10.4731334262576,3.61732279689486,1.04975272757946,1.89342022201576,0.948832046335942,2.12084933813795,PCR
9.25654951764517,3.59091688183515,1.08819607504703,1.78345595253424,0.913565894206925,2.26695906134937,PCR
8.2349297363319,3.57342256698762,1.13869586786507,1.69324231764083,0.968533756541542,2.44649460077003,PCR
7.38849589659183,3.56602265349499,1.20083396497832,1.62082493081687,0.934075842683799,2.66120654923574,PCR
6.69727277978629,3.5688760344079,1.27437882091811,1.56431481991562,1.0244743983774,2.91323151563417,PCR
6.13608626548022,3.57998736429398,1.35926264387832,1.52113761677732,0.960620489199362,3.20515373916667,PCR
5.66782167010955,3.59345052456271,1.45567180509278,1.48701567734735,1.04454854716721,3.54021571007803,PCR
5.23469814787111,3.59714923967974,1.56433115775092,1.45467565540136,0.94718362621279,3.92306534395512,PCR
4.74811379392795,3.57002170465224,1.68708973882201,1.41233524850288,0.900344184942588,4.36134176199509,PCR
4.07725099089142,3.47967609428103,1.82796999067954,1.34212458499995,1.205424371535,4.86964398942618,PCR
3.61955786784474,3.42515282764054,1.99089247658928,1.29879547457834,1.27473297473807,5.46465637894399,PCR
3.28285270291531,3.38610324359868,2.17445796311834,1.27082544038892,1.22744789897596,6.14454643585376,PCR
2.99278046025517,3.34553081885484,2.38039304419192,1.24872839388069,1.18155470901047,6.91806472236009,PCR
2.74417584147789,3.30317521460346,2.61065727824934,1.23247315169565,1.13668328059664,7.79464213809536,PCR
2.5326669357726,3.25877027147899,2.86732349516569,1.22215585416591,1.09250899961738,8.78382070684834,PCR
2.35463199256067,3.21204536404394,3.15254861774349,1.21800861913266,1.04875134897516,9.89492970325152,PCR
2.20712167918677,3.16272813074789,3.46852386108423,1.22040582847977,1.00517135925441,11.1366507815793,PCR
2.08781501898643,3.11054834495831,3.81740955355615,1.22987813685189,0.961571696932785,12.5164872295972,PCR
1.99501080473034,3.05524319515344,4.20124679279056,1.24713640789357,0.925070915299767,14.0401214098289,PCR
1.92770927409066,2.99670654116325,4.62185340381037,1.27314719676194,0.916600374900056,15.7113535620835,PCR
1.88555415698732,2.93480345409555,5.08065367906948,1.30912158932924,0.902953718287862,17.5305267547981,PCR
1.86888668992774,2.86938248166081,5.57848273802967,1.3565646858333,0.908980187344589,19.4938456920001,PCR
1.87884082972039,2.80029237301255,6.11534773067368,1.41732307789104,0.907371896842753,21.5924709814696,PCR
1.91749854184779,2.72741894356972,6.69011846886387,1.49368481258046,0.925493493145552,23.8116977124383,PCR
1.98807961725297,2.65072096495303,7.30015945977973,1.58847168153353,0.909397525813392,26.1303850482761,PCR
2.09513712533616,2.57016701377741,7.94082912864638,1.70508816061111,0.903706551155874,28.5197185212199,PCR
2.24497199233976,2.48593824240869,8.60497592072159,1.84769681506365,0.906244172244457,30.944447509678,PCR
2.44595652442444,2.39829660117822,9.28229518840568,2.02124170125462,0.935108828817411,33.361649391502,PCR
2.70896633875838,2.30763961763481,9.95876122543285,2.23146509248522,0.929255571920643,35.7213950026271,PCR
3.04797014328735,2.21451647193361,10.6159163180418,2.48484790000189,0.922524210945328,37.9669255182305,PCR
3.48054572919778,2.11963483714411,11.2304365921809,2.78831599033907,0.914903371633671,40.0353014926882,PCR
4.02829630521491,2.02385966297016,11.774069427284,3.14862365861302,0.906403542695949,41.8582667017506,PCR
4.71701588678035,1.92820391525582,12.2141637561941,3.57126558773,0.943663240247588,43.3633763835638,PCR
5.57620854835691,1.83380541885906,12.5152550249367,4.05874508651342,0.935274069635744,44.4758726200588,PCR
6.63747286279745,1.74188890224721,12.64203641557,4.60816129064968,0.926047270379756,45.1217647538857,PCR
7.93104313395177,1.65371192320207,12.5639384406614,5.20830485418594,0.916059202411445,45.2328383239579,PCR
9.47974592111604,1.5704963966483,12.2610470599662,5.83694297576041,0.905411977201163,44.754233280108,PCR
11.2899713068315,1.49334974186939,11.7303487892615,6.45953088490292,0.948527671212214,43.6547659248776,PCR
13.3404263202552,1.42318473030662,10.9904152341552,7.03093866629064,0.937685927515061,41.9388948959707,PCR
15.571919387312,1.36069072404177,10.0823104868072,7.50141600053848,0.901489383137083,39.658270645416,PCR
17.8805508650977,1.30611950595023,9.06509075096824,7.82563983432187,0.917285944018361,36.9128063056456,PCR
20.126599631613,1.25952916943473,8.00627745859632,7.97421960908497,0.925361234093712,33.8504582842315,PCR
22.1534929213348,1.22063582233427,6.97025618781032,7.94001321194288,0.911914159663196,30.6444715492254,PCR
23.8176703495963,1.188914832956,6.00820246073512,7.73941370588542,0.933332269114342,27.468102806204,PCR
25.0172216185672,1.163680559022,5.15279411654252,7.40635877300574,0.920007425389829,24.4682246258507,PCR
25.7080124978485,1.14416705983982,4.41828184290042,6.98296239995226,0.9074278107194,21.7484704090865,PCR
25.9032492862419,1.12959818399048,3.80433753924239,6.51048501027764,0.926382428536277,19.3651812437917,PCR
25.6599363548622,1.11923837236997,3.30131867842322,6.02333737758659,0.914416080307027,17.3340250123648,PCR
25.0599822941627,1.11242285223106,2.89505793445452,5.54666504719814,0.903486584967046,15.6418871783776,PCR
24.1927820824215,1.10857052714272,2.57030707157966,5.09662141757509,0.91979514993321,14.2590812430107,PCR
23.1428600181138,1.10718469270419,2.31276065733396,4.68203981857191,0.935842907734147,13.1490288252799,PCR
21.9830484525738,1.1078466079783,2.10999230730546,4.3064720650092,0.927013291929835,12.2746543550269,PCR
20.7720275781759,1.11020588717718,1.95170308982129,3.97000835281679,0.919015291578674,11.6019165028334,PCR
19.5545635759697,1.11396958947523,1.82961309770911,3.67073167742024,0.911769997795336,11.101442244961,PCR
18.3632782974248,1.11889206047594,1.73718523642526,3.40566388878432,0.950913729588234,10.7487833231864,PCR
17.2207798592713,1.12476398839709,1.6693242363696,3.17141476565417,0.935849320876547,10.5241639323689,PCR
16.141794809446,1.13140058224238,1.62208939522757,2.96458906405314,0.932501968359075,10.4120386744173,PCR
15.1350988596692,1.13861368266043,1.59245061810566,2.78192013904818,0.907366526680613,10.3998351532122,PCR
14.2048171433301,1.14622535674555,1.57809320351355,2.62037882413986,0.916006913443329,10.4781941847376,PCR
13.3517021530422,1.15404775463639,1.5772647476533,2.47720760414512,0.920886874861512,10.6399677816154,PCR
12.574071267842,1.16185793920921,1.58865659451936,2.34990381107354,0.902834156047201,10.8797027356128,PCR
11.8683473404168,1.16939880679669,1.61131539463806,2.23617799964383,0.903838345862713,11.1934621822649,PCR
11.2295580398286,1.17636883498493,1.6445804986974,2.13391419839044,0.900597970505252,11.578447459513,PCR
10.651629049647,1.18241324296612,1.68804020657149,2.04112218533985,0.921786812081843,12.0329856165096,PCR
10.1274618834277,1.18713013292072,1.74150660381911,1.95587364697724,0.979631643850708,12.5567895635519,PCR
9.6489752856664,1.19006568234634,1.80500857150551,1.87624316309648,1.08562467369069,13.1507829188171,PCR
9.20710628584384,1.19069541208431,1.8788012577422,1.80026420272331,1.25343048144725,13.8171997875849,PCR
8.79162474111125,1.18841141553849,1.96339451773898,1.72586258536467,1.49897997022593,14.5599755827397,PCR
8.39082828408608,1.18250306427519,2.05960565430427,1.65077679754033,1.84053539418019,15.3852080165814,PCR
7.99102720202289,1.17212593469955,2.16864481142341,1.57245664101681,2.29870633774361,16.3018955268464,PCR
7.57576468142428,1.15625836704818,2.29224682867507,1.4879239950485,2.89640156921179,17.3230112430268,PCR
7.12465596601545,1.13363902239529,2.43287272458352,1.39358111354607,3.65868828019765,18.4670303434024,PCR
6.61164381440819,1.10267946833777,2.59401981312753,1.28494028592634,4.61249564337156,19.7601926795942,PCR
6.00232914109036,1.06134439601161,2.78071079182378,1.15622903202408,5.78612782488925,21.2399211619801,PCR
5.24985941398344,1.00699278082909,3.00027859498011,0.999812055627468,7.20844862979429,22.9601103260266,PCR
4.28838129951971,0.93617430550664,3.26366766037096,0.805320156486184,8.90753059453166,24.9996134421902,PCR
3.03537670595815,0.896896528743505,3.58770052886442,0.626154351242008,10.8806289449446,27.4766799532152,PCR
3.38235824811274,0.921947344819873,3.95745202966096,0.663818756952854,9.5180167187007,30.195560246048,PCR
3.83568879448067,0.942707876602491,4.34720089960356,0.706426445969219,8.34294150790102,32.8174575563789,PCR
4.4218518168995,0.959233618003363,4.7509536726861,0.754489951191835,7.31976978359413,35.2575111093657,PCR
5.17203384608377,0.971620280936407,5.15969655251209,0.808273884507859,6.42308071438039,37.4217130524669,PCR
6.1207228710555,0.980027200233972,5.56080960764567,0.867646929853909,5.63425122382059,39.2100288934371,PCR
7.30202092131771,0.984697761683903,5.93780375190179,0.931890192887969,4.93917640769491,40.5216029913322,PCR
8.7428451530138,0.985975683096967,6.27066623144877,0.999482074792798,4.32681845676346,41.2628241798066,PCR
10.4525581520355,0.98431314404243,6.53726679451311,1.06792173585481,3.78820968286681,41.3591661164201,PCR
12.41023129101,0.980265876373253,6.71612209982323,1.13369346418896,3.31578463126527,40.7703376813739,PCR
14.5534325204821,0.974471292879743,6.79031977623408,1.19248780622134,2.90293467608358,39.5056692644476,PCR
15.46,7.52,59.24,2.88,1.39,13.51,PCR
11.1546424459932,5.50404034801973,54.9655884755158,4.09408952691246,1.4724672587764,13.6606686649397,PCR
8.36548017654963,4.10642106446235,51.7980343447191,5.72174387605814,1.57112088095982,14.1912127618111,PCR
6.51435232030451,3.10681659587395,48.7574562055459,7.85961297283891,1.67918011222302,14.9626871731841,PCR
5.28993706847558,2.38034711326005,45.2598300555716,10.5527533608887,1.79038743745792,15.8807327409019,PCR
4.51049148074734,1.84852907359438,41.0209040190435,13.7314083029361,1.89863592896948,16.8677722403689,PCR
4.06571986612672,1.45794018636676,36.0643691380247,17.1600951053942,1.99845851641719,17.8556648808169,PCR
3.88939502451934,1.17020670900686,30.6959657298379,20.455096665084,2.08597867941433,18.7877775559575,PCR
3.94505715741015,0.957033440657495,25.3750616352685,23.1961608219128,2.15970979761934,19.6231662660798,PCR
4.21771800041505,0.892357308479026,20.5267993706742,25.0744088748082,2.22056260657057,20.337074814193,PCR
4.70837078075516,0.85066215618266,16.4066290534982,25.9728962245014,2.27063075095221,20.9158816086288,PCR
5.42959347956511,0.872558465544401,13.0829674021236,25.9591701903024,2.31328340875568,21.3491671862318,PCR
6.40139245489554,0.864228805512511,10.4908921373834,25.2031267504609,2.35167075810957,21.6229490809258,PCR
7.64632804672382,0.857243357271623,8.5049991077597,23.9004744294759,2.38823495559101,21.7167976966387,PCR
9.1831779767127,0.85138339073611,6.99171925769599,22.2269192910717,2.42460722310943,21.6051039114199,PCR
11.0188884942467,0.872162094393287,5.83414194610038,20.3231882922058,2.46174853265917,21.2617626677305,PCR
13.1394524964143,0.865986187929919,4.9393185536069,18.2969898953605,2.50015975055886,20.6671268904683,PCR
15.5015861262504,0.860690411074021,4.2371631791597,16.2311968855777,2.54009126881786,19.8157250747636,PCR
18.0283291388316,0.856161994762514,3.6764805305707,14.1919605499324,2.58172281889919,18.7226320717112,PCR
20.6118718429783,0.852305123960475,3.22068738103767,12.2339313815156,2.6253013308668,17.4260848794711,PCR
23.1251684026065,0.865573665440056,2.84409524248157,10.4020511217323,2.67122951995539,15.9846317868013,PCR
25.4404632823129,0.865193433658008,2.52889154159809,8.73083899462885,2.72010077486443,14.4689360175689,PCR
27.4490985528516,0.864831641185808,2.26277741271579,7.24286885130944,2.77268351944499,12.9507897979951,PCR
29.0766350407169,0.864506715232854,2.03714802236094,5.94800763359892,2.82986755577868,11.4927342802073,PCR
30.289516194198,0.864234887318391,1.84571343847223,4.84422497394994,2.89258840029802,10.1409404614314,PCR
31.0915730588634,0.864023042068495,1.68365617949175,3.92002102577777,2.96175512092871,8.92344034276547,PCR
31.5152028932491,0.863873551897229,1.54706470996594,3.15759903926702,3.03819297751536,7.85181117244696,PCR
31.6102729012928,0.86378367631844,1.43262797270215,2.53602133418318,3.12260613485599,6.92505260416211,PCR
31.433964470129,0.863747778166789,1.33749022988967,2.03378132387966,3.21556050059978,6.13399662473507,PCR
31.0433051301301,0.863758645005158,1.25917663731626,1.63055391952891,3.31748055559934,5.46507663195064,PCR
30.4904874317009,0.863808460785863,1.19555873559814,1.30818374097031,3.42865442051296,4.90312910105714,PCR
29.8205845902497,0.86386154086306,1.14482808524052,1.05108264231951,3.54924230335772,4.43318689736434,PCR
29.0709149873971,0.850065423272897,1.10547076333298,0.846238845569877,3.67928497715667,4.04147893354734,PCR
28.271394831428,0.850511227740081,1.07624124405528,0.683007511513911,3.81871078758765,3.71588141630243,PCR
27.4453909735824,0.850805223657481,1.05613320751314,0.552803510222477,3.9673404689698,3.44602461730429,PCR
26.6138845453102,0.851607141037158,1.04389494603883,0.506503900501235,4.12457349214435,3.22298533994317,PCR
25.7927998505878,0.850397608288045,1.03847193286214,0.50158213210814,4.28978888854231,3.03936246112921,PCR
24.99238322449,0.850231958989575,1.03917902564509,0.500929917781044,4.46225518499238,2.88907502263669,PCR
24.217540217348,0.850681238024953,1.04583290280372,0.502737504497926,4.6414365920657,2.7673357414556,PCR
23.4715026387229,0.857385274598996,1.05832180601208,0.529636429164865,4.82669270243399,2.67027777415774,PCR
22.7561698353661,0.855629820441703,1.07661760893707,0.522556894290021,5.01730144270041,2.59480827561754,PCR
22.07260651099,0.853923315976523,1.1007507446369,0.515688869191443,5.21246203873173,2.53840993925253,PCR
21.4211497444354,0.852263556349681,1.13082128661008,0.509029775021306,5.41130708637706,2.49909382905732,PCR
20.8016149778657,0.850647779574199,1.16699761531127,0.502576641694093,5.6129123524758,2.47529107793066,PCR
20.2134423154813,0.859570197296874,1.20951576660978,0.537874995256382,5.81631095061176,2.46577826637666,PCR
19.6558021302549,0.852917428473474,1.25868009895156,0.511497896656583,6.02050829455556,2.46962197353444,PCR
19.1276804386388,0.861978741005569,1.31486222206629,0.546838804979603,6.22449806066743,2.48612645954941,PCR
18.6279351251297,0.855461246322486,1.37850370321622,0.521210209894819,6.42727769082728,2.51480224013391,PCR
18.155337867725,0.864357908380702,1.45012061276506,0.555103430566565,6.62786396598733,2.55534425669538,PCR
17.7086169515366,0.85795281222957,1.53030487347276,0.530212206407838,6.82530931725471,2.60760035314484,PCR
17.2864814249878,0.85161173370527,1.6197268300828,0.506050458187998,7.01871452703288,2.67155158175676,PCR
16.887638177509,0.873184142782949,1.71914024132895,0.584789282095938,7.20724132262137,2.74729847800594,PCR
16.510804512198,0.851718093428509,1.8293877614996,0.506221555087136,7.3901224436203,2.83504932723545,PCR
16.1547156903038,0.858168414601137,1.95140578069626,0.528801204160798,7.56666804465741,2.93511102662969,PCR
15.8181269471842,0.86473199041977,2.08622777779316,0.550328161559142,7.73626786105476,3.04788480739192,PCR
15.4998216058934,0.871494943241997,2.23499338755048,0.57075796347043,7.89839856257501,3.1738533335705,PCR
15.1986096860423,0.878553661862222,2.39895447365844,0.59003327623965,8.05262297421012,3.31357605336472,PCR
14.913325206834,0.856208534613293,2.57948148093379,0.519182616450317,8.19858783195345,3.46768420239421,PCR
14.6428243854347,0.863265999429534,2.77807077282437,0.538899503364174,8.33602205805699,3.63687464691064,PCR
14.385976460746,0.870757183016647,2.99635037584156,0.557355843907551,8.46472803691716,3.82190847247548,PCR
14.1416592761648,0.878809779252405,3.23608634898625,0.574444214010497,8.58457694309727,4.02360599482325,PCR
13.9087529999336,0.854272950625279,3.49918956879635,0.510702534536528,8.69550261614974,4.24284206555664,PCR
13.6861327249128,0.862218627121062,3.78772152533444,0.528286218405175,8.79749467188446,4.48054201981272,PCR
13.4726604048959,0.890498912840963,4.10389963986848,0.583432072294203,8.89059165066278,4.73767703538462,PCR
13.2671762193497,0.863161557239996,4.45010181390488,0.526005841220111,8.97487398837733,5.01526061619717,PCR
13.068492087578,0.894240948970761,4.82887121562029,0.57602690027987,9.05045821950408,5.31434446798673,PCR
12.8753800922923,0.86436021303257,5.24291623301677,0.523476994547313,9.11748959111699,5.63601682128647,PCR
12.686570242693,0.898905532609904,5.69511764932781,0.56763917539452,9.17613788131479,5.98139755088535,PCR
12.5007375099424,0.865848772949599,6.18851939878536,0.520643351639243,9.22659172483566,6.35164099313574,PCR
12.3165023271209,0.90461984911965,6.72633917961911,0.558066443425521,9.26905362856662,6.74793052662578,PCR
12.1324255612664,0.867665249129259,7.31195032954546,0.517443106784702,9.30373923183495,7.1714875970326,PCR
11.9470062791199,0.91152211610772,7.94889290279757,0.547087912688634,9.33086938540132,7.62356623181016,PCR
11.75869459112,0.869849009650626,8.64084949994502,0.51381062738321,9.35067388387104,8.1054703954448,PCR
11.5658840304697,0.919761374994964,9.39165292994686,0.534466638587672,9.36338184814173,8.61854779047245,PCR
11.3669473190357,0.872441237375708,10.2052558685342,0.509677628248646,9.36922600420714,9.1642169578872,PCR
11.1602253402399,0.929497718528375,11.0857333809825,0.519950767611257,9.36843437827232,9.74395911596945,PCR
10.9440877061965,0.875486252230116,12.0372410510043,0.504972526612305,9.36123160932228,10.3593523891193,PCR
10.7169834113752,0.938096533467087,13.0631842396088,0.50349837708797,9.346883386444,11.0120180731042,PCR
10.4773505753753,0.872072287079477,14.1684382723435,0.499954460501417,9.32631499302849,11.7037504843953,PCR
10.2237693806081,0.853171219094394,15.358138387235,0.502573976976496,9.30116468219613,12.4364627962355,PCR
9.95527169327488,0.858631249613549,16.6345021592133,0.512064404242093,9.27043452879996,13.2120218632038,PCR
9.67123010955945,0.85308848531373,17.9993435447668,0.529284761734605,9.23396908288724,14.0322676904818,PCR
9.37141977076251,0.861152272514713,19.45347640545,0.555529035705426,9.19175819393604,14.8989974769329,PCR
9.05608940598473,0.870402375216784,20.9962356216834,0.59261618001011,9.14374994145907,15.8138512449284,PCR
8.72606698138502,0.880947536798129,22.6248658035387,0.643106145073967,9.08983622245197,16.7781720482268,PCR
8.38285410979626,0.892890475623208,24.3337523625276,0.710588604588448,9.02983992638704,17.7928108070732,PCR
8.02868927593282,0.906317836744988,26.1135032548149,0.800064189626829,8.96350335845118,18.8578806180681,PCR
7.66662983314672,0.855528395679142,27.9496470018644,0.918527872061271,8.89047222083809,19.9724335928273,PCR
7.30064336524305,0.854961451876094,29.8204212790477,1.07572537977825,8.80987129886713,21.1340517433871,PCR
6.93564889645723,0.853162043269698,31.6966207074992,1.28553970396285,8.72193339716285,22.3383465319222,PCR
6.57765597800675,0.865453485381998,33.5354487744434,1.56733282575436,8.62545061057466,23.578331940237,PCR
6.23390194099068,0.887213284335386,35.2789328817832,1.94817727967101,8.51940404640322,24.8436600843436,PCR
5.91308550254853,0.876233220748623,36.8489256205631,2.46536585243621,8.40250859219718,26.1196912175902,PCR
5.62572403947007,0.921354579159784,38.1423928705429,3.16888398224342,8.27312556266605,27.3863835317873,PCR
5.38474040012349,0.916151872420202,39.0277677145903,4.12251178172506,8.12907937208407,28.6170233461553,PCR
5.20633308896318,0.86340303145526,39.3469661147458,5.40081234159115,7.96785598141775,29.7770268388884,PCR
5.11125515498822,0.862276907500003,38.9289132491615,7.07722679544455,7.78707905232492,30.8231276968236,PCR
5.12664086958615,0.857107591164895,37.6188352677547,9.19706252161623,7.58374644209115,31.7037313556425,PCR
5.28832125403597,0.866644375939269,35.3342377768556,11.7358479205258,7.35605386803219,32.3614579044063,PCR
5.64344391390653,0.861834231572828,32.1273211054948,14.5546126567753,7.10417447789109,32.7384329957044,PCR
38.98,5.85,15.49,7.93,6.83,24.92,PCR
39.3332307503637,5.41834533820602,12.4975028111889,6.79462359838135,5.01012848814957,20.0368904141307,PCR
38.6579191431897,5.08899298019056,10.3463013627595,5.63912745915961,3.72636274478527,16.3474481317138,PCR
37.20767953771,4.83154026323012,8.81875309840316,4.59075835514949,2.80737708331602,13.6033181474497,PCR
35.2360807889404,4.62509704640655,7.74688921179604,3.69981996339069,2.14015729029219,11.5832969137101,PCR
32.95890174923,4.45518191631708,7.00979109121716,2.97104251856306,1.64920623092588,10.1092804636306,PCR
30.5415775544448,4.31158351614616,6.52364624121867,2.38792896940236,1.28331809262373,9.04630568299141,PCR
28.1019973764141,4.18696746558464,6.23182614451693,1.92682427077984,1.0073830628708,8.29577518767503,PCR
25.7210476993313,4.07631325179466,6.0969515599064,1.56424314249165,0.903916031963857,7.78796979795175,PCR
23.4537542906181,3.97667019825215,6.09501848550079,1.27975427735687,0.909332204904615,7.47487036335073,PCR
21.3260095681923,3.88453803761725,6.21168381775769,1.05616576797497,0.914702391646767,7.32203121111943,PCR
19.3487027293569,3.7969000551285,6.43982604550423,0.87991053661804,0.907118910190349,7.30642982200397,PCR
17.5241020103763,3.71127518261995,6.77774941421102,0.740489615103864,0.945089251598018,7.41366041804712,PCR
15.8488504391871,3.62554023887787,7.22797415511538,0.629862846129506,0.964136322525129,7.63565913801077,PCR
14.3162455518967,3.53782791327995,7.79636595478039,0.541887363062766,0.958942958906616,7.96913134448644,PCR
12.9193453157584,3.44662912417971,8.48970403885781,0.501255757341274,0.90333039153734,8.41473037274362,PCR
11.6532360917814,3.35056937524703,9.30956643231396,0.50709079590333,0.929278154467497,8.97414198260717,PCR
10.5357114281058,3.2532666575965,10.2331849524326,0.502030891541223,0.91691388457015,9.65095897637505,PCR
9.48707768822211,3.14220718581957,11.3463419208663,0.502885917199433,0.911574763987215,10.4518307000445,PCR
8.53562294504222,3.02260302892702,12.6240332816067,0.501997138109959,0.909899861733684,11.3856925556954,PCR
7.67266335131747,2.89382498474012,14.0769365695224,0.506109414410503,0.9425188994894,12.4602301626084,PCR
6.89027550383313,2.75552505966348,15.7133487783446,0.500499680458011,0.905427937936519,13.6825021982381,PCR
6.18134219127611,2.60772596798536,17.5378629364929,0.500901163298113,0.938289296049224,15.0581107785814,PCR
5.53952092678935,2.45088884032664,19.5499302327995,0.501590113957275,0.900948101652719,16.590243326689,PCR
4.95947028198299,2.28603035901145,21.7409010918965,0.514541679038157,0.908236284668378,18.2790079509564,PCR
4.43618975762635,2.1144633648311,24.0918612370332,0.541810373239765,0.907002666304893,20.1183024995399,PCR
3.96570130138346,1.93830624280878,26.5736575853172,0.586465810438309,0.93668195103598,22.0978864622173,PCR
3.54439254175127,1.76007177369921,29.1465737747127,0.653232504582278,0.934674695759438,24.2010907312793,PCR
3.16904288877982,1.58261195795345,31.7603570956689,0.749178553352038,0.932649900419488,26.4048812949522,PCR
2.83675274629262,1.40893491733393,34.3547340701647,0.8847681707037,0.930589856013552,28.6801057181072,PCR
2.54489101465107,1.24198400789501,36.8602364482957,1.07534917952311,0.928478541071416,30.9922967117776,PCR
2.2910958391361,1.08442351210636,39.1984644377855,1.34330293234499,0.926302355139831,33.302793036319,PCR
2.07333670820923,0.938456265561739,41.2813155487138,1.72095702548323,0.924050573980213,35.5700741585159,PCR
1.89016265222361,0.871682279420004,43.0076455707452,2.25424623273795,0.936639517648483,37.7528016297968,PCR
1.74055724571744,0.864443679510166,44.2593369406764,3.00575830630614,0.922152798277843,39.8035712467542,PCR
1.62476911608441,0.870503663395482,44.9016688061567,4.05762824841394,0.931251459138135,41.6793731145773,PCR
1.5444887140069,0.876478215608,44.7850962217718,5.50796048662201,0.940833692055974,43.3355727733192,PCR
1.50356198224275,0.856836104429577,43.7570238935995,7.45608810841765,0.910847160007549,44.7273093097309,PCR
1.50884828347799,0.856681595186395,41.6983007657375,9.96798440029736,0.911170487421609,45.8088092104564,PCR
1.57164844196332,0.870986320864785,38.5808599417592,13.0228390291421,0.938052230864292,46.5416781233904,PCR
1.70933345748715,0.878062781061553,34.533837412275,16.4578940798292,0.956581000816166,46.899987462686,PCR
1.94756955674685,0.852196148992812,29.8686990337499,19.9543844676039,0.904918777967273,46.8807253104412,PCR
2.3223256242105,0.854613932498455,25.0226077588714,23.0994971658112,0.911054667018886,46.5017716832657,PCR
2.88125695801566,0.855247247198368,20.4306117457056,25.5025755012941,0.907260379561203,45.8039061171671,PCR
3.68471929115522,0.851946127998814,16.4050548235541,26.9125890771309,0.957003570276048,44.8302469350841,PCR
4.80575917319466,0.91512039725423,13.0835101524913,27.263534232773,1.30025691269287,43.6210879999243,PCR
6.32716749332119,1.08428398663927,10.4565204462446,26.6354050131863,1.99625948359827,42.1964573931965,PCR
8.33282947211228,1.37771336064861,8.4314473105031,25.1866651058293,3.05239758816916,40.5432646130822,PCR
10.8914152963789,1.80008932683403,6.88783773548191,23.1035186869376,4.40237259575505,38.6212425531617,PCR
14.0302359234939,2.32202002773016,5.70991632760213,20.5842651992361,5.83408180892563,36.3768465260217,PCR
17.7045844967308,2.73810702264588,4.79925124367266,17.9283541944094,6.3598059273779,33.756373272873,PCR
21.7016657343848,2.67659299511966,4.06902112891555,15.4642777623945,4.7182193033991,30.6509068241222,PCR
25.6233470040901,2.62974962842365,3.4744609646633,12.9607231057808,3.51694277689441,27.2119748324588,PCR
29.0954704796074,2.59731713732859,2.99056667223805,10.5809800618903,2.63506100933693,23.7071527884286,PCR
31.8122685217222,2.57804996463066,2.5987037042225,8.44647582635328,1.98548479997526,20.3766441711423,PCR
33.6074258650589,2.57016099673281,2.28447977512048,6.62425383135057,1.50520489171514,17.3910422909748,PCR
34.4660276307537,2.57167154871198,2.0360937714396,5.12989509996868,1.1485413146047,14.8369094782758,PCR
34.4897343060163,2.58074731754221,1.8434639150721,3.94168320625127,0.932021685045608,12.7292595665712,PCR
33.8480083967961,2.59631933100774,1.69789681346843,3.01808073489624,0.906977255059335,11.0377096690975,PCR
32.7212411026575,2.61731927306319,1.59205642013237,2.31063671059084,0.953855561386297,9.70757064387653,PCR
31.2667499129571,2.64226535945104,1.52006627039803,1.77299392326408,0.90236926709784,8.67794997662417,PCR
29.6141907598643,2.66996295209264,1.47746839862251,1.36580010249289,0.952730134917258,7.89379197525855,PCR
27.8636006211508,2.69945287339723,1.46108090833085,1.05747110862275,0.915640231307599,7.30914698242618,PCR
26.0884202937554,2.72995160769686,1.46884216904632,0.823510997342102,0.963418460796649,6.88752401645093,PCR
24.3426643904895,2.76112538463348,1.4996658850387,0.645387380814236,0.930178615843317,6.6014417302824,PCR
22.6562939486623,2.79177766406807,1.55335431714103,0.509024996652447,0.914657779447108,6.42882382950956,PCR
21.0572502969641,2.82142934544599,1.62951837235645,0.505286340862069,0.908893861305932,6.35457251828062,PCR
19.5601153811063,2.84933638163479,1.72836163304043,0.522594214057072,0.938686362392636,6.36725183256787,PCR
18.1687306214161,2.87520012933679,1.85192844314402,0.519234946631141,0.933560472381965,6.45979450795487,PCR
16.8833993740132,2.89869684814171,2.0028592197288,0.529675960411407,0.953004088322005,6.62781263557582,PCR
15.7020720348455,2.91947829929737,2.18439070580179,0.504591124969659,0.908381362054348,6.86913509239381,PCR
14.6212522350047,2.9371650917641,2.40040040023703,0.516810830542947,0.931614760936614,7.18326763617004,PCR
13.6365781492381,2.95134199773366,2.65543749175418,0.528219209217668,0.954817631542661,7.57099133038644,PCR
12.7432297383541,2.96155313606375,2.95475681311033,0.539259835811648,0.978909794974503,8.03401438732096,PCR
11.9362168183028,2.96729812850059,3.30433824118298,0.502758117230374,0.905685038787743,8.57463199393757,PCR
11.2105475733003,2.96802992683422,3.71088441747773,0.514389055685974,0.93067944799704,9.19540270728358,PCR
10.5612480840077,2.96321377188064,4.18140970792794,0.526388634299097,0.95650286357793,9.89903532214784,PCR
9.97780096451597,2.95187455093246,4.72538180012266,0.501914753731736,0.904596266182087,10.6874894018713,PCR
9.46146919979503,2.93411439571373,5.34725357084014,0.506854248055885,0.917391473231397,11.5622225256407,PCR
8.99648680005187,2.90773319447332,6.06429583099921,0.508468461160162,0.923268591773334,12.5243760555618,PCR
8.58289488114071,2.8727056286038,6.88230981991736,0.525465402489942,0.978019169139091,13.5735862756709,PCR
8.21540967888623,2.82829510915307,7.81073643026483,0.501238734914736,0.904141559049648,14.7078315860696,PCR
7.88874992855997,2.7738225266273,8.85845477425961,0.509580893351544,0.93728857599957,15.9233864966317,PCR
7.59759676393631,2.70871341050765,10.0332467312573,0.51508013255459,0.971076922284444,17.2146270342096,PCR
7.33656289851767,2.63255207964291,11.3411833505506,0.517328769398707,1.00560152657331,18.5740714358941,PCR
7.10019118745262,2.5451380077072,12.786001221802,0.503734631231992,0.929388950723828,19.9925815333286,PCR
6.8829889787786,2.44654277711923,14.3684855443269,0.50473059664463,0.964166377628219,21.4596526471059,PCR
6.67950384677352,2.33716216595662,16.0859158979585,0.50176145000295,0.999761156453966,22.9638564493049,PCR
6.4844535438292,2.21775180801831,17.9316222004496,0.500824605753652,0.921085728314504,24.4933682651243,PCR
6.29299461671746,2.08943163144066,19.8937920858344,0.510500603709446,0.956891830159397,26.0363554511737,PCR
6.10102207022421,1.95368404163018,21.9544362779815,0.531932305033294,0.993527987998244,27.5813412400891,PCR
5.90531124245553,1.8123474589395,24.0903726860493,0.5670478123118,0.912222533461799,29.1177473010397,PCR
5.70371352330582,1.66754658802349,26.273784797853,0.618779710020244,0.949041754780846,30.636142408961,PCR
5.49533422244711,1.52158659161168,28.4725551463212,0.691392254210417,0.986665911440486,32.1282361051639,PCR
5.28102725717231,1.37694867452305,30.6505795837833,0.791019352628842,0.919355898898913,33.5886733805889,PCR
5.06187281322831,1.23568543274175,32.768049362257,0.926156623924548,0.919844462863816,35.0064535914575,PCR
4.84122403049544,1.10002000423061,34.7812839269989,1.10886854254998,0.929169000039537,36.3768478377944,PCR
4.62330431435569,0.971773199793832,36.6416575394581,1.35586329482958,0.946068049481188,37.6924864388018,PCR
4.41334941089817,0.852838321638823,38.2941853981083,1.69009513228198,0.905341800199306,38.9445245028136,PCR
4.21764791238062,0.852182639030136,39.6730964622724,2.14230246332074,0.903938039263802,40.1224660661328,PCR
72.04,1.91,4.56,2.74,4.94,14.82,PCR
64.9060750371669,1.79886994987249,2.88559938786118,1.90006956110159,4.07207366737394,8.72004392479744,PCR
56.5164149724168,1.70392679218943,1.9573019451974,1.3305206494711,3.45932527420097,5.52240160329752,PCR
48.3054356773969,1.6192680903179,1.42174931186559,0.950815080763776,3.01529987502304,3.77085301158766,PCR
40.8503816972968,1.54182085095213,1.09889653902578,0.695317044455518,2.68589097286915,2.7608260014791,PCR
34.3161593003202,1.46967358792206,1.00237849323815,0.520140329826797,2.43638790774587,2.14989456801979,PCR
28.6861466403163,1.40107369175119,1.00191838214946,0.501803113377519,2.24379015408195,1.76578801336022,PCR
23.9063640036985,1.33555271646757,1.01217419271712,0.514432886987627,2.09246884268675,1.51759655839234,PCR
19.8824762129524,1.27307840116247,1.00042844594678,0.500654768715416,1.97185772506719,1.35519856063583,PCR
16.5132371966001,1.21357540505878,1.0080494097425,0.518003675771242,1.87443466604903,1.24964546116019,PCR
13.702392915109,1.15694350221676,1.00632819700279,0.523820552616729,1.79475457023046,1.18362441538411,PCR
11.3632961934106,1.10306858011335,1.00293575847308,0.52920303641972,1.72880474627958,1.146407029573,PCR
9.42023898336868,1.05182967049961,0.999971687499734,0.501186449078898,1.67358122036504,1.13114258398918,PCR
7.80804051973638,1.00308978616278,1.00817342806555,0.507151132743429,1.62680697818351,1.13337719330385,PCR
6.47109063108115,0.956682317390146,1.02736171440735,0.512765733124645,1.58673548363879,1.15017429881261,PCR
5.36280963756432,0.912453848062188,1.05621523219563,0.518104337818986,1.5520126802478,1.17959145235668,PCR
4.44433257291805,0.870266112921856,1.09384671504159,0.533807813810748,1.52157741010048,1.22035413921723,PCR
3.6835072519515,0.851975821559476,1.13945498331838,0.503981308829046,1.49450397924754,1.27162417696101,PCR
3.05361297848866,0.85612706362597,1.19234780506589,0.515395668282331,1.47014905404657,1.33298087815785,PCR
2.53249534080474,0.850440273872157,1.25170462013675,0.500855842386659,1.44783630777869,1.40410969936414,PCR
2.09960065073091,0.855695211191928,1.32035196797249,0.510845784349989,1.42726767510519,1.48505331935246,PCR
1.74153711317255,0.858106639133122,1.3953999273767,0.518718903556259,1.40803997781566,1.57588060656571,PCR
1.44794458861362,0.852706984457168,1.47095321410534,0.508448442938874,1.38986843876108,1.67679144899761,PCR
1.21242369625752,0.872979817197457,1.5356388980846,0.591666907524131,1.37250420432113,1.78802669630216,PCR
1.03166347995684,0.863263363561846,1.5725887117861,0.559255691137353,1.35572953990727,1.90981520165903,PCR
1.0005035445672,0.866081736910233,1.66259569966585,0.66365148390774,1.33856531963978,2.04085247527635,PCR
1.00939419439132,0.852204380782035,1.76627934513507,0.572488756257137,1.32168451006682,2.18094260758859,PCR
1.01759424193156,0.854182134843618,1.87809381936053,0.506969975311112,1.30493206969129,2.33045161544045,PCR
1.01216574469984,0.852920428207374,1.99752319563239,0.504783591510516,1.28817489621576,2.4899621945317,PCR
1.00703267130903,0.851711872576893,2.12410891805156,0.502747000436455,1.27130119296258,2.65990106158017,PCR
1.03544557885572,0.858776640842931,2.25816920912038,0.51373158782679,1.25428812634552,2.84082958258948,PCR
1.02146195095003,0.855396879862814,2.40007961956638,0.508251187947037,1.23712007981031,3.03338809891145,PCR
1.00756771469357,0.851933159979538,2.55022272626099,0.502886334416368,1.21978147917086,3.23823847126048,PCR
1.16042133665711,0.892059287504394,2.70898784088855,0.560378566108103,1.20225684357949,3.45606454658288,PCR
1.14606270015918,0.888996950024744,2.87677141748362,0.554450166313663,1.18453082506673,3.68757512406456,PCR
1.23649378720216,0.914739251021371,3.05397582623116,0.586977596474986,1.16658827952487,3.93350324782743,PCR
1.0578049969391,0.865982695365063,3.24100812024531,0.521141244745478,1.14841439530048,4.19460815046305,PCR
1.14786338568018,0.892013354422935,3.43827614538981,0.553254421373964,1.12999466133132,4.47166163729842,PCR
1.23651988118415,0.919166334098289,3.64618911229341,0.583766782533995,1.11131509853944,4.76545774885449,PCR
1.06077847787808,0.867979278721814,3.86515289326688,0.521376087712962,1.09236252405599,5.07680760922305,PCR
1.14897349563993,0.895466483181545,4.0955699438558,0.551401995730661,1.07312439195936,5.40653434271502,PCR
1.23545886532755,0.92425037867111,4.33783426587293,0.579559985621804,1.05358926464666,5.75547441796423,PCR
1.06333912768033,0.870242863950644,4.59232612821119,0.521212893196222,1.03374689802769,6.12446530715377,PCR
1.14927152760773,0.899408684425498,4.85941403665357,0.548811505905677,1.01358822566245,6.51434967352429,PCR
1.23312076638154,0.930066850621567,5.13944523367826,0.574238803882699,0.993105799729709,6.92596203700733,PCR
1.06541478171432,0.872808814147036,5.4327420570877,0.520598402648978,0.972294007733524,7.36012327055748,PCR
1.14858936393108,0.903903068931975,5.73960341731347,0.545379722896352,0.951148979348083,7.81764244850621,PCR
1.22924915054196,0.936698221284907,6.06029337935291,0.567663326302267,0.930975294158697,8.29930039796662,PCR
1.06687820095386,0.875726642807607,6.39503695853029,0.519452382359217,0.909148435137929,8.80584939926229,PCR
1.12972842538459,0.905546491584374,6.73570533856241,0.537911459710775,0.919975145234022,9.32916552536796,PCR
1.00258453108223,0.851058852066308,7.09418920492059,0.500709761395531,0.900390052652464,9.88283069793461,PCR
1.00174808320791,0.850740653628041,7.4714900582985,0.50046348442351,0.900277990263648,10.4683660756913,PCR
1.08946346186433,0.889973592610647,7.86330082800222,0.522403117756292,0.915444968572705,11.081893183554,PCR
1.02971983397174,0.863711613584831,8.26957081801231,0.507166389274871,0.905384738857976,11.7239058819183,PCR
1.06072650951923,0.879381303699971,8.69020900916728,0.513793526364519,0.911807807188484,12.3948308928663,PCR
1.00342668377919,0.851717591346237,9.12504999428118,0.50074130242182,0.900701472838551,13.0950320652894,PCR
1.10910289199001,0.908232404665368,9.57384972887573,0.521446207621293,0.924445138417134,13.8247493616697,PCR
1.12673737364986,0.921218895377682,10.0362875913294,0.522768464002213,0.930528800643914,14.5840965539849,PCR
1.14308074719031,0.934842353123205,10.5119708987892,0.523080514540647,0.937124488015105,15.3730660209818,PCR
1.01091701452604,0.856642068170735,11.0004284063241,0.501660226291989,0.902933309935942,16.191511540359,PCR
1.02956525569724,0.869048247396261,11.5011044537413,0.50388697023099,0.908583423747851,17.0391309055615,PCR
1.0469166259439,0.882090418407218,12.013355105485,0.505104262960621,0.914746564020141,17.9154497800637,PCR
1.06288469479683,0.895789751311797,12.5364564572508,0.505274365765563,0.921448608632837,18.8198247543718,PCR
1.07738265057314,0.910164630305255,13.0696087866833,0.504363335402898,0.928714371841265,19.751440784216,PCR
1.15114055493384,0.978333289934194,13.6119392523603,0.502581267348304,0.962684791989638,20.7093055982751,PCR
1.04355802383011,0.888249450367282,14.1625066035482,0.500055677163517,0.918838285483125,21.6922457701705,PCR
1.10634356987555,0.952171344538937,14.7131048958842,0.50075371649487,0.952834872874742,22.6884703189349,PCR
1.0029598718242,0.852850875089627,15.2698692750903,0.504856808248247,0.903626983056618,23.7074096333364,PCR
1.00259968294866,0.85279997636239,15.8361848841158,0.512630356361461,0.901441869848919,24.7548970117277,PCR
1.0185322007951,0.871827770476093,16.4049941324046,0.524183126012354,0.911433339631861,25.821686957376,PCR
1.00980962959388,0.862557040783161,16.9733366323931,0.539767797225972,0.906673264972485,26.9044774002599,PCR
1.00798379658101,0.8612123657026,17.5388175116957,0.559734260345059,0.90604759225323,28.000845740839,PCR
1.00631476451495,0.859799282339606,18.0988724581363,0.584520873303342,0.905363144379974,29.1082098983138,PCR
1.02456786815132,0.893282475600447,18.65075443098,0.614669278480814,0.924088732056781,30.2238386059259,PCR
1.01189201139723,0.873388265009891,19.1915143968596,0.650838380750544,0.913187137646473,31.3448585913355,PCR
1.00125021102362,0.852777282062101,19.7179959164968,0.693813853717653,0.901585999479045,32.468275523277,PCR
1.02762431968255,0.925062458488408,20.2267933385076,0.74453943576645,0.943687783157508,33.5909747756617,PCR
1.01697437421313,0.904378958731564,20.7142307349082,0.804134613593196,0.932061880827121,34.7097379258546,PCR
1.00848575100348,0.883022403071269,21.1763353595013,0.873915105183805,0.919725061936089,35.8212581079516,PCR
1.00223168423357,0.861028383377007,21.6088042574178,0.955415602142691,0.906674618335513,36.9221507126952,PCR
1.01573100872405,0.992463038675988,22.0069655358588,1.05041468064353,0.98821748215865,38.0089588904655,PCR
1.00159989134233,0.869799887738626,22.365739226287,1.16095673197168,0.912352804455222,39.0781577042262,PCR
1.00068427323741,0.901979239366014,22.6796163200498,1.2893603293479,0.933006066162165,40.126156471041,PCR
1.00135388905204,0.926768112938542,22.9413602989377,1.43816140397975,0.951487678102325,41.1519852992312,PCR
1.00978386940573,0.864065360228996,23.1456435654851,1.61025717132995,0.909280671667327,42.1465135677117,PCR
1.02638030973853,0.853291874838385,23.2845501186348,1.80865542724348,0.902193364800169,43.1023222686684,PCR
1.0518526538659,0.877923970942916,23.3490140300873,2.03634879258579,0.919006954458104,44.0140163013155,PCR
1.08714436947412,0.896005558993224,23.3304616795927,2.29624710626532,0.932014539270029,44.8741571427288,PCR
1.13350990773171,0.901744740531322,23.2205292547323,2.59088281914347,0.936835380344803,45.6748122946159,PCR
1.19257181974863,0.907339929829863,23.0114363116861,2.92208685415835,0.941827281613312,46.4076180564541,PCR
1.26641414966153,0.912736929562059,22.6965300807885,3.29054556720283,0.946980624239931,47.0637397595636,PCR
1.35766834584387,0.851438093625175,22.2709349096006,3.69531526338244,0.901099756614408,47.6338847402609,PCR
1.46961973902008,0.902625740516068,21.7322745819222,4.1333003399138,0.941673966506824,48.1083265858026,PCR
1.60645764775778,0.881437757793672,21.0804839191042,4.59869793110389,0.926683213473433,48.4800411291333,PCR
1.77296504745023,0.853093428345602,20.3218683001808,5.08290478070427,0.902595003516072,48.7325312179247,PCR
1.97511633474752,0.876629482860488,19.4645786822515,5.57401210273948,0.923198169951371,48.8574615527505,PCR
2.21994702679687,0.876537310973231,18.5214516361629,6.05719254218983,0.923964163604958,48.8442096636917,PCR
2.51547427413704,0.876351932471684,17.5091018563506,6.51532314424758,0.924688884681469,48.6815410435392,PCR
2.87056606227005,0.876077394640573,16.4470011753117,6.92985745094711,0.925363262929863,48.358126531469,PCR
3.29453047379153,0.875721173095909,15.3562543631903,7.28209784249506,0.925975419764778,47.8627400577706,PCR
34.31,10.21,37.09,3.95,2.24,12.15,PCR
32.7254312521808,8.44941928044982,24.3216700637915,4.4591560777261,1.86371670522222,8.57002428662545,PCR
32.8457945442527,7.32930091583653,16.0703502431318,4.57911207423371,1.56940224161812,6.13207450329965,PCR
33.9273720159077,6.55881420793365,10.6233534083674,4.40142107645206,1.33032254510307,4.39115050254424,PCR
35.5650044086595,5.99475557130438,7.00058652964373,4.03423078969231,1.13153275568794,3.12229170104384,PCR
37.5056472137719,5.55962936356489,4.5891129274975,3.57055571384159,0.963802611649786,2.19411071319718,PCR
39.5809256101978,5.20890693005506,2.98844924552957,3.07825577268694,0.901421967958259,1.51981367973897,PCR
41.6819007777666,4.91653780823143,1.93145108418642,2.60132473606046,0.901947468802678,1.03646679262996,PCR
43.7856136396195,4.66520578550997,1.23802542060701,2.1645887591011,0.902233826764188,1.00611822108,PCR
45.8705356672543,4.44232338855014,1.01113025637322,1.77993872642352,0.903687379415254,1.01033377734495,PCR
47.7902339618426,4.2358946095196,1.09063972930364,1.45270560985463,0.929931441222547,1.08572737181495,PCR
49.527811577333,4.04301867274056,1.22747852153889,1.17813974769813,0.974858481120607,1.21857907937856,PCR
51.0884000377175,3.8622203527765,1.02781982090534,0.950025743816437,0.909132265112873,1.02697102718298,PCR
52.480675284357,3.69224462370739,1.10925064407122,0.762181911436329,0.9357503655609,1.1070500307708,PCR
53.7158732657355,3.53203141234743,1.19299280153262,0.608714308213237,0.962955657899399,1.19071359481278,PCR
54.8162539286324,3.37976565863256,1.00916839343956,0.502094231869739,0.902984312394257,1.0091049330618,PCR
55.7884274340883,3.23608125876533,1.0060840582465,0.501390792525314,0.901970142422886,1.00606407126296,PCR
56.6657658815596,3.09878316263104,1.01574396750359,0.503600982711985,0.905080790164082,1.01572978398468,PCR
57.441909584859,2.9684932278552,1.04541441090003,0.510394734980252,0.914605541599861,1.04548754809545,PCR
58.1319308852821,2.84432300124961,1.08316828530977,0.519045202293228,0.926661344739242,1.08348611384747,PCR
58.7434601112912,2.72593315563373,1.269735889321,0.561790650870786,0.986184011943497,1.27135188556431,PCR
59.2839133065248,2.61300751916487,1.01715019353226,0.503929307889559,0.905469272342061,1.01727354609513,PCR
59.7603741579073,2.50525054469291,1.23554617372869,0.553979300989349,0.974907547787913,1.23765679971069,PCR
60.1795065382278,2.40238635036547,1.16972359106,0.538898349198672,0.953870339806576,1.1714424817434,PCR
60.5475282291562,2.30415597588265,1.10319203495805,0.523651053183943,0.932694505247717,1.1043448131985,PCR
60.870141093022,2.21031775640377,1.03606538714635,0.508265567264956,0.911406880073543,1.03650282446854,PCR
61.1525266137113,2.12064585150479,1.45111611677444,0.603378888655178,1.04236703757582,1.45712136396201,PCR
61.3993751953571,2.03492836648235,1.38430692749871,0.588060394553059,1.02111797323259,1.38969016757784,PCR
61.614912944101,1.95296610764423,1.31702199534428,0.572633529526286,0.999785617426067,1.32165998102836,PCR
61.8029281245987,1.87457167447951,1.24934240382639,0.557117749533292,0.978388349015134,1.25313025085434,PCR
61.9667967711239,1.79956881024925,1.18132734098277,0.541529267463696,0.956941260568328,1.18417355416101,PCR
62.1095133005934,1.72779168983962,1.11302972629319,0.525882281076948,0.935457306212193,1.11485462503532,PCR
62.2337257201219,1.65908413213202,1.04450275344004,0.510189048061669,0.913947573934386,1.04523874015952,PCR
62.3417805031841,1.59329865608164,1.24227985320674,0.555455971279828,0.975846147066147,1.24639436464473,PCR
62.4357319598781,1.53029632235335,1.44054531852832,0.600808784518358,1.03776620251903,1.4482016878122,PCR
62.5173836441172,1.46994593700112,1.63917748292374,0.646218150233346,1.09968279224044,1.65051009633671,PCR
62.588321849452,1.41212344325811,1.0798478138766,0.518264065582669,0.924934291060323,1.08127621322765,PCR
62.6499263469759,1.35671171487171,1.27831708043315,0.563641067948108,0.986834047252289,1.28337345354827,PCR
62.70340622115,1.3035998725065,1.47702776544591,0.609049825099049,1.04871074265744,1.48581433988326,PCR
62.7498228852424,1.25268283135045,1.67591964405094,0.654476667808173,1.11055429543873,1.68852197770203,PCR
62.7901033217258,1.20386101049549,1.11523721159765,0.526334599006983,0.935887017773141,1.11739610329435,PCR
62.8250498337551,1.15704013154028,1.31404894530515,0.571747152215952,0.997729680381878,1.31999393953202,PCR
62.8553640571678,1.11213071495291,1.51299630384444,0.617164610600401,1.05953089042513,1.52280079451947,PCR
62.881658106177,1.06904781807491,1.71203501044668,0.66257926171372,1.12128616887911,1.72576028518142,PCR
62.9044646502404,1.02771078218261,1.15064590303112,0.534392173570952,0.94680389817835,1.15356130906634,PCR
62.9242413289616,0.988043117842643,1.34962443029946,0.579800921239119,1.00856489705263,1.35643649651824,PCR
62.941388457652,0.949972062151509,1.54865581370924,0.625201805495228,1.07027832064253,1.55941212514985,PCR
62.9562541840752,0.913428411668713,1.74772993055722,0.670591346484428,1.13194358259149,1.76247369184008,PCR
62.9691422236828,0.878346296277125,1.18599769187499,0.542431649043448,0.957685021681044,1.18967275411868,PCR
63.0425434233855,0.870456769664688,1.20749590387315,0.569382649370326,0.996474783516316,1.20913064320932,PCR
63.05364167884,0.857692241097064,1.13021393855241,0.529704730549764,0.940366138400156,1.1328189758023,PCR
63.0535513997865,0.879716664764645,1.50304008134272,0.614754737528243,1.05594176671551,1.51310366820282,PCR
63.0534727505451,0.962095222398524,2.89751785241636,0.932866365299391,1.48822843596647,2.93547779935372,PCR
63.0534011671622,0.928874872292151,2.33517454769757,0.804583187855066,1.31390261080455,2.36188473441244,PCR
63.0533393657088,0.895654544278691,1.77283183266212,0.676300158333201,1.13957694015152,1.78829234605645,PCR
63.0532873461848,0.862434238358143,1.21048970731003,0.5480172767338,0.96525142400738,1.21470063428576,PCR
63.0532412145772,0.944813185364083,2.60496398297333,0.866128239347635,1.39753751063368,2.63707046560586,PCR
63.053200070936,0.911592876897927,2.04262266226281,0.737845530930794,1.22321216169438,2.06347972274795,PCR
63.0531656773789,0.878372574216802,1.48028180046771,0.609562927630896,1.04888691777546,1.48988952238077,PCR
63.053137392155,0.960751380993153,2.8747541314766,0.927673593446699,1.48117276447604,2.91225683096698,PCR
63.0531107108231,0.927531078757719,2.31241380408148,0.799391098700921,1.30684762535924,2.33866729378011,PCR
63.0530883535837,0.894310777644582,1.75007377488835,0.671108666453442,1.13252254715248,1.76507812228781,PCR
63.0530703204368,0.861090477653743,1.18773404389723,0.542826296704264,0.958197529855779,1.19148931649009,PCR
63.0530543095781,0.943469183976458,2.58220587714006,0.860936877594077,1.39048326001408,2.61385587929713,PCR
63.0530400806045,0.910248882912822,2.01986630450596,0.73265453992917,1.21615827578165,2.04026729970845,PCR
63.0530285088442,0.877028581829931,1.45752687933692,0.604372232790375,1.04183332191738,1.46667891197614,PCR
63.0530192493701,1.04395448300217,4.28317690213182,1.24896678816387,1.91778367340854,4.34885206029615,PCR
63.0530104278579,1.01073418185651,3.72083763552522,1.12068451355056,1.74345875391132,3.77526388950778,PCR
63.0530029700885,0.977513880679358,3.15849844759455,0.992402255073362,1.56913385148058,3.20167582645116,PCR
63.0529967517757,0.944293579469539,2.59615933173005,0.86412001134959,1.3948089648382,2.62808786304297,PCR
63.0529916486331,0.911073278225877,2.03382028132194,0.735837780996543,1.22048409270605,2.05449999119989,PCR
63.0529875363743,0.877852976947195,1.47148128976045,0.607555562631523,1.04615923380601,1.48091220283859,PCR
63.0529842708145,1.04477886606365,4.29713194780623,1.2521502560968,1.92210963573523,4.36308590547155,PCR
63.0529816075713,1.01155856430104,3.73479295423981,1.12386804283174,1.74778478516295,3.78949813112994,PCR
63.0529794920564,0.978338262319474,3.17245395578362,0.995585830931495,1.57345993770052,3.21591035944021,PCR
63.0529777902015,0.945117960092663,2.61011493971812,0.867303618112327,1.39913509119486,2.64232257444582,PCR
63.0529763679383,0.911897657594329,2.04777589332378,0.739021402090518,1.22481024349287,2.06873476019024,PCR
63.0529750911986,0.878677354798192,1.48543680388106,0.61073918058234,1.05048539244145,1.49514690071692,PCR
63.0529739221443,1.04560326533986,4.31109045707516,1.25533420427772,1.92643606868479,4.37732424334388,PCR
63.0529734440471,1.0123829614037,3.74875123425269,1.12705197296825,1.75211121133712,3.80373622604079,PCR
63.0529731119586,0.979162656884838,3.18641192618466,0.998769732872168,1.57778634721791,3.23014810700847,PCR
63.0529728480401,0.945942351728205,2.62407251958761,0.870487482201567,1.40346147459815,2.65655986908366,PCR
63.0529725744525,0.91272204587875,2.06173300117808,0.742205219168553,1.22913659174883,2.08297149510312,PCR
63.0529722133569,0.879501739281419,1.49939335767261,0.613922941985237,1.05481169694095,1.50938296790361,PCR
63.0529718213332,1.21629427587418,7.20049158534133,1.91446954480699,2.82214509241127,7.32452777389533,PCR
63.0529725015824,1.18307396762185,6.63815175503856,1.78618725962328,2.64782019240051,6.75093901367388,PCR
63.0529733254617,1.14985365845837,6.07581179287728,1.65790496315031,2.47349528290401,6.17735008877337,PCR
63.052974238906,1.11663334832879,5.51347168726697,1.529622654021,2.2991703625847,5.60376098407864,PCR
63.0529751878501,1.08341303717815,4.95113142661705,1.40134033086827,2.12484543010546,5.03017168447453,PCR
63.0529761182286,1.05019272495149,4.388790999337,1.27305799232504,1.95052048412922,4.45658217484588,PCR
63.0529769759765,1.01697241159386,3.82645039383626,1.14477563702422,1.77619552331888,3.88299244007755,PCR
63.0529777070284,0.983752097050289,3.26410959852429,1.01649326359874,1.60187054633734,3.30940246505436,PCR
63.0529782573193,0.95053178126583,2.70176860181055,0.888210870681499,1.42754555184751,2.73581223466117,PCR
63.0529785727838,0.917311464185521,2.13942739210448,0.759928456905428,1.25322053851229,2.16222173378281,PCR
63.0529785993567,0.884091145754406,1.57708595781555,0.631646020903443,1.07889550499461,1.58863094730414,PCR
63.0529782829729,0.850870825917526,1.0147442873532,0.503363561308459,0.904570449957348,1.01503986010999,PCR
63.0529791937614,1.1876635241086,6.71586474304369,1.80391160548918,2.67190514020908,6.83021332955425,PCR
63.0529801222783,1.15444320228584,6.15352287384702,1.67562915352273,2.4975800927783,6.25662197955935,PCR
63.0529810116088,1.12122287911297,5.59118080236073,1.54734668697843,2.32325503198493,5.68303036898787,PCR
63.0529818432252,1.08800255455185,5.0288385222304,1.41906420548954,2.14892995741988,5.10943848924424,PCR
57.14,4.68,20.37,5.99,1.94,9.87,PCR
48.0415192231726,4.1874629370022,13.2062022122784,4.88411701333538,1.59500059721841,6.61659555669138,PCR
40.9445143669765,3.86301506537512,9.4788558840074,3.90082599355556,1.34798697374849,4.7753407900064,PCR
35.0985690366348,3.62864982910563,7.33247407295541,3.10449311932677,1.16327168183188,3.65541335524756,PCR
30.1688500657545,3.4483869905792,6.01178739564757,2.48002206810942,1.0206322244664,2.93788450014612,PCR
25.966308656541,3.30323441163033,5.16403704926692,1.99478613658696,0.907638367404659,2.46022652771535,PCR
22.3659756738433,3.18250136738589,4.60776568314626,1.61752332930838,0.902014016393382,2.13367958980132,PCR
19.2737227881815,3.07958648806203,4.24253358146468,1.32267768464561,0.90267864628862,1.9068452127502,PCR
16.61218478307,2.98979457665124,4.00961808797928,1.09044361314199,0.901879768072096,1.74851916062839,PCR
14.3179832713182,2.90986441492505,3.87317500927875,0.905963809565582,0.903478071352784,1.63913495857663,PCR
12.338120054164,2.8373904831531,3.81059261877149,0.758156956269991,0.919635031220442,1.56606134568389,PCR
10.6268174284758,2.77029104449689,3.80724502696037,0.638679973194033,0.912410887705503,1.52093758889298,PCR
9.14321669727022,2.70643200154803,3.85355366742219,0.541138973101409,0.904453191321138,1.49814056016666,PCR
7.86181833885231,2.6460411230975,3.94221134020502,0.502391665334548,0.901853840924675,1.49379813804345,PCR
6.76218449768891,2.58980447044359,4.06661342634539,0.501158171724156,0.900877010808263,1.50501107531337,PCR
5.81285898820257,2.53524205478043,4.22308923935451,0.517096297313096,0.912969731597637,1.52987540550296,PCR
4.99303067050327,2.48189982486671,4.40978249837958,0.507266403118461,0.905538138609017,1.56712698036178,PCR
4.28498566848326,2.42939230521277,4.62532570759396,0.528679508508588,0.922088425686609,1.61592647953465,PCR
3.67354720950915,2.37738999310973,4.86865645737269,0.538999215643598,0.930478571678897,1.67574549269919,PCR
3.14570037372862,2.3256120911969,5.13887225972959,0.521180691570646,0.916802782801652,1.74629374669999,PCR
2.69026978435135,2.27382122943021,5.43512393853912,0.50443745457335,0.903584154758717,1.82746832505924,PCR
2.29760322400169,2.22181907400617,5.75651718940276,0.531454477710839,0.926214856516114,1.91931016838961,PCR
1.95934690754865,2.16944416492883,6.10204003336289,0.515588487221379,0.913331323332951,2.02197676442062,PCR
1.66827022124507,2.1165707827659,6.47051103673683,0.5008066817569,0.900710319726983,2.13572441684659,PCR
1.41810157880302,2.06310800204399,6.86053779459784,0.524641615867867,0.92275263022197,2.26089363280504,PCR
1.20339821542748,2.00899889471931,7.27049120329127,0.510757328704771,0.910314316028309,2.3978985696861,PCR
1.11122715337634,1.95422047108769,7.69830660957008,0.531433373066853,0.932031177551945,2.54717414165292,PCR
1.00284617226804,1.89882166764486,8.13555462650907,0.500747708575772,0.900789273551332,2.70708232805395,PCR
1.02463829201905,1.84285659347943,8.58033386491187,0.506033591987318,0.906747795051209,2.87736319202661,PCR
1.05852867541578,1.78646180332235,9.02747045904544,0.513342674421494,0.915936263743152,3.05775575936132,PCR
1.00371824348415,1.72977914694833,9.47479688112249,0.500798594730583,0.901008668229402,3.24878388125448,PCR
1.06742609960487,1.67295912900711,9.92014617002247,0.513341307002494,0.918210795416358,3.4509875593891,PCR
1.01169613688985,1.61615847934707,10.3613883474082,0.502171598588586,0.903151699475617,3.66492301708668,PCR
1.07634935111385,1.55953756159279,10.7964748145797,0.512949194606279,0.92056256926653,3.89116290834892,PCR
1.01984773265649,1.50325681063491,11.2234722802161,0.503142549573776,0.905347312554859,4.130293679614,PCR
1.08515425345458,1.44747381746705,11.6405987720462,0.512204384777571,0.923008756548962,4.38291457022392,PCR
1.02807565684479,1.39234064743458,12.0462490477397,0.503732373191542,0.907610433981874,4.64963583703186,PCR
1.03335057848523,1.33800104213829,12.4390210553163,0.504031271741465,0.909090351988855,4.93107652522003,PCR
1.03859093701868,1.2845893707713,12.8177092507046,0.504221824813391,0.910599306056432,5.2278614938785,PCR
1.04377084727797,1.23222856548419,13.181323149084,0.504309207495149,0.912140282340028,5.54061936856688,PCR
1.04886997541184,1.18102813682083,13.5291026191402,0.5042974561642,0.913716044713528,5.86997965077238,PCR
1.05386675703236,1.13108356241478,13.8605057808486,0.504191436263976,0.915329643885021,6.21656844337469,PCR
1.05873365595816,1.08247620678983,14.175191241733,0.503997406630684,0.916984581757116,6.58100414665003,PCR
1.06344042594497,1.03527335200776,14.4730032033124,0.503721676987411,0.918684596733373,6.96389323281633,PCR
1.06795858396989,0.98952844387637,14.7539561643131,0.503369893263864,0.920433481644485,7.36582551423778,PCR
1.07226158879252,0.945281558577891,15.0182177190411,0.502946951132886,0.922235048719578,7.78736885171906,PCR
1.07632326256699,0.902560140306681,15.2660887817815,0.502457278840846,0.924093193038768,8.22906332413867,PCR
1.0687475751146,0.868778823834273,15.4902469174189,0.501766294227142,0.924347588638305,8.68670728991898,PCR
1.01257369509149,0.853053351761754,15.7037406061188,0.500222648163048,0.904186074874895,9.16783835567895,PCR
1.01264190671186,0.853183394950629,15.9053233151798,0.500122270753631,0.904349363592467,9.67255594077064,PCR
1.07007406886075,0.869068248310361,16.0892520081799,0.500022698129931,0.925887244391902,10.1972601043721,PCR
1.00848632439534,0.852311089272393,16.2601266884213,0.500297618593038,0.903162778537664,10.7445610132495,PCR
1.02348878706364,0.856635137249701,16.4195007769177,0.501777789615817,0.909116188187781,11.3156271361771,PCR
1.01611767122847,0.854733551712982,16.5659177028224,0.504463070171923,0.906530276658092,11.9092734588628,PCR
1.00906910641028,0.852775631044902,16.6998361421131,0.508333405029032,0.903856255803683,12.5255123386686,PCR
1.00242088640716,0.850773343551401,16.821818400138,0.513377425551721,0.901083224765089,13.1642950131222,PCR
1.00989407639065,0.853313003715296,16.9324217524375,0.519594119257878,0.904685227866845,13.8254581724121,PCR
1.01675412658956,0.855896829636126,17.0321936017015,0.526990816998266,0.908429936646651,14.5087376589549,PCR
1.02295546554982,0.858519411371656,17.121668650946,0.535582461913578,0.91232451090629,15.2137670845678,PCR
1.02845330348973,0.861174507803464,17.2013614142118,0.545393159259367,0.916375979745615,15.9400507979193,PCR
1.03320125564705,0.863855400222638,17.271760884722,0.556455866427805,0.920591270037797,16.6869602062119,PCR
1.03715694109759,0.866556590654274,17.3333271589593,0.568811641888111,0.924976861915765,17.4537379659631,PCR
1.04028334108608,0.869273700866936,17.3864889365061,0.582509349621842,0.929538717781542,18.2394991274381,PCR
1.04254649427588,0.872002687867056,17.4316417664317,0.597605736611521,0.934282276793944,19.0432301706086,PCR
1.04391573606799,0.874739524762782,17.469146457503,0.614165593832116,0.939212523160775,19.8637884181354,PCR
1.0857990627604,0.904678720315207,17.4993280476246,0.632261874211248,0.988657532905141,20.6999043070236,PCR
1.01050928086823,0.85705567775733,17.5224755329611,0.651975766880419,0.911541319658914,21.5501855724206,PCR
1.04737332676738,0.887035103236093,17.5388416290333,0.673396732316168,0.962032810539839,22.4131233703821,PCR
1.07149048532484,0.91711711668547,17.5486428399221,0.696622526387358,1.01518201938952,23.287095306783,PCR
1.01889507983692,0.869225936412313,17.5520604047091,0.721759345185389,0.933302531101696,24.1703846281331,PCR
1.03771090173835,0.899296508226186,17.549240295301,0.748921726736496,0.987537458627569,25.0611783944822,PCR
1.00090484512664,0.851330372043565,17.5402945084708,0.778232646611515,0.902384704672256,25.9575919264681,PCR
1.0144332436504,0.881386060088176,17.5253017578607,0.809823233819809,0.957701538900254,26.8576753397517,PCR
1.01449610648217,0.911393608929064,17.50430830233,0.843832816578293,1.01577051432878,27.7594273809358,PCR
1.0020279833822,0.863458047205573,17.4773302759441,0.880408265451969,0.925623926753004,28.6608135552816,PCR
0.997778920002463,0.893404400374214,17.4443364611777,0.919703110057589,0.984775990939037,29.5597389179134,PCR
1.00180535324057,0.922757077107028,17.4051121271195,0.961889254136025,1.04511510586659,30.4548410681151,PCR
1.01437870971624,0.871961382817532,17.3582937621141,1.00717170776248,0.939416683114147,31.3462594581646,PCR
1.03542867435783,0.852092946616107,17.3041131088181,1.05550246219949,0.904290372777997,32.219715022156,PCR
1.06554877810932,0.850961064350615,17.2409889975763,1.1070423024215,0.90201496786245,33.0746179187261,PCR
1.10540158817706,0.854471099813766,17.167919335216,1.16185322377617,0.909573594071821,33.9066497050088,PCR
1.15585582577071,0.8607687939774,17.083990205039,1.2199548266045,0.923572724241954,34.7108362359713,PCR
1.21800649739759,0.861450218193661,16.98830573348,1.28131333951197,0.925600162962358,35.4817765255967,PCR
1.29319304677223,0.874139735210913,16.8799714335107,1.34582975597171,0.955299171666135,36.2138001491047,PCR
1.38302168996753,0.857288470305396,16.7580839244414,1.41332628440432,0.916996311898667,36.900913092893,PCR
1.48940193663753,0.869786099672398,16.6217274469776,1.48352567013612,0.947320758640533,37.5367450697194,PCR
1.61456428636229,0.853223467867626,16.469973537045,1.55603280785977,0.907854018448624,38.1145136636717,PCR
1.76107071376639,0.865488571743353,16.3018852748354,1.63031612274121,0.938753151040204,38.6269950689853,PCR
1.93182218338599,0.877379806218989,16.1165259436847,1.70568612572692,0.970414276443251,39.066495550726,PCR
2.13004403062382,0.861292975153175,15.9129740017035,1.78127499406527,0.929642498116499,39.4248452841691,PCR
2.35924214703263,0.872824716430739,15.6903445937519,1.85602031110343,0.961706249072582,39.6934261492792,PCR
2.62311354890055,0.857257086153757,15.4478220300582,1.92865308372901,0.920058657224548,39.8632513893032,PCR
2.92540510145359,0.868368348107865,15.1847015364365,1.99769575158914,0.952432012880271,39.9251130677719,PCR
3.26969151724235,0.853451942214489,14.9004463451164,2.06147293426249,0.910096625114886,39.8698280738634,PCR
3.65907165571188,0.86407762541475,14.5947573547144,2.11814047650089,0.942674045807685,39.6885948239273,PCR
4.09576794300753,0.873951181660481,14.2676580657798,2.16573653947629,0.975434831179578,39.3734846301582,PCR
4.58062535782074,0.86003543347691,13.9195935409271,2.20226097909532,0.932545095389632,38.9180839991081,PCR
5.11257094616811,0.869246417938238,13.5515314657173,2.22577741341671,0.965180391161496,38.3182227719414,PCR
5.6880198381422,0.856338512808684,13.1650682758659,2.23454777826157,0.922193045490791,37.5728297515513,PCR
6.30039536302596,0.864829428241409,12.7625109127771,2.22717383520254,0.954549532125163,36.6847133637705,PCR
55.66,4.52,7.56,8.18,4.09,19.98,PCR
55.3443805292753,4.41539511546712,5.57712285911037,6.19827545343305,3.28182938585137,13.5753033543479,PCR
52.8367877496776,4.35481702535325,4.19335121382874,4.68073860834319,2.68391413686381,9.48390554994394,PCR
49.1676854076263,4.32396798893043,3.24468173826452,3.55686562437611,2.2334654220026,6.87588645113479,PCR
45.0213953192729,4.31308257432623,2.59418715696461,2.73356834365504,1.88796974311171,5.19199441687481,PCR
40.8039408498812,4.31565882645989,2.14453506344264,2.1294449744444,1.61835707901537,4.08369710239857,PCR
36.7379212180396,4.3273707455584,1.83082199133981,1.68241549317081,1.4044997498321,3.33964609981205,PCR
32.9349677267334,4.34530203597346,1.6106879239688,1.34769453190968,1.23226367963339,2.83191260816872,PCR
29.442477883668,4.36744650120981,1.4565838627324,1.09370968515535,1.09157246375092,2.48220987068405,PCR
26.2718139365852,4.39238677005811,1.35047821949806,0.898335172053604,0.97513192507521,2.24180992035321,PCR
23.41484010924,4.41909990057346,1.28047346103882,0.746014615938623,0.933237724129363,2.07986491374375,PCR
20.8564279625735,4.4475973089662,1.23864687308637,0.625802156612205,0.901386419557862,1.97674667505046,PCR
18.5728490020844,4.47727536928261,1.21972257240112,0.529762535911581,0.902251174455418,1.91953904288218,PCR
16.5400663267975,4.50747464666313,1.22018411872468,0.506112317736085,0.906166646687087,1.89980514518967,PCR
14.73545975172,4.5371917212185,1.23767716344548,0.515319329124192,0.915467450356168,1.91201881204148,PCR
13.1343800632945,4.56604875920868,1.27088592068718,0.505929817388382,0.905998696534678,1.95297137792235,PCR
11.7140674099985,4.59373006912705,1.31916403164693,0.507223490842259,0.907332638916572,2.02096371081128,PCR
10.4542369774136,4.61992806603929,1.38238956319812,0.527508500754286,0.928087307333254,2.11545865098901,PCR
9.3368141049916,4.64433368090177,1.46085701345324,0.512116925797723,0.912444801961579,2.23681626697844,PCR
8.34577022597598,4.66662971400603,1.55521919297725,0.544339701454449,0.946037712309741,2.38615217515669,PCR
7.46689159330127,4.68648543207432,1.66644122696551,0.529552000895172,0.930972194519541,2.56522898124957,PCR
6.6875839521521,4.703551798757,1.79577284479551,0.515542188615934,0.916469055829078,2.77638921851705,PCR
5.99668420787132,4.7174571965695,1.94473063359995,0.502234476257988,0.902397828104226,3.02250966008382,PCR
5.38430787407053,4.7278043817369,2.11509264491018,0.552887899571278,0.958236923217439,3.30698138569797,PCR
4.84173392463798,4.7341719240006,2.30888895047705,0.560274458548101,0.967938407191755,3.63368915963842,PCR
4.36205688052321,4.73623804381094,2.52824273901227,0.50449671121932,0.906404537345199,4.00703760474929,PCR
3.93662384548071,4.7332457600354,2.77600151815925,0.50215953185622,0.902528552354415,4.43169112453348,PCR
3.56029618821214,4.72480034275697,3.0548062500256,0.50036296880426,0.900444960514179,4.91288556512398,PCR
3.24851204641743,4.71501496399466,3.36148732634573,0.528956525817807,0.925395853600577,5.45591414693773,PCR
2.96013179795779,4.69534917563322,3.70782993246422,0.57471925606874,0.949398291627406,6.06550364777724,PCR
2.69990078434094,4.66708829949406,4.09656944890196,0.524530887563426,0.909320663605419,6.74832711758897,PCR
2.47037869445013,4.63122979572186,4.52974228494638,0.503777904223905,0.90532954727654,7.51060537776357,PCR
2.26883868141424,4.58707981826824,5.01077261784807,0.513388878460496,0.920040792089307,8.35781158223464,PCR
2.09243176360665,4.53397484773869,5.54334095350939,0.503549611853954,0.905596995626385,9.29497927366445,PCR
1.93858073738489,4.47133614882276,6.13115567672992,0.516826728715134,0.928669898712937,10.3264666726106,PCR
1.80502729376333,4.39863067027604,6.77779467337616,0.500907601813897,0.901637274123802,11.4555491183152,PCR
1.68978255533872,4.31539137016958,7.48659907538409,0.50673817337106,0.913269518559356,12.6841316532965,PCR
1.59111267542557,4.22124582148773,8.26052896453618,0.511811816336662,0.92563528341584,14.0123462975141,PCR
1.5075038722457,4.11594413772339,9.10200910679508,0.516055769786789,0.938839342660482,15.4382391177596,PCR
1.43763530297616,3.99938758506261,10.0127652338948,0.503330350092123,0.908790493654456,16.9575107598662,PCR
1.38035889267034,3.87165879045881,10.9936442786737,0.500895769980758,0.902657292414567,18.5633044833312,PCR
1.3346788829111,3.73304815761199,12.0444424565645,0.519469294665351,0.970125403779511,20.246118891649,PCR
1.29973171157694,3.58407437971764,13.1637526212033,0.515616652878442,0.965462711971221,21.9938625262237,PCR
1.2747627746477,3.42550248313046,14.3488054825304,0.512133541250211,0.960412754454401,23.7920465475922,PCR
1.25910520535505,3.25835070604711,15.595355155496,0.509047841930217,0.954943840298308,25.624157782607,PCR
1.2521610387695,3.0838822135493,16.8976369084706,0.506383735406948,0.949029716889425,27.4721895890159,PCR
1.25338135495284,2.90358415778464,18.2483837767036,0.504160577069806,0.942652374213925,29.317282239733,PCR
1.26224548570596,2.71913435235761,19.6389055478041,0.502391300722133,0.935805157829824,31.1404303528354,PCR
1.27824127000858,2.53235485863519,21.0592451219742,0.501081442181317,0.92848917930358,32.9232107506164,PCR
1.3008480001923,2.34515347752545,22.4984158996604,0.500229396810337,0.92071682319089,34.6484744107762,PCR
1.32952272713684,2.15945693939797,23.9447030213047,0.500182399143456,0.912506894451431,36.3009395770996,PCR
1.36369387484325,1.97713852850796,25.3859739512647,0.502804959596182,0.903884253251499,37.8676008739403,PCR
1.40275787338628,1.79995107501757,26.8100284660955,0.508031485332141,0.995860216258627,39.3379978896947,PCR
1.44607247886645,1.62947345153974,28.2050415272238,0.515817182750832,0.988251109740565,40.7044328474278,PCR
1.49295794202551,1.46706321571675,29.5599700841722,0.526137090775606,0.980206888146065,41.962004513682,PCR
1.5427064948386,1.31381962866811,30.8648824836561,0.538979850761448,0.971765666129662,43.108463001924,PCR
1.59459675177665,1.17056229775236,32.1112078838441,0.554345669907055,0.962964202237891,44.1439449840884,PCR
1.64790921232677,1.03782798366378,33.2919205787368,0.572247131963285,0.953841155255829,45.0706545446675,PCR
1.70194248389261,0.91588279081638,34.401647028084,0.592708672987653,0.944435446645578,45.8925146252734,PCR
1.75621987348789,0.874040818362706,35.4350649219052,0.615761871901583,0.928769872237847,46.6185727534638,PCR
1.80989566570329,0.854896087368955,36.3894334144097,0.641332573322422,0.905187423432364,47.2478303815314,PCR
1.86251027902777,0.860759544106858,37.2631708556902,0.669442987595719,0.911154994323198,47.7900115261619,PCR
1.91364784406187,0.857830476426445,38.0574481022684,0.700139960187546,0.90798061160531,48.2530221968098,PCR
1.9629472486154,0.85925655574545,38.7746064615974,0.733478587426428,0.909283516328131,48.6441792936811,PCR
2.01012335456654,0.858398071881755,39.4179038003652,0.76951825704895,0.908306260626349,48.9707327590885,PCR
2.05496306714372,0.855399776753063,39.9912538507951,0.80832386924662,0.905278423120404,49.2396493790636,PCR
2.09708620335475,0.86678533083231,40.4994056605952,0.849874395300701,0.916372447814821,49.4573869413761,PCR
2.13610125075582,0.865246222537137,40.9467756261299,0.894126737546554,0.914913001138558,49.6304335669758,PCR
2.17198314072282,0.877593217127164,41.338229266624,0.941151501876261,0.927044247492123,49.7646894545906,PCR
2.20476861254912,0.874455120309822,41.6786837632168,0.991036166863944,0.9240770497231,49.8655214473939,PCR
2.23453150257992,0.869798118829194,41.97288900486,1.04386237965845,0.919748840061082,49.9377239702647,PCR
2.26138252036041,0.863705152507757,42.2253777429796,1.09971518776023,0.914105364760609,49.985551488885,PCR
2.28546559489248,0.850386632494965,42.4404114486206,1.15869057919358,0.900423232860846,50.0127459069856,PCR
2.30694533752139,0.849995913170499,42.6219443219342,1.22088779423263,0.900151265814167,50.0225686096014,PCR
2.32600663208708,0.856943719515051,42.7735001187745,1.28640862575472,0.90453706406778,50.0179777370254,PCR
2.34285796104881,0.878242699469395,42.8979058033723,1.35533429351766,0.922744389383795,50.0022641516364,PCR
2.35775767731627,0.913048781900667,42.9975712828252,1.42774936570609,0.954119714807237,49.9785920494402,PCR
2.37100441167676,0.960372940953883,43.0746770058192,1.50374652521973,0.997797496582996,49.9495313779689,PCR
2.38292091945116,1.01917095510195,43.1311775038339,1.58342220864477,1.05284290855224,49.9171560337537,PCR
2.39384843371645,1.08836632031273,43.1687872749113,1.66687583600868,1.11826225168972,49.8830411509844,PCR
2.40413978470851,1.16682524579359,43.1889964286684,1.75420867912865,1.19297776098439,49.8483147065526,PCR
2.41415300638213,1.25332836779825,43.1930974277671,1.8455224866837,1.27580232538532,49.8137197493321,PCR
2.42424689127024,1.34655976501302,43.1822027491291,1.94091780227025,1.36543058374484,49.7796450811517,PCR
2.43477746222793,1.44510542945438,43.1572609491198,2.04049221657149,1.46043997935828,49.7461501447422,PCR
2.44609404322658,1.54745052970874,43.1190781868681,2.14433801285377,1.55929272808858,49.7129981562549,PCR
2.45853581006923,1.65197268304644,43.0683410536712,2.2525394449529,1.66033571095139,49.6796891067632,PCR
2.47242931969419,1.75693124834616,43.0056375103214,2.3651698693473,1.76179762336273,49.6454871260029,PCR
2.48808677424889,1.86045268533102,42.9314757405598,2.48228885652942,1.861782976325,49.6094425171368,PCR
2.50580437384301,1.96051209941302,42.8463026281339,2.60393921997745,1.95826287710883,49.5704117179028,PCR
2.52586032655211,2.05491108116252,42.7505229889364,2.73014389136112,2.04906253757622,49.5270769712543,PCR
2.54851241536359,2.14125192909743,42.6445193076964,2.86090268019144,2.13184528083195,49.4779649087973,PCR
2.57399510719346,2.21690861336727,42.5286712864461,2.99618905862804,2.20409296112551,49.4214627908032,PCR
2.60251596873441,2.27899439325431,42.4033751269749,3.13594711251751,2.26308227176691,49.3558321226707,PCR
2.63425102846732,2.32432664119303,42.2690629808934,3.28008882010527,2.30585695105617,49.2792205618398,PCR
2.66933866648083,2.34938934373512,42.1262234442502,3.42849174181932,2.32919585482518,49.1896735631141,PCR
2.70787173040793,2.35029380171184,41.9754233384327,3.58099723399417,2.3295766218643,49.0851458462345,PCR
2.74988761299745,2.32273836747867,41.8173308866706,3.73740935036878,2.30313469636853,48.9635127462557,PCR
2.79535599303573,2.26196826049374,41.6527405521501,3.89749462389582,2.24561734812232,48.8225818918913,PCR
2.84416394746706,2.16273681858902,41.4825999159625,4.06098291448134,2.1523322047959,48.6601058607918,PCR
2.89609821747723,2.0192697471843,41.3080389554954,4.22756947498466,2.01808944116008,48.473796364107,PCR
81.62,0.86,4.59,1.51,1.91,11.14,PCR
77.4636274879945,0.936530102804186,3.05050437553763,1.18493370044331,1.71575880685695,6.54431500930331,PCR
72.2961181003228,1.02420595065437,2.10662253013656,0.94103177073319,1.57265756851186,4.06251360644571,PCR
67.0812008103425,1.12228807583544,1.51463645186905,0.759809162088182,1.46650124354068,2.65960708801368,PCR
62.1925041883871,1.23043060048467,1.13144782846083,0.624211868801044,1.38761324054142,1.82780289817868,PCR
57.7319067152033,1.34829514794171,1.00114689044946,0.52141058288973,1.32934492123437,1.31188342422475,PCR
53.6598596695157,1.47470261724469,1.00516002038771,0.501939527791102,1.28710601342416,1.00632299564319,PCR
50.0412415041421,1.60935456119899,1.00030769032154,0.500119714001216,1.25717473352546,1.00040316149172,PCR
46.8528600296902,1.75220804321707,1.00973398120142,0.50396724989092,1.23696619723034,1.01293776809509,PCR
44.0214216733053,1.90315489441916,1.00272934945143,0.501171967335242,1.22482324548715,1.00366922569931,PCR
41.4932344564989,2.06177893575295,1.00942986627788,0.504307188114142,1.21942638477466,1.01280101429321,PCR
39.2205636459242,2.22774715257285,1.02602829225433,0.512762255876752,1.21985019104139,1.0360453998116,PCR
37.1682236624785,2.4004309057177,1.00929024499512,0.504876136456763,1.22532051336037,1.01313313633093,PCR
35.30474124029,2.57919679401986,1.00867679581349,0.504956415793042,1.23527218536613,1.01254785008984,PCR
33.6065405904183,2.76317590029782,1.00461618700729,0.502897786976652,1.24921975361084,1.00685535386392,PCR
32.0528252335003,2.95142258021421,1.02328179387961,0.516735382271876,1.26677842000408,1.03601487704172,PCR
30.6262136564463,3.14290026733331,1.00588514942921,0.504751090256121,1.28763420426154,1.00945286123377,PCR
29.3120659921172,3.33649639634526,1.01811176193353,0.51786904972,1.31152756284954,1.03124486247176,PCR
28.097916968409,3.53104987086475,1.00610476530275,0.507220429159948,1.33824009886074,1.01131893079149,PCR
26.9730656231483,3.72538007098672,1.01108513275548,0.51856177393389,1.36758505644327,1.02411423318114,PCR
25.928272500485,3.91831698126893,1.0037296885252,0.50905805980224,1.39940058454187,1.00994366299272,PCR
24.9555286452346,4.10873005257493,1.00238305806596,0.515748047387873,1.43354478165975,1.01281795893567,PCR
24.0478369838157,4.29555067111641,0.999651242212465,0.521535212926209,1.46989162167198,1.01103976350348,PCR
23.1990566645656,4.47776408693629,1.00309745125886,0.526466987207281,1.50832475879922,1.00511814348528,PCR
22.4045283754804,4.6542876274982,1.01233415841795,0.502450251676094,1.54869670547245,1.00006756005068,PCR
21.6555563941343,4.82451004318251,1.027204244938,0.500204800166646,1.59101087827672,1.00198070287167,PCR
20.949856097292,4.98755167235196,1.04757564911649,0.502284964060734,1.63512288547316,1.01024850354104,PCR
20.2842040888151,5.14280493340794,1.07343422757964,0.501462243182004,1.68092920128485,1.02474069157303,PCR
19.6556922467798,5.28979600314,1.10484775685937,0.500757578582414,1.72832836419229,1.04534936291693,PCR
19.0616380843353,5.42818792491314,1.14196115804677,0.500164410108644,1.77721827574049,1.07207726175735,PCR
18.4996182969749,5.55776413607377,1.18499037848388,0.501726041906138,1.82749502165944,1.10502660021061,PCR
17.9673925571879,5.67842499176022,1.23422186375451,0.501119402317433,1.87905187977532,1.14439179171503,PCR
17.4630265569235,5.79014905316764,1.2900066111131,0.501988052636946,1.93177838931701,1.19045504468636,PCR
16.984737404753,5.89300125663115,1.352763253409,0.500104025790852,1.98555916468036,1.24358250772339,PCR
16.5308296625832,5.98712656617041,1.42298332475533,0.500899383533217,2.04027361403396,1.30422510577941,PCR
16.0998369278266,6.07270527105161,1.50122631112554,0.501637405320287,2.09579525464216,1.37291894547367,PCR
15.690881561784,6.14985857729027,1.58809970571407,0.500285828398555,2.15199084416217,1.45028569524914,PCR
15.3101439382323,6.21729805472503,1.68386709602905,0.506875730505675,2.2087091467041,1.53699313568996,PCR
14.976021787744,6.27135417300029,1.78798957144153,0.509452220314514,2.26574412216985,1.63360252530327,PCR
14.6827202992681,6.31379535487146,1.90085119175788,0.525176373538449,2.32276973439606,1.74037860303701,PCR
14.3458227575165,6.36208943315682,2.02832257182845,0.517574401977751,2.37972141535645,1.85869722409673,PCR
14.0250918038183,6.40329959722709,2.16868214608809,0.51098366697495,2.4366200815115,1.99004539202239,PCR
13.7198911084289,6.43761001531608,2.32306514703951,0.505352898154799,2.49329050257073,2.13561384717676,PCR
13.4296240899901,6.46518602180057,2.49270679198487,0.500652291752708,2.54955011125272,2.29669967565206,PCR
13.1537712377845,6.48616128306704,2.67893789555454,0.500832505657359,2.60520281069602,2.47469664822934,PCR
12.8919821900653,6.50060878641909,2.88317781896563,0.500934704861383,2.66004144869277,2.67109716051811,PCR
12.6438785754668,6.50859245719561,3.10694943304146,0.500750360660185,2.71386705239443,2.88749761217584,PCR
12.4090551709183,6.51016457636046,3.35187919492643,0.500077305924739,2.76647719767376,3.12558083645898,PCR
12.1871733185289,6.50533902726459,3.61968244210975,0.500010084505311,2.81766359753124,3.38709974967193,PCR
11.9779551509679,6.49409219815347,3.9121530511521,0.500651198906228,2.8672130340013,3.67385551362057,PCR
11.7811888061329,6.4763618374235,4.23114806546589,0.502241107463015,2.9149068151247,3.98767075987398,PCR
11.5967173853952,6.45205148552098,4.57856724061986,0.504812407929924,2.96052329627726,4.3303534155185,PCR
11.424419408603,6.4210381298526,4.95632837695085,0.508407016420805,3.00384050850976,4.70365077660643,PCR
11.2641951876836,6.3831784615888,5.36633705898144,0.513077048425704,3.04463832775071,5.10919676669471,PCR
11.1159570570626,6.33831456388767,5.8104491160157,0.518885278024788,3.08270061167557,5.54845018319311,PCR
10.9796180541055,6.28628038190609,6.29042577955146,0.525905858624132,3.11781767338931,6.0226242383073,PCR
10.8550795260421,6.22690924850553,6.80788239506818,0.534225393819057,3.14978938481905,6.53260971937303,PCR
10.7422142419116,6.16004282839573,7.36423094243698,0.543944130025451,3.17842864219057,7.07889379966908,PCR
10.6408480980912,6.08554085854789,7.96061795869073,0.55517724855444,3.20356525861466,7.66147882280046,PCR
10.5507404055379,6.00329151253671,8.59785947373094,0.568056286823489,3.2250501418712,8.27980553726401,PCR
10.4715630912268,5.91322213804685,9.27637570200808,0.582730733839818,3.24275965664039,8.93268673787232,PCR
10.4028792859861,5.81531010066479,9.99612859667341,0.59936983275192,3.25660002647218,9.61825774803986,PCR
10.344122775077,5.70959307071322,10.7565675323863,0.61816456968179,3.26651146917158,10.3339514593329,PCR
10.2945792140104,5.59617845877725,11.5565859414662,0.639329899688784,3.27247190839969,11.0765021255592,PCR
10.2533705470994,5.47525148616849,12.3944934188802,0.663107273887094,3.27450000688061,11.8419840944631,PCR
10.2194450424249,5.34708097288777,13.2680092447625,0.689767442402356,3.2726571076731,12.6258886534686,PCR
10.1915742508939,5.21202253290261,14.1742794997878,0.719613622140322,3.26704792373285,13.4232379565942,PCR
10.1683583832956,5.0705187065386,15.109919979948,0.752985091593608,3.25781974603356,14.2287319389753,PCR
10.1482403546512,4.92309586617496,16.0710842257686,0.790261350160739,3.24516002223889,15.0369182159854,PCR
10.129536774273,4.77035715367035,17.0535603001069,0.831866353480256,3.22929265821347,15.8423930071832,PCR
10.1104718652039,4.61297259464088,18.0528837825714,0.878273841613672,3.21047235288658,16.6399890457905,PCR
10.0892232448123,4.45166647271817,19.0644634395002,0.930013222764602,3.18897786820131,17.4249535446249,PCR
10.0639759674645,4.28720235294871,20.0837142265319,0.987676018057948,3.1651044006036,18.1931071328608,PCR
10.0329815774774,4.12036678939431,21.1061864695197,1.05192299254293,3.13915541774801,18.9409671735816,PCR
9.99461836189353,3.95195264138615,22.1276822986315,1.12349196317816,3.11143434087058,19.6658274879487,PCR
9.94744908819202,3.78274295358434,23.1443511449337,1.20320620227963,3.08223649803141,20.3657905076172,PCR
9.89027267935767,3.61349625468583,24.1527580857572,1.29198327302064,3.05184173823609,21.0397525735258,PCR
9.82216666714643,3.44493397432528,25.1499212000093,1.39084404938947,3.02050801577825,21.6873467220317,PCR
9.74251799682167,3.27773046656979,26.1333167620945,1.500921559339,2.98846615901759,22.3088501422403,PCR
9.6510407536892,3.11250588683875,27.1008537509528,1.62346913871427,2.95591594439506,22.9050653895622,PCR
9.54778039244177,2.94982191538825,28.0508208073352,1.75986723321929,2.9230234994741,23.4771840095586,PCR
9.43310526915881,2.79018023051443,28.9818138485702,1.91162767330917,2.88992006999085,24.0266479811643,PCR
9.30768728008628,2.63402307158999,29.8926471202134,2.0803947450738,2.85670187364081,24.5550078737502,PCR
9.17247292220319,2.4817357632687,30.7822567654914,2.26794109450405,2.82343110318026,25.0637921901675,PCR
9.0286477409416,2.3336505061493,31.6496039227607,2.47615682919657,2.79013783667728,25.5543916689867,PCR
8.87759647177589,2.19005092866012,32.4935831964592,2.7070297129861,2.75682270667598,26.0279616323164,PCR
8.72086118002484,2.0511768608642,33.3129428539857,2.96261400902152,2.72346018125197,26.4853455249206,PCR
8.56009950297753,1.91722868169761,34.1062238578135,3.24498523680753,2.69000229650472,26.9270227203396,PCR
8.39704300689449,1.78837306957298,34.8716985793347,3.55618042209551,2.65638303149437,27.3530623399399,PCR
8.23345952388931,1.66474595360543,35.6073542427846,3.898118450619,2.62252274996596,27.763118654052,PCR
8.07111923810549,1.54645408789269,36.31090706247,4.27249995803196,2.58833276329834,28.1564501161445,PCR
7.91176246617828,1.43357846972391,36.9798123281473,4.6806911143896,2.55372041206213,28.5319373031504,PCR
7.75707154048785,1.32617529419046,37.6113148397435,5.12358953954552,2.51859413017405,28.888131121824,PCR
7.60864637019416,1.2242768506737,38.2025193454682,5.60147922991066,2.4828685843275,29.2233152256047,PCR
7.46798319789477,1.12789151161807,38.7504850081395,6.11388242340459,2.44646973175606,29.5355850767458,PCR
7.33645622590374,1.03700341703177,39.2523367321116,6.65942065491689,2.40933967861028,29.8229380957888,PCR
7.21530187598386,0.951571973832173,39.705388652034,7.23569973883672,2.37144115039215,30.0833716570843,PCR
7.1056055919544,0.871531388071456,40.1072730842041,7.83923524533928,2.33276134882992,30.3149845028199,PCR
7.00832584166555,0.85118750780466,40.4541715329834,8.46460424171195,2.29303595646781,30.5160649495002,PCR
6.92426620717325,0.853466503483244,40.7452116050813,9.10611330047049,2.25237678703323,30.6852385402123,PCR
38.6,6.57,20.87,11.54,2.04,21.32,PCR
34.3581634269234,5.78508204794804,14.1298874499733,10.2314320313771,1.67859915050385,15.9273651049689,PCR
30.3775034626399,5.2371955342709,10.1973440013992,8.72788263634611,1.41512608807849,12.3979389137689,PCR
26.6186422367623,4.82738056621748,7.78970160129976,7.31207469222224,1.21695377715677,10.0259010917185,PCR
23.1257684612224,4.50449644901958,6.2546797256999,6.08392910185065,1.06398957374753,8.39782044772446,PCR
19.9436522529176,4.23967884547255,5.24353315604781,5.05804289324823,0.943234715022294,7.26198897544952,PCR
17.0963101013084,4.01570182575099,4.56145771703486,4.21556278359047,0.900634980914484,6.46125317813124,PCR
14.5868862845722,3.82200666670825,4.09500704930772,3.52819293402863,0.902995142810282,5.89537417911187,PCR
12.4000416769917,3.6511108144777,3.77560858202103,2.96738296002939,0.905357672757345,5.49822025161826,PCR
10.5106516585902,3.49773569762435,3.56040823551559,2.5083626492505,0.914782176774274,5.22562425328427,PCR
8.88915754169393,3.35811448328758,3.42177750480713,2.13086780197961,0.911254959087134,5.04755496072749,PCR
7.50484265216139,3.22950208428057,3.34145178061172,1.81875210950583,0.908910901134349,4.94323995133206,PCR
6.32784857570635,3.10984040829859,3.30704279610138,1.55926896596882,0.903944736777235,4.89803464611807,PCR
5.33033241082559,2.99755520900609,3.3099885235573,1.34238739287333,0.911137114631351,4.9014648398718,PCR
4.48703814633163,2.89142214214006,3.34429274721568,1.16020960295335,0.917823042788072,4.94596045460344,PCR
3.77552520896796,2.7904683043617,3.40565229878193,1.00646638198138,0.924149286157889,5.02594157255951,PCR
3.17611268270543,2.69391362653738,3.49097313300124,0.876165781229861,0.948914847746674,5.13728649936433,PCR
2.67171767447171,2.60112641352908,3.5980269370077,0.765312304973341,0.942915715250754,5.27694694911341,PCR
2.24766829045906,2.51162153053202,3.72518559529107,0.670683020647422,0.936913527114535,5.44270183852554,PCR
1.89139437863301,2.42497164880843,3.87124789995241,0.589643655587849,0.902915637600021,5.63287520313273,PCR
1.59207391172701,2.34063729016809,4.03536637353961,0.520018680810946,0.907574667843408,5.84602106897986,PCR
1.34058428892011,2.25797741270822,4.21606732245089,0.501314291817122,0.901122283216518,6.08122379580496,PCR
1.12990449190043,2.17756611739128,4.41063470424868,0.515692504642728,0.913778294463014,6.33743975027723,PCR
1.00201173245533,2.09874288352102,4.61791914174495,0.500684923730763,0.900613191065901,6.61343927578968,PCR
1.04659341163705,2.02142693473823,4.83458193702486,0.515437346825235,0.914355753696597,6.90304844717552,PCR
1.0533575125425,1.94558464694238,5.05881196286891,0.517343897765645,0.916656592285868,7.20366051872832,PCR
1.06001492382514,1.87119366948972,5.29060677469591,0.519113413095622,0.918999270074602,7.51553058217203,PCR
1.03594673806533,1.79823701122688,5.52993781698777,0.511225707959496,0.911532148710566,7.83892392424855,PCR
1.01216687009149,1.72670373156042,5.77674812579003,0.503721186347391,0.903957709921639,8.174097052133,PCR
1.12816457519204,1.65658870973536,6.0309508618015,0.537953653505739,0.942601107212324,8.52129492642006,PCR
1.19972101096806,1.58789248456729,6.29242557113447,0.557295471577938,0.967775209942525,8.8807504276877,PCR
1.03836992935341,1.52062097006995,6.56101472528157,0.510856600641835,0.913132852209076,9.25268214651552,PCR
1.10969380855771,1.45478320731152,6.8365349497428,0.52996208365568,0.938401536240121,9.63729753942471,PCR
1.17937936229717,1.39039227464478,7.1187681159142,0.547159016481676,0.964311557034585,10.0347886960576,PCR
1.02220047863984,1.32746514570242,7.40745467001131,0.505737865386221,0.908036847618885,10.4453270164703,PCR
1.09162953521461,1.26602117787737,7.70230311257951,0.522698819035055,0.934045915941125,10.8690658443625,PCR
1.15919876721556,1.20608261926977,8.00298183610535,0.537636177363384,0.960780206199716,11.3061354721403,PCR
1.00681321811649,1.14767273553469,8.30912551989128,0.501577411708959,0.902631675286919,11.7566418048504,PCR
1.07411058411154,1.09081557137261,8.62033620992778,0.516279334887299,0.929468579394079,12.2206653656192,PCR
1.1392874781831,1.03553577845605,8.93618313179992,0.52885832804678,0.957117607413971,12.6982604760145,PCR
1.20215622816366,0.981857111714394,9.25620680629656,0.539257575735764,0.985636505367067,13.18945150151,PCR
1.05728980655718,0.929802271448006,9.57992030539076,0.51081231854608,0.924602386904129,13.694231404518,PCR
1.10667878417157,0.891236443533801,9.89787128164475,0.519908063314887,0.94984641945875,14.2018318376897,PCR
1.00277559615159,0.850976942155642,10.2227143522785,0.5004690625617,0.901256387390117,14.727831191453,PCR
1.00968060005723,0.853554982012665,10.553815086895,0.501520528698185,0.90452615662114,15.2725946750662,PCR
1.0043103222361,0.85164897955144,10.885911573268,0.500626582208024,0.902079467787784,15.8305806977447,PCR
1.10390338927322,0.892273182187076,11.2184429554858,0.513324868257361,0.952710592607339,16.4016096148261,PCR
1.07619817802552,0.882264685653228,11.5508071514094,0.508882671179229,0.939951133717442,16.9854524876617,PCR
1.10084317933435,0.894887814677857,11.8824078278408,0.510250879059694,0.955148363598509,17.5818428420542,PCR
1.12401396863112,0.90808929886218,12.212657653773,0.510672685354171,0.970872269426051,18.1904750653081,PCR
1.00183750817754,0.850883466283452,12.5409786465533,0.500140327777658,0.901071752075456,18.8110037796605,PCR
1.02653350350038,0.86341299865758,12.8668062846313,0.501643478833791,0.916221999733828,19.4430420424995,PCR
1.04968873698044,0.876513354581254,13.1895927291676,0.502203869311628,0.931909516748439,20.0861591317036,PCR
1.07121274632619,0.890174908637697,13.5088122769133,0.501826303482581,0.948149095341722,20.7398791536067,PCR
1.0910145930169,0.904384401666096,13.8239633763524,0.50052043564756,0.964954126431715,21.4036867710761,PCR
1.1090049308135,0.919126047182576,14.1345644169595,0.500054961097766,0.982336604014407,22.0770263106415,PCR
1.00716449120112,0.854667423322678,14.4400163196567,0.501575471855673,0.90555397781406,22.759274243261,PCR
1.02704407240058,0.868777310346005,14.739609526548,0.505082392833902,0.922304875768017,23.4497404393099,PCR
1.04503337209012,0.883408244247439,15.0325503237945,0.510591862884746,0.9396464698854,24.1476728414553,PCR
1.06104819480079,0.89853655680146,15.3180422368723,0.51814139877392,0.957586704632725,24.8522732377167,PCR
1.07499747309295,0.914139912950358,15.5953265756051,0.527788000889944,0.976135888673629,25.5627067942724,PCR
1.08679063990573,0.930194413784671,15.8636732686691,0.539607565530491,0.995304412844418,26.2781017724017,PCR
1.00957890059126,0.859180276718425,16.1223755468724,0.553695101493999,0.910918445621274,26.9975530005289,PCR
1.02364065410531,0.87466828373681,16.3707463142408,0.570165102902112,0.929400856216259,27.7201222628603,PCR
1.03548945353534,0.890583148377977,16.6081103928378,0.589152012013467,0.94850537954742,28.4448404270705,PCR
1.04504538441114,0.906892559775918,16.8338029261597,0.610811250932192,0.968236265731165,29.1707102960651,PCR
1.05223311947847,0.923562483975404,17.0471700465693,0.635319932780005,0.988596591007157,29.8967093181259,PCR
1.05698036096068,0.940556680155313,17.2475659286894,0.662877474928805,1.00958788968472,30.621793196966,PCR
1.0084161831947,0.864193380012131,17.4343493428984,0.693706257904629,0.917216580584775,31.3448983090771,PCR
1.03962264188592,0.930835849181287,17.6068794639116,0.728052069371811,0.998791950376695,32.0649452714309,PCR
1.00138219647253,0.8530422386524,17.7645147655965,0.76618427556718,0.903729008980518,32.7808398161968,PCR
1.02488978255317,0.920545916616841,17.9066034960685,0.808395928955428,0.987235645377706,33.4914796072191,PCR
1.03507184929636,0.989312506912262,18.0324920073847,0.855003281409817,1.07400160099328,34.1957481874669,PCR
1.01293923217158,0.909759309048069,18.1415075248766,0.906344266025272,0.974913376520542,34.8925296953507,PCR
1.0149327552637,0.979002531501333,18.2329686225739,0.962778971810532,1.06357318292187,35.5807000235427,PCR
1.0039105715649,0.898556206476554,18.3061764048328,1.02468307595537,0.961825752672257,36.2591392695905,PCR
0.998545146185503,0.968121372077676,18.360410008903,1.09244969121649,1.05235397923175,36.9267114786033,PCR
0.998901242394788,0.887024417058907,18.3949130249767,1.1664757633735,0.947978542247476,37.5822140200876,PCR
1.00525907986905,0.950210656380603,18.4075027141009,1.24721176990958,1.02906218270732,38.2307020752629,PCR
1.01761282352333,0.883720240314435,18.3980595667929,1.33494389380795,0.944247565491237,38.8607037022664,PCR
1.03605805777673,0.851452155016697,18.3658067394263,1.42995830073061,0.901935855085365,39.4655638912361,PCR
1.06102404317481,0.853719279312656,18.3085815435058,1.53252003340678,0.905028808003493,40.0459313111141,PCR
1.09297952876316,0.850679434593391,18.2249568594734,1.64278563086425,0.900930041712858,40.5991535880577,PCR
1.13248625323842,0.873395672996884,18.1137624727936,1.76078786360207,0.932528530528541,41.12167418609,PCR
1.1802271927237,0.905385846425815,17.9739673068098,1.88641051283374,0.97836045758493,41.6097872410122,PCR
1.23701780211566,0.880912837195143,17.8047164455396,2.01935361085836,0.944309608161987,42.0596247333859,PCR
1.30381253122095,0.85665483986994,17.6053649500456,2.15910385198906,0.909670001662722,42.4671514623887,PCR
1.38172539688397,0.888074676510514,17.3755366578734,2.30488238565831,0.956458981359499,42.8281439332246,PCR
1.47203039501799,0.864102119844312,17.1151582986872,2.45562116932317,0.921229853296865,43.1381938106736,PCR
1.57616388456703,0.868341777293149,16.8245009953731,2.60993542403329,0.92814609845089,43.3927101514069,PCR
1.69572240449251,0.872449630685225,16.5042155387828,2.7661040907617,0.935147472800156,43.5869269557016,PCR
1.83245018323633,0.876406686375076,16.1553598604661,2.92206228711849,0.942215913620894,43.7159230508557,PCR
1.98821097199517,0.880194366355323,15.779421273214,3.07540699374288,0.949332381069558,43.7746577861791,PCR
2.16493892557306,0.883794374398453,15.3783227434419,3.22342459707561,0.956475012400771,43.7580307309133,PCR
2.36456339384933,0.887189823140128,14.9544101776255,3.36314316397868,0.96361860801206,43.6609706199963,PCR
2.58890183939864,0.890366086289497,14.5104235860085,3.49140879759898,0.970734933522151,43.4785613490001,PCR
2.83951524352094,0.893310791003613,14.0494548707772,3.60498540505616,0.977793285319845,43.206213568549,PCR
3.11752267317983,0.896013757049939,13.5748934913209,3.70067708901077,0.984760679169784,42.8398890636182,PCR
3.42337640684657,0.898467916533724,13.0903613126365,3.77547047045309,0.991602046526992,42.3763808850363,PCR
3.75660673996451,0.900668181650386,12.5996422902264,3.82668884525222,0.998280152308659,41.8136490508394,PCR
30.48,6.26,33.4,11.83,2.68,15.58,PCR
25.5233654906206,5.28060250710354,28.4360087055399,9.94302731972037,2.48307736761192,12.0403963578061,PCR
21.3729388724926,4.57770844778634,25.2477764878227,8.42385583495317,2.35207153188838,9.70814804531605,PCR
17.8769350506184,4.04349787901228,23.1954516241351,7.19866116168095,2.26637384132606,8.11100235467883,PCR
14.9212791781763,3.61865637855838,21.9157967890787,6.20462824824517,2.21348303403707,6.98258832792943,PCR
12.4170609091542,3.26810147277447,21.1919041538667,5.39183477028413,2.18539252742384,6.16520068093942,PCR
10.293420052245,2.96986756914196,20.8888584486836,4.72164731515305,2.17674143090968,5.56139891002212,PCR
8.4929855643936,2.70959220302194,20.919979443717,4.16443417980826,2.18380606253747,5.10872981284138,PCR
6.96868066555488,2.47755373874713,21.2278889219658,3.69746662428554,2.20391241145772,4.76575605775458,PCR
5.68141148557055,2.26703055006716,21.7736230057131,3.30323596166493,2.23508497094629,4.50421267512935,PCR
4.59832336635114,2.07330325646074,22.5298122144395,2.96816987344497,2.27582191166244,4.30424303908633,PCR
3.69146666423779,1.89305024066255,23.4763896238108,2.68165592031657,2.32494961540218,4.15153036484904,PCR
2.9367919805119,1.72397844055644,24.5978976842908,2.43533693480973,2.38152980365627,4.03560257795818,PCR
2.31336300078977,1.56453644773441,25.8814114918284,2.22257523417869,2.44478992117604,3.94855222556002,PCR
1.80276542536211,1.41374114727662,27.3152720574685,2.03804958338221,2.51407878178077,3.88432735714203,PCR
1.38867363199867,1.27104244172964,28.888201838873,1.87746102866864,2.5888352944207,3.83824286331595,PCR
1.1591045710597,1.13620462636659,30.5884195399581,1.73730386714813,2.66855909217843,3.80655826708892,PCR
1.00389740986798,1.00927885079632,32.3757753567685,1.61393310133559,2.75211006241689,3.78234710220865,PCR
1.01127338172369,0.890530379143381,34.2169361773759,1.50461604146078,2.83864953716928,3.76107345110029,PCR
1.00537230776294,0.851938845846942,36.0911375016353,1.40738218824335,2.92754972632293,3.74083697596601,PCR
1.03559023867379,0.863042654878241,37.9937358459774,1.3207786480936,3.01829076271009,3.72233658466304,PCR
1.05027773060509,0.868682594108916,39.9129066249002,1.2435730038736,3.11059602223961,3.7051127833165,PCR
1.06604788744764,0.874859536587775,41.839848019146,1.17474209172296,3.20433993708722,3.68910313549515,PCR
1.08288885069885,0.881571082146108,43.7656678924617,1.1133867495262,3.29939287312222,3.67425263028811,PCR
1.10077956955815,0.888808936320189,45.6814985263977,1.05871401582123,3.39562065982791,3.66051247645653,PCR
1.03458092889394,0.863440888518021,47.5786641265741,1.01002356271381,3.49288484716974,3.64783904915353,PCR
1.3150046326717,0.973902698148911,49.4488207303751,0.966692917309713,3.59104336810762,3.63619297435639,PCR
1.24938457750929,0.948837022562433,51.2841016919055,0.928169747403125,3.68995115889351,3.62553906131819,PCR
1.17951299872635,0.921645090153829,53.0772555328825,0.893967892787972,3.78946033190721,3.61584563893597,PCR
1.10553425237359,0.892392353236963,54.8217412991983,0.863657495894924,3.88942066305321,3.60708340585549,PCR
1.027604110353,0.861153911422698,56.5117975593542,0.836855921049967,3.98968055579615,3.59922536254455,PCR
1.34821753205155,0.991820386611852,58.1424970013435,0.813222846650401,4.09008775052394,3.59224661058039,PCR
1.27062259017115,0.960757024562336,59.7097744303496,0.792456143205684,4.19048995754248,3.58612404940928,PCR
1.18938945636081,0.927858964532214,61.2104298110166,0.774287451322268,4.2907355234487,3.58083594559268,PCR
1.10473046116786,0.893232329814569,62.6421094938248,0.758478039024158,4.39067415882142,3.57636163475143,PCR
1.01686551302052,0.85698785414198,64.0032712381278,0.744815331074291,4.49015771819445,3.57268147409629,PCR
1.20062685163294,0.933498176948128,65.2931217534321,0.73310942236942,4.58904103703794,3.56977664730969,PCR
1.39121176506451,1.01345965762576,66.5115759896075,0.72319153884525,4.68718232996492,3.56762903238748,PCR
1.5878940494569,1.0965049947274,67.6591786033909,0.714911221396719,4.78444396722604,3.5662210410228,PCR
1.03399960698726,0.864275172857334,68.7370191025573,0.708134014755439,4.8806931469198,3.56553547838129,PCR
1.2286908700799,0.946310776605177,69.746664322199,0.702739966348248,4.97580238855903,3.5655554819637,PCR
1.42858059419251,1.03097319744311,70.690061371264,0.698621164936862,5.06965024116606,3.56626432129555,PCR
1.63297609103686,1.1179206975751,71.5694657009337,0.69568082723665,5.16212160271102,3.56764527475461,PCR
1.05241330481591,0.872204549671438,72.3873957537825,0.69383242160098,5.25310831503652,3.56968220403494,PCR
1.2551813213403,0.958339638698971,73.1465562938699,0.692998355234198,5.34250936923216,3.57235909519442,PCR
1.46173092842858,1.04639200261384,73.8497848962948,0.693109222793854,5.43023114419254,3.57566006312056,PCR
1.67157152826545,1.13609589547489,74.4999881701604,0.69410265161896,5.51618742543583,3.57956882853577,PCR
1.07144090674067,0.880454171861578,75.1001043061565,0.695922572506754,5.60029978262892,3.5840691522967,PCR
1.28009496857622,0.969546863229785,75.6530580310158,0.698518490314373,5.682497557744,3.58914450761469,PCR
1.49132935762303,1.05997467143006,76.1617370855939,0.701844941217422,5.76271809750588,3.59477852136122,PCR
1.70470439851253,1.15153826620326,76.6289881627055,0.70586118918963,5.84090708774016,3.60095597196787,PCR
1.09068045977924,0.888832624743386,77.0575650891356,0.710530556654657,5.91701772525006,3.60766123086976,PCR
1.08157585646097,0.923861018512054,77.2444105262307,0.714436083635696,5.98385602916906,3.60350179447639,PCR
1.16122104417566,0.919080364181372,77.6151251848456,0.720004410800108,6.05578080817493,3.61084776024069,PCR
1.14781558241148,0.913382214492262,77.9596949111799,0.726191165959959,6.12581191425962,3.61897889769938,PCR
1.01551174699183,0.856655318817577,78.2741983041803,0.732931293528396,6.19365257100297,3.62757607841946,PCR
1.37486450859669,1.01096589774266,78.5608813542483,0.740201590952618,6.25929052150384,3.63662325528319,PCR
1.2421971764717,0.954052049132753,78.8218552521126,0.747981144994178,6.32271948605983,3.64610456960128,PCR
1.10889665898918,0.896805989297073,79.0590905951524,0.756251282447768,6.38393947322975,3.65600417248448,PCR
1.47099093736984,1.05257413456431,79.2744294549741,0.764995270641385,6.44295634284883,3.66630632636982,PCR
1.3373745634092,0.99516637885368,79.4695879712277,0.77419812066067,6.49978142403756,3.67699540616016,PCR
1.65682224275634,1.13277458649,79.646162090857,0.783846381340112,6.55443098384832,3.68805589319881,PCR
1.02450072734454,0.860548095735961,79.8056355268138,0.793927976934147,6.60692576963344,3.69947237817164,PCR
1.34403399769282,0.998219121216583,79.9493785752194,0.804432125813348,6.65729076892568,3.71122957884044,PCR
1.66439284934783,1.13638281042772,80.0787093448285,0.815348617136155,6.70555282774091,3.7233122783465,PCR
1.02986064103411,0.862873472939132,80.1947916510241,0.82666893526906,6.75174430156924,3.73570545295598,PCR
1.35029994190506,1.00109222591748,80.298715042537,0.838385298812042,6.79589985932888,3.7483942077885,PCR
1.67124690249898,1.13964238005059,80.3914660834557,0.850490982396626,6.83805752195099,3.76136372432633,PCR
1.03529116627809,0.865228879524837,80.4739508401133,0.862979911129967,6.87825716806356,3.77459908196649,PCR
1.35621131431497,1.00379047553378,80.5470135220722,0.875846737907104,6.9165408786281,3.78808599441275,PCR
1.67733006907395,1.1425641093036,80.6114260839537,0.889086805834469,6.95295268534464,3.80181039894169,PCR
1.04061464910701,0.867544766170245,80.6679104760356,0.902695969496085,6.98753771590836,3.81575872799678,PCR
1.36170305981603,1.00633610264726,80.717115061454,0.916670572128319,7.02034196153546,3.82991696169251,PCR
1.68287286426228,1.14527176967129,80.7596309912123,0.931007460424385,7.05141242478759,3.8442712667166,PCR
1.04592134935595,0.869867965733865,80.7960005689014,0.945703885622258,7.08079658836572,3.85880796459348,PCR
1.36708237972493,1.00880785427727,80.8267174794546,0.960757479047205,7.10854235212104,3.87351346775257,PCR
1.68814692527675,1.14781566401937,80.8522292077865,0.976166250779558,7.13469799966867,3.88837434746145,PCR
1.05128189488253,0.872186381603568,80.8729502272992,0.991928500565434,7.15931178852736,3.90337748330526,PCR
1.37223089796097,1.0111860519103,80.8892646235719,1.008042876625,7.18243206343399,3.91851036769518,PCR
1.69292933431796,1.15021497016628,80.9015229528331,1.02450831093455,7.20410701853009,3.93376076877404,PCR
1.05649328138255,0.874486599483279,80.9100419219535,1.04132391071814,7.22438407201661,3.94911634813475,PCR
1.37713472499311,1.01351228371179,80.9151061108509,1.05848896735408,7.24331008785167,3.9645647328376,PCR
1.69752752889886,1.15253236125986,80.9169706755908,1.07600294624207,7.26093125481392,3.98009359055803,PCR
1.06175099263346,0.876792697035035,80.9158719061537,1.09386544570153,7.27729299000136,3.99569087098105,PCR
1.38207761050698,1.01579729288558,80.9120194790844,1.11207615754169,7.29243983246656,4.01134438732283,PCR
1.70200685464287,1.15476618323444,80.905604506733,1.13063489519361,7.30641552100232,4.02704220162707,PCR
1.06701410141671,0.879083394202758,80.8968130092065,1.14954162019393,7.31926308793006,4.04277319127252,PCR
1.38678322462401,1.01803820357987,80.8858154916961,1.16879640445275,7.33102462292606,4.05852653429163,PCR
1.70610531986901,1.15694359555024,80.8727682122824,1.18839939828128,7.34174121941113,4.07429166026969,PCR
1.0721134011607,0.881369903700917,80.8577975324511,1.20835065862952,7.35145238063058,4.09005713178483,PCR
1.39138317228076,1.02025937732344,80.841024491927,1.22865031815949,7.36019675822276,4.10581208944863,PCR
1.71024238938393,1.15908040429097,80.8225545696089,1.24929849075848,7.36801179772944,4.12154557944192,PCR
1.07732791805173,0.883652613058796,80.8024855581896,1.2702952590956,7.37493387627928,4.13724682922389,PCR
1.39606693887472,1.02245284246297,80.7809048716006,1.29164067360948,7.38099824784034,4.15290515035614,PCR
1.71424015893116,1.16117440766964,80.7578947390409,1.31333477172461,7.38623914569173,4.16851018723174,PCR
1.08246466368689,0.885924146301405,80.7335441170999,1.33537766622166,7.39069004914917,4.1840526211334,PCR
1.40046721457926,1.02462712227739,80.7079261516331,1.35776936335709,7.39438312124408,4.19952277803681,PCR
1.54744016974223,1.12191907847723,80.5159089321868,1.37866114604424,7.39076336785518,4.20496904012345,PCR
1.02596732703981,0.861320941711911,80.3969081785213,1.39983328117123,7.38878156370559,4.21352874597959,PCR
1.16233906725252,0.920813808703108,80.3917974182913,1.42258472967775,7.39118803988277,4.22861158002415,PCR
40.09,4.64,17.75,16.14,2.67,18.71,PCR
38.4003819425192,4.25446356686315,14.6493808994084,13.2645180554225,2.62245303887352,14.3439648285817,PCR
35.9882950569911,3.99061155232759,12.459631749362,10.9192946456865,2.62311631852748,11.3876833017618,PCR
33.2184367457599,3.80573761407622,10.9203713841891,9.04334003981874,2.66323510694994,9.36108022984886,PCR
30.3323884541115,3.67388856922268,9.85086189154762,7.55338490882945,2.73698836022356,7.95781216350107,PCR
27.4811274761636,3.57850140091202,9.12799606124618,6.37003479246776,2.84032083099283,6.98187373903308,PCR
24.7534424703655,3.50856164277257,8.66877933960184,5.42635924944476,2.97022595681088,6.30717584412847,PCR
22.1973282308744,3.45643804667375,8.41764340706967,4.66905185685458,3.12426829965399,5.85189438704504,PCR
19.8348255530486,3.41662558767556,8.33776086258058,4.05679462824564,3.30025453469521,5.5625316592927,PCR
17.6718508634506,3.38499159636398,8.40525349737173,3.5579700212574,3.49600342281771,5.40407296935487,PCR
15.704743326367,3.35829674533128,8.60522796927716,3.14845653720567,3.70918293234511,5.35370207188877,PCR
13.9243084832339,3.33390374872365,8.92919318630037,2.80984701991378,3.93721013131035,5.39701390992,PCR
12.3185107875359,3.30957674801731,9.37317021127639,2.52805112262092,4.17719836737031,5.52542801306298,PCR
10.8741359752053,3.28335787851956,9.93634096821381,2.29221541635901,4.42595228626569,5.73457059006603,PCR
9.57776442534682,3.25349443716097,10.6200187471629,2.09394033289322,4.68000739093256,6.0232351278581,PCR
8.41641206426153,3.21839513243311,11.4267311374385,1.92669178063501,4.9357039558222,6.39258468089625,PCR
7.37789294606682,3.17661510297001,12.3593802044539,1.78535204764828,5.18928667705145,6.84556697278266,PCR
6.4509646726167,3.12686654198364,13.4204431079403,1.66589769934478,5.43702223771128,7.3864687651019,PCR
5.62538731616803,3.06804512424005,14.6111563048779,1.5651552353861,5.67531966319514,8.02047520196245,PCR
4.8918991245803,2.99927031244044,15.9307109731687,1.48061562851679,5.90084327495558,8.75322855369701,PCR
4.24213357436809,2.91993466341446,17.3754970886565,1.41029725514548,6.11060895990819,9.59035144498098,PCR
3.66851323716361,2.82975387254661,18.9384513508765,1.35264030884648,6.30205832930671,10.536906299243,PCR
3.16412708799049,2.72881063563527,20.60859296535,1.30642642987012,6.47310820441746,11.5967961868845,PCR
2.72260717487736,2.6175835718054,22.3708339991375,1.27071740621804,6.62217693506516,12.7721218260354,PCR
2.33801891293499,2.49695401108628,24.2061252003713,1.24480774716696,6.74819145610658,14.0625276777879,PCR
2.00477389871073,2.36818427428082,26.0919901482718,1.22818828223322,6.85057874259431,15.4645935133227,PCR
1.71757100842083,2.23286656516942,28.0034182951237,1.22051793576627,6.92924678295966,16.9713425636182,PCR
1.4713682852192,2.09284431239123,29.9140556229534,1.22160198859922,6.98455747679424,18.5719417974614,PCR
1.26138251804897,1.95011286091995,31.7975675134114,1.23137526921261,7.01729299889565,20.2516730214437,PCR
1.08310864994891,1.80671039199387,33.6290141305269,1.24988910125359,7.02861574473028,21.9922154096261,PCR
1.00508558244753,1.6646342020494,35.3760145897296,1.27709311206153,7.019471112502,23.7639915602425,PCR
1.02898006286933,1.52580667866419,37.0069161411033,1.31289503586126,6.99119498387441,25.5315532778043,PCR
1.00481071173826,1.39192654291524,38.5016265221579,1.3573413863334,6.94591750044616,27.2633135954227,PCR
1.03834351436695,1.26435699379049,39.8564724196356,1.41073172040345,6.88650242848112,28.9382030849451,PCR
1.01533367682694,1.14408131283713,41.0719969757483,1.4734192866568,6.8156869279429,30.5377192844636,PCR
1.04559222259483,1.03173024231464,42.1521520752452,1.5458090750325,6.73602814229843,32.046570188239,PCR
1.02395752896016,0.92762809320829,43.103427291381,1.62835555695322,6.64986083079751,33.4530885775288,PCR
1.00290469512137,0.852230181697357,43.9307628330022,1.72146549598914,6.55902077428694,34.7464730602956,PCR
1.02601467558398,0.87347223008509,44.6474290993213,1.82559982705033,6.46488434950122,35.9279013249786,PCR
1.01350382357667,0.863081742513489,45.2594412360804,1.94114991943715,6.36855283675145,36.9937654891196,PCR
1.03411886762082,0.885759393982442,45.7768630820285,2.06867857752664,6.27158631160403,37.94531124642,PCR
1.05550209661245,0.912671244469754,46.209812250185,2.20879577269062,6.17528111669133,38.7863325065591,PCR
1.01989656855339,0.873633785915323,46.567722251645,2.36213546173284,6.08065702091392,39.5222080640098,PCR
1.0401577217046,0.900943650422165,46.8592250977385,2.52935715041964,5.98847892581492,40.1595219365106,PCR
1.00790092109269,0.860479082189386,47.092077399061,2.71114193716108,5.89929248693639,40.7055617476955,PCR
1.0271410821408,0.888142362517446,47.2731751399109,2.90818621713715,5.81346782969383,41.1678679583978,PCR
1.03013203491428,0.894480727720627,47.4085714882392,3.12119585695708,5.7312274003733,41.5539479923571,PCR
1.03290762704701,0.900873520878988,47.5035214651244,3.35087964991749,5.65267088649969,41.8710731398317,PCR
1.03548864942176,0.907307066846538,47.562542769035,3.59794212802637,5.57779796910776,42.1261348356054,PCR
1.03788928243842,0.913770713958234,47.589491293237,3.86307353635935,5.50653199886933,42.3255200314196,PCR
1.04012308950825,0.92025975753983,47.5876413983302,4.14693841513832,5.43874110783039,42.475037554872,PCR
1.04219655303788,0.926771128938539,47.5597567336061,4.45016343143863,5.374252952382,42.5799076020575,PCR
1.04410730540607,0.933299975671083,47.5081545551807,4.77332443730307,5.31286529617213,42.6447868304878,PCR
1.04584875980636,0.93984126479114,47.4347685710729,5.11693220287968,5.25435550712612,42.6737994725557,PCR
1.07836609786525,1.01090324197805,47.3412094785786,5.48141656447928,5.19848959620491,42.6705679171542,PCR
1.02113923446377,0.894198736902385,47.228818470113,5.86710903832442,5.14502944315384,42.6382522375705,PCR
1.05261118243077,0.965396853953873,47.098720391301,6.27422677394227,5.09373963773565,42.5795915021013,PCR
1.08114437276162,1.03703883211929,46.9518650782943,6.70285403524004,5.04439127337206,42.496958712363,PCR
1.02950290145666,0.91935682065965,46.7890570681388,7.15292410112751,4.99676315464209,42.39241662665,PCR
1.05691132519078,0.991100963112907,46.6110147159306,7.62420424742646,4.95065034699201,42.2677497635116,PCR
1.00904252989511,0.87289864171478,46.4183668381285,8.11627638181955,4.90585746278707,42.1245339926545,PCR
1.03529488066032,0.944744712477293,46.2117056290201,8.62852549254349,4.86220690759458,41.9641575200022,PCR
1.05838571662947,1.01687836361891,45.9915990206734,9.16012465137258,4.81953677084316,41.7878685227809,PCR
1.01639185166427,0.898047762851297,45.7586135862207,9.710031874003,4.77770316775247,41.5967930618947,PCR
1.03824155936619,0.970241517690518,45.51333917867,10.2769767026922,4.73658099326769,41.3919814079885,PCR
1.00033727937356,0.851085079629114,45.2563958095807,10.8594670120008,4.69606379603455,41.1744178240746,PCR
1.02094946176297,0.9233403826226,44.9884468693015,11.4557937319454,4.65606368777301,40.9450502174606,PCR
1.03818098627352,0.995751861307549,44.7102164753554,12.0640273239532,4.6165121047822,40.704814829908,PCR
1.00663771904481,0.876245109452504,44.4224819830608,12.6820518572305,4.57735773747154,40.4546395836723,PCR
1.02260090347176,0.94866819594776,44.1260891955967,13.3075684296038,4.53856721942603,40.1954660707804,PCR
1.03513772273593,1.02113251641755,43.82194832111,13.9381272842054,4.50012365559766,39.9282530342547,PCR
1.01010038537792,0.90145538957688,43.5110290438754,14.5711656912591,4.46202549172354,39.6539761748653,PCR
1.02141165202478,0.973878950100481,43.194365104273,15.2040245320005,4.42428590779871,39.3736419043817,PCR
1.00069132005374,0.854200012269777,42.8730381637067,15.8340054156532,4.38693085607385,39.0882739846127,PCR
1.01080784416249,0.926579624347743,42.5481728535647,16.4584006272238,4.34999767738895,38.7989166210551,PCR
1.01769733561003,0.998825808934064,42.2209299548676,17.0745321793143,4.31353377872265,38.5066326804567,PCR
1.00324420336143,0.879324114480852,41.8924867320835,17.6798013766494,4.27759420952452,38.2124887332412,PCR
1.0090721374338,0.951465063816331,41.5640316281524,18.2717200992671,4.24224046821881,37.9175549161865,PCR
1.01199488646527,1.02334068599601,41.2367465739622,18.8479542478817,4.20753830452534,37.6228911395833,PCR
1.00334574803304,0.90423940639276,40.9117948095578,19.4063495337429,4.17355615288219,37.3295379226111,PCR
1.00540307503724,0.975960214093895,40.5903088418196,19.9449698949687,4.14036335238345,37.0385092962175,PCR
1.00026272550325,0.857246563646878,40.2733760349825,20.4621103452385,4.10802855107255,36.7507796985279,PCR
1.00148261442012,0.928812661814089,39.9620294893684,20.9563144157113,4.07661832429877,36.4672782840923,PCR
1.00043836293792,0.999954279037117,39.6572349769924,21.4263968436597,4.04619556624253,36.1888784026349,PCR
0.999908252659167,0.881982863605448,39.3598852663407,21.8714323858722,4.01681875338877,35.9163919920565,PCR
1.00072730125076,0.952930867755534,39.0706992503885,22.2907349599299,3.98853834953708,35.6504609483359,PCR
1.00280015204959,1.02336887393189,38.7901599479354,22.6838151938421,3.96139496579699,35.3914877198169,PCR
1.00603399078479,0.906300478536623,38.518685583424,23.0503944899356,3.93542529792838,35.1398202055668,PCR
1.01033834517393,0.976513632326734,38.2565350403185,23.3903886297617,3.91065814991772,34.8956510664668,PCR
1.01562559527325,0.860121724609175,38.0040447926766,23.7039268285904,3.88712240931964,34.659274359526,PCR
1.02181014976109,0.930113346936662,37.7614750527617,23.9913265724392,3.86484062031628,34.43092167369,PCR
1.02880891790287,0.999513084444434,37.5291267432008,24.2530995154467,3.84383267359031,34.2108893041453,PCR
1.03653998562857,0.884222966317792,37.3071895484339,24.4899125921312,3.82410965487024,33.999375232228,PCR
1.04492375370557,0.953396425323174,37.0958397768687,24.7025851028347,3.80567746983023,33.7965836447648,PCR
1.05388261544603,1.02195300870717,36.8951308001974,24.8920440177801,3.78853303818512,33.60260486235,PCR
1.06334159881387,0.907821748415001,36.7050843178312,25.0593124467333,3.77266832700317,33.4175105949538,PCR
1.07322806996987,0.976149146891161,36.5256331831088,25.2054863220194,3.75806779733621,33.2412928415677,PCR
1.08347221990885,0.862797034372627,36.3566978983216,25.3317177506219,3.74471235179649,33.0739418692179,PCR
1.09400690543035,0.930904494202791,36.1981412320069,25.4391985464678,3.73257718226337,32.9153982243879,PCR
1.10476784275244,0.998423753125906,36.0498018849212,25.5291442259296,3.7216335350011,32.7655865424818,PCR
52.12,10.89,15.53,13.86,3.39,6.25,PCR
52.9683447589753,8.93293417367071,10.3086950021613,9.74489880191987,2.97518272434641,4.62464653387763,PCR
53.939891986663,7.51491092865046,7.03070947167447,6.78466769557149,2.65053285967403,3.4302484030351,PCR
54.8415710060565,6.42811527767893,4.87056799380555,4.68791441307717,2.38632063936429,2.54274679628453,PCR
55.6139051110278,5.56058592965796,3.40559596259778,3.22042989925896,2.16494089128738,1.88136681636908,PCR
56.2502825413963,4.84708901786131,2.39458830610504,2.20269550699241,1.97533493826151,1.38886565690618,PCR
56.7638501693182,4.2473223298989,1.68938101370174,1.50171410210515,1.81022123929241,1.02295633591962,PCR
57.2341675104579,3.73511799757833,1.19406351559813,1.0215087733138,1.66411320128387,1.01399898466691,PCR
57.7051162640503,3.29210200576169,1.01007126787858,0.693685326055277,1.53297008764041,1.00910083057936,PCR
58.0777079579063,2.9030958654754,1.00848127075664,0.504712835579655,1.41446265671908,1.00769653531477,PCR
58.3763512631436,2.56054441544931,1.01290204350051,0.507023556167745,1.30683820420497,1.01198453785554,PCR
58.5872560193596,2.26214412967062,1.02896968339501,0.514458056678051,1.20934866369268,1.02944277639969,PCR
58.7137444931006,2.00347918467866,1.00559107716223,0.501546076606423,1.12115344018472,1.00809711939826,PCR
58.7783142906083,1.77880267267827,1.00341200091739,0.501905537379667,1.04119762230485,1.00346272242085,PCR
59.2604297355677,1.53992922902252,1.00700753998001,0.503841835930638,0.961004142829466,1.00645025117135,PCR
59.3880317784386,1.35675427435739,1.03982137001868,0.521735589974669,0.907632061700732,1.03685726281792,PCR
59.4981568413654,1.19534131123449,1.0459987009039,0.525128614523773,0.908609585634274,1.04248072557371,PCR
59.5958062868817,1.05318497068853,1.13327458851305,0.572696145459203,0.924842953169827,1.12321789062253,PCR
59.6827418541447,0.92796608154523,1.06948208806955,0.537858311147635,0.912913795732848,1.06429014897439,PCR
59.7655695198521,0.851074681101789,1.00338874023451,0.50182689153806,0.900674199035283,1.00317778567545,PCR
59.8338639909115,0.861400085808823,1.03818039108011,0.520767388393108,0.907089867401237,1.03536579848674,PCR
59.8945905901973,0.854665661352265,1.01565053729209,0.508505775188325,0.902908278680039,1.01450367791807,PCR
59.948581369166,0.885857814676329,1.12038141831677,0.565396723908121,0.922377237191519,1.11158731572105,PCR
59.9965588398587,0.955187437051629,1.35355313216625,0.691947787395895,0.965755027317293,1.32784168486325,PCR
60.03919150651,0.955135060959552,1.35366020551476,0.691925947274302,0.965797670934996,1.32801921776464,PCR
60.0770766197938,0.955082696638484,1.35373779127148,0.691896442812521,0.965832260909235,1.32816111401947,PCR
60.1107434790712,0.955030338161591,1.353788054229,0.691859830085664,0.965859463753131,1.32827006393654,PCR
60.1406591793616,0.954977976343089,1.35381268994455,0.691816537788628,0.965879915540227,1.32834821903463,PCR
60.1672383280847,0.954925607975726,1.3538141502735,0.691767198824129,0.965894328741717,1.32839856766338,PCR
60.1908500691128,1.01628685349566,1.56103892821509,0.803995211127584,1.00451270687451,1.52082358550665,PCR
60.2118155450057,0.908714985111031,1.19813515096601,0.607348264866038,0.936912187358189,1.18394250460728,PCR
60.2304398340141,0.970076198071752,1.4053876311335,0.719583455505766,0.975538645154233,1.37640112702118,PCR
60.2469806447461,0.86250434488961,1.04221488422713,0.522866479807372,0.907866356248068,1.03919622733653,PCR
60.2616752242999,0.923865577501664,1.24950909565273,0.635112553565067,0.946503369148668,1.23170493923094,PCR
60.2747289315683,0.985226872034003,1.45693665661922,0.747393440313927,0.985174653893951,1.42437352967389,PCR
60.28632402241,0.877654999427166,1.09345994693306,0.550597276684969,0.917421991428609,1.08680302731952,PCR
60.2966209598567,0.939016297654852,1.30090554409876,0.662882890575257,0.956098168384225,1.27949314237678,PCR
60.3057624640977,1.00037753895807,1.50843190728672,0.775189469633639,0.994796865383561,1.4722809491501,PCR
60.3138785615439,0.892805634229068,1.14474034584566,0.578337292516199,0.926987687997068,1.13445229174092,PCR
60.3210817639837,0.954166830372519,1.3522768189848,0.690646406312827,0.965689708532758,1.32725294496028,PCR
60.3274752185693,1.01552805888762,1.55987580877529,0.80297181191332,1.00440768962026,1.52012870288209,PCR
60.3331507658077,0.907956189063656,1.19603813606141,0.606081645138337,0.936559097965742,1.18212377678449,PCR
60.3381884961506,0.969317491320842,1.40364943638572,0.718410395968923,0.975279193828455,1.37501336668844,PCR
60.3426608104557,0.861745617070052,1.03973823004005,0.521501078540474,0.907411134175022,1.03691996717139,PCR
60.3466313270008,0.923106918609442,1.24735845831035,0.633832210071521,0.946133720147561,1.22981999214263,PCR
60.3501556802491,0.98446816347202,1.45500956484113,0.746171306363314,0.984865432980033,1.4227577861281,PCR
60.3532842054874,0.876896265238903,1.09101507291046,0.549240230851943,0.916975609509925,1.08456458809165,PCR
60.3560607829431,0.938257468869035,1.29866971300909,0.661580113614227,0.955708845502673,1.27750748952381,PCR
60.3585247884299,0.999618695833735,1.50634956303938,0.773926547616693,0.994448376887352,1.47048069683107,PCR
60.3607118494693,0.892046822667155,1.14229936068749,0.576981022894225,0.926543362231359,1.13222005646112,PCR
60.3626528491482,0.953408107427542,1.34998610899636,0.689329397477074,0.965283859514547,1.32520058321226,PCR
60.3643757730506,1.14702488161331,2.00535207124277,1.04383933470664,1.08753390088436,1.93416969450356,PCR
60.3659067859688,1.03945300511331,1.64126174429557,0.84688336804295,1.01961827656784,1.59586075914692,PCR
60.3672666071001,0.931881114749886,1.2771601474537,0.64992442412573,0.951699867669635,1.2575385298751,PCR
60.3684735337229,1.12549797596087,1.93256800505559,1.0044457132277,1.07395971804071,1.86655562062876,PCR
60.3695481927575,1.01792605415302,1.56844707423861,0.807481624826517,1.00603665300506,1.52821078514191,PCR
60.3705017906288,0.91035410920074,1.20431731011815,0.610515151408372,0.938111595778513,1.18985582053165,PCR
60.3713474662146,1.10397087225587,1.85974507446433,0.965041426205661,1.06037809934222,1.7988984566708,PCR
60.3721002416004,0.996398902876358,1.49560147661376,0.76807125057429,0.992449749541869,1.46052740321179,PCR
60.3727666408438,0.888826928853088,1.13145226891702,0.571099587895169,0.924519988360312,1.12214972442224,PCR
60.3733573083821,1.08244346250685,1.78688354467041,0.925625933021093,1.04679087566649,1.73120172571091,PCR
60.373881783505,0.974871508557756,1.42272685167096,0.728652386386516,0.978858833078543,1.39281461444502,PCR
60.3743451535283,0.867299582227597,1.05856811880373,0.531678408977367,0.910925833907468,1.05442443904662,PCR
60.374756020254,1.06091598104765,1.71400420239403,0.886205306076389,1.03320012958483,1.66348590759965,PCR
60.375120024519,0.953344105088972,1.34984252526509,0.689230767629114,0.965265582541019,1.32509102005901,PCR
60.3754416371673,1.14696061034807,2.00529781916096,1.04376283898905,1.08754343228726,1.93417379173868,PCR
60.3757272241652,1.03938878058696,1.64113427758925,0.846788019401323,1.01960767913545,1.5957755548871,PCR
60.3759802958616,0.93181696109813,1.27696944091897,0.649812920703336,0.951671418405662,1.25737548783575,PCR
60.3762045464059,1.12543374981519,1.93244906822545,1.00435251026577,1.07395139638916,1.86648069563187,PCR
60.3764040188009,1.01786192069197,1.56828051513682,0.80737642299793,1.00601427810533,1.52807636151627,PCR
60.3765812045756,0.910290066219438,1.20410913186163,0.610399496276109,0.938076784233349,1.18966922943535,PCR
60.3767386757113,1.10390697570257,1.85960056041537,0.964943047925053,1.06035809221456,1.79878467838572,PCR
60.376878933037,0.996335068886661,1.49542389273219,0.76796449947664,0.992419969957914,1.46037252453345,PCR
60.37700346774,0.888763129983723,1.13124439054644,0.570985044838828,0.924481572008701,1.12195781944381,PCR
60.3771141131867,1.08237983598838,1.78672674482331,0.925525695944783,1.04676365941697,1.73106642357576,PCR
60.3772124162445,0.974807872111045,1.42254420992291,0.728545282859552,0.978824823633505,1.39264882469758,PCR
60.3772991696106,0.867235914114705,1.05836134142461,0.531564766783094,0.910885808136291,1.0542307764337,PCR
60.3773760452539,1.06085229856254,1.71382755544364,0.886099652139158,1.03316839456279,1.66332840972363,PCR
60.3774439496604,0.953280380339775,1.34964586187871,0.68911960050564,0.965229100687633,1.32491080746551,PCR
60.377503537324,1.14689667291463,2.00510974603164,1.04365280966344,1.08751229954907,1.93400972695584,PCR
60.3775563558041,1.0393248210131,1.64093097694382,0.846673853701489,1.01957280165313,1.59559387384748,PCR
60.3776029860218,0.931753002561726,1.27675374553197,0.649695501604417,0.951633220609966,1.25717889538982,PCR
60.3776442148805,1.12536960211299,1.93223696060703,1.00423470914928,1.07391695398521,1.86629425203868,PCR
60.3776809122751,1.01779781558106,1.56806092182834,0.807256922252246,1.00597722563431,1.52787964537716,PCR
60.3777137096378,0.910226020837329,1.20388413836968,0.610278964002626,0.938037426272318,1.18946422172174,PCR
60.3777431300855,1.10384298063568,1.85938852349261,0.96482587279487,1.06032150985,1.7985942706815,PCR
60.3777694813866,0.996271138986086,1.49520864155441,0.767846925373139,0.992381580927504,1.46017628053571,PCR
60.3777931562948,0.888699249366328,1.13102586153485,0.570866971733117,0.924441586121862,1.12175613476208,PCR
60.3778143657573,1.08231620085086,1.78652969566714,0.925414726008586,1.04672581547758,1.7308831348178,PCR
60.3778332179911,0.974744244701415,1.42234289470091,0.728433286150865,0.978785717069477,1.39246020378974,PCR
60.3778497364536,0.867172259330627,1.05815436078977,0.531451135532426,0.910845574015411,1.05403624185797,PCR
60.3778642627094,1.06078881418383,1.71363595672413,0.8859915126486,1.0331297923088,1.66314645486709,PCR
60.3778768556429,0.953216833348097,1.34944753024269,0.689009264776511,0.965189597566853,1.32472280560447,PCR
60.3778875100283,1.14683301365856,2.00490895756431,1.04354157229721,1.0874737698897,1.93382156332862,PCR
60.3778968323188,1.03926109185381,1.64072373275831,0.846560384397191,1.01953355442625,1.5954002697596,PCR
60.3779048983,0.93168922038393,1.27654126660072,0.649580208734476,0.951593339070278,1.25698079847263,PCR
60.3779119688152,1.12530551731502,1.93201021652209,1.0041135879017,1.07387766898147,1.86608878225396,PCR
60.3779183359535,1.01773372708559,1.56783214974979,0.807135153401144,1.00593745066195,1.52767193353131,PCR
60.3779243007391,0.910161963867161,1.20365549314681,0.61015738618061,0.937997226800233,1.18925567665108,PCR
60.3779300081538,1.10377877027734,1.85915334537139,0.964700829058558,1.06028180608601,1.79838388115005,PCR
35.39,4.38,27.59,8.03,3.87,20.75,PCR
29.6604967066271,3.7043410550167,20.6600791471639,7.29440559299805,3.13166558002442,16.0955784816171,PCR
24.9316769589325,3.21206585803694,16.4206969403981,6.67012503370049,2.6154465638426,13.1080241865145,PCR
20.9659539257852,2.83014251302443,13.6598742498641,6.15115301784339,2.2366444445447,11.1118051787066,PCR
17.6242237863643,2.52079458472389,11.7810054475779,5.72264537858233,1.94816876317323,9.73995187278284,PCR
14.8063642345126,2.26243090530833,10.4610844943302,5.36888571828,1.7218228406817,8.77994033124643,PCR
12.4320796623715,2.04175958998775,9.51264161423818,5.07590929070896,1.53976772567884,8.10253153698895,PCR
10.4339501491635,1.8501073202764,8.82088591040477,4.8321079937468,1.39022427629005,7.62594895436437,PCR
8.75447601300268,1.68153992332707,8.31241675400147,4.6281110686628,1.26514026734873,7.29665493028628,PCR
7.34437336332055,1.53182043089609,7.93829881635631,4.4564552174054,1.15884270904717,7.07845985697805,PCR
6.16153774232934,1.39783075326687,7.66505910250773,4.31122198069115,1.06724589018173,6.94632910347898,PCR
5.17006015277667,1.27720148832431,7.46902871344681,4.18772219289771,0.987341021163064,6.88248375869243,PCR
4.33944914692771,1.16809027213423,7.33313976375794,4.08223385308065,0.916875163407865,6.87406217473714,PCR
3.6440107494217,1.06907776857742,7.24473538686575,3.99193933966526,0.903194875017818,6.91185383778697,PCR
3.06212894748568,0.979057444588354,7.19427633730374,3.91476620134381,0.907390000385507,6.98913647804787,PCR
2.57525461419483,0.89700328332212,7.17442802831611,3.84877489063212,0.900697816736148,7.1004919970776,PCR
2.16780273484185,0.852834254835834,7.17943218936312,3.79234386778795,0.902296518097751,7.24168108535952,PCR
1.8267273142965,0.850494041560975,7.20439215401837,3.74382242898781,0.9003990594793,7.40940834458431,PCR
1.54065765346981,0.8493897812638,7.24563074325682,3.70121661979999,0.899420622003507,7.60110265450471,PCR
1.29846178108243,0.866251842641581,7.30028992839677,3.65913303417873,0.908739106304373,7.81509199481857,PCR
1.09833549794987,0.85144003589381,7.36614603669557,3.62917089324298,0.901142726243733,8.04924104345245,PCR
1.0000534345178,0.850024045665322,7.44014540211145,3.60395130264945,0.900019068383753,8.30109540970829,PCR
1.09858140623374,0.895436783379956,7.51473431367551,3.58154426358182,0.936254034155676,8.5613052839437,PCR
1.04611285324031,0.871500276799331,7.58834280058263,3.56152845036156,0.917212779614316,8.8279131747742,PCR
1.10300037781667,0.898865386571233,7.66092291302955,3.5438742813646,0.939326104099718,9.10092161350295,PCR
1.05157322101468,0.874779824623866,7.7324235395064,3.52855346061005,0.920018611804651,9.38032259715841,PCR
1.06964495667627,0.884023213043814,7.80279534775413,3.51554251301295,0.927624266555202,9.66609397826915,PCR
1.08717404627378,0.893328601132769,7.87199113138597,3.50482205108736,0.935364281735633,9.95820194726945,PCR
1.10412997539847,0.902695551069383,7.93996579140909,3.49637668660827,0.943244978813108,10.2566002132356,PCR
1.21150558227434,0.959672055236992,8.00667646058444,3.49019537300831,0.990670452907179,10.5612276558048,PCR
1.06272478174605,0.882825131899824,8.07208253808275,3.48627167236129,0.927212862341972,10.8720056304908,PCR
1.16763194609034,0.940044304739454,8.13614416072948,3.48460057568832,0.975237756182167,11.1888490987366,PCR
1.02343950071333,0.862717050368105,8.19882421118673,3.48518252491705,0.91065722224788,11.51165066315,PCR
1.12579401458612,0.920176761908074,8.26008692428706,3.48802049679203,0.959299071826631,11.8402901768225,PCR
1.22297525269066,0.97811054532581,8.31989858899356,3.49312147376618,1.00918749617654,12.1746298560645,PCR
1.08618898578011,0.900073059576349,8.37822733374706,3.50049574647834,0.942813295873221,12.5145129894619,PCR
1.18051841811053,0.958240497428335,8.43504299521345,3.51015698335787,0.993380918278993,12.859767401893,PCR
1.04900681302386,0.87973767555331,8.49031680651853,3.5221215084006,0.925740988858411,13.2102024337714,PCR
1.14040932996883,0.938136139163494,8.54402175813475,3.53640892569393,0.977003211787822,13.5656105063663,PCR
1.01442958573094,0.859175202341355,8.59613217974596,3.55304132663073,0.908044386305641,13.9257668259257,PCR
1.10283388193441,0.917801875370236,8.64662387272358,3.57204358948403,0.96001578078101,14.2904289866775,PCR
1.18519775905576,0.976876344248078,8.69547407881337,3.59344329128878,1.01341280077222,14.6593372913749,PCR
1.06796769974681,0.897242731845849,8.74266124305443,3.61727030661137,0.942382380299395,15.032214488321,PCR
1.1470926571097,0.956536197728213,8.78816522220568,3.64355714985991,0.996538318346591,15.4087661652895,PCR
1.03597293494008,0.876464233288752,8.83196692721865,3.67233832062817,0.924069614855294,15.7886810429844,PCR
1.22140768194939,1.02338993024811,8.87404841899403,3.70365038752517,1.05996809268372,16.1716317505715,PCR
1.11659712428522,0.942887793597996,8.91439274798064,3.73753169142952,0.986019929292388,16.5572750631683,PCR
1.01500967182599,0.86217367242521,8.95298433314241,3.77402318746669,0.911317807889778,16.9452500201693,PCR
1.18410043663191,1.01013149640236,8.98980798289041,3.81316571436694,1.05103036849671,17.3351858265831,PCR
1.08907941955806,0.928999409126215,9.02484987682953,3.85500279761563,0.974795138475108,17.7266935911418,PCR
1.23803027297229,1.07816771398983,9.05809730016308,3.89957984523271,1.11919770393755,18.1193687943663,PCR
1.1497173418189,0.996625635330149,9.08953735105562,3.9469398792816,1.04139947472195,18.5128047826598,PCR
1.06480300219238,0.914881453999994,9.11915881677965,3.99712972177041,0.962810205027879,18.9065732708912,PCR
1.19660376689805,1.06502604146668,9.14695093364886,4.05019561764923,1.11120136361163,19.3002383808939,PCR
1.11855781949446,0.982883225286556,9.17290333972844,4.10618170557731,1.03101443752295,19.6933623100175,PCR
1.04397417679446,0.900543773454678,9.19700651727874,4.16513386757263,0.950022357663428,20.0854918086422,PCR
1.15846320766938,1.05164090675139,9.21925152042447,4.22709625310827,1.102440378089,20.4761703413743,PCR
1.09084252431581,0.968913379179427,9.23963017909484,4.29211091418076,1.01982884599188,20.864939295437,PCR
1.02671462508347,0.885994302812636,9.25813460431391,4.36021930662894,0.936404553124169,21.2513328784996,PCR
1.12386899515038,1.03802153914381,9.27475795112865,4.43146000943807,1.09286153580965,21.6348857802293,PCR
1.06673121149241,0.954724225781212,9.28949430400513,4.50586870303947,1.00780915808733,22.0151332697209,PCR
1.01308282938862,0.871240133976746,9.3023379718296,4.58347865590052,0.921943003902082,22.3916097764395,PCR
1.09304493041358,1.0241775996607,9.31328442272448,4.66431828726695,1.08241935888864,22.7638543786133,PCR
1.04634479359523,0.940324474237192,9.32232988217651,4.74841201026944,0.994929980503637,23.1314101987398,PCR
1.00309561179515,0.856289030007055,9.32947131209103,4.83577995178749,0.906632690688269,23.4938256325354,PCR
1.06615334517455,1.0101185666642,9.33470671828473,4.92643489595744,1.07107853679883,23.8506577828749,PCR
1.02974069350979,0.925722749081316,9.33803494272891,5.02038465921712,0.981176805471062,24.2014721243922,PCR
1.07295265779783,1.08060217335747,9.33945583875347,5.11763006684172,1.15030634896544,24.5458449179203,PCR
1.04326399395868,0.995851596006246,9.3389710284072,5.21816311720375,1.05882043347666,24.8833658435163,PCR
1.01688591238455,0.910925740100562,9.33658273499137,5.32196868885361,0.966551947351585,25.2136376262603,PCR
1.04424214138325,1.06665340871268,9.33229481920354,5.42902237869246,1.13945551340297,25.5362788030767,PCR
1.02436543413839,0.981381375911469,9.3261132975651,5.53928992835111,1.04564442945881,25.8509248420334,PCR
1.00767268780953,0.895938516010231,9.3180451623119,5.65272712864942,0.951074759546664,26.157230105673,PCR
1.01986029292564,1.05249206775843,9.30809949709669,5.76927900709619,1.12762119838318,26.4548679687933,PCR
1.00938650399551,0.96671241349581,9.29628747019501,5.88887944133379,1.03156308407787,26.7435315183988,PCR
1.00194157171611,0.880766944851104,9.28262211430296,6.01144992316406,0.93477643120005,27.022938315174,PCR
0.999755179463541,1.03812194989101,9.26711869143478,6.13690047940451,1.11480794513381,27.2928264330992,PCR
0.998192986883573,0.951850464831801,9.24979475769526,6.26512849531522,1.01659886053641,27.5529576780068,PCR
0.999479287519927,0.865419004407491,9.23067030463255,6.39601725210033,0.91769710422475,27.8031212154893,PCR
1.00400264404103,1.00704972298555,9.20812608762946,6.52970429832733,1.07626036265879,28.0529581402775,PCR
1.01122334673661,0.909484708183019,9.18403856707448,6.66554859467835,0.960648086875804,28.2870671392138,PCR
1.02100327520499,0.851239231277074,9.15849684956395,6.80327255939414,0.901446211226092,28.5034850161812,PCR
1.03344764465538,0.851232058318674,9.13081725788961,6.94271900693902,0.901442020493254,28.705291453931,PCR
1.04859966209372,0.882141111807908,9.10066022337661,7.08354948422937,0.937813232077215,28.8931230625692,PCR
1.06646433044567,0.885859751957178,9.06793715676321,7.22543658513752,0.942377191167929,29.066350024417,PCR
1.08705479884988,0.870074912319209,9.03256742752774,7.36801188918525,0.923815770988932,29.2243410220818,PCR
1.11038955559168,0.854251401095984,8.99448252267397,7.51088166078807,0.905062841845113,29.3665109256841,PCR
1.13649087755893,0.876823743542631,8.95362843905397,7.65362771592788,0.932087827416861,29.4923356615425,PCR
1.16538188722668,0.899443002728266,8.90996001958985,7.7958149909366,0.959403642080156,29.6013290411259,PCR
1.19708581568839,0.922096000213451,8.86344539584826,7.9369842860592,0.986981918789842,29.6930630612244,PCR
1.23162320591461,0.944769289161438,8.81406567359122,8.07665513424191,1.01479435152898,29.7671687743264,PCR
1.26900915246102,0.856843102873854,8.76181439773818,8.21433019941591,0.908303236917454,29.8233363857535,PCR
1.30925089235399,0.879484271696926,8.70669771348245,8.34949837149285,0.935910282146644,29.8613177361439,PCR
1.35234506541408,0.9021298871644,8.64873433164261,8.48163861477134,0.963719661562614,29.8809279629178,PCR
1.39827400324032,0.924762468860668,8.58795538757857,8.61022592333564,0.991696590258574,29.8820472764908,PCR
1.44700314247432,0.947363650008774,8.52440509344159,8.73473455398437,1.01980480755769,29.8646261652993,PCR
1.49847770775142,0.859414800993526,8.45814113803842,8.85464311533949,0.911600896643677,29.8286880012726,PCR
1.55262009482542,0.882014351975847,8.38923493989114,8.9694389858171,0.939566683463744,29.7743319146707,PCR
1.60932569816728,0.967582241335005,8.31777212192141,9.07862558357202,1.04585994424259,29.701737133576,PCR
1.66846059213582,0.879838534188909,8.24385270974294,9.18172691168739,0.937058444453054,29.6111652262082,PCR
67.26,4.64,7.13,8.47,3.87,10.13,PCR
66.6876695107121,4.2341799126897,5.01277523077262,6.09074267658061,2.69482177543087,6.36835190576917,PCR
64.6690402030631,3.90848955319037,3.61026985677445,4.40841069672409,1.90915240155659,4.08953941414933,PCR
61.9144598262416,3.63716968419659,2.67211775357682,3.22560718705407,1.37264119772338,2.69828229850698,PCR
58.8517722221294,3.4044009756672,2.03377590031117,2.39033347850725,0.999568995540146,1.83333918531724,PCR
55.7298964636901,3.2007023975827,1.59060583388341,1.79503802588857,0.907582186598204,1.28315255069452,PCR
52.698767100998,3.02054705049621,1.27640955095986,1.36603436066705,0.901571035265931,1.00187067208927,PCR
49.8915164161389,2.85889189682166,1.04880793594236,1.05285011935442,0.917784945036695,1.01993805875635,PCR
47.305611260465,2.71160086258744,1.00507545332141,0.820984982824219,0.907717563442796,1.00815559281105,PCR
44.8789067936422,2.57513546066393,1.01128249430066,0.647103765525204,0.918895080840727,1.01872506980486,PCR
42.6052532774704,2.44814699867812,1.02360870339214,0.520595218804476,0.943776874568789,1.04056489060622,PCR
40.4823622530086,2.32941926870587,1.0171693743283,0.516138958804844,0.935631381612274,1.03081953671161,PCR
38.5053242112048,2.21791239472865,1.03951361479014,0.541511936016687,0.993637363513515,1.07482921556389,PCR
36.6615680739601,2.11304672593213,1.0229460328787,0.526720019652051,0.961335475405567,1.04578756542836,PCR
34.9387281307593,2.01430698554051,1.00983753666411,0.512849759266357,0.930008467190878,1.02087522671417,PCR
33.3259787692803,1.92123119095176,1.02932412737787,0.545269762952667,1.00800060358289,1.06844764718961,PCR
31.8137064930902,1.8334004842269,1.00840049989061,0.514899330674046,0.936080400359872,1.02133262991804,PCR
30.3933792811859,1.75043560349737,1.04423171565881,0.608122494968313,1.16898544722215,1.13882523856667,PCR
29.057385297316,1.67199185436567,1.00772891717267,0.521582481458868,0.954163232009335,1.0266595444765,PCR
27.8276431447674,1.59805995383986,1.01223584694793,0.544685746911486,1.00424589263652,1.05408818049113,PCR
26.6449146619621,1.52777210159891,1.00008467562173,0.500487530918999,0.901262103336482,1.00051633220019,PCR
25.5223860246614,1.4611103833972,1.00006187231061,0.500947619819609,0.902496766840892,1.00090562046562,PCR
24.461168409865,1.39787576680085,1.00020530610214,0.542853438332512,1.01509027826258,1.03608510541331,PCR
23.456362895327,1.33783356005665,1.00587611310446,0.513674755392941,0.937195829566916,1.01046799424734,PCR
22.5029015450642,1.28074583567967,1.01879701586844,0.530364821436815,0.984059738210624,1.02001574331835,PCR
21.5961534101853,1.22639359661888,1.03882850865455,0.502812121846698,0.907881307136358,1.00164241331082,PCR
20.7320166023565,1.17457951566115,1.0659926292222,0.519018402540346,0.954240147387458,1.00905851780258,PCR
19.906818784903,1.12512424346269,1.10045232514724,0.534367217080314,0.999706886776107,1.01270945403027,PCR
19.1172574378417,1.07786434766213,1.14250857057946,0.508672765432732,0.925472387140998,1.00254004759722,PCR
18.3659628983818,1.0327899795461,1.19249130291754,0.504899477531872,0.914486963158604,1.00098355477175,PCR
17.6823841199599,0.990700907442235,1.25041011954183,0.504340109845923,0.956247248913186,1.00012099760358,PCR
16.9807485971033,0.949127775308298,1.31785481846981,0.504275923344344,0.913127074496143,1.00005378766286,PCR
16.304057912362,0.909199045523262,1.39539152865373,0.50365217069924,0.911384485699999,1.00203026195793,PCR
15.651038743307,0.87082189127347,1.4840021904477,0.522788203871235,0.972341114417086,1.00984032546851,PCR
15.0215476403937,0.851165744491787,1.58478149875159,0.501794828337039,0.905722392474239,1.02342879575789,PCR
14.4117291645059,0.856254416050104,1.69905421844704,0.509346790543475,0.930576604500146,1.04274203525517,PCR
13.8215008546698,0.861643623687491,1.82826217816224,0.516751803330794,0.955771181416456,1.0679336725429,PCR
13.249544200442,0.867178010932583,1.97409260714312,0.523746280134066,0.980497920034255,1.09921471940678,PCR
12.6945579795177,0.850544886330312,2.1384316462907,0.500731971123109,0.902513988838094,1.13688587126804,PCR
12.1572833840824,0.870909318191629,2.32328261149158,0.525739917562307,0.985447608389999,1.18142888002461,PCR
11.6354666397936,0.850254434543424,2.5310160657833,0.500412371738205,0.902082865854012,1.23318929294028,PCR
11.1296360249955,0.851561612444847,2.76406687882331,0.501842688063089,0.906692504434262,1.29278140022589,PCR
10.6299090947458,0.85055213764007,3.02576284201056,0.500618168477463,0.902284884723871,1.36098674080749,PCR
10.1412937600069,0.852324594540565,3.31898737356514,0.502478199644652,0.909396093007425,1.43870774992241,PCR
9.66276146078289,0.854563468837326,3.64704896635011,0.504584870609707,0.917788038559691,1.52694806777482,PCR
9.19348242184215,0.865317451706725,4.01352944872039,0.514403056945929,0.957423170286237,1.62690860356079,PCR
8.73473158670459,0.866900138752752,4.42187878624889,0.514286126816405,0.950434186852314,1.74015900599206,PCR
8.28192385276107,0.853797503024255,4.87639157037732,0.503159019860152,0.913251261023175,1.86792106409044,PCR
7.83628337473183,0.853130324057607,5.38080084079906,0.502424904953851,0.910483022095398,2.01220311546483,PCR
7.39774212000354,0.863305434442219,5.93879005796945,0.509476637459338,0.942477520384942,2.17512669821815,PCR
6.96622479395429,0.865297911804697,6.55384606205414,0.510025881311883,0.946622405879883,2.35911144600131,PCR
6.54189294049934,0.867479888146359,7.22898852868927,0.51048373215051,0.950759754384643,2.56690592891667,PCR
6.12517384027995,0.86987090180598,7.96653758553199,0.510845031445232,0.954895848719027,2.80164257198792,PCR
5.71676524282277,0.857433757391561,8.76786532712066,0.503713373430465,0.919627699422338,3.06686136072598,PCR
5.31763653045196,0.898278290225211,9.63312963104135,0.521044270658125,1.0192837239537,3.3665403815633,PCR
4.92901535231714,0.885656509156551,10.5610153469166,0.514054708041476,0.98410989624005,3.705120040647,PCR
4.55235478212099,0.871757160571293,11.5484807889148,0.507712949524634,0.949003947597599,4.08751789046567,PCR
4.18927947756585,0.856466622212715,12.5905703586049,0.502049807758384,0.913914397315962,4.51912787976819,PCR
3.84151361348,0.906385475917117,13.6803484042355,0.515038280387618,1.01376473039768,5.005793457069,PCR
3.51079301095439,0.890741265846874,14.8089367449559,0.509556421874791,0.978751887762405,5.55375498369872,PCR
3.19876702524888,0.873517085281869,15.9656873623519,0.504810914344514,0.943631067349654,6.16956339385317,PCR
2.90689946501913,0.854663535972498,17.1385126322175,0.500823835497894,0.90832254806274,6.85995050965343,PCR
2.63637946857808,0.914730706310666,18.314355612751,0.509048230878529,1.00971400047822,7.63165061094547,PCR
2.38805149727442,0.89535846925729,19.4797543927773,0.505281089848962,0.97443681610075,8.49117098620105,PCR
2.16237247933254,0.874336420524844,20.6214610745005,0.50230473822605,0.938787826169715,9.44450764549647,PCR
1.95940078109345,0.851712717143751,21.7270514663413,0.500127607480289,0.902660690884342,10.49680974657,PCR
1.77881780110517,0.921388257861844,22.7854622859604,0.503392171884318,1.00740824737134,11.6520002487761,PCR
1.61997602442864,0.898195756273429,23.7874126502325,0.50145612880158,0.971222660851969,12.9123704963294,PCR
1.4819697767688,0.873576258016853,24.7256686360477,0.500327020239625,0.934332388081294,14.2781667973937,PCR
1.36371795460677,0.950236297713258,25.5951465825836,0.500003742867059,1.04370253685641,15.7472018584784,PCR
1.26405335979409,0.925004546957077,26.3928352767374,0.501314616975914,1.00673988213031,17.3145134657099,PCR
1.1818092728863,0.898603031262819,27.1175889593988,0.504791858027069,0.968845041353068,18.9721054342224,PCR
1.11589185060717,0.871167287982289,27.7698940481548,0.510455212193085,0.929916837923649,20.708864201217,PCR
1.06534277345351,0.953366492268611,28.3515951413857,0.518345791069715,1.04619542505316,22.5106566361152,PCR
1.02939642557364,0.925467625583039,28.86555311119,0.52852104800868,1.00702260351775,24.3605963379562,PCR
1.00752836201013,0.89680393934138,29.3153068336858,0.541052023908934,0.966655366220269,26.2394816007164,PCR
1.00003215409024,0.867494640202193,29.7047469007897,0.55602119891387,0.925052359327129,28.1263772901835,PCR
1.00591106676076,0.953066828529242,30.0378632177164,0.573519016692957,1.04904805906113,29.9993356357694,PCR
1.0261361368343,0.923459123211496,30.318665528205,0.593640777399993,1.00704791271693,31.8363402942152,PCR
1.0615319892548,0.893420751891742,30.5508414152732,0.616480527729398,0.963795377676441,33.6158873776855,PCR
1.11335979681892,0.863040900826767,30.7376015329089,0.642125341938357,0.919325123594636,35.3176199881923,PCR
1.18337081152044,0.950317986674368,30.8816350687758,0.670648918930209,1.05055841995624,36.9229015843008,PCR
1.27386386695916,0.919763146824064,30.9850309881396,0.702103410296958,1.00563792990005,38.4151537741954,PCR
1.38774934809069,0.889026670268559,31.0491868899458,0.736509371842653,0.959625510142673,39.7799593965288,PCR
1.52861889159205,0.858180256504279,31.0747502768684,0.77384367266735,0.912609779318954,41.0049809574229,PCR
1.70081480061981,0.945829802390874,31.061586557339,0.814025068555279,1.04961851214756,42.0797319004074,PCR
1.90949063291795,0.914885729081928,31.0087435163477,0.856897152231795,1.00220738528697,42.995222004967,PCR
2.16065100651598,0.883973633011304,30.9144236538296,0.902208534166483,0.953994673807902,43.7435208447042,PCR
2.46115261877996,0.853171003731361,30.7759792712721,0.949590569519616,0.905085748352107,44.3173227231742,PCR
2.81863927838445,0.939825394298575,30.5899392464174,0.998533529956631,1.04601314280034,44.7095672760288,PCR
3.24138432813358,0.908978170068928,30.3520749489524,1.04836287644686,0.996815102328631,44.9131774351653,PCR
3.73799655311117,0.878417044701619,30.057528986725,1.09821815720694,0.947132550927338,44.9209830314038,PCR
4.31695251219709,0.962728423283666,29.7010288770071,1.14703876519642,1.09001724028497,44.7258892682014,PCR
4.98591651154823,0.932073463856559,29.2772092392842,1.19356227301755,1.04005080300635,44.3213525880075,PCR
5.75085076530257,0.901932212665368,28.7810481044842,1.23634061920081,0.989805666368374,43.7021649880836,PCR
6.61490938265665,0.872446132027639,28.2084330782985,1.27378261881221,0.939384154479308,42.8655707076574,PCR
7.57721630189299,0.951714589348642,27.556824827023,1.30422705113857,1.0826848493733,41.8126176227278,PCR
8.63167172934819,0.92222949074131,26.8259656652739,1.32604831417776,1.03207776955226,40.5496007378493,PCR
9.76599696796081,0.893711849876905,26.0185417641341,1.33778791082454,0.981502772811291,39.0893634302842,PCR
10.9612893914605,0.866316530849874,25.1406801393143,1.33830256135151,0.931068332633498,37.4521649656956,PCR
52.07,1.26,12.25,2.83,1.04,32.98,PCR
50.6072139815434,1.20038627926616,8.70611770127709,2.24393709070431,0.986072299988588,21.5860391564018,PCR
46.3117659705162,1.15957278996238,6.47271165698991,1.77359264475683,0.959878653142821,14.6178014956987,PCR
40.8646742917572,1.1302090248724,5.06284501799971,1.41691730750085,0.955857723598766,10.3876053685123,PCR
35.2685745761018,1.10802543391399,4.16252375002262,1.15097233738841,0.970286889271401,7.7732741216026,PCR
30.0212237705203,1.09048835740447,3.58200863031819,0.952103629561476,1.00074109401152,6.11229122947911,PCR
25.3275314557458,1.07604421986935,3.20856583552042,0.801555901032259,1.04568997380714,5.02653670625879,PCR
21.2400665575475,1.06370365886231,2.97473753736532,0.68570768642094,1.10420982743157,4.29935055279829,PCR
17.7380236274546,1.05281055086636,2.83943134644079,0.594970697021159,1.17577940882431,3.80390408612099,PCR
14.7686903636464,1.0429116943626,2.77709454171429,0.522639604172527,1.26013297540949,3.46384598179768,PCR
12.2685420341163,1.03368084362204,2.77152272244973,0.514612594109957,1.35712064712039,3.23176545573803,PCR
10.1736982360266,1.02485922623766,2.8122259455154,0.510173351568847,1.46655973646376,3.07723078442615,PCR
8.42533819931538,1.01619124604415,2.89217862031229,0.507701468608762,1.58837087401376,2.98047083532382,PCR
6.97181699028891,1.0074107768563,3.00648604722969,0.501022709650332,1.72237731536624,2.92812286365965,PCR
5.76373426703964,0.998519405808854,3.15238911078532,0.500936862080154,1.86835043917722,2.9111067077989,PCR
4.76092399408267,0.989422139014388,3.32781664694691,0.500813474824331,2.02584203726553,2.9230412168479,PCR
3.92898551623916,0.980087620364957,3.53147099608459,0.500567876162208,2.19423051242334,2.95943603053824,PCR
3.22223682581272,0.97279756599296,3.77090921003474,0.568428472932599,2.37252607413365,3.01716745938528,PCR
2.65559792713484,0.962407040739472,4.02744752327053,0.526915344890416,2.55980610396066,3.09399609990965,PCR
2.18657509575994,0.95157104129779,4.30902076845057,0.50112768596622,2.75496509862876,3.18830329224453,PCR
1.79885216218111,0.940172795234118,4.61430895701234,0.500703077395262,2.95638720228287,3.29884712205127,PCR
1.47867811498528,0.928135254122542,4.94190500008642,0.505238861055234,3.16233640444574,3.42482385116747,PCR
1.21446694027911,0.915409435676927,5.29024923331747,0.500410456585997,3.37099060883377,3.56576132354428,PCR
1.06776265510849,0.901953099850664,5.65727969414682,0.510989239578339,3.58039169559198,3.7212337045596,PCR
1.0060251006973,0.887740833044348,6.03648131959601,0.500914582013482,3.78779659124025,3.88769921700045,PCR
1.0316096321617,0.872781572663803,6.42301309256815,0.504656010868465,3.99096344000647,4.06331558289644,PCR
1.01072579090658,0.8570850628292,6.81400636637824,0.501538732718067,4.18815180687763,4.24797282343664,PCR
1.03947278513041,0.853727544447635,7.2055920170701,0.505975114921607,4.37754899695403,4.44096761276072,PCR
1.00994267065101,0.850889719985195,7.59806265404814,0.501350010438307,4.55836338789714,4.64465569010963,PCR
1.02060824418077,0.851953720083884,7.98818560511353,0.502719972655353,4.72933079310275,4.85888347411877,PCR
1.07880309343013,0.857941962896598,8.37335023378095,0.510079232475428,4.88957335477631,5.08381841138026,PCR
1.08253156408254,0.858755202381504,8.75136308896663,0.51027070880704,5.03850385361201,5.31987606558226,PCR
1.05643394980505,0.856265782205015,9.12021033340087,0.506848708361999,5.17576245553715,5.56746558839732,PCR
1.03026725518027,0.853510595162404,9.47807947929171,0.503583501751835,5.30119127773511,5.82699077625177,PCR
1.00408290254408,0.850494439260689,9.82338256512519,0.500471481522505,5.41480634675097,6.09885005777006,PCR
1.15505615617071,0.869855821745273,10.1547961701649,0.517332544461253,5.51678802195047,6.38343499889704,PCR
1.12861371540766,0.867099640085793,10.4712661803095,0.514060743342645,5.60744773938864,6.68112923897005,PCR
1.10221464146981,0.864089804231968,10.7720022498564,0.510937568903776,5.6871934530387,6.99230750576279,PCR
1.07592655078092,0.860837498329436,11.0564687249865,0.507958770329717,5.75650234013338,7.31733472542293,PCR
1.04982220708822,0.857355537566537,11.3243711947415,0.505120229949912,5.81590054179376,7.65656440816602,PCR
1.02397754357717,0.853657798708681,11.5756369066875,0.502418032603391,5.86594418119978,8.01033696000869,PCR
1.26750140271891,0.893115586075931,11.8103904056505,0.526157376066485,5.90720198847333,8.37897773158268,PCR
1.07127421351239,0.861679338032838,12.0289212126271,0.506906376175688,5.9402388909808,8.76279464692767,PCR
1.14218729631668,0.874221573960767,12.2316694690409,0.513497848184069,5.96561111650451,9.16207695565302,PCR
1.21084242015541,0.887320409923982,12.4191920569073,0.519631923298491,5.98385440831705,9.57709229681993,PCR
1.02116938035642,0.853806731563585,12.5921341228706,0.5019562301175,5.99547786952631,10.0080838593751,PCR
1.08985131051492,0.866789606519002,12.751211057887,0.508153536104736,6.00096170189757,10.4552681606294,PCR
1.15578065257064,0.880246613751508,12.8971747281346,0.513899207116362,6.00075054130641,10.9188311848211,PCR
1.21860325611418,0.894122915422645,13.0308026721169,0.519194418944443,5.99525712040669,11.3989255358258,PCR
1.04086663132834,0.858386381351968,13.152884917454,0.503564313920303,5.98486244166,11.8956680431521,PCR
1.10377929399621,0.872163554740448,13.2642074491679,0.508916583475687,5.96991598164323,12.4091363726302,PCR
1.16313591103309,0.88630052155491,13.3655459604992,0.51381338995169,5.95073882085124,12.93936611909,PCR
1.21861746301449,0.900758213762008,13.4576527462576,0.518249346851318,5.92762348700358,13.4863472495887,PCR
1.0562740542094,0.863307584107526,13.5412511357568,0.504669275410636,5.9008365915515,14.0500213637332,PCR
1.11192477088641,0.877686350972221,13.6170284207091,0.509157492103627,5.87062055634067,14.6302786810857,PCR
1.16329117600625,0.89234363721281,13.6856359350648,0.513173483124003,5.83719677569052,15.2269556991186,PCR
1.01457493001123,0.853858156941659,13.7476865361049,0.501168722627225,5.80076781081553,15.8398327016543,PCR
1.06628857124023,0.868460215169832,13.8037530797426,0.505238872590114,5.76151951710355,16.4686313970998,PCR
1.11335055061013,0.88330870227192,13.8543690661433,0.508823394104197,5.71962333923012,17.1130129588078,PCR
1.24954574698776,0.929168819077601,13.9000290066569,0.519012294236062,5.67523783357891,17.7725766743546,PCR
1.12147953394255,0.88953973211404,13.9411907017353,0.509187143391169,5.62851042441217,18.4468600158914,PCR
1.24241236401584,0.936005846279011,13.9782719645114,0.517881909555775,5.57957995640641,19.1353342779811,PCR
1.12561296327537,0.89587815049033,14.0116617898001,0.509184932105437,5.52857636056851,19.8374120935127,PCR
1.01465634484505,0.85551501110388,14.0417081873235,0.501061666255323,5.47562517366589,20.5524355997625,PCR
1.12556880318745,0.902316789502433,14.0687352440452,0.508806353568983,5.42084492662142,21.2796915303577,PCR
1.02667645156481,0.861505509566257,14.0930346412052,0.501848868503356,5.36435159516168,22.0184006566407,PCR
1.12122049509753,0.908851752760679,14.114872605722,0.508043817722341,5.30625716207955,22.76772770265,PCR
1.03483877153501,0.867617089763126,14.1344926491565,0.502274407755562,5.24667091578253,23.5267820797374,PCR
1.11249846215367,0.915481565262359,14.1521140671787,0.506893491740609,5.18570099868259,24.2946181754331,PCR
1.03899924734158,0.873842873727487,14.1679365532398,0.502330865414963,5.12345289626303,25.0702458365221,PCR
1.09938556949395,0.922205550430576,14.1821410831902,0.505355879449532,5.06003236210156,25.8526257528666,PCR
1.03906150053028,0.880177974673715,14.1948897816194,0.50201417546082,4.99554310744294,26.6406850772804,PCR
1.08191941225563,0.929022733802079,14.2063305659294,0.503436118573034,4.93008957553305,27.4333107259775,PCR
1.03498041337344,0.886618261938805,14.2165951895826,0.501324097005095,4.86377445334646,28.2293684200017,PCR
1.0601993517663,0.935931879575643,14.2258035205774,0.501144281360297,4.79670138027603,29.0276949334865,PCR
1.02677040551669,0.8931602880618,14.2340625910638,0.500264700471932,4.72897203260321,29.8271183893597,PCR
1.0001163215361,0.850208351342418,14.2414696875749,0.50000035202563,4.66068889051603,30.6264519107651,PCR
1.01450488851635,0.899800865025292,14.2481031715002,0.500348853845497,4.59194984360917,31.4244946147386,PCR
1.00138958950033,0.856492526351187,14.2540344868776,0.501306938765703,4.52285296379706,32.2200476450105,PCR
0.998291133048143,0.906547424608648,14.2593218606713,0.502872341180997,4.45349347477677,33.011911595812,PCR
0.998631063398054,0.862886605670676,14.2640122970369,0.505042282436151,4.38396400771461,33.7988928720515,PCR
1.00565902290933,0.910412795282412,14.2672003463336,0.507753702122938,4.31375099716908,34.5792513080642,PCR
1.01945401861689,0.864349570325029,14.2692144445107,0.511063680559988,4.24373093506277,35.3492312174055,PCR
1.04019389736086,0.850563756864917,14.269668775677,0.514972508871218,4.17409358322765,36.105503456555,PCR
1.06817063237835,0.852321850981341,14.2676373582372,0.51943235960533,4.10461024823322,36.8445493995618,PCR
1.10378707283135,0.858649745655192,14.2625677537928,0.524414994647057,4.03533154735975,37.5627182692187,PCR
1.14754736897477,0.865211594558157,14.2539965186139,0.529893508594715,3.96637121176685,38.2562680401791,PCR
1.20008142355351,0.864744290519227,14.241448359183,0.535835483619306,3.89785760510625,38.9211854318627,PCR
1.26212940231712,0.85554479687454,14.2244389580126,0.542202672031773,3.82992660858834,39.5532912805358,PCR
1.33454352767285,0.882052896326665,14.2024645675362,0.548949942922469,3.76272100361046,40.148207290422,PCR
1.41828778754826,0.872827398572092,14.1749942539342,0.556024059885131,3.69638979749093,40.7013363026969,PCR
1.51443654261186,0.863578029254279,14.141463451715,0.563362207027569,3.63108778475268,41.2078461945069,PCR
1.62416021059391,0.854317298632139,14.1012702022957,0.570890837123516,3.56697487565614,41.6626724423605,PCR
1.74870014997006,0.880822047395273,14.0537751850412,0.57852476975799,3.50421559443814,42.060538155394,PCR
1.88933770350081,0.871539828942456,13.9983043158263,0.586166144378304,3.442979043891,42.3959822712629,PCR
2.04734992100232,0.862275599357224,13.934155153601,0.593703618168776,3.38343893726695,42.6634090561964,PCR
2.22394595142128,0.853047947273628,13.8606087004841,0.601011938722315,3.32577365137413,42.8571690832832,PCR
2.42018239238169,0.879226138037839,13.7769479591458,0.607952135521806,3.27016628929953,42.9716785055018,PCR
2.63686078964994,0.869986101568677,13.6824830192273,0.614372435085534,3.2168047052795,43.0015750620351,PCR
2.87440364750315,0.860825237679639,13.5765840385189,0.620110070550043,3.16588141734788,42.9419195700159,PCR
17.32,5.54,30.25,12.66,5.13,29.92,PCR
15.7323628337567,4.46043275200111,24.5193338401925,11.5178998943909,4.17088249298078,26.1424428920606,PCR
14.287189915389,3.71583764818964,20.5028122986877,10.469418555521,3.46235973028787,23.196615567214,PCR
12.9355378040289,3.17282393609033,17.5777580090489,9.52939856988517,2.92243079166476,20.8775593595953,PCR
11.6648104305188,2.75983002976381,15.3865203535632,8.69736677199707,2.50055564614667,19.0407906478486,PCR
10.4754170602881,2.43526081710057,13.7090355094673,7.96562321773385,2.16400426307727,17.5805965926888,PCR
9.37089420439239,2.173335663579,12.4024280757645,7.3236390648634,1.89071382651897,16.417842397224,PCR
8.35406246878565,1.95735144792004,11.3704630654757,6.76031482339286,1.66536730831802,15.4924773162394,PCR
7.42566826999884,1.77600836606052,10.5460780068924,6.26510974334498,1.47704207177378,14.7584229140849,PCR
6.58429311646607,1.62143041872384,9.88140966787406,5.82852309514869,1.31778250858247,14.1800202413241,PCR
5.82668202081556,1.48795594801362,9.34148290265838,5.44224513042499,1.18167853981648,13.7294421099491,PCR
5.14824393171555,1.37142560828244,8.90029804725809,5.09913181483993,1.06426929863602,13.3848104077148,PCR
4.5435207394663,1.26871009059798,8.53817015352803,4.79310604756045,0.962133579363363,13.12878340637,PCR
4.00672453658123,1.17746488046895,8.24001445098414,4.51916355054081,0.919747141760102,12.94790431085,PCR
3.53209057446207,1.09593856757244,7.99408504326811,4.27329951375335,0.90153859700767,12.8320527039686,PCR
3.11359763065013,1.02266136705337,7.79113566222531,4.0518777787457,0.902753715196083,12.7724604004723,PCR
2.74536115029569,0.956421321700655,7.62381206669265,3.85172072766103,0.918124600484035,12.76160442019,PCR
2.4218458875941,0.89622651263722,7.48624359654914,3.67011038897276,0.908953369722396,12.7933254462493,PCR
2.13797254348987,0.852604204229578,7.37361969502038,3.50477366159059,0.903942029522587,12.8626810362132,PCR
1.88903029979497,0.850721448968495,7.28186041365345,3.35348577749999,0.901096610255362,12.9651064538583,PCR
1.67087766063095,0.851641743603757,7.20766620587282,3.21457903231165,0.902487912690613,13.0972757544177,PCR
1.47424349936428,0.897674528649267,7.14847172166517,3.07636303098987,1.00854525192164,13.2567424546671,PCR
1.30695592158523,0.854786941637184,7.10227913988547,2.95795992523323,0.94335468812597,13.4432420261343,PCR
1.1609517204893,0.851986542532273,7.06723015041054,2.84962452402349,0.903071692562836,13.6499622238298,PCR
1.03300357360354,0.853460678615106,7.04160425771869,2.74923263219151,0.905378569494501,13.8767617230942,PCR
1.00632592988331,0.852797804492157,7.02205762372975,2.65571175158179,0.9043800759834,14.1178093252246,PCR
1.02994996816818,0.863436151653673,7.00513264558362,2.56789393743116,0.921219126678491,14.3648249916258,PCR
1.01828947610273,0.858314865127703,6.98986521820445,2.48524280940212,0.913228797864229,14.6161040610622,PCR
1.06721269186789,0.881131304570174,6.97613680634843,2.40740296672132,0.950000593205028,14.87155777321,PCR
1.06699241374251,0.88153936074838,6.96383459995141,2.33404049242793,0.951045506870391,15.1310935641885,PCR
1.06670269770011,0.881951226134392,6.95285460156509,2.26485038972104,0.952106440401244,15.3946191103733,PCR
1.06634249938996,0.882367009623219,6.94310134294004,2.1995561351503,0.953183690745423,15.6620410328073,PCR
1.06591082782328,0.882786791518559,6.93448719627466,2.13790658071263,0.954277471520214,15.9332648908451,PCR
1.06540722224951,0.883210472449757,6.92693106205829,2.07967215384475,0.955387851294811,16.208194217975,PCR
1.06483156302198,0.883637890169847,6.9203576994247,2.02464222620406,0.956514815182831,16.4867304912671,PCR
1.06418327436123,0.884068891266815,6.91469725806133,1.97262319897343,0.957658327808304,16.7687731536356,PCR
1.06346214059284,0.884503344538828,6.90988467618842,1.92343686174548,0.958818399448462,17.0542190574814,PCR
1.06266808770484,0.884941132629779,6.90585932317461,1.87691897702177,0.959995035141891,17.3429624797761,PCR
1.06180062992144,0.885382145695595,6.90256472649398,1.8329180345693,0.961188204726329,17.6348953151643,PCR
1.06085969068232,0.885826279101988,6.89994809068183,1.79129407256372,0.962397905139561,17.9299065434449,PCR
1.05984534546386,0.886273432349043,6.89796003770706,1.75191764893052,0.963624118048543,18.2278822994348,PCR
1.05875729466812,0.886723509686489,6.89655443187253,1.71466894530401,0.964866783677313,18.5287061976836,PCR
1.05759563240765,0.887176419842686,6.89568798717445,1.67943691642435,0.966125871907035,18.8322588143594,PCR
1.05636059035329,0.887632075242461,6.89532008338638,1.64611855169879,0.967401337300832,19.1384178000842,PCR
1.09414047557203,0.915830138819388,6.89541270892228,1.61461835836456,1.0189532704192,19.4470582763502,PCR
1.0249658793574,0.867788894010455,6.89593040628756,1.58484861709346,0.932253130896931,19.7580518561634,PCR
1.06134023244995,0.895969736095209,6.8968389071078,1.55672490680368,0.984080890226352,20.071268911297,PCR
1.09366031539127,0.924092403205018,6.89810658466066,1.5301703273431,1.03669926995159,20.386576792677,PCR
1.03237960560436,0.876183910711239,6.89970347210106,1.50511331872757,0.948470003643087,20.7038392656402,PCR
1.06325996791018,0.904296161211537,6.90160124355114,1.48148683907791,1.00137484591545,21.0229184045453,PCR
1.00734233552436,0.856456880444865,6.90377360938655,1.45922938259478,0.912095375596162,21.3436738605605,PCR
1.08402988776668,0.931046321603992,6.90619509372004,1.43828190698797,1.05359324192508,21.665963265347,PCR
1.0335438211161,0.883262767057628,6.90884228686318,1.41859121313464,0.963242309142456,21.9896416955232,PCR
1.09766911000669,0.957761454606719,6.9116932504679,1.40010825811989,1.10723959177169,22.3145622445357,PCR
1.0526728324297,0.910021678886672,6.91472581496928,1.38278315423828,1.01579879799814,22.6405778365024,PCR
1.01044006514801,0.862299810852738,6.91792117070066,1.36657571759429,0.923807080255847,22.9675372279341,PCR
1.06464040710427,0.936756078467334,6.92125973125212,1.35144335915217,1.06979523605884,23.2952900563237,PCR
1.02796514891908,0.889062449603397,6.92472343364166,1.33734779936043,0.976691229642799,23.6236838529815,PCR
1.06939571702587,0.963484031600679,6.92829584548127,1.32425538048144,1.12525227864252,23.9525640471749,PCR
1.03830974472387,0.915809678924889,6.93195978057053,1.31213012079142,1.03102445608833,24.2817782347556,PCR
1.0100269596083,0.868141907745461,6.93570041154342,1.3009427812118,0.936231241785895,24.6111699169663,PCR
1.04144717453773,0.942556859362778,6.93950289073443,1.29066391369401,1.08682096439991,24.9405843547679,PCR
1.01878093045084,0.894896598551701,6.94335303087041,1.28126585432971,0.990891659804006,25.2698667210484,PCR
1.03738641358481,0.969317117815081,6.94723787185329,1.27272439856501,1.14408664788005,25.5988600341151,PCR
1.02034131235909,0.921657594286487,6.95114432072537,1.26501483947417,1.04701638192902,25.9274113945766,PCR
1.00610511044997,0.873996144832286,6.95506062283647,1.25811621743925,0.949374626287716,26.2553644514514,PCR
1.01474297100797,0.948437105996874,6.95897526886932,1.2520082111618,1.10460577675878,26.5825653052213,PCR
1.0061145774746,0.900767562537329,6.96287709671473,1.24667144238049,1.00582053297923,26.9088619988418,PCR
1.00028238304702,0.853092051590288,6.96675595873891,1.24208930356216,0.906463944451033,27.2341007196063,PCR
0.999014166516382,0.927562749942482,6.97060154647122,1.23824474887805,1.0637245981447,27.5581327932998,PCR
0.998752597788163,0.879871658380518,6.97440450243631,1.23512332382515,0.963227489491959,27.8808078871772,PCR
1.00146236915725,0.951705647447909,6.97784310628349,1.2328271819299,1.11224168289579,28.206772383757,PCR
1.00716668207015,0.899167959249433,6.98079857522742,1.23129569687084,0.992081287065497,28.5335999864203,PCR
1.01548673036816,0.863708754988137,6.98370637356548,1.23027163640725,0.92847070360548,28.8508116034782,PCR
1.02657686706729,0.854936459458069,6.98623247295658,1.2298339475973,0.910666516755507,29.1615094248027,PCR
1.04055795113243,0.874189234316355,6.98808431773595,1.22998309018797,0.952604313990917,29.4666537676814,PCR
1.05750520069397,0.851220704024108,6.98911049333647,1.23069071904175,0.902665435629177,29.7655857958031,PCR
1.07750091227689,0.85302368793026,6.98917655678908,1.23192498102686,0.90663817503627,30.0573833229176,PCR
1.10064566962098,0.870076934274399,6.98814085405196,1.2336505135028,0.944351805399882,30.3410496322108,PCR
1.12705260035354,0.862355306708923,6.98586305660105,1.23583021636275,0.927426023415769,30.6155731005898,PCR
1.15684599442406,0.854634861430267,6.98220228822172,1.23842487050324,0.910337909573445,30.8799185611354,PCR
1.19016428501386,0.878432396486188,6.97701596754398,1.24139188428706,0.963828489492809,31.1330145415999,PCR
1.22715188463368,0.902199972465343,6.97016049066844,1.24468681402689,1.01793856228079,31.3737715388978,PCR
1.26796389138768,0.854516402276373,6.96149023604367,1.24826137762989,0.910231315280375,31.6010654154214,PCR
1.31275928556599,0.878267149663955,6.95085838214888,1.2520642634375,0.96443550560305,31.8137509697875,PCR
1.36170256670963,0.901960030256809,6.93811666140364,1.25604056065649,1.01918657797413,32.0106567218565,PCR
1.41495805247282,0.85438919766656,6.92311577699981,1.26013082357561,0.910093236748469,32.1905880066804,PCR
1.47268457740834,0.878058396608789,6.90570660644732,1.26427199856644,0.96492085354177,32.3523410732194,PCR
1.53503480321169,0.901635579399432,6.88574024221984,1.26839692971714,1.0202065322266,32.4947010475672,PCR
1.60214215360261,0.854256125544726,6.86307048553669,1.27243459884167,0.909932357137987,32.6164634785252,PCR
1.67411815159161,0.877799511732842,6.83755490524097,1.27631025633607,0.965266867123406,32.7164399102508,PCR
1.75104878296296,0.901207437440914,6.80905553725759,1.27994549826184,1.02094172861012,32.7934643659675,PCR
1.83297667987156,0.854116009666949,6.77744336032359,1.28325879907804,0.909744738146384,32.8464265227894,PCR
1.91989744153751,0.877478729029556,6.74259966472358,1.28616604210391,0.965435923725626,32.8742808543788,PCR
2.01202407154747,0.899132906317273,6.70424417912329,1.28866773764407,1.01362516464114,32.8797331589494,PCR
2.10908904744413,0.856665899438541,6.6624372927986,1.29059537653295,0.915974322022875,32.8580408792034,PCR
2.21054008797558,0.851224073318385,6.6172930287226,1.29176978087463,0.902942640801931,32.8049692335047,PCR
2.31633765008833,0.852529995136932,6.56857922789593,1.29219445144691,0.906097640920127,32.723908374659,PCR
2.42603150801183,0.857011999865596,6.51631274611541,1.29177270062005,0.917067649852902,32.6138160879249,PCR
2.53914075555357,0.855671224109729,6.46049200264683,1.29042990596266,0.913863545647928,32.474951140098,PCR
1.6,12.63,43.73,31.97,2.52,7.55,PCR
1.35147837584559,9.05216892888967,40.3919286223149,29.5734674481839,2.09269978956497,7.89025368750894,PCR
1.16080363722195,6.78852488826758,38.0172287263564,27.4202816930598,1.769561732118,8.27839827056294,PCR
1.01728946790432,5.25418566433608,36.2959038568996,25.4641239237831,1.51584877197673,8.71409480499331,PCR
1.01005143121406,4.16173885747709,35.0271245276151,23.6724141463037,1.31082521318632,9.18800243719706,PCR
1.00973728629305,3.35488525276935,34.0814347661442,22.0223916185434,1.14145504771892,9.69026278248823,PCR
1.00073585842337,2.74179414251156,33.3830466619331,20.5023683711511,0.999220999626521,10.2203617891138,PCR
1.00304245045543,2.26524085162849,32.8822889627555,19.1046381890262,0.903477704946637,10.7817365799531,PCR
1.00111724927937,1.88815786878745,32.538761104402,17.8228040544859,0.901364740577587,11.3805112376209,PCR
1.00276984779859,1.5852539979958,32.3219409418493,16.6495014510593,0.903789569544483,12.0198373504102,PCR
1.00792457764597,1.3387306051062,32.2070263889903,15.5760747470439,0.912218459047227,12.698897538824,PCR
1.00109821866734,1.13585962443022,32.1772883053666,14.5949466760168,0.901935679650739,13.4177587695719,PCR
1.00369637480619,0.967370175686292,32.2161145862141,13.6986110381031,0.907774505117505,14.1749218004956,PCR
1.00118897138051,0.853383956218523,32.3102065013787,12.8800863472111,0.903087957820597,14.9689183894223,PCR
1.00162480721821,0.856050345952503,32.4467407006355,12.13097059228,0.90568013354569,15.797790999598,PCR
1.0049057298029,0.878264819122385,32.615814149904,11.4449326775979,0.927364769291535,16.6591862319353,PCR
1.00149405947404,0.867771649576046,32.8107822911661,10.8172235174762,0.917677730782673,17.5504087655146,PCR
0.999926742542547,0.857334490471402,33.0258442391106,10.2432576217531,0.907494194925205,18.4682537641856,PCR
1.00765475594507,0.854208743617759,33.2541684463451,9.71862549696287,0.904419709911451,19.4131042827545,PCR
1.0292259994323,0.852596475602247,33.4910770246322,9.23870465973691,0.902802959689447,20.3666968723753,PCR
1.06595322429132,0.855259905633752,33.7283871974646,8.79911646376795,0.90583623300886,21.3235151095252,PCR
1.11958221438518,0.877265947658782,33.9596235939237,8.39559451902919,0.931132994157806,22.2717783520013,PCR
1.19243304040887,0.873889230389863,34.1786205120557,8.02406593198064,0.927976779311996,23.1982623512643,PCR
1.28751017546227,0.918715118598777,34.3787505787811,7.68037818904281,0.982562005150177,24.0910666320773,PCR
1.40928257537768,0.86540317538266,34.5537717677258,7.36332935090627,0.919450836219751,24.9343755917713,PCR
1.5645111276274,0.855501105288267,34.6982510716975,7.08024394852184,0.907162343756726,25.6972489153212,PCR
1.76132476606105,0.865086291959682,34.8019788427576,6.83749558640454,0.919916318079085,26.3639255767246,PCR
2.00891131552215,0.886025478059361,34.8544169048403,6.64136596155153,0.947822423368013,26.9077340695918,PCR
2.31713606525118,1.10932806254934,34.8434749933196,6.49748990415353,1.24510355868889,27.2988449316561,PCR
2.69574121033521,1.50406445748679,34.7558067450872,6.4106860513833,1.77130765839238,27.5052625716096,PCR
3.13885102223946,1.72499805104309,34.5672806411919,6.30085696347214,2.03690944054771,27.5793634787361,PCR
3.62241698938073,1.47372074161167,34.2825389391618,6.01630339588495,1.63669622815888,27.5533353353281,PCR
4.16541793120322,1.26339804010402,33.9317714479858,5.72500066651534,1.3253230789824,27.2102897224938,PCR
4.74876298254457,1.08701374312038,33.5105224444103,5.42496707558094,1.08142091264758,26.5738628691433,PCR
5.34355103437785,0.93883504617589,33.0215538181503,5.11587019795017,0.910437093553184,25.6833174442173,PCR
5.91505865816085,0.852092169793242,32.4752308053481,4.79984270141172,0.902941826944796,24.6068592536626,PCR
6.42744010104989,0.855329854629023,31.8861500861395,4.47965006413633,0.907442688705752,23.4136446878198,PCR
6.84668255948744,0.885684631520427,31.2771029001693,4.15919826164128,0.948907796378182,22.1629232163905,PCR
7.14651980888901,0.850863030339109,30.6751527926314,3.84333427940831,0.901177127006418,20.9124272223179,PCR
7.29379795951849,0.860095219623447,30.1090153657572,3.53054854502012,0.950962225991366,19.722718615014,PCR
7.32561743166243,0.850066416710733,29.6029112019087,3.23892064530617,0.900087741724977,18.6263385734516,PCR
7.2330863869769,0.872109276769385,29.1729099781323,2.96433435112965,0.928530726229702,17.6520643440549,PCR
7.03485259209422,0.876074982035782,28.8323114775561,2.70902621185519,0.932897315883386,16.8183767975851,PCR
6.75386363305865,0.857233987780996,28.5888981539452,2.47411481894028,0.908938048112257,16.1322095527728,PCR
6.41410355448661,0.87906676546957,28.4453442944293,2.2597801907644,0.9349923484619,15.5929597595255,PCR
6.0380273547302,0.86067996457828,28.4001248533994,2.06548110057944,0.912590012114169,15.1951392135399,PCR
5.64503828528409,0.882461546333569,28.4485745139356,1.89019146044863,0.937335106999705,14.9306332040963,PCR
5.25088028682534,0.864257900933704,28.5837469714972,1.73258696429304,0.916093820038135,14.7901585985253,PCR
4.86761172666655,0.868161822837212,28.7971649783788,1.59119765840671,0.920113805314048,14.7642299690937,PCR
4.50394596945035,0.894670282378769,29.0794067062734,1.46451746329587,0.948585015686482,14.8436824322702,PCR
4.1657522550817,0.857762059991748,29.4205404639059,1.3510749987212,0.908351270726457,15.0198794394453,PCR
3.85663848446202,0.884860664638315,29.8104831316628,1.24948193266486,0.937073750019719,15.2847479931087,PCR
3.57848874589907,0.912910643319675,30.2392435756739,1.15845574390869,0.966398648597751,15.6306689024754,PCR
3.33191674239736,0.913486468670418,30.6970953495728,1.07682674722657,0.966780058149457,16.0503065736405,PCR
3.11666911379831,0.914096321524366,31.1747290281794,1.0035400640598,0.967397692239069,16.5364310021572,PCR
2.93195719952649,0.914718490203021,31.6633621242783,0.937651423743732,0.96822263058244,17.0817312946351,PCR
2.77671070338071,0.915333610932426,32.1548084440508,0.87831854234238,0.96922513483716,17.6786311189574,PCR
2.64976243072863,0.9159238438652,32.6415155781516,0.824790405353231,0.970374760298084,18.3191238909895,PCR
2.5499893795075,0.916472496146898,33.116582137866,0.77639701030961,0.971639783823203,18.9946455096737,PCR
2.4764241729575,0.916966111946524,33.5737578355314,0.732540260816938,0.972988774904475,19.6959706125002,PCR
2.42833412518865,0.917393262642736,34.0074186772667,0.692685157243249,0.974389251831872,20.4131440500942,PCR
2.40526844034137,0.91774398086137,34.4125205364206,0.65635126575659,0.975808006629754,21.13543529976,PCR
2.40707862846032,0.918009132746348,34.7845377662528,0.623104925104678,0.97721026847929,21.8513395344445,PCR
2.43391614744125,0.918181228245922,35.1193979144667,0.592552685359478,0.97856169380186,22.5486120376242,PCR
2.48620432536904,0.918254096172358,35.4134170616201,0.56433585127262,0.979827197292493,23.2143632078824,PCR
2.56457693433718,0.918222661214028,35.663244516224,0.538126012194237,0.980972626914469,23.8351990066505,PCR
2.66977436588203,0.918082334263855,35.8658255029361,0.513621510136827,0.981963390600577,24.3974464940947,PCR
2.80319118719432,0.911269791085092,36.0158244885492,0.511493004104974,0.972922401147045,24.8973959086783,PCR
2.96520503322004,0.850505791081065,36.1133541484504,0.500091745336892,0.900622611665034,25.3043262289997,PCR
3.15520941097834,0.854075143786187,36.1559093777121,0.500740753856848,0.90508089789313,25.6076924583742,PCR
3.37240268808271,0.88128524861035,36.1410878036847,0.505787053292301,0.939451654250266,25.8011442289841,PCR
3.61453319002148,0.851420200793906,36.0684443721808,0.500268970429653,0.901804647581552,25.8767934881266,PCR
3.8777513089036,0.896607420424331,35.9382786038595,0.509197945920027,0.959648315506062,25.8320117615979,PCR
4.15665599576898,0.858678578213289,35.7529946454569,0.501777512863773,0.911177197633427,25.6637462933397,PCR
4.44326226985837,0.882238445726031,35.5165996213894,0.506931311464203,0.941727605581898,25.3742677666831,PCR
4.7281999888816,0.862909911788698,35.2343484953073,0.502895169585135,0.916765315496805,24.9751894505231,PCR
5.0007677285578,0.878889984191766,34.9138558286163,0.506794938000105,0.937631796682492,24.4809442461397,PCR
5.24983855303955,0.859501251500958,34.5645670417344,0.502321236881525,0.912399135946975,23.9103421215923,PCR
5.46486396500508,0.875865378140268,34.1973814431197,0.506554514798462,0.933814355141914,23.2853498956798,PCR
5.63694196709395,0.858630680409074,33.8240801319895,0.502241504792215,0.91129985560754,22.6295425147136,PCR
5.75967499859939,0.89871625434163,33.4566231590633,0.512841605775655,0.96397558884806,21.966423803397,PCR
5.82979065323684,0.881529671657678,33.1064247616443,0.508314750820791,0.941546123830497,21.3178755108447,PCR
5.84725181284613,0.939026615543617,32.7836750386377,0.523091758018048,1.01802811666843,20.7029200533942,PCR
5.81497691858669,0.895642312782524,32.4968482248346,0.511574715717811,0.9608449124723,20.1370021671947,PCR
5.73830338809101,0.962157510718983,32.2524062643415,0.527179964337223,1.05089163526723,19.6317251514888,PCR
5.62420765933066,0.914491333129473,32.0546516002102,0.515014190083146,0.987391148297501,19.1949305141396,PCR
5.48054645945038,0.860670219569287,31.9058057317407,0.502374084567465,0.914569010228837,18.831122830323,PCR
5.31539449156984,0.939574407715519,31.8062114260312,0.518572693570553,1.02364600637071,18.5420237205597,PCR
5.13650588667445,0.877821679692882,31.7545745101725,0.505473523737873,0.938698858525987,18.3271116616264,PCR
4.95093851781546,0.971917125085943,31.7482540308173,0.522232335222333,1.07136488247781,18.1841478669909,PCR
4.76484402523843,0.90058120258379,31.7835627062913,0.508741229408692,0.971599572884281,18.1096300891772,PCR
4.58338156404788,1.01208753336723,31.8560412224577,0.526002819047871,1.13160665314813,18.0991426548386,PCR
4.41072787408202,0.929790319525256,31.9607012472652,0.512162818358612,1.01472590391163,18.1476128249354,PCR
4.25014671628569,1.06022240097765,32.0922382605467,0.529911698779217,1.20476175111797,18.2494973543664,PCR
4.10409830093211,0.965892909861167,32.2452071465457,0.515743657094148,1.06892521518782,18.3989018182269,PCR
1.56156471242101,21.1853465606489,33.7061004838808,1.69452129955752,29.9760682282427,19.9878396159718,PCR
1.71864291436275,16.3107109283548,33.5630810322903,1.62414863882039,16.1284915327215,24.8552030287331,PCR
1.98742463774865,12.7912599634627,33.5514546541259,1.55072449547248,10.2555680213155,28.2869089071575,PCR
2.39205345875606,10.2209874195654,33.5825441242868,1.48177792161257,7.04683617388863,30.6483343228123,PCR
2.95776590589658,8.29571396676678,33.5851572910525,1.41661300318172,5.06157167275809,32.0829347558143,PCR
27.46,13.79,33.58,9.08,4.23,11.86,PCR
20.7449221191451,11.2498376663971,28.5803702791229,7.90430149672659,3.67964604771951,11.2423963685463,PCR
16.0115033824946,9.35379186760041,25.4544092804939,7.00699990976845,3.2793864310981,11.2167402099999,PCR
12.5613988803439,7.87377485455952,23.4252352739316,6.30170791200898,2.97298613687768,11.5935001985445,PCR
9.99177128087716,6.6827226511307,22.088872162001,5.73470700329406,2.72844095313775,12.2816443345137,PCR
8.04957850999434,5.70333474221472,21.215989545642,5.27097457183653,2.5261313311262,13.2334408991156,PCR
6.56630691386792,4.88538165314429,20.667637749832,4.88684392237695,2.3533680412035,14.4209556533361,PCR
5.42509237301888,4.19450080140954,20.3553194252804,4.56584686458209,2.20162092448975,15.824437589551,PCR
4.54233718106848,3.60610522817128,20.220089134474,4.29621254886156,2.06498851390216,17.4257697925755,PCR
3.85695683780065,3.1019568598927,20.2212592081142,4.06932335834609,1.93932791137672,19.204637322633,PCR
3.32369898642651,2.66813058982265,20.3299465790852,3.87872558850761,1.82173379736321,21.1363335109818,PCR
2.90864487321259,2.29370821661598,20.5250613657383,3.71947034290155,1.71020288400977,23.1908078559315,PCR
2.58618309531111,1.96994222104628,20.7908298198338,3.5876688825943,1.60341045586848,25.3328178001958,PCR
2.33683018931161,1.68968565297988,21.1151472752369,3.48018760017284,1.5005480086961,27.5230796258027,PCR
2.14571434614634,1.44701269175355,21.4885316417278,3.39443990206456,1.40119901902849,29.7201725729795,PCR
2.00140680707695,1.2369384082102,21.9033606984021,3.32823901939309,1.30523317172975,31.8829064160964,PCR
1.89507044978024,1.05522130107549,22.3533582752079,3.27969829411095,1.21271609761284,33.9727890361971,PCR
1.81982087551474,0.930365869805034,22.8332217658322,3.24716117190444,1.12383019718574,35.956227013317,PCR
1.77022722124279,0.852172683968899,23.3373251548134,3.22886222425327,1.03869569115997,37.8060563939717,PCR
1.74196964755203,0.862878966053407,23.8602170449891,3.22310531946945,0.957438850122349,39.5027374158804,PCR
1.73155540938632,0.858963221540091,24.3976859538175,3.22861967205046,0.904858950230103,41.0346347393905,PCR
1.73621029790264,0.877766485392875,24.9472721460449,3.24488090423981,0.915053052297629,42.3997524705549,PCR
1.75355931077434,0.867531468383681,25.5058446178288,3.27110590139638,0.909620420535275,43.6003494544575,PCR
1.78141368216603,0.856998851798068,26.0707329602814,3.30651014900109,0.903873796580363,44.6412225291848,PCR
1.81778597496054,0.917418627640671,26.6394859105336,3.35040319701057,0.93756666466105,45.5307757335654,PCR
1.86082701615038,0.907244191460483,27.2098622986639,3.40218299212397,0.931972206327086,46.2799747916321,PCR
1.90878306101037,0.896761168460667,27.7798410106088,3.4613316713704,0.926119539628664,46.9013132367849,PCR
1.9599759528701,0.927958627262154,28.3476413006467,3.52741342583736,0.943448346527507,47.4080262120405,PCR
2.01279721161081,0.884381042107808,28.9117432620173,3.60007215403766,0.919098376990669,47.813470112849,PCR
2.06570918410623,0.959485782611082,29.4708922925993,3.67902553844771,0.960444839042344,48.1306925764581,PCR
2.11726406824923,0.914950492683717,30.0241365755578,3.76407010954063,0.935663013467026,48.3721028093216,PCR
2.16611841533877,0.86935080235993,30.5708259326111,3.85507762322808,0.910560211216143,48.5492785956092,PCR
2.21105103223771,0.947152887209201,31.1106070241593,3.95199275542275,0.952502725573336,48.6728512013956,PCR
2.25098091825764,0.900611907242558,31.64341496722,4.05483292237758,0.927151458786959,48.7524664977012,PCR
2.2849833274053,0.930882069456128,32.1694573925001,4.16368884388225,0.942973266174753,48.7967757206025,PCR
2.31230006566477,0.961939883237826,32.68919192646,4.27872487696922,0.958881453364152,48.8134506914697,PCR
2.33234428996689,0.993782118589382,33.203295713039,4.40017899410869,0.974857778489857,48.809219026942,PCR
2.3447019054574,1.02640928223098,33.7126271018661,4.5283633822473,0.990892193130642,48.7899134117695,PCR
2.34912757984352,1.05982445136168,34.2181825575449,4.66366511125411,1.00698353242379,48.7605270554027,PCR
2.34553542223101,0.874637893756195,34.7210516137292,4.80654696578036,0.912501052932214,48.7252714127208,PCR
2.33398619584268,0.906683415576861,35.2223725772323,4.95754841324573,0.928464422588428,48.6876333983473,PCR
2.31466940421192,0.939527499961604,35.7232901871366,5.11728675106665,0.944498549552133,48.650430607569,PCR
2.28788650659393,0.973184892231311,36.2249133551916,5.2864584766189,0.960608502501265,48.615867373439,PCR
2.25403338902182,1.00767349451212,36.7282728268788,5.46584097958976,0.976804625497957,48.5855923364216,PCR
2.21358249137073,1.16757173323816,37.2342820550343,5.65629455089076,1.05275802815042,48.5607524376599,PCR
2.16706598682164,0.969120974332141,37.7437028078194,5.85876482638668,0.957044415432914,48.5420417142396,PCR
2.11505883576821,1.13191607672475,38.2571038718735,6.07428451592263,1.03338563776376,48.5297573336174,PCR
2.05816643926903,0.928804768225336,38.7748396080774,6.30397693268092,0.937123684955415,48.5238332790022,PCR
1.99700867455844,1.09457985217753,39.2970050783374,6.54905719306658,1.01391639218622,48.5238992513099,PCR
1.9322130621385,0.886636958732811,39.8234238071848,6.81083629447568,0.916989238823144,48.5293023265765,PCR
1.8644044420016,1.05547171269365,40.3536104319925,7.09072182119186,0.994300510699364,48.5391534687752,PCR
1.7941956006876,1.2300194665536,40.8867494247782,7.39022124386726,1.07265639060425,48.5523595813763,PCR
1.72218995428326,1.01448737706644,41.4216732767475,7.71093937491432,0.974469303687179,48.5676411532173,PCR
1.6489633831861,1.19232821853493,41.9568307157598,8.05458284189281,1.05356510477306,48.5835830449669,PCR
1.57507557420271,0.971521183152601,42.4902732211679,8.42294913917942,0.954340658369605,48.5986319265015,PCR
1.50105383972337,1.15269161577012,43.0196262747084,8.81793161505657,1.03425935986414,48.611145114607,PCR
1.4274000826442,0.92647204540819,43.5420794471724,9.24149937604367,0.93382445983734,48.619390386537,PCR
1.35458188913444,1.11097187516138,44.054366482916,9.69569550407421,1.01465349114721,48.6215828508611,PCR
1.28303462022387,0.879259871979876,44.5527607770581,10.1826130839904,0.912822960031675,48.615892648053,PCR
1.21315792452468,1.06705505417395,45.0330797521414,10.7043691112269,0.994651564739096,48.6004706867808,PCR
1.14531426947057,1.26078848960386,45.4906704664712,11.2630921235581,1.0784433330536,48.5734657607194,PCR
1.07982908546441,1.02088259446343,45.9204715032719,11.8608468525918,0.974147171254812,48.5330453581682,PCR
1.08740646861284,1.18519397562943,46.3045544400103,12.4969452449767,1.05252180472125,48.4734976132109,PCR
1.02358877392677,0.888545059787286,46.6306053913959,13.1717475970164,0.934144191540852,48.3834131609054,PCR
1.00747139607608,0.880289931997301,46.9173349332199,13.8914423097855,0.913140398213693,48.267503734294,PCR
1.00226478639104,0.859228824526544,47.1359995161038,14.6519508127012,0.904008133068028,48.1162041655961,PCR
1.00792749254607,0.882879632099837,47.2800143189116,15.4525981800286,0.914327617604067,47.9312215480252,PCR
1.01286117755833,0.904509957985275,47.3448590775468,16.2924158916476,0.923844871563023,47.7153706624346,PCR
1.03810010235827,1.01749423109156,47.3265376243312,17.1698467564365,0.973714881056267,47.4711026688977,PCR
1.02110893600568,0.945969295447958,47.2216593733301,18.0827008016343,0.942459257516449,47.2006384862472,PCR
1.00503606260935,0.873871289264854,47.0275869219673,19.0280492057124,0.910626624190409,46.9060307100309,PCR
1.02697202699143,0.987642497812159,46.7425643710979,20.0021691545305,0.961893964763057,46.589244768328,PCR
1.01195401015533,0.915114304948479,46.3658045135134,21.0005478410694,0.92951974542437,46.2522385799023,PCR
1.04491234243308,1.13084331526743,45.897586700011,22.0178729086536,1.02928202980601,45.8970094327623,PCR
1.00328652438744,0.871841232964015,45.3393378094722,23.0480545706345,0.910114740267544,45.5256352243999,PCR
1.0066070398769,0.901080572991484,44.6936602213041,24.0842782015052,0.923970993288352,45.1403002188416,PCR
1.00849648786784,0.930056783957435,43.9643384164599,25.1190884927661,0.938109299175246,44.743315890013,PCR
1.00879112981235,0.958652098814653,43.1563141437815,26.1445207094762,0.952515159882221,44.3371340017826,PCR
1.00734657184429,0.986749779204673,42.2756129870349,27.1522611752804,0.967169316648686,43.9243443394137,PCR
1.00405598791829,1.0142401356857,41.3292250029419,28.1338270069648,0.982046690462877,43.507655700706,PCR
0.999099035988883,1.04102733279723,40.324950210419,29.0807618929591,0.99711525260227,43.0898661801508,PCR
1.00153631940256,1.05081831860139,39.2689137656852,29.9831303648769,1.00780533649383,42.6761607007554,PCR
1.01162824955338,0.854997216137919,38.1702950139917,30.8336784472619,0.902631365482719,42.2659333617816,PCR
1.02952322034482,0.870404875361,37.0398940986342,31.6264420374967,0.91086668029783,41.8551616997136,PCR
1.05572966450104,0.858404818786078,35.8820543069389,32.3515137453033,0.904555775868428,41.448675215137,PCR
1.09080644793675,0.912086604367021,34.7044367015343,33.0015710613835,0.934339850917064,41.0476144943714,PCR
1.13544477087105,1.00445995574383,33.5145698607116,33.5701214491717,0.987328028722452,40.6531458198145,PCR
1.19048280328364,0.934365186123168,32.3196654185064,34.0515780872634,0.948445561360873,40.2663660330394,PCR
1.25691547066384,0.866151384431524,31.1264870471136,34.4412862555935,0.909419265420259,39.8882147991343,PCR
1.33592136350297,0.954760827725213,29.9411768122466,34.7356346380799,0.962436370263373,39.5193751169827,PCR
1.42886737187811,0.888564708603739,28.7691674875112,34.9319910703843,0.92333767928778,39.1602006038124,PCR
1.53731872078578,0.973142824217836,27.6151167298819,35.0286469939281,0.976127558426928,38.8106548121162,PCR
1.66304956281093,0.991340001798044,26.4828650243353,35.0247510160196,0.988999802353202,38.4702588105223,PCR
1.80804735409709,1.00855135270619,25.3754264768089,34.9202216161803,1.00166996050717,38.1380530879748,PCR
1.97451002611737,1.02475783574706,24.2950050450122,34.7156504898778,1.01409756686595,37.8125720060936,PCR
2.16483408980191,1.0399426345499,23.2430331217058,34.4121970392714,1.02624356015947,37.4918275089944,PCR
2.38158947902069,1.05409163482625,22.2202310167519,34.0114815459344,1.0380695475707,37.1733052690746,PCR
2.62747533988651,0.865928553573086,21.2266849834559,33.5155024604038,0.910867816881725,36.853982095766,PCR
2.90525480251166,0.883703386201815,20.261936548675,32.9265860187175,0.923401645999954,36.53036416242,PCR
3.21765952801917,0.900466026996849,19.3250836875719,32.2473760037402,0.935659961791417,36.1985517606387,PCR
32.18,15.54,20.09,9.38,5.14,17.31,PCR
31.9210199418569,15.2734106927692,18.1190093429317,7.9590664586193,4.38875950995166,14.00932616786,PCR
31.1145157263334,15.1609678709691,16.5444357140102,6.74249193362278,3.82211685690117,11.5613794675894,PCR
29.9658664955169,15.1631739573296,15.3172234340602,5.71858242085756,3.38299582102104,9.73185841610807,PCR
28.6191111004165,15.2488564719218,14.3853235786533,4.86437862677046,3.03496636529013,8.3528343297553,PCR
27.1707112697918,15.3931719573494,13.7024387858224,4.15435532892286,2.75383461172094,7.30500436473504,PCR
25.6829602976724,15.575958366948,13.230726301227,3.56446401389531,2.52302463564733,6.50379568723555,PCR
24.1946432338863,15.78050667406,12.9408412919179,3.07368021752069,2.33088799954836,5.88915867231702,PCR
22.7289591926784,15.9926584164581,12.8109681994889,2.6643362060268,2.16902803959668,5.41815461495791,PCR
21.2988150960174,16.2002000438839,12.8256312426848,2.32187364637637,2.03129834777968,5.06001255608803,PCR
19.9105811319706,16.3924213635472,12.9746044982361,2.03443978163155,1.91310964687639,4.79255669459777,PCR
18.5665409023328,16.559815656191,13.2519833885895,1.79242680265787,1.81099220069646,4.59982532307963,PCR
17.2665820770379,16.6938636694616,13.6554479490553,1.58806200605423,1.72228308402509,4.47037900140082,PCR
16.0093182707384,16.7868834681885,14.1856630418956,1.41505162189785,1.64491505521628,4.39614479795194,PCR
14.7928334784952,16.8319306715633,14.8457913634356,1.26828798467253,1.57727254213799,4.37164437882532,PCR
13.6152364887948,16.8227352182468,15.6410575564374,1.14362002802318,1.5180791361709,4.39342146083538,PCR
12.4750657899304,16.7536750476958,16.578305427791,1.03766591775628,1.46631371493394,4.4596230955228,PCR
11.3715513972553,16.6197954054719,17.6655147181557,0.947661593360022,1.42115679227496,4.5697449275063,PCR
10.3048281624174,16.4168726449442,18.9112268998189,0.871347168264731,1.38194209543617,4.72441199287729,PCR
9.2760698660784,16.1415301828018,20.3238299810596,0.80687462166366,1.34812073364297,4.92521032470148,PCR
8.28753748267379,15.791410953032,21.9106734461826,0.752732945231777,1.31923497211422,5.17455204643825,PCR
7.34255101836569,15.3654012615804,23.677006536605,0.707692502388661,1.29489375127229,5.47552314813968,PCR
6.44534710999965,14.863897448657,25.62474512039,0.670759363207928,1.2747534872664,5.83171411851753,PCR
5.60081806758123,14.2890885184035,27.7511502863711,0.641138124091666,1.25850213450049,6.24701799606613,PCR
4.81413261067083,13.6452188730103,30.0475344601917,0.618204577314549,1.24584422124609,6.72536765524919,PCR
4.09024612075431,12.9387777675855,32.4981830711968,0.601483213831907,1.23648890324926,7.27042548930506,PCR
3.43335582734859,12.17855900667,35.0797201931397,0.590629438574142,1.23013993432536,7.88521361479372,PCR
2.84637106421113,11.3755324560969,37.7611621063589,0.585416198049665,1.22648771631464,8.57170433124558,PCR
2.33047312941859,10.5425002767744,40.5047940258383,0.58572383843717,1.22520437817414,9.33040639102527,PCR
1.88485648691949,9.6935225935148,43.2679702206818,0.59153279726521,1.22594205525533,10.159983610664,PCR
1.50669835618419,8.84317529841429,46.0056315537994,0.602918741236392,1.228334288218,11.0569531354371,PCR
1.19137239832083,8.00570836947599,48.6732913670334,0.620049957887107,1.23200082775459,12.0155147903009,PCR
1.06434500230102,7.19429801396635,51.2150431145668,0.643083161403542,1.23644780585174,13.0228910869266,PCR
1.03285283921432,6.42127653054184,53.5603657965512,0.672041872863629,1.24105279064311,14.0559289161843,PCR
1.01291883637177,5.69649620895366,55.6729900699501,0.70712268375626,1.24541063470997,15.0959712430452,PCR
1.06826863337324,5.0266847004979,57.551238513,0.748730649121041,1.24931168202852,16.131230717506,PCR
1.08570547805785,4.41524372368758,59.2039285885809,0.797365282759684,1.25258352275732,17.151196218863,PCR
1.0637965203918,3.86287231123858,60.6446374426091,0.853603149019499,1.25507357554473,18.1458934371759,PCR
1.04151513911867,3.36825396459349,61.8898902282962,0.918100271722741,1.25665506598705,19.1062302961336,PCR
1.01912140893654,2.92860189789272,62.9577634058349,0.991597314534433,1.25723124911412,20.0243118406293,PCR
1.20053661069813,2.54022450546329,63.8666328704792,1.07492024548656,1.25673559073376,20.893621464682,PCR
1.13346717298047,2.19892286151017,64.6343448669196,1.16898222440549,1.25513027704575,21.7091234949692,PCR
1.06719582753743,1.90027863682874,65.2776870278907,1.27478436842703,1.25240343186344,22.4672777610965,PCR
1.0019564760761,1.63988280210295,65.8120353480731,1.39341529810153,1.24856516794761,23.1659743580268,PCR
1.13440219392367,1.41351144092264,66.2511415670064,1.52604928279253,1.24364273664168,23.8043968126323,PCR
1.06992953786043,1.21720740619062,66.607112084584,1.67394201143361,1.2376759950838,24.3828481812886,PCR
1.00675897697408,1.04732023009423,66.8904760187463,1.83842410899873,1.23071324651986,24.9025547250215,PCR
1.06182375561748,0.900534679489989,67.1102704771454,2.02089101501969,1.22280750587735,25.3654675665978,PCR
1.07984378526786,0.888605997112973,67.205427527961,2.22102295809132,1.21339503586172,25.7439827923,PCR
1.03363313774368,0.867857859009712,67.3174181227178,2.44241941617594,1.20338479651727,26.1010126048,PCR
1.02837434103238,0.86534004851054,67.3866885378209,2.68562526451594,1.19235231833034,26.413077940334,PCR
1.10307350546497,0.906857410827904,67.4111752653367,2.95182671121119,1.18033434859564,26.6795787092674,PCR
1.02133131823335,0.861928861159772,67.396342500934,3.24232531729672,1.16742522146473,26.9036445091057,PCR
1.094164324327,0.903681436105273,67.3465132785024,3.55832304397969,1.15370671604876,27.0883071538852,PCR
1.01462380339284,0.858445936932494,67.2650697439785,3.90088451052829,1.13924905804041,27.2364612433548,PCR
1.08557085250044,0.900356065727591,67.1546590111879,4.27088596766813,1.1241122252653,27.3508269731517,PCR
1.0082463918591,0.854914531787437,67.0173734681248,4.66897152474143,1.10834764464674,27.4339389706947,PCR
1.07727262180268,0.896930104279516,66.8548610921387,5.095485581598,1.09199928572681,27.4881333274867,PCR
1.00220513631854,0.851355306371985,66.6684668708116,5.5504385608223,1.07510561671933,27.5155668247641,PCR
1.06925584349586,0.89343407716356,66.459314049092,6.03342603846215,1.05770075727802,27.5182178744706,PCR
1.13382039351347,0.93555435727187,66.2284129181968,6.54362030963421,1.03981636370175,27.4979225206556,PCR
1.0615211848525,0.889886746729634,65.9767266059447,7.079686091627,1.0214828054047,27.4563828238913,PCR
1.19111827518863,0.976951821563526,65.7022782153709,7.6395839812133,1.00270852320825,27.3938452961014,PCR
1.00376018896091,0.852516004145908,65.375218471213,8.21734432654575,0.983285843280819,27.2966998119836,PCR
1.04546560652868,0.881035425577345,65.0752502131854,8.81708238818858,0.963846075608526,27.2033027304262,PCR
1.01294937653072,0.858988578676387,64.7579159441153,9.43242892102013,0.944086784657931,27.0945292158056,PCR
1.04055822322258,0.878718742215739,64.4247532484508,10.059633671962,0.924047077957544,26.9717207170707,PCR
1.04248378935109,0.882444860015725,64.0346018931503,10.6889483896918,0.906250980545147,26.8161007931527,PCR
1.00041997339163,0.850307893702243,63.6819026253063,11.32592946934,0.900049060947338,26.6716231877124,PCR
1.00962282819976,0.857191385007583,63.3195279966756,11.9625324325077,0.901197553815394,26.5187565309086,PCR
1.02198998599764,0.866756931173733,62.9499325604001,12.5944112218439,0.902911896566584,26.3588839887025,PCR
1.0806835029983,0.912846066777514,62.5740175669925,13.2169993645456,0.91142655544373,26.1926409817703,PCR
1.02537109176823,0.870071312813767,62.1943507472295,13.826060259692,0.903762314297387,26.0213829944644,PCR
1.08152384034511,0.915862576681845,61.8134620208465,14.4176556072332,0.912841798339338,25.8464429653649,PCR
1.02844909120651,0.873324531483876,61.4338205581184,14.9882411930533,0.904669687498611,25.6691234015642,PCR
1.08224395013931,0.918770709971197,61.0577964337649,15.5347205066136,0.914245097287604,25.4906812866297,PCR
1.03127753104523,0.876510358782079,60.6876223577793,16.0545224939456,0.905616819057061,25.3123124079899,PCR
1.14199136482491,0.972880196100383,60.3253651547486,16.5456041501098,0.926922744776394,25.1351394909176,PCR
1.15015993324149,0.981862165562764,59.9728799485388,17.0065133779996,0.92955660368931,24.9601923476198,PCR
1.00409162672837,0.853619259234299,59.6318264973044,17.4362836676862,0.900820631243956,24.78841499755,PCR
1.01457007892774,0.86304925150638,59.3036356132657,17.8344544156187,0.903013885807592,24.6206503454128,PCR
1.02471193639027,0.872396374339978,58.9894847304612,18.2010756502871,0.905264310875556,24.4576288025553,PCR
1.03455576577441,0.881659503641844,58.6903002938495,18.5366385778716,0.907560735852204,24.2999683373972,PCR
1.04414442250745,0.89084057675981,58.4067736372482,18.841984967974,0.909892603096618,24.1481801801648,PCR
1.05352042055206,0.899943686165483,58.1393727216897,19.1182423229723,0.912250212329629,24.0026725279303,PCR
1.06272265023425,0.908973564019386,57.8883545247027,19.3667690692904,0.914625121979685,23.8637545389431,PCR
1.07178520457475,0.917935067785442,57.6537816835297,19.589100873766,0.917010118561955,23.7316423512417,PCR
1.1562422631694,0.998885494187279,57.435544465139,19.7868927092096,0.937669025682487,23.6064674134297,PCR
1.02651120906281,0.875318614353511,57.2333818720216,19.9618696432214,0.906427517938864,23.4882846696115,PCR
1.11040450857733,0.955969609693769,57.046897815683,20.1157995640427,0.927118570669121,23.3770791176241,PCR
1.19299375133007,1.03593429901736,56.8755766616645,20.2504619734757,0.947886440476355,23.2727719692413,PCR
1.06597586381472,0.913637453584272,56.7188282432075,20.3675749841085,0.916423805166667,23.1752388155817,PCR
1.14830316463254,0.993377881743228,56.5759734652547,20.4688272596021,0.937174140920063,23.0843040927057,PCR
1.02253826347838,0.871806925259198,56.4463016471449,20.555797762455,0.9056628475393,22.9997646551874,PCR
1.10462930287939,0.951339646659098,56.3290588271237,20.629986388089,0.926395749293475,22.9213855162688,PCR
1.18617683037807,1.03040208789077,56.223476989513,20.6927846864379,0.947091663232928,22.848912262255,PCR
1.0616448144996,0.909737108918554,56.128773509336,20.7455029357648,0.915604635511208,22.7820721725791,PCR
1.14313052846351,0.988663487861347,56.0441742252186,20.7893353803908,0.936265544097191,22.7205835513581,PCR
1.01908565632885,0.868485831779391,55.9689084897087,20.8253898129378,0.90483614788305,22.6641551859546,PCR
1.1005093297749,0.947281688619357,55.9022277627786,20.8546693291402,0.92546450536072,22.6124943480679,PCR
62.97,2.76,8.69,5.69,2.65,18.94,PCR
66.6421880837654,2.56249803168305,6.24322449947257,4.05575759299094,2.06280163543686,11.9183921439764,PCR
67.6918399372717,2.41258596008039,4.51850260246032,2.856470171986,1.62976847638563,7.46121834500486,PCR
67.0569106106848,2.29424272134493,3.32227999063551,2.00785133942512,1.30449799518127,4.70892344113426,PCR
65.4466275809529,2.19734106813386,2.4925222074743,1.41689377831743,1.05620322516859,3.01976271765652,PCR
63.3216105973254,2.11553689566198,1.91146815341442,1.00701916307479,0.917043692812153,1.97593616528235,PCR
60.9678033212584,2.0451395613498,1.49870948081943,0.722067720661629,0.906176097476683,1.32183259934327,PCR
58.5544334687083,1.98353649387495,1.20066326006351,0.522693435872294,0.902665369918536,1.00592159735929,PCR
56.2775437184727,1.92845099627158,1.00249611074274,0.50197415031885,0.902081460393813,1.00441249189113,PCR
54.1355580341789,1.87741901265464,1.01690823870965,0.514444217240741,0.914944409900628,1.03156865611167,PCR
52.0973203502554,1.8292839084529,1.01198653381284,0.510883195484856,0.911259592551178,1.02310896860846,PCR
50.138544371828,1.78397307172595,1.04551020633427,0.54453313830114,0.946071967148085,1.09137901459582,PCR
48.2643930865709,1.74116964957258,1.01688918645251,0.517644454391154,0.918253598204005,1.03517867464534,PCR
46.4703877591448,1.70067098257402,1.01334268325892,0.515061910908275,0.915581607909046,1.02906323180624,PCR
44.7523552572088,1.6622961026641,1.0102567295362,0.512600160469619,0.913034685179451,1.02349895517914,PCR
43.1064171226814,1.62588367033178,1.05649825458721,0.578193258442811,0.980888126566974,1.13939607155401,PCR
41.5289456546559,1.59128849126539,1.05119504844559,0.578925353899202,0.981644213882342,1.13545650546482,PCR
40.0165125755777,1.55837773070409,1.0457228579796,0.579613194709239,0.982354737702484,1.1313140373826,PCR
38.5659012754855,1.52703130085055,1.04009794145266,0.580260229580546,0.983023663005542,1.12698548881365,PCR
37.1741073015382,1.4971412614256,1.03434490644652,0.580873568545874,0.983657981672185,1.12250325430063,PCR
35.8383145498656,1.46860974335522,1.02847818180819,0.581458128987125,0.984262185645939,1.11788820314336,PCR
34.5558712828484,1.44134722883881,1.02250399602615,0.582015168499328,0.984837732073055,1.11314574584582,PCR
33.3242749068682,1.41527161994247,1.01642908898092,0.582545380313655,0.985385891995055,1.1082807285479,PCR
32.141163278271,1.39030766153151,1.0102627766606,0.583051092201572,0.985909133861555,1.10330479597715,PCR
31.0043079031683,1.36638636482172,1.00401466090782,0.583535505470153,0.986410350221828,1.09823157788997,PCR
29.9115907533653,1.34344395104876,0.999765597842111,0.584001211856167,0.986891949088123,1.09307163815625,PCR
28.8683698413964,1.32142914125182,1.00328682675554,0.580847948147413,0.984963426154233,1.0857667374631,PCR
27.8694619993544,1.30026051976964,1.01420288176107,0.512722420395461,0.913934459721846,1.01363518486915,PCR
26.8930966995393,1.27979727372705,1.03257962506607,0.512823301191262,0.913268014052047,1.01192933624417,PCR
25.9491633117977,1.25998669566426,1.05844583170998,0.531326819946076,0.932421774262364,1.02682471969412,PCR
25.0357379445058,1.24075614952437,1.09200531220071,0.504408091083287,0.904563330378874,1.00351819838567,PCR
24.1504500483553,1.22203283532823,1.13361346515936,0.551757994714019,0.953606793201815,1.03688776051916,PCR
23.2911100869594,1.20374755573649,1.18377715903611,0.531660627807318,0.932805431845201,1.02062655775577,PCR
22.4556617202354,1.18583334835578,1.24313694570454,0.512198050872662,0.91264543097559,1.00719640721139,PCR
21.6421647690879,1.16822460487415,1.31249017777595,0.562702343417797,0.965060404076204,1.03134658301347,PCR
20.8487801649063,1.15085626467825,1.39280462193117,0.543476035258972,0.945144244462608,1.01899388451667,PCR
20.073746001986,1.13366291185073,1.48522100871478,0.524849250362621,0.925824645766894,1.00927266811002,PCR
19.3153627190146,1.11657802724423,1.59106371274575,0.506809168916383,0.907083362192289,1.00210154856435,PCR
18.5719879198272,1.09953341240825,1.71185697376181,0.592141532093079,0.996045800556589,1.0181038104028,PCR
17.8420333591492,1.08245859966739,1.84934130994165,0.510699072105508,0.911160718416416,1.0016999519936,PCR
17.1239650668375,1.06528045643702,2.00548347468346,0.531161552637673,0.932570026506564,1.0022640412532,PCR
16.4163063090363,1.04792282674294,2.18248539149436,0.550736053729898,0.953152379790563,0.999193513975703,PCR
15.7202788259335,1.03032531790505,2.38265583344964,0.565154093763173,0.969988219220733,1.0014700636913,PCR
15.0324378235079,1.01239032857103,2.60872171246784,0.504110236782548,0.904598028823254,1.00981109180422,PCR
14.349727335974,0.994002818448904,2.86379692895128,0.520899163207987,0.92208383919357,1.02429237403285,PCR
13.6742661587751,0.975097465296314,3.15083907962983,0.511937441919578,0.912665745015471,1.04511506926057,PCR
13.0055651348465,0.955584490059053,3.4730093721318,0.528286291041871,0.930186157992626,1.07257240214979,PCR
12.3432251824749,0.935372041428935,3.83356796783868,0.542826621443665,0.946018485215913,1.10708448148701,PCR
11.6870136302017,0.914370621819014,4.23567762194982,0.525429135404179,0.927497008209804,1.14920052939145,PCR
11.0369081778253,0.892494892057976,4.68229038678379,0.50873573458622,0.909513968083471,1.1996054942349,PCR
10.3931717118183,0.869667211132366,5.1759512453672,0.54017916500403,0.944292199953729,1.25914566081127,PCR
9.75713764021473,0.859389822449535,5.71840055515527,0.522439105618532,0.925489355192611,1.32885115609614,PCR
9.12852918603655,0.850163069912624,6.31080515294643,0.50037783181449,0.900418112109756,1.40991893308652,PCR
8.50901838741766,0.852485601271758,6.95295414311123,0.504928399365373,0.905630116892805,1.50379261287318,PCR
7.90077893646897,0.850779796917227,7.64319626770407,0.501384148650611,0.901604317022364,1.61215400904983,PCR
7.30601369691808,0.853113103185143,8.37836368730296,0.504885104721725,0.905780379564219,1.73695065672384,PCR
6.72731962367624,0.8671582786802,9.15354554247331,0.523495300853315,0.928503368923663,1.88042797876695,PCR
6.16755713379551,0.853962753174543,9.96203304217595,0.504936142449735,0.906105741316494,2.04516721774118,PCR
5.62970663598153,0.867538434986978,10.7955595208227,0.519237339231124,0.92451824934671,2.23409023241503,PCR
5.1167296665845,0.852036201903645,11.64442119336,0.502041789309511,0.902664453851386,2.45051487120925,PCR
4.63139285604321,0.867317832485416,12.497928947025,0.515389591035151,0.920818795400295,2.69817620270656,PCR
4.17609997460963,0.884784859858794,13.3449793361281,0.527528087400182,0.938747815243074,2.98123593922976,PCR
3.75274540022859,0.866376492077351,14.1746410347466,0.511965172986696,0.917368512898383,3.3042987111433,PCR
3.3626151061486,0.88538152258262,14.9766968564551,0.523242371736923,0.935337849927385,3.67241806145753,PCR
3.00632644154061,0.864663127191866,15.7421782326183,0.508955924270041,0.91411118304776,4.09108745332489,PCR
2.68382808594226,0.88502706356182,16.4637260828536,0.519422368422545,0.932280880032771,4.56621502310238,PCR
2.3944449179479,0.862205315435342,17.1358365757659,0.506335046316949,0.910969796906601,5.10407596283108,PCR
2.13696414284818,0.883730688797776,17.7549131474877,0.51603087754715,0.929514176403857,5.71124051087572,PCR
1.90975000197629,0.859092510595143,18.3191900414395,0.504067171260529,0.907848795851005,6.39446516843852,PCR
1.71086554939704,0.881583940809203,18.8285392421421,0.51301657231443,0.926955147496985,7.1605492931633,PCR
1.53819884988614,0.855448463575643,19.2842015608709,0.502120536944938,0.904636249462718,8.01614297018292,PCR
1.38957638962526,0.878725416318877,19.6884853919524,0.51032942435634,0.924503169683368,8.96750824499279,PCR
1.26286174820755,0.85140435564292,20.0444649214716,0.500477181344965,0.901205829546803,10.0202317050681,PCR
1.15603758382854,0.87530686932245,20.3556951494811,0.507933575616615,0.922040128139931,11.1788806866356,PCR
1.0672669158396,0.899882710899919,20.6259768573239,0.514385826028861,0.944344532274035,12.4466366233831,PCR
1.01587547932107,0.869944171179327,20.8575369321329,0.50560937328225,0.918234327883322,13.8241623899068,PCR
1.00121564175829,0.851885867630514,21.0520844200766,0.500480143392923,0.901748472494751,15.307047739979,PCR
1.00571025448443,0.861968828970523,21.2113910980418,0.502792930396953,0.91143572721834,16.8885119677848,PCR
1.00185432113225,0.855860482128242,21.3408910727981,0.501257095839546,0.905770361713616,18.5622657944973,PCR
1.00394981847798,0.886049425225614,21.4459025806726,0.506893221139295,0.936887953536435,20.319811101021,PCR
0.999730171853016,0.856253043453955,21.5308691430884,0.501092606604098,0.906581950043082,22.150169399352,PCR
1.01066273071686,0.852190850611765,21.5985248753927,0.500341607867681,0.902383483990309,24.0400732205626,PCR
1.03828064632188,0.856101806159498,21.6510029652264,0.500923485350784,0.906919142684196,25.9692516857393,PCR
1.08419138690743,0.866695918856783,21.6886798083181,0.502491757074038,0.920040601935466,27.9168174737175,PCR
1.15174263877573,0.852883108323279,21.71005009369,0.500287213710589,0.903478535578456,29.8589260768112,PCR
1.2459427265602,0.912178096584553,21.7134987046254,0.500143527402178,0.983384710349228,31.7710178167163,PCR
1.3683544140302,0.853837263457499,21.7027419204471,0.500257218767681,0.904946500683805,33.6249030015617,PCR
1.52684287357641,0.855931941025454,21.6746331484175,0.50031022967905,0.907916072406556,35.3903680597102,PCR
1.72973496447954,0.86132960724084,21.6265242200056,0.500460755553412,0.915611322055962,37.0410471654327,PCR
1.98763061916443,0.857691400723618,21.5554299642979,0.500249053071878,0.910914083036942,38.5477760996534,PCR
2.31390707596026,0.850234630339614,21.4572051102302,0.500006490165097,0.900342479887528,39.8815148853501,PCR
2.72495720727468,0.85782456891001,21.3270847522354,0.500212065509893,0.91176039094536,41.0095123837825,PCR
3.24095074366997,0.851750062057704,21.1582131942641,0.500055216792721,0.902702541154379,41.9012171264285,PCR
3.88525490171896,0.870460589670197,20.943159467636,0.500904137049316,0.932594134834238,42.5199371521148,PCR
4.68453432498597,0.881014263093945,20.6724629615524,0.50202380927454,0.950932520400995,42.8306712201899,PCR
5.66710163550146,0.890881200627301,20.335737450625,0.504012178447432,0.969114123064045,42.7965112013446,PCR
6.86058827795465,0.851504212336459,19.9219758078941,0.500193096509728,0.902612030090902,42.3821235374031,PCR
8.28645513348806,0.854917551165854,19.4212349735793,0.500898676884342,0.908839591838331,41.5542805422387,PCR
9.95571091808391,0.856542537597256,18.8249281745182,0.501655611983166,0.912211735328775,40.2947463838115,PCR
11.8611559401831,0.858140604122418,18.1287550631204,0.502788501359399,0.91584147835227,38.6017702733038,PCR
40.54,4.6,23.41,6.54,5,19.89,PCR
35.8940532998768,4.13286762350458,17.8361431336962,5.98639118472885,4.05628726627137,15.7137583990186,PCR
31.8244440891279,3.79889395807837,14.2567257293261,5.52170235015704,3.37367487634127,12.9765521790767,PCR
28.2354544637308,3.54582813476894,11.8457251835521,5.14127319515369,2.86061437439845,11.1270286826237,PCR
25.0663005429745,3.34537290973949,10.1640192600694,4.8342305327705,2.46320080905217,9.85483595867978,PCR
22.2693077360096,3.18092645793271,8.96089349443806,4.58900736930965,2.14773157144956,8.97586829375479,PCR
19.8031731303602,3.04210837142272,8.08485493408143,4.39525154492572,1.89210148803636,8.37619219003478,PCR
17.6309062968005,2.92210531618912,7.44034423378042,4.2442924357357,1.68127471984257,7.98305797916925,PCR
15.719172272624,2.81625849290816,6.96481649585865,4.12908290387788,1.50470360265245,7.74879836983478,PCR
14.0380068210234,2.72127625136903,6.61612324376147,4.04397434775575,1.35480603312933,7.64163701448359,PCR
12.5606073765174,2.63476267627165,6.36504976451988,3.9844682747474,1.22600817452628,7.64009794274146,PCR
11.2631129274694,2.55493034440937,6.19084705045158,3.94699223263408,1.11413557726087,7.72957630803017,PCR
10.1243764165643,2.48041949078337,6.07849145499801,3.92871113949138,1.01601305852641,7.90017143338673,PCR
9.12571315217794,2.41017539307614,6.0168479407306,3.92737994327918,0.929188900496011,8.14521930939653,PCR
8.25112453171404,2.34352333937897,5.99751208625868,3.94142641427096,0.900917468658893,8.4607382382885,PCR
7.48658138658531,2.27997535891194,6.01398266166607,3.96969965968903,0.908815779910535,8.84445660972582,PCR
6.81940744461685,2.21901882745285,6.06116019390113,4.01117728937616,0.916681448998977,9.29481990563615,PCR
6.23824213245178,2.16015222372076,6.13491924619518,4.06496915570386,0.913556853774582,9.81073443588205,PCR
5.73325861723467,2.10297126306106,6.23187680255712,4.13041292406444,0.915794268069351,10.3914960054141,PCR
5.29593698474819,2.04714639618955,6.34916850535926,4.20702466804356,0.91809975486866,11.0365083840779,PCR
4.91895203606061,1.99241143816818,6.48430953965142,4.2944693652586,0.920494610730978,11.7450389665409,PCR
4.59603341905424,1.9385526288406,6.63507262158589,4.39252891891616,0.92299651847651,12.5159870291819,PCR
4.32183696810115,1.88539979742256,6.79939229285155,4.50107196609733,0.978054248508117,13.3476744649652,PCR
4.09187379878639,1.83282788723253,6.97529801259537,4.62004161394807,0.993319865265408,14.2376864943489,PCR
3.90286474124402,1.78095239689136,7.16085545200394,4.74984976534299,0.919589924440189,15.1839892045037,PCR
3.75095244310022,1.72925508440374,7.35414035424952,4.88955716502867,0.904449087722967,16.1794104743284,PCR
3.63416313667898,1.67791446124197,7.55319873327793,5.03954759038662,0.921934965294142,17.2193770802381,PCR
3.55080552639089,1.62692387376644,7.75600954150199,5.1997351551689,0.9109227799091,18.2969899611103,PCR
3.49974061236717,1.5762870598783,7.96044770492926,5.36991837026838,0.96260118036332,19.4038120819059,PCR
3.48042608788307,1.52602859357514,8.16428069831639,5.54975894824237,0.936814326936454,20.5299950656991,PCR
3.49285907832506,1.47619039840673,8.36515593495516,5.73874962150695,0.909919625527561,21.6643875463941,PCR
3.53760941093481,1.42683140145591,8.5605803237695,5.93615653197264,0.949571142445439,22.7945141787807,PCR
3.61581066806741,1.37802587302292,8.74791199120444,6.14096986701071,0.921502131583517,23.9067048305424,PCR
3.72912648809846,1.32986111419599,8.92436257063443,6.3518642449516,0.963514520770158,24.9863206348918,PCR
3.879727823911,1.28243575636545,9.0870021652161,6.5671552719874,0.934211403375754,26.0179818333189,PCR
4.07025727024214,1.23585828368936,9.23277100371571,6.78476558665291,0.903693359977902,26.9858033160482,PCR
4.30375342197687,1.19024503566076,9.3585039919138,7.00219993321446,0.947970307139113,27.8737064053965,PCR
4.58353561338303,1.14571823557961,9.46096808731036,7.2165409230271,0.916236979048163,28.6657426777215,PCR
4.91302610642056,1.10240375416373,9.53691943933736,7.42446575004073,0.962598460460705,29.3464761263096,PCR
5.29549837764012,1.06042872553866,9.58318319564701,7.62229283122371,0.929709146080586,29.9014060591993,PCR
5.73375259995608,1.01991906229513,9.59675560411511,7.80605960788681,0.977815295936276,30.3174246266592,PCR
6.22967272134454,0.980996598840608,9.57494382558705,7.97164501845129,0.943866903034897,30.5833735125061,PCR
6.78374688430586,0.943776327136547,9.51551942387639,8.11491952188324,0.909103426991881,30.6905959316356,PCR
7.39448313924329,0.908363217188075,9.41691069400681,8.23194684827266,0.958380515308611,30.6335894562821,PCR
8.05786429371792,0.874849241656192,9.27839259191609,8.31920199203702,0.922900194104937,30.4106105055771,PCR
8.76748443083491,0.850662630279062,9.10021151856763,8.37420712199694,0.902362406732024,30.0257351264502,PCR
9.51190902897969,0.851563114440989,8.88373742826186,8.39372970411604,0.906368236217322,29.482956181666,PCR
10.2779312197,0.852753035307791,8.63169613707888,8.37726375858799,0.911639129517014,28.7962834916961,PCR
11.0488507545789,0.854159133810952,8.34816387682037,8.3251460861417,0.918333364721238,27.9825992518298,PCR
11.8057630428296,0.851970056495974,8.03835580043541,8.23900235016606,0.909083014440609,27.0628756638878,PCR
12.5286640931296,0.861418128182257,7.70837243376987,8.1216335094205,0.956014719767304,26.0611511565424,PCR
13.1977879437559,0.858969197681008,7.36489520893591,7.97688644347603,0.946534503016558,25.0033356016865,PCR
13.7950804213134,0.856731677656609,7.01478826663606,7.80939337202683,0.937120463204224,23.9157184929138,PCR
14.3055265103073,0.850949848323426,6.66469107025356,7.62425102747215,0.905559993498635,22.8234863755023,PCR
14.7181079521239,0.859438241029489,6.32067769112913,7.42670818008944,0.960366350954618,21.7495137444498,PCR
15.0263064943689,0.854282191553539,5.98800318592262,7.22187641342726,0.929230427990257,20.713493332588,PCR
15.2282445736266,0.860779626721776,5.67091054380484,7.014451338705,0.980753957372926,19.7313060159798,PCR
15.3262919241726,0.856260395429699,5.37257889897256,6.80853686755361,0.949998338639205,18.8149026775089,PCR
15.3263639131788,0.852446224055521,5.09517092712926,6.6075571424916,0.920756121612938,17.9725333618808,PCR
15.2370781746914,0.85706345984984,4.83993458669514,6.4142235993574,0.964638747835344,17.2091615406283,PCR
15.06888087637,0.853820889826917,4.6073378160687,6.23055003493127,0.93649182304797,16.5269831774921,PCR
14.8331946958644,0.85119291970734,4.39722847109772,6.05791384752598,0.911731290544149,15.9260213322997,PCR
14.5416911077073,0.854150958472846,4.20899312466457,5.89714277241496,0.94099195807887,15.4047028516751,PCR
14.2057285897888,0.852012871784539,4.04169571037283,5.74860541194431,0.919089733157822,14.9603540259994,PCR
13.8359391672967,0.850419507300938,3.89419630381062,5.61230215523202,0.903549411868809,14.5896186040156,PCR
13.4419640075025,0.851846634029977,3.76524625240198,5.48795071375913,0.908797022070153,14.2887866979703,PCR
13.0322882876006,0.850725859495261,3.6535610580129,5.37506999584878,0.898822825465074,14.0540430865018,PCR
12.6142917589449,0.85002731324469,3.55787228868059,5.27299841298932,0.911269407833691,13.881730842878,PCR
12.1942242520949,0.849939240397106,3.47696103974516,5.18097635924307,0.94994423886015,13.7688099471204,PCR
11.7772629530396,0.85067270312083,3.40967940999038,5.09817786047271,1.01785151072904,13.712712447978,PCR
11.3675921417307,0.852944301245534,3.3549621187969,5.02372567602293,1.11805139282462,13.7111401220204,PCR
10.9684732708528,0.856928198430412,3.3118329223482,4.95671358300124,1.25364657592839,13.7621620332881,PCR
10.5823329215238,0.862822135405959,3.27940820969332,4.89622642381959,1.42775010036816,13.8642932739275,PCR
10.2108652198558,0.870854492898387,3.25689601379744,4.84134140852122,1.64345536215523,14.0164621071796,PCR
9.85511062970522,0.881285926047894,3.24359197443609,4.79112034710001,1.90381075537181,14.2180049769766,PCR
9.51551900374053,0.894412444094557,3.23887588860347,4.74460274484368,2.21178856144876,14.4687025654754,PCR
9.19200821402636,0.910571078904628,3.24220941960994,4.7007946456586,2.57024833230398,14.7687923924754,PCR
8.88400545145406,0.930145735688439,3.25313392415844,4.65865055131308,2.98189888807424,15.118979973179,PCR
8.59046952311822,0.953573550536726,3.27126932055035,4.6170520785675,3.4492597484388,15.5204729294679,PCR
8.30990236739315,0.981352172190859,3.29631570371778,4.5747854272489,3.97462216014469,15.9750209888835,PCR
8.0403279775715,1.01404807681738,3.32805782884611,4.5305114310386,4.56000974041476,16.484986807125,PCR
7.77925521700151,1.05230593195743,3.36637171352632,4.48273004169377,5.20713807674342,17.0534340161327,PCR
7.52362087311981,1.09685845447498,3.4112373143415,4.42974394446695,5.91737243396473,17.6842413426146,PCR
7.26970480552632,1.1485366209772,3.4627562585343,4.36961656988957,6.69168425140573,18.382257332743,PCR
7.01300780788081,1.2082800883147,3.52117546276028,4.30012136724395,7.5306067075332,19.1535085454477,PCR
6.74807870674244,1.27714743741503,3.58691898031419,4.21867895414345,8.43418766501206,20.0054827333744,PCR
6.46828607151076,1.35632573448238,3.66063380638701,4.1222860073806,9.40194255170158,20.9474946008291,PCR
6.16551337283248,1.44713906577738,3.74324455865252,4.0074231106225,10.4328030665568,21.9911593308634,PCR
5.82964009007477,1.55105318515122,3.83604871956196,3.86991864103659,11.5250531991191,23.1511786768724,PCR
5.4479256152853,1.66967724357199,3.94083158668704,3.70479642695614,12.6762600152266,24.4462574075234,PCR
5.00401578719162,1.80475922323412,4.06003450764663,3.50603482715271,13.8831941635776,25.9005132864262,PCR
4.47648073860636,1.95817346561364,4.1970029303599,3.26623227528587,15.1417414523538,27.5454892090097,PCR
3.83634721042775,2.13189167908766,4.35638275634483,2.9760650439017,16.4467130396667,29.4234217987794,PCR
3.04336012700186,2.32793233103899,4.5447327243847,2.62352423480953,17.7914887356219,31.5920986516729,PCR
3.1724441461352,2.4174667918653,4.7554841886047,2.74344417063538,14.970453764916,33.8929697081861,PCR
3.74086920363078,2.44439704785677,4.95273219461714,3.03836539978454,11.8712045360447,35.7911945008403,PCR
4.44823652151432,2.45055300877385,5.12801665896273,3.33927715282303,9.57744700382268,37.2416614207697,PCR
5.32062906706956,2.44066635477914,5.27317071244527,3.64175206472432,7.82268205013793,38.2178981115169,PCR
6.38175175456755,2.41849905766979,5.37912787061906,3.93877555678998,6.44781973700878,38.6941117820864,PCR
7.64831908943469,2.38717708434352,5.43655057266085,4.22099049874252,5.35177375355481,38.6508433089707,PCR
15.05,1.81,11.03,3.2,5.22,65.7,PCR
20.0241853769558,1.70652698875676,10.2445944255454,3.1797605008814,4.01625936219193,57.4567745692171,PCR
24.7555390248218,1.61322795856843,9.26389462271163,3.04654135463918,3.17086072390465,48.2288499813807,PCR
28.3669078403908,1.53130429585955,8.20957051263756,2.82233847000174,2.56162052725259,39.128319465397,PCR
30.302043664438,1.46035722275193,7.20622598736804,2.54655528585641,2.11416056770004,31.0780638642933,PCR
30.5135081300855,1.39903591187919,6.33931714643655,2.25901664327119,1.78019349748782,24.5287570634258,PCR
29.3332816287804,1.3456310283631,5.64441265825087,1.98797259382854,1.52712222872016,19.4952150874236,PCR
27.2298568148422,1.29847563361285,5.12065938671965,1.7477846023334,1.33242558634658,15.7535931043418,PCR
24.6329317899685,1.25613286484736,4.74949736634674,1.54248178636368,1.1803381705244,13.0162918026287,PCR
21.8640388767287,1.2174390501203,4.50784778545408,1.3703206626917,1.05971738816374,11.0234137535683,PCR
19.1342008973468,1.18147757780639,4.3746144067495,1.22712295496287,0.962613910232634,9.57117045622631,PCR
16.5672715928534,1.14753151648989,4.33285109464311,1.10816167085551,0.904089157588215,8.51021071927,PCR
14.2282213902058,1.11519486978365,4.36981117639337,1.00914698382477,0.900427003519708,7.7350263719948,PCR
12.1406100877032,1.08400943579614,4.47624020631638,0.926286738451802,0.905719307377026,7.17079074303827,PCR
10.3045089073775,1.05358612113162,4.64551631935441,0.856461362362573,0.909422463930963,6.76471832530488,PCR
8.70669263568224,1.02360223280804,4.87286091595837,0.797176032351957,0.920687892944529,6.47957755062119,PCR
7.32742735922189,0.993796826164265,5.15460962824055,0.746456328916802,0.910317742902341,6.28875872254944,PCR
6.14440410968438,0.963960872344171,5.48762186954803,0.702745152558632,0.900985598744924,6.1729905319557,PCR
5.13500144553773,0.933931495848612,5.86880646485325,0.664814533744958,0.911178468349596,6.11815324715305,PCR
4.27759435354716,0.903588724052551,6.29474162832586,0.631693245025179,0.902674407631495,6.11375561549641,PCR
3.55221356151868,0.872853932814077,6.76139064237161,0.602609480182609,0.912104885615519,6.1518963749146,PCR
2.94086399662654,0.851619234352709,7.26389030662002,0.576949699904989,0.90214388735938,6.22662955246628,PCR
2.42739165384943,0.852429640250355,7.79639847567156,0.554181019423845,0.90292329274592,6.3331356513387,PCR
1.99775868796813,0.8502360139052,8.35225360001346,0.533913181372493,0.900277072706081,6.46786112091968,PCR
1.64667025885715,0.925471317115585,8.9237882603245,0.517675773059113,1.00764739529083,6.62807396055596,PCR
1.34794500221355,0.88355429299708,9.50307208354876,0.501395116201577,0.962738273840524,6.81193249044008,PCR
1.10052958891277,0.852000492344916,10.0831461595967,0.500672188868991,0.920855926900553,7.01646273560779,PCR
1.00852137580833,0.851839980855816,10.6537258224323,0.500554915383114,0.901630527743419,7.23836064223375,PCR
1.02954488441327,0.856624377776776,11.1971708411427,0.501811312149317,0.905659645096716,7.46800670626073,PCR
1.08562419851391,0.869917854970204,11.7077914615913,0.504923883848601,0.916456894160743,7.70415315652826,PCR
1.0820401401473,0.8696535074921,12.1827804509396,0.50446555699864,0.915841973391638,7.94693460002557,PCR
1.0782874181276,0.869269480236246,12.6205138502798,0.50403847118358,0.915214761205439,8.19648472626109,PCR
1.07438437327466,0.86877368697833,13.0204713945855,0.503641243410566,0.914574637523238,8.45293627229884,PCR
1.0703510561615,0.868175000054889,13.3830615385063,0.503272280220781,0.913920955229212,8.71642129133294,PCR
1.014369532382,0.85378406535506,13.7094522112227,0.500639975656703,0.902872252516173,8.98707047078856,PCR
1.11533366323811,0.88116813812882,14.0013763076191,0.50483180154942,0.923433534038687,9.26501249369512,PCR
1.05931610512312,0.866307093054216,14.2609750309851,0.502383051802641,0.912208781753939,9.55037455394192,PCR
1.00359766273907,0.851005465503406,14.4906669553391,0.500138720375898,0.900751032522314,9.84328153970493,PCR
1.10321855451854,0.879511479287376,14.6929886854037,0.503753487821923,0.922024334827371,10.14385589022,PCR
1.04781963628531,0.863885600103323,14.8704964424094,0.501669252439922,0.910374816797631,10.4522172980441,PCR
1.22778146485807,0.917823626475565,15.0256905260495,0.507426919554824,0.950913091194878,10.76848231332,PCR
1.02153328157471,0.856467516341366,15.1609596329952,0.500685200186526,0.904865585962205,11.0927637458554,PCR
1.04937792703854,0.865106587755336,15.2785502356175,0.501490498201317,0.911432994892225,11.4251704770285,PCR
1.07653138116498,0.873850316659719,15.3805416803776,0.502186952277733,0.918182358013032,11.7658071092262,PCR
1.10291414523997,0.882675322106163,15.4688279620627,0.502776131830393,0.925120764844645,12.114773521755,PCR
1.12845532750366,0.891562986989547,15.5451166250776,0.503258557960822,0.932255423466451,12.4721644122178,PCR
1.15309072988125,0.900498317403473,15.6109369319672,0.503633954574587,0.939593643323475,12.8380688172195,PCR
1.17676053760782,0.909468939564969,15.667650637989,0.503901424415136,0.947142814245843,13.2125696561768,PCR
1.34436404465286,0.969149002501801,15.7164634645211,0.506786501728989,0.995994441110305,13.5957433350638,PCR
1.15842062965878,0.90535232289513,15.7584363530856,0.502990056359537,0.944849120000081,13.9876593547193,PCR
1.4950372651206,1.03009915634682,15.794498870023,0.507632211209935,1.04944612169085,14.3883798535652,PCR
1.31556260624707,0.966027313672711,15.825461950508,0.504574176734281,0.996872755696178,14.7979590032347,PCR
1.13949294772661,0.901846357769433,15.8520300447342,0.501890607867119,0.943561670369879,15.2164428252662,PCR
1.45519797024215,1.02697393158131,15.8748136810223,0.504348136551835,1.05257615926257,15.6438685942515,PCR
1.28625639528383,0.962618480908986,15.8943399337375,0.502427035604253,0.997741887613048,16.0802639767212,PCR
1.12103294586758,0.8981947683825,15.9110688139472,0.500894605400925,0.942122020870824,16.5256474801747,PCR
1.39722799511958,1.01971319210087,15.9125335087641,0.500856206603773,1.0521093642259,16.9655036691931,PCR
1.19377190366148,0.944150630830539,15.8937151226537,0.500232873771208,0.984277919717759,17.3883445564556,PCR
1.02379171908164,0.874795344738592,15.8985620683355,0.500024864845412,0.921655386188637,17.8450028193188,PCR
1.01573421500246,0.856879672246291,15.9138324854757,0.500042602257221,0.90632471399443,18.3239192879171,PCR
1.03881950577032,0.867524492190304,15.927776891261,0.500446194680737,0.916352664056676,18.812795426947,PCR
1.06541697727902,0.880561434983797,15.9396991910813,0.501278352417919,0.928960435557241,19.310529495496,PCR
1.00998552212615,0.854787752466996,15.9498647174414,0.502545755272404,0.904588222595787,19.8170483244367,PCR
1.09082768286059,0.895574521607808,15.9585156459588,0.504256731828805,0.94450715857167,20.332261976501,PCR
1.09129034902746,0.897534991989239,15.9658567532898,0.506420965347691,0.947103434483241,20.8560633739603,PCR
1.09141167979571,0.899495062809874,15.9720651506833,0.509049246725437,0.949769412846,21.3883333038527,PCR
1.09118462259798,0.901454725708415,15.9772909984797,0.512153722892637,0.952506564781444,21.9289372572217,PCR
1.09060300713947,0.903413990160387,15.9816612468957,0.51574798122839,0.955316175980186,22.4777245119991,PCR
1.08966158661936,0.905372985368479,15.9852838506004,0.519847080845782,0.958199395922816,23.0345280061676,PCR
1.14846650562103,0.947885151389964,15.988250673917,0.524467621992786,1.00489673232927,23.5991639738775,PCR
1.04889071861217,0.883086156037074,15.9906373056711,0.529628159413334,0.935716809265454,24.171428174126,PCR
1.10379864111329,0.92560973827823,15.9925151878767,0.535347927585815,0.983216259334519,24.7511097298976,PCR
1.01435665151112,0.860776282258767,15.9939393264499,0.541648650469862,0.911949604761571,25.3379730236755,PCR
1.06534288379073,0.903312058071024,15.9949594957925,0.548553452177913,0.960256727788146,25.9317701770496,PCR
1.10708009758394,0.945875308137801,15.9956145713571,0.556087532244519,1.01046814536029,26.5322338950396,PCR
1.03333424040603,0.880993963186556,15.9959381565389,0.564278443834354,0.93597003406798,27.1390784442003,PCR
1.07096652904051,0.92356848084398,15.9959560886522,0.573155616908473,0.987026818444912,27.7520017885075,PCR
1.00798460480199,0.858655479582228,15.9956913168725,0.582750947449465,0.910312071997835,28.3706844135531,PCR
1.04149220867354,0.901241926619359,15.9951622269251,0.593098689348932,0.96221884650156,28.9947910207314,PCR
1.06529500432883,0.94385822658145,15.9943834841135,0.604235508090803,1.01612638496753,29.6239698528505,PCR
1.01885318794369,0.87889556136692,15.9933673868936,0.616200985880335,0.936003226656825,30.2578535141169,PCR
1.03840656495459,0.921526628509052,15.9921224401145,0.62903729908501,0.990788270293701,30.8960583340024,PCR
1.00321833375772,0.856527985565513,15.9906549985451,0.64278985617269,0.908343822538228,31.5381851227248,PCR
1.01851154522037,0.899174467841776,15.9889689728109,0.657507299219636,0.964009036585027,32.1838195711319,PCR
1.03349708310132,1.00549394939519,15.9870658992195,0.67324151450883,1.10744856433146,32.8325321252253,PCR
1.0154616851456,0.940434875830337,15.9849462202877,0.690048626247369,1.02146134040689,33.4838801779564,PCR
1.00320238671279,0.875353536349457,15.9826074411116,0.707987577378656,0.934279612679229,34.1374049729298,PCR
0.996742766055997,0.981772688651222,15.9800341833394,0.727121552946529,1.08247001384733,34.7925971485828,PCR
0.996103107988817,0.916643254355196,15.9771981212965,0.74751773046453,0.992882704032134,35.4488970388747,PCR
1.00130032254509,0.851487822029142,15.9740705853513,0.769246210345749,0.902085563603329,36.105736897525,PCR
1.01286958335574,0.947006050771558,15.9681259094605,0.792456135894102,1.03233305259726,36.774070124977,PCR
1.03042432553697,0.876646772229055,15.961811598344,0.817068431575272,0.934458271294519,37.4301287101653,PCR
1.05423081894502,0.853049668767666,15.9542513045021,0.84315148356871,0.904450696867643,38.073177145005,PCR
1.08476384055375,0.863453225613976,15.9441518206628,0.870774772098755,0.919902526397239,38.7049502156026,PCR
1.12249665480489,0.855813718587369,15.9310030085816,0.899981600993752,0.908703566334587,39.3228724231081,PCR
1.16799196659276,0.856597804552018,15.9144030906621,0.930805788168825,0.910002437849965,39.9235005427665,PCR
1.22191612461341,0.874812180980133,15.8939446379676,0.963270651368116,0.938147750114822,40.5031050302336,PCR
1.28504130857656,0.860030590408499,15.8692075150894,0.997385768564047,0.915589017198477,41.057657752768,PCR
1.35824781772742,0.895615426957546,15.839750021845,1.03314390415044,0.971974862269166,41.5828003397926,PCR
1.4425305197774,0.880831120197237,15.8051007823174,1.07051578714897,0.94915387453617,42.0738009726415,PCR
6.44,11.69,47.83,4.62,6.78,22.63,PCR
5.14980308570423,9.30042842561427,45.8361665894427,4.71207022153561,5.57505694570729,23.1611886434569,PCR
4.21954224664712,7.53644614481854,44.5899131529808,4.82726216462112,4.63960159326,23.8362100820028,PCR
3.5237980421766,6.18487965673889,43.8296342381295,4.96425597333734,3.89425288168732,24.6057031684437,PCR
2.9890089685913,5.12097480465936,43.396314837944,5.12265066191342,3.28885158438466,25.4357300992309,PCR
2.56908801957301,4.26658980616352,43.1867742678557,5.30253546021638,2.7899101037699,26.3010948610738,PCR
2.23375012502611,3.57023700891122,43.1308337662158,5.50426813012569,2.37413505215607,27.1820797503856,PCR
1.96222223488355,2.99635907600542,43.178804427095,5.72834271028216,2.02470410765725,28.0626931267529,PCR
1.73984756463145,2.51957270229864,43.2946372006861,5.97530587387207,1.72913980626456,28.9297507033926,PCR
1.55597755448748,2.12111113270839,43.4515959668685,6.24569349021381,1.47792832479878,29.772318713281,PCR
1.40270935500303,1.78671971999677,43.6296247126362,6.53998028060771,1.26365714234831,30.5813899457567,PCR
1.27405158437842,1.50527906415149,43.8135703727733,6.858535557635,1.0804276601833,31.3496638526268,PCR
1.16542185651085,1.26798440725113,43.9920435725506,7.20158261003446,0.941406823915869,32.0714203549136,PCR
1.07339166555637,1.06786181435258,44.1564657823164,7.57010135079913,0.903190973944299,32.7461588439687,PCR
1.02474038423639,0.903634634918266,44.2992521438437,7.96488720737355,0.95039552829163,33.3725474640939,PCR
1.00054831357795,0.851169069402361,44.4033586088504,8.38378278314584,0.901159323955153,33.9375129854651,PCR
1.0178962519721,0.8941198324641,44.4590666703612,8.82310479338687,0.943875895419204,34.433947945711,PCR
1.01173734070968,0.881814648721522,44.4693382583419,9.28126428345182,0.931796251145025,34.8636369126423,PCR
1.00719711471989,0.871562393164909,44.4386172298052,9.75655587435598,0.921662240222023,35.2295475211688,PCR
1.03162214980346,0.959175988998352,44.3711375198118,10.2469758022272,1.01046748213446,35.5351022644252,PCR
1.02030666274066,0.927861514945168,44.2707946690768,10.7502812056359,0.979182073366153,35.7839642168307,PCR
1.01082118833638,0.896366122906961,44.141211962988,11.2639986045495,0.947394168052128,35.979974548196,PCR
1.00306255717106,0.864772105320714,43.9857460134291,11.7854288717572,0.915177582812239,36.1270998421572,PCR
1.01761959508674,0.952540333600201,43.807548219919,12.3117085631174,1.00616031684799,36.2293425685835,PCR
1.01052577524735,0.920829834621042,43.6095973330298,12.8398643315716,0.973720809992485,36.2906838406247,PCR
1.00495603625276,0.889194677104425,43.3947140581675,13.3668626293537,0.941013380845056,36.3150455378484,PCR
1.00954658196469,0.928270755818787,43.1577259115082,13.8893022875358,0.982400755706097,36.3102635898436,PCR
1.00033223161409,0.85399399819142,42.9158838660983,14.4049665221971,0.90421945986723,36.2726425621674,PCR
1.0028466602954,0.898067023374586,42.6669538440732,14.910846474386,0.951094696657213,36.208100336089,PCR
1.00062737084456,0.864947584120071,42.4108213375705,15.4040927488487,0.915964162459304,36.1211115474793,PCR
1.00071393418741,0.880952645955376,42.1496242052984,15.8822773554693,0.933238486552011,36.0148309807858,PCR
1.0002575804457,0.94590001199762,41.8854359516961,16.343148141739,1.00361580022961,35.8923277363075,PCR
1.00029263572508,0.902505960361664,41.6201403940271,16.7847571301491,0.956970661044667,35.7564098000469,PCR
1.002637252808,0.859225125334,41.3551889485654,17.2053876376394,0.910051014112922,35.6093756826189,PCR
1.00711102290636,0.923859660743605,41.0916806286624,17.6035783111591,0.980938431961124,35.4530860369242,PCR
1.01354689485861,0.880703134777877,40.8306528493814,17.9781513966253,0.933779740726461,35.2892712578237,PCR
1.02179050117736,0.944957351489074,40.5731215499061,18.3282351512132,1.00504461392197,35.1195809528782,PCR
1.03169799316255,0.955837311359233,40.320055718596,18.6532779431641,1.01761255526639,34.9455656848615,PCR
1.04313277705559,0.966637513272973,40.0723571383626,18.953004699019,1.03018513560284,34.7686694102045,PCR
1.05596417249769,0.977355988948268,39.830847369734,19.2274054616003,1.04275335162014,34.5902214198717,PCR
1.07006652715138,0.987990490951859,39.5962550018335,19.4767283558954,1.0553084631997,34.4114261704023,PCR
1.08531839713062,0.998539570970308,39.369207871039,19.7014592764459,1.06784244196091,34.2333592792845,PCR
1.10160160836153,0.850672235197632,39.150233049847,19.9022826411276,0.900760595978901,34.0569726438624,PCR
1.11880063790232,0.861616681412977,38.939759892273,20.0800438166628,0.913199320762164,33.883101078504,PCR
1.13680236218012,0.872485488892278,38.7381236232112,20.2357207466056,0.925640101101716,33.7124681161266,PCR
1.15549596304656,0.883278197219671,38.5455699234705,20.3703956129154,0.938075881218104,33.545691864069,PCR
1.17477301127434,0.893995043832524,38.3622601651592,20.4852315510128,0.950500328683757,33.3832907813251,PCR
1.19452761369751,1.01234794843227,38.1882799940848,20.5814413878681,1.08712026851194,33.2256935269207,PCR
1.21465648692881,0.867411844037692,38.0236426276197,20.6602778109768,0.920095810135801,33.0732426463911,PCR
1.23505940134369,0.985146035152588,37.8683022204612,20.7229965538463,1.05656146648193,32.9262090374216,PCR
1.25563897949646,1.10181551829457,37.7221457525677,20.7708821490666,1.1927116426854,32.7847829361987,PCR
1.27630188763193,0.958300665801501,37.5850258582754,20.8051624909997,1.0260331055431,32.6491092362306,PCR
1.29695809839926,1.07441636308942,37.4567382536906,20.8270730173025,1.16195144973636,32.5192628794126,PCR
1.31752238394511,0.93179703044697,37.3370587839926,20.8377755583505,0.995574723466765,32.3952878921065,PCR
1.33791378028953,1.04739305003715,37.2257298433888,20.8383893902492,1.13125232765094,32.2771830472927,PCR
1.35805632737721,0.905616530051527,37.1224747785974,20.8299831754358,0.965215108692795,32.1649159709674,PCR
1.37787916591536,1.02072903561003,37.0270013577172,20.8135578730449,1.10064794650577,32.0584274294093,PCR
1.39731668451286,0.879735476246509,36.9390020735119,20.790070167768,0.934973825925206,31.9576308668681,PCR
1.41630880023289,0.994398075997558,36.8581621797429,20.7604101972649,1.07016054919233,31.8624212479422,PCR
1.43480105746861,0.854122811451909,36.7841601841105,20.7254147363217,0.904861071418639,31.7726752931832,PCR
1.45274465429593,0.968365935389235,36.7166719374608,20.6858587413866,1.03980176615886,31.6882563082015,PCR
1.47009672516155,1.08192120262891,36.6553744391747,20.6424586714839,1.17431263293552,31.6090177078677,PCR
1.48681994613334,0.942598827747169,36.5999460642562,20.5958741707397,1.00957621271496,31.5348038171217,PCR
1.50288295194558,1.05583551813597,36.5500714239032,20.5467063828715,1.14385517609551,31.465454771508,PCR
1.51825968346025,0.917065963529631,36.5054391690403,20.4955077930582,0.979484417538392,31.4008045281552,PCR
1.53292974630941,1.03001748384596,36.4657469876491,20.4427770369747,1.11354248871547,31.3406861764944,PCR
1.54687774422229,0.891735977790065,36.430698541721,20.3889700164585,0.949523032106005,31.2849290743683,PCR
1.56009341534883,1.00443059071097,36.4000072250019,20.3344964888514,1.08337088575368,31.2333629222016,PCR
1.57257114670419,0.866574610132733,36.3733944837351,20.2797266460572,0.919684130090544,31.1858164000283,PCR
1.5843097939745,0.979038635897791,36.3505912692775,20.2249911265159,1.05333217678746,31.1421189504854,PCR
1.59531241759046,1.0911378463951,36.3313381666824,20.1705849925957,1.18664523163422,31.1021011936063,PCR
1.60558581444036,0.953811071351334,36.3153850369389,20.1167689258447,1.02341683753856,31.0655949697375,PCR
1.6151404036548,1.0657620372312,36.3024920101516,20.0637726389334,1.15656728935722,31.0324345861356,PCR
1.62398967433989,0.92872103817386,36.2924283868462,20.0117967414112,0.993614965431404,31.0024561110841,PCR
1.63215002775554,1.0405459658767,36.2849736196078,19.9610152050174,1.1266163250137,30.9754986409597,PCR
1.63964031984648,0.903741349414116,36.2799162619469,19.9115775591346,0.963915166583466,30.9514035604982,PCR
1.6464816291106,1.17393254050709,36.2770544047922,19.8636102741757,1.28523899826433,30.9300153117822,PCR
1.65269689299096,1.03731932375991,36.2761951628097,19.8172187944891,1.12276381150432,30.9111811792559,PCR
1.65831053997771,0.900786267849094,36.2771554194779,19.7724920737588,0.960392185254318,30.8947524051399,PCR
1.66334839260569,1.17061644326628,36.2797601993026,19.7294983084081,1.28118063180445,30.8805828411797,PCR
1.66783724144437,1.03421572510844,36.2838432703491,19.6882899088931,1.1189978666278,30.8685298916103,PCR
1.67180430869437,0.897868160455517,36.2892483136649,19.6489111311327,0.956900573466407,30.8584560275099,PCR
1.67527772607988,1.16747531210967,36.295825864295,19.611385897957,1.27725257741115,30.8502259830984,PCR
1.67828582795295,1.03121079165488,36.3034345992738,19.5757264767758,1.11530907018665,30.8437084022924,PCR
1.68085641623926,0.894977175601343,36.3119425436385,19.5419419384004,0.953434254893578,30.8387774052878,PCR
1.68301791632359,1.16447641493919,36.3212242546795,19.5100237451783,1.27344375805304,30.8353098646788,PCR
1.68479834695446,1.02828563722761,36.3311618284873,19.4799549933511,1.11169047081767,30.8331868665683,PCR
1.68622454691845,0.89210776870771,36.3416453131127,19.4517163906138,0.949990514175943,30.8322945447802,PCR
1.68732368613427,1.16159037467831,36.3525717856947,19.4252764712494,1.26974417879465,30.8325228689076,PCR
1.68812207655196,1.0254233657995,36.3638453135496,19.4005980987424,1.10813654336555,30.833766289364,PCR
1.6886445477473,0.889255149223485,36.3753767035656,19.3776414717211,0.946568355504567,30.8359239724064,PCR
1.68891593728921,1.15878728999317,36.3870837231034,19.3563594160365,1.26613950389412,30.8388995162537,PCR
1.68895992735106,1.02260551115299,36.39889062348,19.3367013751375,1.10463777127929,30.8426012355068,PCR
1.68879863108486,0.886412107189417,36.4107278696124,19.3186150275761,0.943163438958423,30.8469422921513,PCR
1.6884539144528,1.15603873970737,36.4225318728416,19.3020430136961,1.26260995226723,30.8518400063571,PCR
1.68794632667441,1.01981433734246,36.4342450175806,19.2869266015484,1.1011801270111,30.8572165792485,PCR
1.68729487106906,0.883571260222269,36.4458155245735,19.2732068738714,0.939767859234694,30.8629992626546,PCR
1.68651815448466,1.15332382283754,36.4571964308066,19.2608208767458,1.25913789055484,30.8691189257822,PCR
1.68563342060282,1.01703835692273,36.4683460960648,19.2497058571037,1.09775234658748,30.8755112931538,PCR
1.68465646981807,0.880729822187547,36.4792280136946,19.2397999944589,0.936376532679672,30.882116994088,PCR
58.98,3.54,12.48,7.64,3.15,16.91,PCR
52.925030028149,3.23561894819048,8.76781491248805,5.54066821727121,2.4213935848862,10.9276066423414,PCR
46.2575638463554,3.00565110689273,6.58860659480059,4.07892575020244,1.91661834345924,7.52426728578272,PCR
39.8081609462688,2.82034796182984,5.25992172274073,3.0628544247034,1.55377759084091,5.51189244303034,PCR
33.9341865268368,2.66380339525772,4.42717567810869,2.34734190258082,1.28464961578867,4.27295004654426,PCR
28.750924605713,2.52692212733252,3.89924448909515,1.83388595349814,1.07955284431793,3.48231790691209,PCR
24.2586574114118,2.40418807312694,3.56921664670302,1.45774935661519,0.919532543655217,2.9636688198501,PCR
20.4095448256494,2.29236570185124,3.37501697749238,1.17665311581729,0.903733546718862,2.61792705835913,PCR
17.1360962109887,2.18938137604484,3.27944634461695,0.962612882743599,0.909607190078851,2.38714340990521,PCR
14.3638056331793,2.09338789251225,3.25973230383662,0.796690970028771,0.91700440160797,2.23599769639273,PCR
12.0225271026981,2.00302175307898,3.30172636065643,0.66596210679392,0.916344277792407,2.14241099914839,PCR
10.0492394217487,1.91725712434251,3.39662774074999,0.561454714526883,0.927647494651106,2.09223389710991,PCR
8.38911364870067,1.8353040117264,3.53898075854662,0.505841783972362,0.909079804026514,2.07621865155422,PCR
6.99502864069316,1.75631991326391,3.72523403048312,0.51222829414588,0.915995602587821,2.08797946370276,PCR
5.82576999842662,1.67981688642224,3.95340302231818,0.509910478790154,0.913082191978155,2.12331116280068,PCR
4.84564130052698,1.60545535248645,4.22254271330088,0.520302316806598,0.927081722524195,2.17941510867441,PCR
4.02459903129717,1.53295457278068,4.53223561170226,0.503298964743573,0.904440606584994,2.25443292245775,PCR
3.3373724272577,1.46208633351029,4.88229604255601,0.537544648732542,0.951231601464114,2.34716423737503,PCR
2.76266413269284,1.39266934439478,5.2725374574734,0.519186482174813,0.926446239319277,2.45687641803505,PCR
2.28282925716059,1.32459677308915,5.70243924772299,0.503900848031717,0.905443149616879,2.58323574735704,PCR
1.88229473991534,1.25771228594578,6.17161239660295,0.507136033613703,0.910076773620219,2.72605583092338,PCR
1.54865869121884,1.19199117795317,6.67872884918375,0.513955220100296,0.919996698329285,2.88547124961986,PCR
1.27121455920458,1.12741698398036,7.22202422600045,0.507355681654251,0.910688720330993,3.06174570301248,PCR
1.0715670065184,1.06401130164903,7.79899054808367,0.521421465950554,0.931705665423365,3.25524305412847,PCR
1.00759443395122,1.00183869272661,8.40237986078458,0.502240870439154,0.903355190681396,3.46442182707159,PCR
1.08724111848383,0.94100085517386,9.02198104161694,0.524983756399443,0.938104827040545,3.6865233825426,PCR
1.08850982347522,0.881651297666963,9.65290367214758,0.52471528440816,0.938315329961982,3.92182100317276,PCR
1.00322303539899,0.850897225257045,10.2886015715046,0.500883013533244,0.901387778271009,4.17008094501507,PCR
1.02073992411376,0.855949870655934,10.9281544610484,0.505540722193799,0.908872470394061,4.43367187608437,PCR
1.05199301411429,0.865377157058185,11.5646750947486,0.513546091834473,0.922129703050377,4.71245642078443,PCR
1.060992061166,0.868553445552245,12.1936033962057,0.515529601459091,0.92587475975822,5.0070984918291,PCR
1.08348500209224,0.876117963142249,12.8105301608224,0.520778089688294,0.935348934196387,5.31828854753149,PCR
1.2059019843492,0.91657312260516,13.4113666705945,0.549931418689655,0.987189866651006,5.64672213984431,PCR
1.20677964962333,0.91855587897378,13.9925088705046,0.549200768618583,0.987735678502696,5.9930896597361,PCR
1.2073286075611,0.920447319414297,14.5508271449876,0.548474636002844,0.988312624175,6.35807619185587,PCR
1.20753177328732,0.922241560932715,15.0837329705522,0.547753831234597,0.988921609935652,6.74235732220569,PCR
1.20738657537058,0.92393713943934,15.5892541482991,0.547038361371066,0.989563321359292,7.14659281138893,PCR
1.20688578039442,0.925531238580814,16.0660174696524,0.546328469433438,0.990238673048942,7.57141961604595,PCR
1.20601505032042,0.927020046751155,16.5131996790358,0.545624371519873,0.990948681885891,8.01744611008444,PCR
1.20476368279517,0.928401949253141,16.9304764025265,0.544926007500932,0.99169434804191,8.48524476929392,PCR
1.20313034326583,0.929678105914993,17.3179726732977,0.544232680243041,0.992476449544873,8.97534553196073,PCR
1.20111960604701,0.930851576856023,17.6762041643966,0.543543488124398,0.993295651848604,9.48822744584293,PCR
1.1987363464211,0.931926071690403,18.0060122659171,0.542857356037562,0.994152530422387,10.0243105135925,PCR
1.19598536854759,0.932905811513544,18.308497111595,0.542173164377143,0.995047551335387,10.5839470870654,PCR
1.19287333384801,0.93379556630269,18.584954046159,0.541489733553,0.995981057095779,11.1674131619844,PCR
1.18940960964279,0.934600616215156,18.836816199704,0.540805852303739,0.996953238941649,11.7748996447237,PCR
1.1856052486501,0.935326532100778,19.0656040418326,0.540120329484469,0.997964121612937,12.4065036965292,PCR
1.18147186876156,0.935978951367767,19.2728821811814,0.539432035994852,0.999013548797862,13.0622203729817,PCR
1.17702152184664,0.936563445252737,19.4602229300309,0.538739964514164,1.00010120254197,13.7419343501465,PCR
1.17226705713885,0.937085455161306,19.6291771835532,0.538043200974873,1.00122653802851,14.4454125153264,PCR
1.16722221223419,0.937550241096672,19.7812517043049,0.537340981181452,1.00238881331066,15.1722972882061,PCR
1.2493099660902,0.986792711763788,19.9178920037691,0.556623811491506,1.06140216991146,15.9221007916315,PCR
1.07377645480901,0.891279934998742,20.0404680856748,0.516883821434287,0.94889080409181,16.6941992798751,PCR
1.15364432440369,0.940548647874409,20.1502734368688,0.535940418122407,1.0083676284169,17.4878326312816,PCR
1.22496825345473,0.99023202332778,20.2485139400557,0.554001345369576,1.06975067024068,18.3020997488169,PCR
1.06820799794689,0.893531565704959,20.3363088293873,0.516559120824341,0.952943024927787,19.1359598117241,PCR
1.13719535992405,0.943228817290383,20.4146900682598,0.534387292907758,1.01480854824288,19.988232703955,PCR
1.19683405068886,0.993219182893868,20.4846019261601,0.551189892671605,1.07869707449693,20.8576019326846,PCR
1.06098437516043,0.895671916945722,20.5469092280721,0.516117658505003,0.95728975290892,21.7426229801105,PCR
1.11822179753183,0.945671576862407,20.6023962573351,0.532683195694383,1.02167212176407,22.6417257746072,PCR
1.16553593493086,0.995877462687321,20.6517786274109,0.548201938529711,1.08816103771692,23.5532305258517,PCR
1.0522326548241,0.897731429284102,20.6957028182021,0.515560010556868,0.961916884311653,24.4753557330179,PCR
1.09715186830067,0.947941668961332,20.734752983747,0.530844084469726,1.02889652258253,25.4062290320707,PCR
1.1318167834036,0.998295184752493,20.7694543911057,0.545074138396611,1.09802554239486,26.3439052708944,PCR
1.04215678042471,0.899727823137231,20.8002790617496,0.514898504569613,0.966789813336875,27.2863808388713,PCR
1.07448739532882,0.950083932826375,20.8276499377117,0.52890065711744,1.03639634515832,28.2316083013466,PCR
1.00092179571741,0.851308406694719,20.8519462809625,0.500372611867309,0.901793482804727,29.1775183571703,PCR
1.03099431989797,0.901677972029806,20.8735071442374,0.514149952460055,0.971866412580731,30.122035166103,PCR
1.05076763457808,0.952135664181354,20.8926360827133,0.526890872229078,1.04407657905067,31.0630947223654,PCR
1.00142839300941,0.853127689215462,20.9096036315089,0.500810656471274,0.904436801056866,31.9986637683944,PCR
1.01902669439404,0.903593898844743,20.9246510287674,0.513336651848469,0.97709422794917,32.9267559974925,PCR
1.02655443258101,0.954121236988823,20.9379934096684,0.524859247195263,1.05183145346969,33.8454497881589,PCR
1.0010690608779,0.85495106966724,20.9498220174802,0.501162696327304,0.907258243874576,34.7529026728822,PCR
1.00654697888935,0.905484477793243,20.960307073885,0.512483646036607,0.982416460512284,35.6473652807114,PCR
1.00238364592332,0.956060435353373,20.969600212091,0.522850337717615,1.05955984595398,36.5271955790794,PCR
0.999899048599271,0.85677728850851,20.9778359770017,0.501434934598907,0.910246568287022,37.3908664311038,PCR
1.00524446537901,0.896670365866993,20.9822366646462,0.510840933313689,0.964505619326842,38.2449122370253,PCR
1.01770646423881,0.854492637359827,20.9870716986234,0.500888211289821,0.906931636812095,39.0695285856653,PCR
1.03755900928686,0.861212580292154,20.9894007402682,0.502140974394747,0.917454867365566,39.8675260220592,PCR
1.0650504031935,0.864207020803627,20.9880722613561,0.502626494097707,0.92232379953266,40.6363679164844,PCR
1.10049842486376,0.86719813085317,20.9823851438979,0.503083998459909,0.927271987671721,41.3725300212967,PCR
1.1443457468691,0.861485544981225,20.9716632542742,0.502003505217763,0.918370220415737,42.0723646984372,PCR
1.19735492565599,0.851070377642946,20.9541373331162,0.500751011795276,0.900232114140428,42.7367512632144,PCR
1.25845427515445,0.860142472857634,20.9333778396866,0.500099856937587,0.937893689921715,43.3530540115276,PCR
1.11313402208902,5.81541181645518,21.1934230487509,0.669058481996944,13.0751047590922,44.2121219710581,PCR
1.15562671867618,6.80884703798898,21.1209550186696,0.722860905194162,13.7012578538761,46.0556780656585,PCR
1.2875413443265,6.06618652653503,20.9575683074789,0.711468243936821,10.7720665847933,47.5394599509039,PCR
1.44465902421969,5.39110601841406,20.80813093946,0.698649795882533,8.53688276197162,48.6904154771478,PCR
1.62989645194247,4.78483522610893,20.6657086871208,0.684801929643067,6.80804600243699,49.546631395061,PCR
1.84620615970367,4.2445132925184,20.5239255924576,0.670112860956999,5.4568474175878,50.138143231268,PCR
2.09642774048286,3.76533772835396,20.3769474463266,0.654640289441245,4.39204320841214,50.4883316754768,PCR
2.38306599235418,3.34173279493745,20.2194754493125,0.638360451422009,3.54743376560004,50.6151678026804,PCR
2.70799582106566,2.96800963022308,20.04677047578,0.621202858345455,2.87394174977889,50.5324714005858,PCR
3.0721020638414,2.6387027200717,19.8547165497844,0.603075573526988,2.33461830843513,50.2511579701587,PCR
3.47486864948953,2.34874353162,19.6399267887918,0.583886028357023,1.90119517221636,49.7805195781375,PCR
3.91395550754604,2.09351742073055,19.3998859142708,0.56355838870257,1.55185091748482,49.1295016557601,PCR
4.38481608280134,1.86887782100748,19.1331149396215,0.542049114702643,1.26956118515197,48.3079378938604,PCR
4.88042728554592,1.67112508142593,18.8393370348764,0.519360080408203,1.04094974603461,47.3276640672111,PCR
5.39152064954418,1.49704925055826,18.5195179816209,0.50134316801325,0.909590827468583,46.2051676226779,PCR
5.90778921807369,1.34396937242823,18.1755818957218,0.502718680830088,0.917679272580891,44.9639128137514,PCR
41.89,5.42,19.69,10.66,4.42,17.92,PCR
37.3933974206296,4.9271481563308,14.0849860895502,9.09365554750017,3.53132842776192,13.1305397265448,PCR
33.0815814879062,4.59129311390095,10.701145087152,7.79100215576724,2.88518139200358,10.051602394669,PCR
29.0373147806489,4.34769152792033,8.53470626169469,6.72999516599934,2.40023415261525,8.01071630323204,PCR
25.325935991912,4.16257055194662,7.08785545148915,5.87077917744369,2.02677092349569,6.62198391949494,PCR
21.9784688632654,4.01663375424155,6.09122177373913,5.1734772868142,1.73284461323486,5.65643703523102,PCR
18.9983711978105,3.89808384785558,5.38956866072126,4.60394145830632,1.49713968063332,4.9742398301558,PCR
16.3711810013925,3.79931108763325,4.88887950920057,4.1347206683887,1.30499442125814,4.48759038592679,PCR
14.0722055554604,3.71519383342385,4.52992168374572,3.74436243307488,1.14607420950652,4.13995875449813,PCR
12.0718686037803,3.64215611678025,4.27404621516988,3.41629837127396,1.01293316686813,3.89402186237057,PCR
10.3390817808356,3.57762852519214,4.09536192329636,3.13777107747778,0.911387759901923,3.72465531574532,PCR
8.84441152530202,3.52022013537846,3.97596086935942,2.89927756571262,0.900989130018259,3.61491831352626,PCR
7.55891314662573,3.46861183275771,3.90318429378278,2.69321994923884,0.906352072136607,3.55277526375069,PCR
6.45371800057605,3.42054089009838,3.86793851623723,2.51293389813771,0.912919064082129,3.52956596853827,PCR
5.50350503328521,3.37434122212828,3.86358853562422,2.35330712901136,0.905134794979136,3.53908235535945,PCR
4.68677553698923,3.32909857321916,3.88518643779356,2.21057299480803,0.901226211723871,3.57685780409223,PCR
3.98530151246321,3.28442111034594,3.92896788441955,2.08195529979637,0.901797517443727,3.63965356956306,PCR
3.38393424336994,3.24046489645284,3.99198937581542,1.96551810954248,0.91749861283907,3.72515332924268,PCR
2.87050259150056,3.19802920737384,4.07186989800963,1.86010167167862,0.935696689908154,3.83167191493322,PCR
2.43610532368322,3.1587868183495,4.16658514910573,1.76539713744477,0.930560113094013,3.95777594157854,PCR
2.07545515036868,3.1256388789034,4.27427681675109,1.68210040450018,0.943844180248808,4.10206523398659,PCR
1.78651727868122,3.10304520546579,4.39307337494069,1.61197212151893,0.924340019774259,4.26346599774453,PCR
1.53880192515494,3.07955531215522,4.52118349307804,1.54712355490338,0.921625135074418,4.4408183944594,PCR
1.30125661812218,3.04024978050179,4.65895811594285,1.47790567505086,0.926131445941436,4.63597797894939,PCR
1.11143497681189,3.00814014006091,4.80503641376483,1.41818873540254,0.902410393779521,4.84741162938363,PCR
1.01350024878405,2.97561448086843,4.9582168725755,1.36273739312179,0.907222423763961,5.07499132575796,PCR
1.01551866657488,2.94273443817657,5.11386873914631,1.31066669420119,0.908365417748952,5.31405191615216,PCR
1.05427108398004,2.90948752488333,5.27044615855619,1.26159990611196,0.929560831253477,5.56332239120375,PCR
1.01611646515801,2.87587774566561,5.42768542087697,1.21536752343696,0.908854424016356,5.82308707069671,PCR
1.09370615381306,2.84191402552304,5.58531385391243,1.17180778187708,0.952186327917701,6.09362904930592,PCR
1.05579701919186,2.80760972515626,5.7430595575622,1.1307709792376,0.931399671026729,6.37522058930743,PCR
1.01838724779885,2.77298239475717,5.90065084176837,1.09211770703064,0.910463856659993,6.66812350497856,PCR
1.17825494063714,2.73805353950356,6.05781744959197,1.05571819890961,1.00368816269719,6.97258722118227,PCR
1.0296683563948,2.7028483015869,6.21429283965779,1.02145204427672,0.917386729377505,7.28884530077403,PCR
1.07658079200904,2.66739393143535,6.36981478828811,0.989204816855579,0.945741468642524,7.61711846413848,PCR
1.12211078634617,2.63172017981135,6.52412738254868,0.958869499409354,0.974462449463082,7.95761009094817,PCR
1.16609144448214,2.59585928259804,6.67698393621492,0.930347231404275,1.00358276374789,8.31050079353662,PCR
1.02446303755343,2.55984508884821,6.82814787601713,0.90354569408444,0.915411562740664,8.67594765564784,PCR
1.06878135775273,2.52371291068269,6.97739352417454,0.878379084360986,0.944434452669795,9.05408237378238,PCR
1.11133462709319,2.4874989607018,7.1245079433227,0.854767493199784,0.973898428196012,9.44500788676633,PCR
1.15194119506349,2.45123981041908,7.26929165550903,0.832636084686171,1.00383741524168,9.84879677291387,PCR
1.01934036322775,2.41497221441554,7.41155955553538,0.811915130862707,0.913392956382995,10.265488605971,PCR
1.06041173612104,2.37873289037546,7.55114135310822,0.792539797826897,0.943208705366922,10.6950882280806,PCR
1.09930772875973,2.34255816788506,7.68788239957246,0.774449838559775,0.973541436757482,11.1375628843824,PCR
1.13584662117958,2.30648371660174,7.82164403564225,0.757589378185825,1.00442445161335,11.592839459676,PCR
1.01445223813533,2.27054432534201,7.95230356502525,0.741906654231371,0.911299026751593,12.0608027266053,PCR
1.05159870201163,2.23477374587786,8.07975424204896,0.727353852704375,0.942031937098511,12.5412939686241,PCR
1.18756508962492,2.19920439837037,8.20390514199695,0.713886784209239,1.0626939513801,13.0341083546334,PCR
1.07601458772986,2.16386717971789,8.32468078135903,0.701464645463297,0.967295703871569,13.53899320856,PCR
1.20042920492552,2.12879180310782,8.44202131603584,0.690050401340863,1.09055033343463,14.0556511262352,PCR
1.09610712579797,2.09400573965269,8.55588038844016,0.679609476443506,0.993517614681208,14.5837308805195,PCR
1.20806212233188,2.05953565960629,8.66622797936119,0.670111529611188,1.11952508615412,15.1228398312662,PCR
1.11147725374641,2.02540545015762,8.77304421968554,0.661527794621711,1.02076783837102,15.6725283236915,PCR
1.01894248243116,1.99163790329806,8.87632502785516,0.653833387155093,0.921116460311652,16.2323026111799,PCR
1.12177321036038,1.95825360075631,8.97607588151857,0.647005487170119,1.04910704010018,16.8016190991804,PCR
1.03767581462699,1.92527114693852,9.07231350616218,0.641023776443985,0.947608755345797,17.3798848569292,PCR
1.12667607546131,1.89270736316952,9.16506496987493,0.635870499126463,1.07858810855286,17.9664616773379,PCR
1.05143021244458,1.86057734936786,9.25436538805174,0.631530226913811,0.975171680890181,18.5606701949165,PCR
1.12593248357704,1.82889410989214,9.34025872020676,0.627989630447264,1.1092519656779,19.161783857749,PCR
1.05990272705083,1.79766939773058,9.42279603384101,0.625237960002632,1.00385572275505,19.7690472610246,PCR
1.11939536895548,1.76691290141748,9.50203471216871,0.623266295245231,1.14112089887358,20.3816604940239,PCR
1.0628913814958,1.73663302297659,9.57803811800192,0.622068090121841,1.03369362437306,20.9988024355705,PCR
1.0112474545305,1.7068364971935,9.65087418944543,0.621638735290749,0.925235202611442,21.6196174655783,PCR
1.06028599357455,1.6775286586998,9.72061492379814,0.621975671783974,1.06469985253149,22.2432313490116,PCR
1.01851570190671,1.64871345793209,9.78733548067048,0.623078299386044,0.954155710764387,22.8687504785797,PCR
1.05204344240424,1.62039354248283,9.85111364478344,0.624947951124014,1.09687474586919,23.495266839971,PCR
1.02029522721723,1.59257034955269,9.91202930431178,0.62758787075396,0.984224381101223,24.121866603161,PCR
1.0381967225036,1.56524414239767,9.97016324638422,0.631003126038065,1.13020545339708,24.7476288160567,PCR
1.01655049632732,1.53841420931009,10.0255980977139,0.635200778632357,1.01544141707991,25.3716391766159,PCR
1.01887318359598,1.51207879568511,10.0784157953811,0.640189596507278,1.16466299947798,25.9929863889201,PCR
1.00734087917948,1.48623532177061,10.1286992702084,0.645980369144302,1.0477906136074,26.6107735733042,PCR
1.00084898573676,1.46088038146354,10.1765301593221,0.652585617475231,0.92986994997837,27.2241200099382,PCR
1.00032233350605,1.43660567934649,10.2219724511647,0.660238547935563,1.05973050342215,27.8407459857473,PCR
1.00414566817512,1.41253150746974,10.2649927932086,0.668653240699258,0.927277173085747,28.4471407696712,PCR
1.01282865676974,1.38863007914496,10.3053478189327,0.677809361145857,0.910593053657113,29.0406234767432,PCR
1.02658707955178,1.36517800328376,10.3427707625467,0.687807856931115,0.909900342459407,29.6230567154411,PCR
1.045507144629,1.34214932586472,10.3770124076774,0.698636081184065,0.924825320708798,30.1926539558214,PCR
1.06957601038492,1.31924845203681,10.4078258684011,0.710170685457385,0.913763417935596,30.747251044801,PCR
1.09899207034274,1.29644442452949,10.4349797033906,0.722388418591531,0.916250793168221,31.2849224215219,PCR
1.1340437874752,1.27375334923889,10.4582352003847,0.735283605083021,0.919737531913203,31.8034921778727,PCR
1.1750706800743,1.25119620630402,10.4773486196046,0.748846419367965,0.901083181712264,32.3007627601423,PCR
1.2224633507725,1.22879504464527,10.4920674547071,0.763062531639949,0.920619395051384,32.7745013271972,PCR
1.27666769652232,1.20657027710878,10.5021268129048,0.777912176795607,0.907090688448453,33.2224281235531,PCR
1.33817659417864,1.18455434153946,10.5072472398877,0.793366876278616,0.910437083714892,33.6422139038678,PCR
1.40754219948975,1.16276563277474,10.5071332397583,0.809393596591843,0.90195002011415,34.0314800832372,PCR
1.48535001601948,1.14123814484816,10.5014723972718,0.82594810940442,0.900745492275076,34.3878227561228,PCR
1.57223365599622,1.11999953560984,10.4899348854575,0.842978630746763,0.910482923812689,34.7090511445758,PCR
1.66886922432808,1.09907641609307,10.4721732494803,0.860424430120388,0.930257732694774,34.9933023816772,PCR
1.77596718851961,1.07849588762196,10.4478228741581,0.878214800305866,0.959035678100053,35.2386953279714,PCR
1.89425644053696,1.05828769045549,10.4165037106613,0.896267424749614,0.995652600049711,35.4431922281449,PCR
2.02446457387101,1.0384848000911,10.3778236867746,0.914487057916312,1.03881222271507,35.6046293411601,PCR
2.16729236440945,1.01912382841804,10.3313837727581,0.932764351511845,1.08708804700735,35.7207539348941,PCR
2.32337880102821,1.00024548032787,10.2767856507216,0.950974732768238,1.1389305934694,35.78925097746,PCR
2.49325996357972,0.981894877547502,10.2136416801872,0.968977660475285,1.19267928220282,35.8077803518288,PCR
2.67732020340253,0.964121819409799,10.1415874448305,0.986616344606121,1.24657411751539,35.7740366525227,PCR
2.87573224546918,0.946981413845523,10.0602981294088,1.00371825840879,1.29875221938045,35.6858322890307,PCR
3.08839467120127,0.930534531134015,9.96950671133701,1.02009640355686,1.34724780553261,35.5411914580516,PCR
3.3148614517772,0.914847998210619,9.86902525659609,1.03555149860447,1.38999972335117,35.3384631254928,PCR
3.55426707198772,0.899994144871873,9.75876933480291,1.04987526573046,1.42488020421381,35.0764540104282,PCR
3.8052625444333,0.886050372718338,9.63878123287781,1.06285470258982,1.44971550043704,34.7545586473068,PCR
44.24,1.59,10.14,6.63,2.28,37.89,PCR
52.1814721848606,1.5904501832683,8.22725167502492,5.57463873796918,2.20254039834093,25.582440850516,PCR
56.5934951469831,1.60748493955954,6.44506329779558,4.52234490527426,2.15149960661399,16.7531136362584,PCR
58.0260779598609,1.63953274540404,4.98789901653964,3.60352889984677,2.1249958844215,10.8800819855874,PCR
57.4276746500989,1.68429270397234,3.87684229350885,2.85753266079764,2.12111506588341,7.12356649675439,PCR
55.6222911640269,1.73963472208901,3.05657845919737,2.27351424331152,2.13799124528331,4.75020844208187,PCR
53.1785031141819,1.80389087064433,2.4572651844586,1.82311723002938,2.17398064681714,3.24353982492763,PCR
50.4480904142518,1.87585554047155,2.01882769328397,1.47676789062854,2.22773885934424,2.27315230086551,PCR
47.6364688217089,1.95469475304234,1.69591877955052,1.20942377820867,2.29821050431614,1.6359480317117,PCR
44.8590286522931,2.03984948030735,1.45609972746475,1.00155946026527,2.38457421622099,1.2084698005747,PCR
42.18220715295,2.13095736382623,1.27664117127152,0.838503053508778,2.48611515054601,1.02778369562092,PCR
39.6961666069852,2.227792872517,1.14143162506965,0.709475653225726,2.60121752696737,1.00543772360083,PCR
37.4031551441454,2.33022664240919,1.03900459431029,0.606228653970048,2.72888562919279,1.00648442698427,PCR
35.2716021278536,2.43808243350548,1.00128272911752,0.522683343229205,2.86859677598015,1.00374822190738,PCR
33.2809618428713,2.55068715685879,1.00328917671403,0.504058335983914,3.01952321687344,1.0111066214708,PCR
31.4236074914156,2.66786388752737,1.00536319081788,0.508359102310844,3.18071541646387,1.02195805125401,PCR
29.6909753985131,2.78972138602487,1.0023872981147,0.50498361159549,3.35129852307572,1.01256196152417,PCR
28.073624286423,2.91639988618817,1.00862248086343,0.532988066513191,3.53027744722356,1.07843397480188,PCR
26.5629075244678,3.04802957668541,1.00106857187739,0.509058260818361,3.7165111211749,1.02067926288404,PCR
25.1508471554689,3.18472570742681,1.00038753912087,0.517801554226573,3.90872521155293,1.03823778225743,PCR
23.8295844576464,3.32653918286325,1.00795732884325,0.525603690223262,4.10551947771951,1.05141495067313,PCR
22.5910256484994,3.47340842124162,1.02484633186215,0.505121873844531,4.30541130946177,1.00974368599234,PCR
21.4277327230116,3.62521177141002,1.0508743500195,0.512827896947478,4.50687506860618,1.02247493886808,PCR
20.3330971890804,3.78178207295424,1.08611395178821,0.519732904355709,4.70837926271141,1.03148393036907,PCR
19.3011160500148,3.94289123830537,1.13085679005183,0.502108877985383,4.90842621796593,1.0031143360449,PCR
18.3263080581535,4.10824156521568,1.18560456145814,0.52071800894273,5.10559279901207,1.02659639388267,PCR
17.4036605830641,4.27745864081508,1.25106653536467,0.515938859619613,5.2985678526638,1.01800119003435,PCR
16.528578751081,4.45008452514738,1.32816338249865,0.511541000025488,5.48617910984902,1.01117865038001,PCR
15.696833882546,4.62556984691542,1.41803709720476,0.507498396694194,5.66742029300534,1.00600599064625,PCR
14.9045227940124,4.80326655765876,1.52206750930254,0.503787627992133,5.84146946523181,1.00237043017731,PCR
14.1480383328126,4.98242183384205,1.64189444924909,0.5003882147602,6.00769617993927,1.00017084162068,PCR
13.4240443775289,5.16217237416818,1.77944547317054,0.52321482723848,6.16566067377594,1.00363863389377,PCR
12.729457583401,5.3415393035036,1.93696662581113,0.519272820202827,6.31510698979024,0.999730302002974,PCR
12.06150029004,5.51942297069062,2.11705924870646,0.515625061217109,6.45594206883355,1.00205334851175,PCR
11.4179300008027,5.69459813312101,2.32271730592087,0.512254172142515,6.58818500326086,1.01040847734028,PCR
10.7968189661332,5.86570955440428,2.55736574559852,0.509154553384,6.71196487244355,1.02470051088556,PCR
10.1963307552391,6.03126844679062,2.82490155186409,0.50632010725803,6.8275256841241,1.04495197404486,PCR
9.61468208570195,6.18965023406821,3.12973640244256,0.503745711427097,6.93521510904864,1.07129566767766,PCR
9.05019534086542,6.33909384892246,3.47683649020726,0.501430162818546,7.03546349694345,1.1039679048001,PCR
8.50134253445653,6.4777030594242,3.87175394934339,0.515656513052842,7.12876348202016,1.14330896575373,PCR
7.96676738136183,6.60345088805368,4.32064318557588,0.512764238101719,7.21565325549583,1.18976794162522,PCR
7.44530687251928,6.71418822296466,4.83025558358244,0.510120161753841,7.29670226718744,1.24390922393697,PCR
6.9360219572166,6.80765892277566,5.4079034323078,0.50773145735187,7.37249720368901,1.30642110186781,PCR
6.43823533485489,6.88152323864334,6.0613786598672,0.505609357275009,7.44362951705416,1.37812612158516,PCR
5.95157296317981,6.93339226678422,6.79881284057621,0.503769204362052,7.51068359262252,1.45999348264385,PCR
5.47600523824263,6.96087626392586,7.62846200379219,0.502230390634677,7.57422557249592,1.55315309449408,PCR
5.01188460994507,6.96164964167081,8.55840019183017,0.501016179625305,7.63479244669836,1.6589107565769,PCR
4.55998594380866,6.93351630949471,9.59612977105448,0.5021032594107,7.69287030516785,1.77876011761819,PCR
4.12146541370943,6.87458357627482,10.7480424530557,0.502013413127383,7.74892249337361,1.9144098891974,PCR
3.69794368851035,6.783283655428,12.0187321151223,0.500443750924411,7.80332704527606,2.06778529862471,PCR
3.2913985477921,6.65857602686703,13.4103515427143,0.499965742003827,7.85638980844954,2.24104450023907,PCR
2.90408765334621,6.50007473809729,14.9218448500542,0.501383048828381,7.908317953695,2.43658313716524,PCR
2.53844035360361,6.3081698453246,16.5482107535752,0.505198535411853,7.95919932245582,2.65703209701827,PCR
2.19687103456228,6.08415702987714,18.2799441254005,0.511560945900588,8.00901087624354,2.90525529746761,PCR
1.88158756646792,5.83030927113361,20.1027575079945,0.520646007638839,8.05761612426222,3.18433895649495,PCR
1.59438353541085,5.54988767748792,21.997632541782,0.53265835596687,8.1047595669436,3.49757077010127,PCR
1.3364569016766,5.24707099708716,23.9413287536131,0.547832697759931,8.15006815436104,3.84841170724456,PCR
1.108278176899,4.9267985032651,25.9073724429931,0.566435456769048,8.19305830498395,4.24046020265388,PCR
1.006262346384,4.59461069800449,27.8592417262487,0.58866993645837,8.23246080953816,4.6756969052204,PCR
1.01194137748828,4.25652238928435,29.7485032124801,0.614621915077937,8.26622420418413,5.15313900605348,PCR
1.023136213504,3.9186360978489,31.5426862245759,0.64451991263873,8.29372959451846,5.67360062105414,PCR
1.02015560982762,3.5865313292253,33.223480565549,0.678725820728911,8.3150733620929,6.23964612074433,PCR
1.00573062057839,3.26506582260385,34.7680719590009,0.717508330268669,8.32955252858549,6.85117285907343,PCR
1.01354949458331,2.95791869209247,36.1895874640055,0.761533911887499,8.33845041700879,7.51525910775108,PCR
1.00442572556763,2.66785472383967,37.4745881619806,0.811182816153605,8.34072959557692,8.23151283986037,PCR
1.0451832621211,2.39676819004206,38.6244572035457,0.866994685381741,8.33613433728488,9.00149888913634,PCR
1.05846153632977,2.14572384363606,39.6438480114558,0.929571733600426,8.3244053559946,9.82631111699855,PCR
1.07128827654793,1.91508999265034,40.5397814893881,0.999585590690884,8.30530393632707,10.7064778417846,PCR
1.08344373754999,1.70465158451346,41.3209112583588,1.07778761465636,8.27863275789107,11.641840549936,PCR
1.09473176285656,1.51377087710646,41.9967197876604,1.16501446665788,8.24425084004107,12.6314714230322,PCR
1.08810148592287,1.34150961092152,42.5769515034962,1.26219492910536,8.20208389278426,13.6735840043464,PCR
1.08129426308201,1.186727863328,43.0712015370954,1.3703554509971,8.15213130846564,14.7654596545988,PCR
1.05628410894962,1.04819297121272,43.4640773359562,1.49012152700875,8.09317849304112,15.8919826109199,PCR
1.01956419046409,0.924612669201126,43.8136174566101,1.62350589697109,8.02817710299452,17.0690193204425,PCR
1.00296520512608,0.851624074322885,44.1038518744516,1.77154202398034,7.95576251236048,18.2826000707699,PCR
1.04210630509077,0.874713205795073,44.3387008019841,1.93536332670989,7.87496996585157,19.526154285929,PCR
1.02648362522053,0.866582961551302,44.5220388406545,2.11625644606218,7.78604748038675,20.7912754206816,PCR
1.00229796745547,0.851540623160305,44.6602052690388,2.31569007096945,7.68991933901613,22.0696450735289,PCR
1.07533905643273,0.905581371652173,44.7585692341368,2.53514439707007,7.58746673823691,23.352392709958,PCR
1.0329443291762,0.876165872634274,44.8216861124903,2.77607504960342,7.47953918330712,24.6302902306363,PCR
1.09133448440785,0.931284259635004,44.8533336053379,3.03986445137227,7.36695771037948,25.8939081333465,PCR
1.0530477521955,0.90151740295918,44.8566097573979,3.3277543134364,7.25051719505253,27.1338483795272,PCR
1.02005383112138,0.871395828555579,44.8340698226092,3.64077547714097,7.13098782402935,28.3409753387754,PCR
1.06266214003196,0.927458739360408,44.7878283876509,3.97966269742819,7.00911348712994,29.5066397804255,PCR
1.03396335499656,0.897061058610255,44.7196382067604,4.34476460686236,6.88560866647964,30.6228697272652,PCR
1.01042476464547,0.866363523112384,44.6309745458321,4.73595757491418,6.76115598950964,31.6825356250397,PCR
1.01950427001087,0.886409117273257,44.5231305692445,5.15255033215027,6.63640346936858,32.6795118635019,PCR
1.02488343984274,0.9066588796137,44.3972814297569,5.59322505864259,6.51196271923211,33.6087640974968,PCR
1.02681998607435,0.927095166113035,44.2545532250754,6.05598852664248,6.38840760759417,34.466422023941,PCR
1.02560424197265,0.947699123410475,44.0960947861494,6.53814132286071,6.26627299704922,35.2498310913946,PCR
1.02155929350779,0.96845161274525,43.9231314607936,7.03629138670795,6.14605414282246,35.9575572250664,PCR
1.01502215940629,0.9893304136805,43.7370007994491,7.5464143067312,6.02820652703716,36.5893502967784,PCR
1.00132941990284,0.867689373268597,43.5391719077773,8.06396188549433,5.91314606838671,37.1460716962851,PCR
1.00036573041549,0.888267794707415,43.3312540369302,8.58400295459264,5.80124909398912,37.629603742258,PCR
1.00158186034855,0.908956342624022,43.1147682807534,9.1013790475162,5.69284490436978,38.042481793015,PCR
1.00945775023452,0.929721708850219,42.8906209782751,9.61080537271071,5.5882001903952,38.3871685477284,PCR
1.02356547434799,0.944279278507118,42.6573469610727,10.1061402728631,5.48694796441526,38.6658346830057,PCR
1.04358642994567,0.855269275843161,42.417995615172,10.5832805568311,5.39002259126622,38.8812943850367,PCR
1.06925127763974,0.851202519037695,42.1748941656105,11.0385687817995,5.29802945085258,39.0371473591731,PCR
1.10033797006063,0.852819890972297,41.9276397563711,11.4673395509723,5.21057152911243,39.1374602814497,PCR
35.78,1.54,3.25,1.14,5.04,53.99,PCR
45.6794378468437,1.48753587735645,2.52050063422712,1.01742157027819,4.67295077525666,38.8063164759279,PCR
51.7905473667802,1.44151573017644,1.85133613871093,0.859622722872449,4.39685043832729,26.2609245313823,PCR
53.629232094699,1.40102202692086,1.32693254127636,0.702847559880156,4.20450502068626,17.3156962267781,PCR
52.2176883722492,1.36487009194563,1.03613192902147,0.567670486508678,4.08774147171135,11.4731201476372,PCR
48.8314084144067,1.33111434860257,1.00150568702189,0.500540194646589,4.03813391746344,7.79838556907279,PCR
44.5879774884567,1.30058327788767,1.00057561634301,0.500294810465979,4.04743658732317,5.49664443582426,PCR
40.0071834754836,1.26969200979977,1.00250387593556,0.500961466824177,4.10903846081337,4.0335306191306,PCR
35.5288247672238,1.24001549266933,1.00899922846749,0.503668520581734,4.21826593478298,3.08335775687254,PCR
31.3484536130806,1.2118152681034,1.00347703837775,0.50151360495197,4.37080615380208,2.45009831670007,PCR
27.4693903666627,1.18207159641331,1.06397919578888,0.523106617751624,4.56337917924106,2.01797741351684,PCR
24.0740240074856,1.15712259106131,1.00247779659045,0.50127525351379,4.79316602722029,1.71705780789848,PCR
21.0661210210653,1.13384537008203,1.01006791079057,0.505775543969192,5.05667716232163,1.50342981296421,PCR
18.4171460984264,1.11215165843974,1.00702660775135,0.504557805684759,5.35090148086599,1.35018044276758,PCR
16.0945659455764,1.09202902718955,1.02376958571387,0.518379470234883,5.67266621034019,1.23996656552204,PCR
14.0638965308946,1.07342893277524,1.00264089469013,0.502385407196459,6.01844040838279,1.16141033765823,PCR
12.2925820442389,1.0563873823403,1.00200994854008,0.502296974808447,6.38445323571414,1.10684526914333,PCR
10.7492398731137,1.04083919542868,1.00216324913149,0.503449988450171,6.76643868483071,1.07101814618535,PCR
9.40552366247842,1.0267442558775,1.00051343630044,0.501337134396297,7.15986957059209,1.05028929638486,PCR
8.23601591906945,1.01405569251397,1.00075136490249,0.508713027255524,7.56002093789409,1.04212170224306,PCR
7.21813851288195,1.00271944016549,1.00089146186538,0.503954115114059,7.96210438529931,1.04473732060437,PCR
6.33189279764774,0.992660868206812,1.00794466651605,0.509911912383428,8.36142320183083,1.05690873997166,PCR
5.55968052105348,0.983787383391508,1.02110611889631,0.505733573432152,8.7535360682068,1.07779723114036,PCR
4.8862765912412,0.976006588294994,1.03977545746569,0.510926388869215,9.13439959552234,1.10685895921391,PCR
4.29851777885056,0.969225556616725,1.06350205904501,0.503444920457492,9.50048379403941,1.14377424411916,PCR
3.7850409106598,0.963351036630752,1.09195017232488,0.508059350808177,9.84885225613548,1.18839969286274,PCR
3.33602835524673,0.958290093985352,1.1248696383009,0.501704961939792,10.1772117607204,1.24073036328557,PCR
2.94300744901637,0.95395070015431,1.16207728562479,0.505820086009524,10.483913716294,1.30087758443396,PCR
2.59867095099558,0.950242439778908,1.20344267810068,0.508143282765821,10.7679233557703,1.36905255578315,PCR
2.29671056881003,0.947077186426737,1.2488758242642,0.510114313965056,11.0287677426531,1.44555298292045,PCR
2.03167438278984,0.944369701714531,1.29831770128543,0.511786442317611,11.2664667182009,1.53075391117012,PCR
1.7988460166615,0.942038150830417,1.35173326528365,0.513198108848237,11.4814499733559,1.62510192976506,PCR
1.59414313887164,0.940004483997813,1.40910607780263,0.501886335528378,11.6744692048106,1.72911183230217,PCR
1.41402688069913,0.938194718585421,1.47043374419677,0.503763099555419,11.8465122616543,1.84336445962136,PCR
1.25543421252606,0.936539028722868,1.53572494764457,0.505389085262185,11.9987219794923,1.96850687699882,PCR
1.11570372096254,0.934971815227165,1.6049949870411,0.50679102703804,12.1323398189347,2.10525030223943,PCR
1.10161385244059,0.933427592275509,1.6779412190638,0.507891469791937,12.2479338184898,2.25385315861917,PCR
1.00034636491726,0.931849753981838,1.75387815820346,0.500025636458682,12.3457050491618,2.41392593706828,PCR
1.00552654062486,0.930200513659728,1.83295826478435,0.500891609320616,12.4276347955526,2.5864243900519,PCR
2.10146359974454,0.929887405305401,1.91418643509496,0.510017367313098,12.4880661645966,2.76544796144164,PCR
5.95702719978656,0.933016765527108,1.95269309435426,0.55132258915874,12.4433804233642,2.86299749544467,PCR
5.32324016831512,0.930633202910837,1.97110148620864,0.533317451707715,12.3874078589781,2.94501158039923,PCR
4.75921713853354,0.92811339803563,1.99813845939441,0.517212936882544,12.3526347360923,3.04483752381327,PCR
4.25760447991792,0.92546720570307,2.03306508944874,0.504894388289317,12.3338222547393,3.16234944187004,PCR
3.81179831910395,0.922687954575686,2.07527140910365,0.500262551907201,12.3266568792781,3.29762348531506,PCR
3.41584375228019,0.919756820099933,2.12424357565116,0.501436086583306,12.3276240240232,3.45091688138241,PCR
3.06425380360804,0.916665097628776,2.17958337558172,0.500420477499155,12.3339926355553,3.62268317401223,PCR
2.75210628698634,0.913401506027838,2.24096189969012,0.500950513972644,12.3435655142275,3.81353054989333,PCR
2.47501397168242,0.909949713354975,2.30809546887118,0.500336673012918,12.3545420454085,4.02419566458047,PCR
2.22904484088797,0.906295255365987,2.38074876665184,0.50212700863213,12.3654749385223,4.25553933137309,PCR
2.01073547576997,0.902415866991047,2.45869956603987,0.500709211095682,12.3751700552187,4.50852584656885,PCR
1.81697069566859,0.898295194668456,2.54176314102738,0.501371739682484,12.3826521136975,4.78421491922478,PCR
1.64500441394562,0.8939146035675,2.6297653721213,0.500182416270562,12.3871559000804,5.08376607768255,PCR
1.49241110649458,0.889251929504119,2.72253048829296,0.500093331381716,12.3880365910349,5.40841192696305,PCR
1.35704024134121,0.884285745014894,2.81988673470356,0.501610121213763,12.384779903649,5.75946147730822,PCR
1.2369786705445,0.87899926045362,2.92167461022759,0.500871142037718,12.3769678365581,6.1382886442697,PCR
1.13054214430442,0.873374249528311,3.02772477854736,0.500197183625723,12.364258799142,6.5463232168941,PCR
1.03623999227241,0.867395294247649,3.13786801809393,0.501139295698939,12.3463731271695,6.98504109761699,PCR
1.0010328717604,0.861042659911639,3.2514230203826,0.500034457086053,12.3225598532549,7.45460686013696,PCR
1.00188321007361,0.854306431477526,3.3670998468679,0.500053899064543,12.2917154556462,7.95323048331984,PCR
1.00110301959455,0.850107662450307,3.4844548796207,0.500025507724209,12.2538890247337,8.48121135074018,PCR
1.00451275503946,0.850503624731687,3.60329718537071,0.500076646096198,12.2092613018508,9.03956205344344,PCR
1.01151692087605,0.8514725033706,3.72350430286022,0.500110001681607,12.1581627645869,9.62946648816804,PCR
1.00467947875052,0.850680206302179,3.84489583034821,0.500007441027156,12.1008275791577,10.2518550174033,PCR
1.03900870444859,0.856861813793133,3.96730597570125,0.50018646927849,12.0374631761615,10.9076385624137,PCR
1.02121837033044,0.854263372559089,4.09055362225233,0.500966182395142,11.9682320664077,11.5976621115773,PCR
1.00586936958737,0.851360459257054,4.21445303784499,0.50237043577609,11.8932606289071,12.3226627954314,PCR
1.00901224400469,0.85253151690229,4.33881403912116,0.504426065663141,11.8126472600812,13.0832430426347,PCR
1.01095876367414,0.85383459447854,4.46344327482961,0.507162732939103,11.7264741974656,13.8798774839016,PCR
1.01161626728813,0.855273843433902,4.58814488377913,0.510613393057286,11.6348114560839,14.7128840446001,PCR
1.01089100845515,0.856853211826211,4.71272136071287,0.514814664719904,11.5377218799567,15.5823955648988,PCR
1.00868927330603,0.858576232638996,4.8369748526242,0.5198069460641,11.4352675381006,16.4883443868001,PCR
1.00491628179743,0.860445841752379,4.96070840970421,0.525634561501818,11.3275151744058,17.4304487659964,PCR
0.999479048445747,0.862464548867776,5.08372711757296,0.532346010588432,11.2145404431899,18.4081979181778,PCR
1.00102295478205,0.875446510161072,5.20581879233088,0.539990570201416,11.0963406954908,19.420821020652,PCR
1.01049491195183,0.858009499761749,5.32655163323357,0.548602728309044,10.9726587251971,20.4664250190946,PCR
1.02840701906922,0.850127108068076,5.44555621333426,0.558257397689906,10.8442841982087,21.5419872083022,PCR
1.05547306221529,0.850595042828066,5.56222106424089,0.568983674242369,10.7108685378471,22.6438877599403,PCR
1.09264119671234,0.851561598647562,5.67595803749941,0.58082257136904,10.5724982789083,23.7677383390546,PCR
1.14113562985146,0.854344314990326,5.78613819226435,0.593814070825754,10.4293627916677,24.9083058226674,PCR
1.20251029217232,0.855147927559276,5.89207562317551,0.607993672398623,10.2817229132616,26.0594110904625,PCR
1.27870690279837,0.856267603581894,5.99301412886481,0.623389237119342,10.1299023008999,27.2138337809493,PCR
1.37213570108263,0.861888799271793,6.08811123843274,0.640017096234085,9.97428799947358,28.3631766859075,PCR
1.48575217546062,0.850789110000197,6.17642225421467,0.657877579484659,9.81532967761097,29.4977512572512,PCR
1.62316131936009,0.857542746305271,6.25687893795007,0.676948871173256,9.65354001455599,30.606412861129,PCR
1.78874830262407,0.867765912148534,6.3282616561142,0.697178729974856,9.48949657477106,31.6763388311396,PCR
1.98776878706662,0.88326122728686,6.3891776011347,0.718475752439266,9.32384129862828,32.692892184665,PCR
2.22645357758355,0.859623471411605,6.43803461106983,0.740698122446167,9.15728103045136,33.6394348904723,PCR
2.51207908243261,0.878540495083383,6.47301799401277,0.763640715698463,8.9905895213109,34.4971692306912,PCR
2.85296622421651,0.906873071578896,6.49207547135334,0.787020605800003,8.82460980081615,35.2450558968356,PCR
3.25835427623833,0.859005033428121,6.49291846237122,0.810462202149492,8.66025692105131,35.8598747746587,PCR
3.73808304273432,0.891251137829124,6.47304969808644,0.833483605391132,8.4985212935336,36.3165150160938,PCR
4.30201168196804,0.850332433124124,6.42963464089115,0.855432933518071,8.33985782491498,36.5885704498076,PCR
4.95900275229653,0.854136822880954,6.3603602288516,0.875682070597051,8.18655289465141,36.6495420707988,PCR
5.71550252060162,0.851908443507606,6.26265698073884,0.893384419581632,8.03948542815841,36.4746710727102,PCR
6.57369923401056,0.850346465399272,6.13446361128489,0.907627447587273,7.89980940363932,36.0432854752178,PCR
7.52936495950314,0.850469182221298,5.97455193640907,0.917480160790732,7.76890706214726,35.3417354176417,PCR
8.56972949454484,0.852909689486935,5.78287369696068,0.922064289786469,7.64822579049559,34.366790389772,PCR
9.67191820033213,0.850109041901333,5.56090615861594,0.920648951844738,7.53925076563616,33.1285951381209,PCR
10.802690072419,0.856048836267169,5.3118618849243,0.9127481818866,7.4434367933321,31.6524405190768,PCR
54.6,3.29,14.96,2.48,2.62,20.04,PCR
55.7657176527477,2.92937199280836,11.1790166862204,1.94565528582868,2.0930568599325,13.7979941987605,PCR
55.5597867922512,2.654444295818,8.51370845910511,1.50273192776068,1.69188438012419,9.59690953778667,PCR
54.4781809768278,2.43604008519116,6.61951189725086,1.15251033811456,1.38171935332724,6.77782719522537,PCR
52.8821639329285,2.25653706642497,5.25723755408861,0.882622218154875,1.13870364284393,4.87476948395511,PCR
51.0116584368744,2.10487430008605,4.26372018125083,0.677298531096671,0.946062260174285,3.5751929550699,PCR
49.0233445158494,1.97412923385621,3.52839880076923,0.521933876293205,0.9051120542767,2.67487192636577,PCR
47.0226686608518,1.8595878410588,2.97590828538662,0.507523521917979,0.909071102070828,2.04098577023604,PCR
45.0703274549409,1.75758997466032,2.55456929879652,0.50472047651072,0.905649791837195,1.58679200051294,PCR
43.1880866588849,1.66572761209244,2.22921703584819,0.524398905037893,0.929048930705329,1.25582339447502,PCR
41.3866135665613,1.58223607704731,1.97534457484647,0.515518445913537,0.918574055509772,1.02797961404759,PCR
39.6971440363106,1.50577709569485,1.77549973370893,0.500470273710291,0.900557811918857,1.000802231546,PCR
37.874752966419,1.43482532022422,1.61827038888115,0.535706306631824,0.920250912089698,1.04699913433108,PCR
34.9365407233304,1.36635516876054,1.51329316550892,0.841503035505346,1.14780936831922,1.50121022665734,PCR
33.8177946271571,1.3055557998811,1.42554554166661,0.684487488675545,0.99788061663969,1.29346474119491,PCR
32.6820523291878,1.24864202268371,1.35509510764534,0.558841653445544,0.921996273324209,1.12605256821187,PCR
31.5514162183045,1.19542911012762,1.29965493056773,0.50263173792405,0.903169368492122,1.00329409187596,PCR
30.4614179535963,1.14541861324485,1.25710030884275,0.506348443053812,0.907686085879289,1.0074726422396,PCR
29.4242998952325,1.09827197126739,1.22570369762804,0.530098730426322,0.93654531235625,1.03301833421636,PCR
28.4346969235892,1.05372677955288,1.20417628112638,0.526278384056178,0.931988643234628,1.02700506379315,PCR
27.4879935371636,1.01155147372105,1.19154425999923,0.522605653670586,0.927590054559436,1.02166944216944,PCR
26.5802098081629,0.971543651666992,1.1871118235797,0.519071978791047,0.92333961812268,1.01696924682058,PCR
25.707859617189,0.93352430158496,1.19040376860148,0.51566916546739,0.919227990632878,1.01286486767114,PCR
24.8678563728427,0.897333955245896,1.20112892404015,0.534169040058711,0.94206302542816,1.02540120270778,PCR
24.0574396684472,0.862829590415532,1.21915437001078,0.511693191466707,0.914431273911226,1.00798318585587,PCR
23.2802958272931,0.850693683811102,1.24437593940706,0.501727295961099,0.902136023363353,1.00106304542781,PCR
22.5213002352826,0.85074048843188,1.27705039461842,0.501797496905771,0.902234127303782,1.00098305425299,PCR
21.785353863947,0.859835189276817,1.31739263484717,0.523309969995348,0.92907117009093,1.01084891093985,PCR
21.070271698118,0.858947869246865,1.36578101827244,0.520726779097511,0.925942485632401,1.0081888471216,PCR
20.3742618438508,0.858620753048338,1.42272062730621,0.519496937824367,0.924494598957739,1.00630787454316,PCR
19.6956309680285,0.867911471137934,1.488843601312,0.539371057167797,0.949682973979065,1.00948894849763,PCR
19.0327882498855,0.860311086985847,1.56491320509688,0.522144821961102,0.928045791836257,1.00389172331332,PCR
18.384216606931,0.852595230029781,1.65182779569498,0.50544135553623,0.906917103703306,1.00059748074774,PCR
17.7484682392473,0.872031608866034,1.75064425300764,0.544518950833462,0.956916915776991,1.00057743643898,PCR
17.1241842794792,0.864272610814684,1.86258759315817,0.528075245415689,0.936043325586225,1.00067374906193,PCR
16.5103927111269,0.856346774238601,1.98905962880713,0.512136976394038,0.915652570591686,1.00618535640976,PCR
15.9064737629318,0.876715135330291,2.13164940137266,0.548925193554676,0.963560853926366,1.01709378911254,PCR
15.3118085970113,0.868737108250872,2.29214649007433,0.533235419155277,0.943416510966291,1.03347127578837,PCR
14.7256985235029,0.860524593294954,2.47255484275962,0.518049851221237,0.923720372646529,1.05548110117639,PCR
14.1473967991741,0.852036577605593,2.67510690597093,0.503371086324272,0.904458778887245,1.08337738091821,PCR
13.5761583449198,0.873986306293059,2.90227403096343,0.537581455966574,0.950231450533856,1.11750889532652,PCR
13.0112516098001,0.865388625427339,3.15677133026156,0.523147786958665,0.931188666539117,1.15832677321518,PCR
12.4519738083595,0.856409638412582,3.44155624957846,0.509234460754363,0.912551772453061,1.20639408754179,PCR
11.8976747723178,0.880434731346331,3.75981693701735,0.541021844045961,0.956551017921029,1.26239798441766,PCR
11.3477865400667,0.871324436077271,4.11494637494332,0.527352359371535,0.938123138967553,1.32716485607026,PCR
10.8018535776189,0.86169143487283,4.51050071233373,0.514229815010363,0.920074259163872,1.40167776004775,PCR
10.2595685958602,0.851452515575944,4.95013310745379,0.501672507022011,0.902390950049008,1.48709828170967,PCR
9.72081145195214,0.878877266781941,5.43749780526546,0.530530980781075,0.944601329217692,1.58479212460876,PCR
9.18568763738657,0.868380210905148,5.97612915379146,0.518242183687254,0.927104973316149,1.69635665927963,PCR
8.65456943056228,0.857071604472952,6.56927965744216,0.506566364366996,0.90994145629335,1.82365381881278,PCR
8.12813378641747,0.888748339086548,7.21971947457189,0.532507062510386,0.950745539773201,1.96884659409115,PCR
7.60739264708193,0.877118505180345,7.92950179703054,0.521114309326476,0.933764322207431,2.13443842235304,PCR
7.09371096393736,0.864432120566509,8.69971097284008,0.510393952702082,0.917070574378454,2.32331327985258,PCR
6.58880939574701,0.850565965569545,9.53018015965644,0.500374591823184,0.900633934617839,2.53877978378463,PCR
6.09474233619464,0.888590345167978,10.4192165052486,0.52268303356646,0.940266062165082,2.78461385568545,PCR
5.61385184683865,0.874169946826782,11.3633839336239,0.513003571213448,0.923973496512603,3.06509439710027,PCR
5.14869106421268,0.858319556997485,12.3573258067297,0.504084681070936,0.907852116559098,3.38503616829069,PCR
4.70191838835186,0.90326855689858,13.3937042915941,0.522841429605606,0.946981440339036,3.7498090584357,PCR
4.27617033248586,0.886737866434748,14.4632771154292,0.514291136685201,0.930990001569638,4.1653394987151,PCR
3.87392505045684,0.868590333872316,15.5551182106141,0.506544923386068,0.915040932927209,4.63808912174234,PCR
3.49735858990703,0.921073533398294,16.6569998810539,0.52159546950881,0.954489114708682,5.17500224960449,PCR
3.1482170567067,0.90210287137038,17.75592906173,0.514245913892451,0.93864988069749,5.78340982341102,PCR
2.82772821138943,0.881456176287377,18.8387236556975,0.507718739674892,0.922672435791582,6.47089588764935,PCR
2.53653935842288,0.859169786393514,19.8926791698217,0.502013478351691,0.906450954460045,7.24509991690098,PCR
2.27470941879229,0.919609632533867,20.9061841788166,0.512933253933834,0.947668398332466,8.11345674838664,PCR
2.04174575941332,0.896448287772702,21.8692209677053,0.507636226225374,0.931394511003394,9.08287827620091,PCR
1.83667699593759,0.871816932449834,22.7737297675396,0.503152320216039,0.914623276220931,10.1593751973016,PCR
1.65815675064849,0.938199645901529,23.6138178303829,0.510408502144835,0.958868025236145,11.347608242527,PCR
1.50458480140173,0.912728057817195,24.3857768215818,0.506326364221681,0.941959058023598,12.6503962611855,PCR
1.37422127697918,0.886058948767601,25.0879580711235,0.503048711364141,0.924269350885516,14.0682482498755,PCR
1.26530598386854,0.85833344276363,25.7205336228137,0.500574541289811,0.905665873629113,15.59886884552,PCR
1.17616020222613,0.929444650994879,26.2851722043024,0.50378172108805,0.955061005082986,17.236749133446,PCR
1.10526864108277,0.9011445073603,26.7846986104736,0.501705041448975,0.936049846211367,18.9728916776105,PCR
1.05134876928099,0.872080478448079,27.2227455680407,0.500430518492143,0.915864297445609,20.7946858205503,PCR
1.01778192681333,0.945989607479305,27.6034163910768,0.500039047289592,0.971086565935751,22.6859846028419,PCR
1.0057241755511,0.912746327520167,27.929304370182,0.50024134781255,0.948367203576095,24.6270549633415,PCR
0.999999786564191,0.85120543276659,28.2050086670422,0.502361373505041,0.900929490187099,26.5937226458371,PCR
1.00772191386094,0.861402075686609,28.4364593633342,0.506387865940638,0.909060005286359,28.5632503457035,PCR
1.03147250103733,0.881117471534613,28.6268808391998,0.512290883443882,0.925444094181429,30.5116459389176,PCR
1.07238303081926,0.862493118237698,28.7792850337948,0.520039333773047,0.910470778855449,32.4136225935385,PCR
1.13216924600054,0.876685073837741,28.8961067414799,0.529594223964761,0.922973982205201,34.2446901428267,PCR
1.21320442040257,0.890933845719986,28.9791541241887,0.540903530209051,0.936162919252849,35.9817590801743,PCR
1.31864717487038,0.905197823398099,29.029514021037,0.553895583483397,0.949984307750443,37.6037262301012,PCR
1.45253166183061,0.919436909191144,29.0475150146963,0.568472410951808,0.964367700743355,39.0917016132738,PCR
1.61989484389606,0.899735804792926,29.0326674029589,0.584501408359908,0.947016157457321,40.4290065025499,PCR
1.8269095453035,0.880025020894481,28.9835998622772,0.601805694347848,0.928914605893026,41.6009541784628,PCR
2.08099708282831,0.860350679366501,28.8980067044454,0.620153666021843,0.910144521670553,42.5944602948577,PCR
2.39092566720177,0.958928079566124,28.7725957908794,0.63924583752226,1.00945716402382,43.397498304481,PCR
2.76684063840512,0.939001061215129,28.6030572260665,0.658700874569426,0.990896990810608,43.998535047046,PCR
3.22017239447732,0.919166002102104,28.3840759029351,0.678042457709799,0.971774019848252,44.3860701646593,PCR
3.76336112404915,0.899486448467071,28.1094140081228,0.696688219008835,0.952175155970534,44.548378033596,PCR
4.40933344460364,0.88003782435955,27.7720931154082,0.713942919223953,0.932184407825417,44.47354510216,PCR
5.17064114466206,0.86090892154765,27.3647185293203,0.729000255643316,0.911884514216037,44.1499292548586,PCR
6.05819008914465,0.953877832172434,26.8799876764203,0.740958769951356,1.01608961368669,43.5671585677757,PCR
7.07955586292704,0.93405235798299,26.3114011543804,0.748856744852867,0.995716359717449,42.7176905982874,PCR
8.2369735230392,0.914667902858885,25.6541629199548,0.751729528863574,0.975138947427402,41.5988664419459,PCR
9.52519973427082,0.895851842336148,24.9062175179951,0.748691359931625,0.954439773613367,40.2152833517318,PCR
10.9296540215682,0.877735587229879,24.0692797461724,0.739035348622032,0.933703500209259,38.5810680926116,PCR
12.4265276784046,0.855549365987164,23.1488599551655,0.722350194487882,0.906225350872318,36.7242578634995,PCR
13.9786384278139,0.85145631491659,22.157826946991,0.698566976308358,0.901868072762484,34.6756316225006,PCR
27.04,15.43,32.29,8.37,1.98,15.4,PCR
21.1582108539698,12.0144164393179,25.5030379349361,7.02385565301388,1.66644983956827,12.860915604855,PCR
16.8044195890224,9.77047075734429,21.4641739711303,5.99721870271802,1.43967283180496,11.2602529474184,PCR
13.4534812306788,8.1737768342399,18.8915868107408,5.19461891032059,1.26734057915935,10.2158279359538,PCR
10.8204390948395,6.97348787239901,17.1849155878414,4.55355553030919,1.13146738591432,9.52734683849121,PCR
8.72722822732763,6.03453925792399,16.0282635963568,4.03184934473892,1.0211935280439,9.08039477286595,PCR
7.05159530499,5.27753423203652,15.2402053216227,3.60026041685237,0.929552304865455,8.80517773497508,PCR
5.70478156351947,4.65300413328301,14.7097283145232,3.23818705242175,0.903503183101783,8.65735312993805,PCR
4.61984129337856,4.12861629335674,14.365134211529,2.93086489963979,0.903315035264962,8.60785365787919,PCR
3.74432036130889,3.6817100373621,14.1580075311323,2.66715867442325,0.905527405542522,8.63612047520668,PCR
3.03694991774681,3.29613068839484,14.0545282521188,2.43868069903198,0.905186625864472,8.72749531348134,PCR
2.46493404718184,2.96008626376899,14.0302100810647,2.23904576974311,0.909432315310334,8.87138244308003,PCR
2.00208811419831,2.6647790682734,14.0668692381379,2.06333046234762,0.923922716585687,9.05994114257327,PCR
1.62741078444166,2.4035011311908,14.1506791882654,1.90768257415536,0.915345136082149,9.28727821626523,PCR
1.32399573913337,2.17103636921408,14.2709024743646,1.76904542762168,0.907086051298983,9.548894524397,PCR
1.08833673582767,1.96325686761373,14.4190489463575,1.64496217153837,0.925085203861902,9.84130798013472,PCR
1.01442146373432,1.77687122599933,14.5839395730327,1.53319362374143,0.904254154214023,10.1580957070323,PCR
1.00033931960528,1.60901464606911,14.7478913361106,1.43128520399259,0.900177384790154,10.4855474806243,PCR
1.17669745205507,1.45551613456958,14.9048549412826,1.336499405246,0.902013454980995,10.8188072173125,PCR
2.09257831876785,1.3117274641941,14.9964337467627,1.24314022861368,0.968595876509078,11.1042957181966,PCR
1.71560779482859,1.19031420369882,15.0612693448387,1.16166889781756,0.904186538516601,11.3707344572612,PCR
1.40875053412244,1.08063478914423,15.1619180470904,1.08814508337098,0.900557147417613,11.6762801003201,PCR
1.1588070468945,0.981371842931838,15.2897481417365,1.02160872429004,0.902675641028537,12.0172941805569,PCR
1.00242506456701,0.891350823454928,15.4372469060569,0.96117998436958,0.900767713435927,12.3897710160071,PCR
1.03165207479325,0.863658444124159,15.5856673538381,0.905688730360877,0.910208596238577,12.7774679791806,PCR
1.07508652104296,0.883039911460226,15.7278982630018,0.854378264165098,0.924820497123671,13.1744594451115,PCR
1.04547332358464,0.870348158168131,15.8636576364718,0.806873462659709,0.915358608077909,13.5804612251606,PCR
1.006149943553,0.852799101141538,15.9930729999162,0.762854267320763,0.9021235271601,13.9953606123749,PCR
1.10955640565273,0.901124405475303,16.1162912237,0.722026414802013,0.939083715211147,14.4190245199476,PCR
1.07052018654539,0.883511056389295,16.2334726573701,0.684124637634237,0.925768317768452,14.8513029176756,PCR
1.03253547175668,0.865753660253759,16.344791356862,0.64891043735513,0.912188721078163,15.2920263831253,PCR
1.1300657375561,0.914771713784873,16.4504320508504,0.616168100289868,0.950587559279618,15.7410051603695,PCR
1.09239003000496,0.896952717064968,16.5505876665303,0.585702299787012,0.936923846790093,16.1980285113346,PCR
1.05589446120578,0.879007739505938,16.6454564546435,0.557334212155863,0.922975575735144,16.6628666787938,PCR
1.0206370424677,0.860945113640932,16.7352405084446,0.530901370353559,0.908733710833359,17.1352689564858,PCR
1.05113201514072,0.877876691475388,16.820130491919,0.507621037717016,0.922454337930703,17.6149499849225,PCR
1.06701192513377,0.889841888114103,16.8890364524947,0.51042037199356,0.932948163289044,18.0891898277497,PCR
1.00428587052687,0.85245525597749,16.9621432249575,0.500639631118091,0.9020108954361,18.5787572710788,PCR
1.05149261152953,0.88052372546874,17.0329234814389,0.507733524465198,0.925278533148546,19.0767651952639,PCR
1.04163315820193,0.875410760173779,17.0990275117974,0.5062843577791,0.921240955420033,19.5800957544897,PCR
1.11159259719412,0.920853484736952,17.1607232997914,0.5169734725922,0.959960561341225,20.0883962934936,PCR
1.11474277973465,0.925333552531166,17.2182769244433,0.517577377083411,0.964402978169796,20.6012823394684,PCR
1.11742380209955,0.929821815309045,17.2719418709462,0.518132444085587,0.968944289142458,21.118360022334,PCR
1.11963051332105,0.934316707920733,17.3219590116702,0.518638768362308,0.97358500004567,21.6392234273726,PCR
1.12135845871914,0.938816782741267,17.3685566027045,0.519096500357931,0.978325443745999,22.1634538983097,PCR
1.00091948695747,0.850689533197544,17.4119510939559,0.500146236110424,0.900613030274329,22.6906210579383,PCR
1.00648041773007,0.855034751291252,17.4523475389177,0.501037688790012,0.904511642066126,23.2202842656153,PCR
1.10861468367741,0.939632085190068,17.4899356960736,0.517711508380645,0.981525869167226,23.7519913511562,PCR
1.00123400177332,0.851060392891644,17.524905209776,0.500206020763963,0.900977347830745,24.2852900650298,PCR
1.08154327445887,0.922785730107725,17.5382196132399,0.51485235976355,0.968219596319447,24.7949719192312,PCR
1.00111310137117,0.85102557599131,17.5650285784428,0.50018873455207,0.900957162919568,25.3237524353068,PCR
1.02408258002061,0.87344154046555,17.5947408909046,0.5041681905547,0.922133065908683,25.8590355889719,PCR
1.02911837492077,0.879894737739991,17.6223590573638,0.505143572438989,0.928523485381317,26.3940623175921,PCR
1.05956078985504,0.915270874474253,17.6480195336521,0.510800899651493,0.963033003977232,26.9283858155514,PCR
1.04572985097245,0.902872131852324,17.6718573558341,0.508481639652285,0.951535944658798,27.4615342891169,PCR
1.0330656918711,0.890448136931712,17.6939990026279,0.506285785920359,0.939790982569317,27.9930425205625,PCR
1.09685051451935,0.980668199113883,17.7145601626978,0.5192600370819,1.03045444114945,28.5224554877429,PCR
1.02953547358286,0.891274427684387,17.7336482138852,0.505974029462162,0.941411225322924,29.0493266989233,PCR
1.08123242666677,0.97273208967512,17.7429164272875,0.517596585261892,1.02478208710573,29.563702961569,PCR
1.02003516342916,0.875261111984574,17.7522765060859,0.50480757615033,0.92561797349455,30.0750576421194,PCR
1.00169768974808,0.852894148260077,17.7677529644218,0.500380468895879,0.90297693008644,30.5906728381843,PCR
1.00356034598996,0.856741209337252,17.7830173060276,0.500846491015549,0.907011167097699,31.1032145124866,PCR
1.02191027960576,0.896730676958651,17.7971976238743,0.505583198119781,0.9491423429928,31.6111495637588,PCR
1.00289391635676,0.856708540666853,17.8103533891146,0.50077569701722,0.907103864937656,32.1141023230074,PCR
1.02196730260641,0.9093592211938,17.8225572747821,0.506491935185286,0.963570894734623,32.6117110966766,PCR
1.02009209186391,0.912322190649366,17.8338777402425,0.506513307220095,0.967328402442446,33.1036278005068,PCR
1.01797473550449,0.915285780196607,17.8443782009816,0.506510896648918,0.971135569473551,33.5895238204207,PCR
1.01562246236699,0.9182497930283,17.85411746379,0.506485477208716,0.974990813493658,34.0690905726671,PCR
1.02709236371046,1.02093536577695,17.8631496822383,0.51502823845186,1.09020223083292,34.5420407028283,PCR
1.01103205462153,0.930998381073052,17.8715233709603,0.506939558193335,0.990486617484535,35.0081162333669,PCR
1.01252413945412,1.03375138232635,17.8792890205528,0.514485425009178,1.10776251959858,35.4670493214909,PCR
1.00436180841266,0.943755425114324,17.8864866299997,0.507187918712424,1.00641148045276,35.9186328296818,PCR
1.00006008045348,0.853733355202044,17.8931623897108,0.500276085964626,0.904262027511255,36.3626248102136,PCR
1.00049057488519,0.941665459643651,17.8965823531165,0.507116290916329,1.00359751964024,36.8091307378092,PCR
1.00397605534131,0.852542597747953,17.9013641594683,0.500905371053294,0.902938522602088,37.2398911424118,PCR
1.01105133939007,0.859132464322517,17.9060521953907,0.500568975484534,0.910635629660035,37.6575160573379,PCR
1.0218130173318,0.876967727482448,17.9093061167687,0.501572149199924,0.931646771073263,38.0639439814159,PCR
1.03628599397903,0.890334148080748,17.9107758852651,0.502207001190736,0.947678765384968,38.4579352886815,PCR
1.05451730677985,0.851965856567182,17.9101381244843,0.500102406178314,0.902336203872565,38.8381843697342,PCR
1.07657932283812,0.865328644489685,17.9070761404683,0.500752446796165,0.918344698077945,39.2033450733799,PCR
1.10256791807304,0.876267553307697,17.901292301221,0.501215116182348,0.931651773546005,39.5520868558608,PCR
1.13259719326261,0.887195073864277,17.8925002757255,0.501627909550087,0.94512005575752,39.883083769932,PCR
1.1667974755217,0.898105098648012,17.8804208301829,0.502003186904,0.958736823535567,40.195006252897,PCR
1.20531572958756,0.908991843623916,17.8647813505438,0.502352940324381,0.972490039255446,40.4865200349255,PCR
1.24831209853442,0.919849377232624,17.8453138268407,0.502689756857007,0.986367399578035,40.7562862574939,PCR
1.29595526566479,0.930670684540575,17.8217531765033,0.503027844675075,1.00035442442055,41.0029631327846,PCR
1.34841748423372,0.941447747364378,17.7938365788828,0.50338276274644,1.01443451253738,41.2252095121959,PCR
1.4058691554474,0.851850256677502,17.7613038275987,0.500068260932963,0.902321683839209,41.421690061186,PCR
1.46847021333691,0.916366330372063,17.7238992779192,0.502465248696136,0.983879987000322,41.5910885892384,PCR
1.5363710709754,0.980540067362078,17.6813717398072,0.504995054663885,1.06613728207168,41.7321063162129,PCR
1.60969198079443,0.891398251124702,17.6334803774241,0.501608248773548,0.952818937088694,41.8434923185684,PCR
1.68889464694581,0.948149363240385,17.5786980945085,0.504328613896573,1.02379575327128,41.9306908505871,PCR
1.7737579909193,0.873475672411339,17.5184421659765,0.50101034900152,0.929943754561234,41.9837429564619,PCR
1.86401197689886,0.853372125211784,17.4531048976159,0.500149921598111,0.904360497164537,41.9989555533883,PCR
1.95973430950799,0.868689796842392,17.3816545537979,0.500891072624814,0.924283465033833,41.9797391459138,PCR
2.06079902718908,0.860408649582692,17.3038746087731,0.500532736329916,0.91357789310116,41.9257729096164,PCR
2.16696168953357,0.852180581416862,17.2196790586701,0.500120401348748,0.902855438758624,41.8364824771279,PCR
2.27786468881202,0.891323449861103,17.1290338979988,0.502521411717076,0.954367484592281,41.7115117841854,PCR
2.39329733738932,0.887564489210143,17.0313437750502,0.502693779827417,0.948402164712546,41.5538683163093,PCR
2.51236170553855,0.853936531161372,16.927719497658,0.500281533989299,0.905200853067863,41.3583039218275,PCR
13.31,9.22,59.05,5.18,3.16,10.07,RD
13.02757401,6.505710478,51.31622931,5.438418643,2.757819194,7.102155776,RD
12.64927527,4.877324371,45.6575191,5.457835588,2.506133565,5.099321919,RD
12.24379037,3.820348199,41.423052,5.306270587,2.341616326,3.72242754,RD
11.84063077,3.09189939,38.2220781,5.04422808,2.231463143,2.758363624,RD
11.44957038,2.565195772,35.79842275,4.719975321,2.157274086,2.071885468,RD
11.07176623,2.168900277,33.97483844,4.3692206,2.108058225,1.575629144,RD
10.70517279,1.860498544,32.62437741,4.016754245,2.076916483,1.212043299,RD
10.35111625,1.613425396,31.65377798,3.678787706,2.058843833,1.021037782,RD
10.03596834,1.410450014,30.98950973,3.364901134,2.047013784,1.001077622,RD
9.757428663,1.240093625,30.57197625,3.078687799,2.038445266,1.006462905,RD
9.499376712,1.094536469,30.35704537,2.8211078,2.032693755,1.034022069,RD
9.250708902,0.968284815,30.31196563,2.591966153,2.029457104,1.059931028,RD
9.004033017,0.857437372,30.41205252,2.390298576,2.028502765,1.02495223,RD
8.754436954,0.759164176,30.6382186,2.214691303,2.029650778,1.022759973,RD
8.498750932,0.671385255,30.97538757,2.063515257,2.032760645,1.080219858,RD
8.235058736,0.592554469,31.41137239,1.93509758,2.03772183,1.05124909,RD
7.962383665,0.521515443,31.9360798,1.827845894,2.044446587,1.023955055,RD
7.683128857,0.500596567,32.53785074,1.740248907,2.052333152,1.001602325,RD
7.395935128,0.507987456,33.20501669,1.670926879,2.061453213,1.020749117,RD
7.234284224,0.505761431,33.91868769,1.620185274,2.050045952,1.017541357,RD
7.561190043,0.506010724,34.60133316,1.587304005,1.954893702,1.020054408,RD
8.507344324,0.565316896,35.10074954,1.561016231,1.741126315,1.223294862,RD
8.301771561,0.511463485,35.44873452,1.510463881,1.688411445,1.06431502,RD
7.768972035,0.507782129,35.93029657,1.470501038,1.697468943,1.018078685,RD
7.276143552,0.516599363,36.52092952,1.446888447,1.708467548,1.034945207,RD
6.815881887,0.508752114,37.20084195,1.439258388,1.721019414,1.016804443,RD
6.381818919,0.500435024,37.95294916,1.447675253,1.735004836,1.000759796,RD
5.969843364,0.54351757,38.76159028,1.472669104,1.750319682,1.066964816,RD
5.577430223,0.543566317,39.61159419,1.515234136,1.766866967,1.060440177,RD
5.203291503,0.543562704,40.48763456,1.576876437,1.784550527,1.054413081,RD
4.847030767,0.543476107,41.37365983,1.659647753,1.803268817,1.048859485,RD
4.508894627,0.528508855,42.2524613,1.766189731,1.822909792,1.029043996,RD
4.1896005,0.512568574,43.10533822,1.899783421,1.843346009,1.011613404,RD
3.890194717,0.588516105,43.91186539,2.064377824,1.864430247,1.071270624,RD
3.611916066,0.57276562,44.64972384,2.264592108,1.885990674,1.05349373,RD
3.35609305,0.556063325,45.29468127,2.505658049,1.907826626,1.037810835,RD
3.124085042,0.538516115,45.82079702,2.793257425,1.92970538,1.023984156,RD
2.917253351,0.520274228,46.20089595,3.13321038,1.951360022,1.011754722,RD
2.736949359,0.501534501,46.40736199,3.530961293,1.972488547,1.000837979,RD
2.584540791,0.583832288,46.41340428,3.990799296,1.992756253,1.042857651,RD
2.461478008,0.564593597,46.19481969,4.514803607,2.011801848,1.0321804,RD
2.369398995,0.545223195,45.73230735,5.10150934,2.02924877,1.022355029,RD
2.310264385,0.526052259,45.01417196,5.744435773,2.044722438,1.013032449,RD
2.286517954,0.507436029,44.03912363,6.430714255,2.057873613,1.003843994,RD
2.301503973,0.579814486,42.81728535,7.140114553,2.068241508,1.045648624,RD
2.359676929,0.500982073,41.37274721,7.844618282,2.075307819,1.000586295,RD
2.464119945,0.510455248,39.7530184,8.511443891,2.08008115,1.006967013,RD
2.621528493,0.500905328,38.00387254,9.103641242,2.081942743,1.000683829,RD
2.838329817,0.507144261,36.18321232,9.584570607,2.081046371,1.006284483,RD
3.121157553,0.512443826,34.35086281,9.921985137,2.077657638,1.013005002,RD
3.47651618,0.503427603,32.56261348,10.09171722,2.071930862,1.004267625,RD
3.907506646,0.508006308,30.86851986,10.08073306,2.064679093,1.012088002,RD
4.415144945,0.501436811,29.30544185,9.88859068,2.056112869,1.00262055,RD
4.994852193,0.50877905,27.89949888,9.526916623,2.046635374,1.019787705,RD
5.63572284,0.514750061,26.66572702,9.018006528,2.036603234,1.041002028,RD
6.320007913,0.501621166,25.60953027,8.392507249,2.026318894,1.005325091,RD
7.024173279,0.507203625,24.72908237,7.68589431,2.016032024,1.028629653,RD
7.721134652,0.504490678,24.01745085,6.934946488,2.005947063,1.02092409,RD
8.383456819,0.509533218,23.46455678,6.174272416,1.996233638,1.051818382,RD
8.986596154,0.513975505,23.0587084,5.433550646,1.987035971,1.086437568,RD
9.51165011,0.518077999,22.7878249,4.735608615,1.97847988,1.123825114,RD
9.946605068,0.50342608,22.64019256,4.09588293,1.970676231,1.024857531,RD
10.28629175,0.507897362,22.6049411,3.522877036,1.963722394,1.060493041,RD
10.53140205,0.512351192,22.67233602,3.019265551,1.957702769,1.097289307,RD
10.68690205,0.516984475,22.83388678,2.583384727,1.952689309,1.13428824,RD
10.76039468,0.503208166,23.08235771,2.210702199,1.948742583,1.025094142,RD
10.76071279,0.508046165,23.41171771,1.895074784,1.945913317,1.060970339,RD
10.69686485,0.513299025,23.81704755,1.629715321,1.944244413,1.096018953,RD
10.57736229,0.519114045,24.29442887,1.407853914,1.943773002,1.12966418,RD
10.40985232,0.503531438,24.84082417,1.223147597,1.944532409,1.0227177,RD
10.20097754,0.509434692,25.45395439,1.069898475,1.946553862,1.055954755,RD
9.956389908,0.516089204,26.13217617,0.943138189,1.949867815,1.087220081,RD
9.680846712,0.523619006,26.87436107,0.838630142,1.954504914,1.116186361,RD
9.378350409,0.518522281,27.67977465,0.752825193,1.9604966,1.083296015,RD
9.052302615,0.512749182,28.54795381,0.682794652,1.967875346,1.052187457,RD
8.705654553,0.506212942,29.47858035,0.626158024,1.976674682,1.023055931,RD
8.341047353,0.550306718,30.47134696,0.581011796,1.986928823,1.16064986,RD
7.960935435,0.544917612,31.52581282,0.545866782,1.998672009,1.128903511,RD
7.56769231,0.538664657,32.64124711,0.519597426,2.011937706,1.099364195,RD
7.169617059,0.52936592,33.8135439,0.505580769,2.025718768,1.066216273,RD
6.759149045,0.500107127,35.0418237,0.500011977,2.041702666,1.00022065,RD
6.399578556,0.520095009,36.31165418,0.499991268,2.04873202,1.04366217,RD
5.973710962,0.500675883,37.63059271,0.503723859,2.067836658,1.001095778,RD
5.547982856,0.504553211,38.99801178,0.515418425,2.08879316,1.006411819,RD
5.126195988,0.515315887,40.40665633,0.535787397,2.111382776,1.018558767,RD
4.712621773,0.53033941,41.84585742,0.565953738,2.135190437,1.032308122,RD
4.308120956,0.503333207,43.3074202,0.607499617,2.160798451,1.003047792,RD
3.916277778,0.501796302,44.77819892,0.662668509,2.188075067,1.00139904,RD
3.540642862,0.517773474,46.24185578,0.734424492,2.216793261,1.011637908,RD
3.184142129,0.512286093,47.67927546,0.826697058,2.246832555,1.006851255,RD
2.849419969,0.547503968,49.06817846,0.944626077,2.278045741,1.021842543,RD
2.538757504,0.529155789,50.38252032,1.094863736,2.310242972,1.011427866,RD
2.253990147,0.509403759,51.59206702,1.285925554,2.343183423,1.003138112,RD
2.096906099,0.554172544,52.64861281,1.527979907,2.376177328,1.015321806,RD
2.002851125,0.501662212,53.48984723,1.831551994,2.408880663,1.000456937,RD
2.016036702,0.509536662,54.04691139,2.207484403,2.440476394,1.002625196,RD
2.086644874,0.554456944,54.28497473,2.668408688,2.470341362,1.015072173,RD
2.024236612,0.516253988,54.17721799,3.227010278,2.498003754,1.004566893,RD
2.004899412,0.50363204,53.69100742,3.892949213,2.522686518,1.0010476,RD
76.48,4.65,3.89,1.07,5.3,13.71,RD
76.3616657813902,6.05939030520674,2.88096914711426,0.707250586010843,2.69019258474204,3.83604440923695,RD
69.5035373295778,7.39668419171139,2.19428112463231,0.505517486871095,1.4444927612396,1.17334962013443,RD
62.6747139661809,8.67772936492723,1.74420781000941,0.502954570301088,0.774394271294892,1.01447590930456,RD
57.1812515603259,9.90692019220262,1.43618474952573,0.509614134841529,0.516281019838258,1.0449745849367,RD
52.6815573242657,11.1349683567702,1.2158814182288,0.529658558004142,0.555703767423031,1.133961581521,RD
48.9337606430436,12.3478878880475,1.0523356316062,0.511066195940167,0.522678900576686,1.0484990411494,RD
45.7641760946453,13.5101234902233,1.00283325874412,0.503946010624619,0.508797572705416,1.01680425936365,RD
43.0071968444335,14.5801524723881,1.02108956701689,0.531907080331559,0.577473184640374,1.13179029049732,RD
40.5931525035114,15.5409336878611,1.00805304750042,0.513106139402604,0.533997041056358,1.05274891327938,RD
38.4619549199074,16.3836385145913,1.02171097320614,0.53858599039092,0.607126133740332,1.15078782734884,RD
36.566808045594,17.1077319898078,1.01090458827178,0.520997965867315,0.561401647844536,1.08003148826783,RD
34.8706823617193,17.7189879566565,1.00214869389638,0.504505215436648,0.513794576366014,1.0167555813292,RD
33.3439299131896,18.227331867735,1.01313435441994,0.530689890958833,0.598550097399516,1.11096186181781,RD
31.9624606974593,18.6448451034072,1.00677882579606,0.517553026803265,0.558454137266461,1.06195586533944,RD
30.7065837153353,18.9842766217631,1.00175500003352,0.505088012447752,0.5175034200681,1.01753921791163,RD
29.5600344574247,19.257943521523,1.01430422606871,0.548513471926127,0.672916045225928,1.16250680548291,RD
28.509211890784,19.4771071580154,1.00918724187403,0.536030557025986,0.631754689422705,1.11796835821911,RD
27.5426837831171,19.6516791293111,1.0162791699149,0.578918058772954,0.79695921045679,1.25125867211088,RD
26.6507674288835,19.7901367163984,1.00719746489421,0.541766891431943,0.660101949077835,1.13039275229562,RD
25.8252213647499,19.8995767777945,1.00081188721187,0.50583988717467,0.522773638736123,1.01788205359153,RD
25.0589642081832,19.9858450587352,1.00440473319253,0.547189059910716,0.688119047998823,1.14067500375128,RD
24.3458815607837,20.0537033265865,1.0007701947736,0.512489046524764,0.550517273191779,1.03653684426897,RD
23.6806779729192,20.1069935126632,1.00043737906503,0.518172862147563,0.57473794409438,1.05197773492255,RD
23.05874248836,20.1487885645755,0.999704624081623,0.523686558702401,0.598921977674417,1.06625926015089,RD
22.4759095161463,20.1814054318267,1.00242480700442,0.529048645802378,0.623051773286887,1.07949061495398,RD
21.928198740471,20.2063606293957,1.00866359738759,0.534255482390718,0.647121815907461,1.09176051397875,RD
21.4119956038153,20.224752596146,1.01828540683356,0.539328592318273,0.671135863577871,1.10314823950799,RD
20.9241541482578,20.2375131116905,1.03120629602364,0.544287274480074,0.695095880369713,1.11373299197707,RD
20.4619485284262,20.2454493795403,1.04738410098016,0.549131104761625,0.718990071699591,1.12358440207988,RD
20.0229564491348,20.2491962290869,1.06681035799401,0.553855550856676,0.742797831119009,1.13274935786078,RD
19.6049773192565,20.2492101857301,1.08950792493449,0.558469305828868,0.766512091118026,1.14126210134292,RD
19.2060094255432,20.2458246136166,1.11553144811618,0.562986454052205,0.790152694809102,1.14916190590303,RD
18.8242485164063,20.2393085692905,1.14496719741404,0.567410334776611,0.813741374480177,1.156493026272,RD
18.4580710611058,20.2298835867285,1.17793169945037,0.571735502065677,0.837258793561673,1.16328783525878,RD
18.1059993107388,20.2177056611902,1.21457063057674,0.575961411446391,0.860648035912261,1.16956138569563,RD
17.7666680723445,20.2028526088292,1.25505910897269,0.58009451544704,0.883885247738588,1.17532870890112,RD
17.4388082389289,20.1853441455991,1.29960319929293,0.584137608648659,0.907032635679676,1.18060944236562,RD
17.1212417994948,20.1651806888072,1.34844180923364,0.588085498417611,0.930169577053729,1.18542143213601,RD
16.8133674257017,20.1439587629769,1.40184197759793,0.59187306583309,0.950962809623858,1.18960503133892,RD
16.5493046593234,20.1953159099319,1.45895955238063,0.50135870324575,0.506525334620501,1.00277209346218,RD
16.2548963037764,20.1501358624256,1.5216801028204,0.504314041454815,0.521576002238387,1.00867196598344,RD
15.9668522376056,20.1056499749252,1.59005974963805,0.540240900089424,0.703343386299701,1.07902448543604,RD
15.6843408553109,20.0610739890143,1.66452364282607,0.50013094457442,0.500665890503429,1.00025420489537,RD
15.4064896763139,20.0155511184113,1.74555342892072,0.504993818099692,0.525631867702249,1.00946533805914,RD
15.1324601027914,19.9683542340989,1.83369085383223,0.559780592623907,0.810539047831863,1.11027859058121,RD
14.8614351064839,19.9188395391411,1.92954248231261,0.545602684813789,0.7388998253101,1.08253839019705,RD
14.5926131952315,19.8664193412434,2.03378809401001,0.531713901771476,0.667582794251334,1.05629442659354,RD
14.325205551676,19.8105439672282,2.14719350448296,0.518121079510565,0.596608472253758,1.03153116915281,RD
14.0584304157886,19.7506790383651,2.27061745141761,0.504832650622317,0.526000301831896,1.00823825982749,RD
13.7915075981518,19.6862880221219,2.40502225028932,0.55623656438916,0.806806231270675,1.09294707523121,RD
13.5236545130846,19.6168184070241,2.55148766926257,0.54283178933831,0.73601975085681,1.06923350478932,RD
13.2540830965656,19.5416902939928,2.71122684722893,0.529747866559611,0.665637240361064,1.04698287614789,RD
12.9819970557009,19.4602869519787,2.88560461598568,0.517000614806526,0.595697977631393,1.02620721378496,RD
12.7065890794797,19.371943145287,3.076160531405,0.537423009809492,0.713718643629052,1.0558751490724,RD
12.4270391499899,19.2759349385911,3.28462863411097,0.556982355605912,0.83048897903219,1.08221402191534,RD
12.1425132607999,19.1714670787767,3.51296572781679,0.575599435973764,0.945837734366319,1.1051101393786,RD
11.8521633596052,19.0576605792817,3.76338486306379,0.505939199235967,0.535292646865325,1.00811527268341,RD
11.5551283460444,18.9335417963296,4.0383907318246,0.524970464717967,0.651208202550558,1.03271706138645,RD
11.2505359696832,18.7980279497377,4.34082778404865,0.542941677377211,0.765469653807584,1.053696717947,RD
10.9375079732777,18.6499169073225,4.67392825670715,0.559733634581001,0.877853231888819,1.07087498689195,RD
10.615166735779,18.487872496087,5.04136537816282,0.575204774710619,0.988081400260209,1.08404576244037,RD
10.2826452580945,18.3104050002337,5.44731943858412,0.51375819691655,0.590385010836751,1.01493483821673,RD
9.93909931835931,18.1158536153398,5.89654697339645,0.52973282640429,0.701358637356909,1.02995200173202,RD
9.58372657164092,17.9023653379914,6.39446856524743,0.544173548223746,0.809721828560081,1.04067739823059,RD
9.21579036397891,17.667884312298,6.94726079440514,0.556868635007982,0.915093688098408,1.04684589984672,RD
8.83465068335606,17.4101445374093,7.56195740933448,0.50434346468448,0.532295898522113,1.00337402287216,RD
8.43980181337458,17.1266591737588,8.24655715510026,0.517736085772034,0.638870506430819,1.01169088317777,RD
8.0309189973116,16.8147131530261,9.01013831698216,0.529069638965157,0.741912640035283,1.01512930104162,RD
7.60791821272408,16.4713531386728,9.86297557797037,0.538030379162519,0.840761470091117,1.01340270850793,RD
7.17102319557352,16.0933970107483,10.8166450427913,0.544251863256776,0.934684251305316,1.00624285293064,RD
6.72084645170453,15.6774854666959,11.8841065722598,0.507735470938215,0.579624459686438,1.00022415706037,RD
6.26226403980683,15.2951230894678,13.0753094503859,0.515557195799123,0.550789468593722,1.004789671531,RD
5.79046713583421,14.7808486879784,14.4101310683153,0.500247559566501,0.503252559391271,1.01547433871621,RD
5.31162472731944,14.2195062911111,15.9064193179717,0.504784731049608,0.578905370544544,1.03492268690454,RD
4.82938366024193,13.6097161125264,17.5815827629793,0.502538895421636,0.556060314253893,1.06376622330532,RD
4.34772567953734,12.9486807605524,19.4539242040828,0.500945171697167,0.534361676587978,1.10272799261191,RD
3.87121295377941,12.2348132712492,21.5414423687674,0.500095634506969,0.513939877808507,1.15272143504793,RD
3.40496050979213,11.4681636144707,23.8606863100743,0.501577372966106,0.626902560895111,1.21485297274112,RD
2.95480196665741,10.6592464412873,26.4240962870736,0.510861393403616,0.501622236301395,1.2908866280596,RD
2.52618823309357,9.79490369656171,29.2383820029469,0.528471937535117,0.552126694602053,1.38138260061025,RD
2.12734618537792,8.89501797734391,32.3030279500249,0.556293895188221,0.579377589238416,1.48852619391512,RD
2.00296677222765,7.9693487849757,35.5876025383359,0.59616945840378,0.50164063067848,1.61173051997207,RD
2.03198814271402,6.98863795588238,39.0092882277054,0.647414050553755,0.499841883416928,1.74416184997969,RD
2.0419895413012,6.03478666564496,42.526480641496,0.715772926555134,0.518172742128687,1.88558849520027,RD
2.05928372887126,5.16504001571965,46.0802153935497,0.809038209435997,0.522420667489313,2.03698449012903,RD
2.0413824175147,4.34568891199674,49.6041025794323,0.931222448652229,0.513880280066463,2.19842119553597,RD
2.02044947329895,3.593513042416,53.0291249713028,1.09111970289254,0.5061670343615,2.37021589842318,RD
2.30847256228742,2.92091442024747,56.2813672907536,1.30051212030065,0.583364173573446,2.55263520539115,RD
2.31534303521789,2.33519023839206,59.2844831947625,1.57505054000038,0.579797786317664,2.74588427195358,RD
2.31900013722882,1.83834734906985,61.9616201164268,1.93529915486288,0.57743420121353,2.95009214353605,RD
2.31903837330968,1.42755086553127,64.236637893633,2.40788091552969,0.576318397335824,3.16529938920667,RD
2.31506843897143,1.09610292147371,66.0342001428619,3.02649324013122,0.576492432158642,3.39144026687687,RD
2.30672110980325,0.834717361545487,67.2790926792549,3.83236412085618,0.578009661039316,3.62832677732937,RD
2.29365412350433,0.632841056342477,67.8957060782313,4.87349648233733,0.580932570309434,3.87563142209695,RD
2.04016070279091,0.508369813265832,67.7717639791447,6.20171396143529,0.512174099167671,4.12787781182448,RD
2.02732914155828,0.505898367920634,66.8994995518383,7.86389655950992,0.509662837955366,4.39410582392054,RD
2.05004538429619,0.511241209120819,65.1846936936072,9.89417856306594,0.521594406951479,4.66890408317031,RD
2.0771020329338,0.518194460387429,62.6188452965136,12.2953725437205,0.542648363847661,4.95118067105055,RD
2.11518239559011,0.529112835528916,59.2451056180342,15.0232014939692,0.587379050463351,5.2398045050415,RD
70.94,3.78,10.94,1.21,5.09,13.05,RD
63.3169421151207,3.42074404648469,6.81600951897133,0.959158319961192,3.95927150175319,7.60226368886132,RD
55.3991220772779,3.21889822829146,4.59488111477191,0.781435819925533,3.18198352760192,4.8531229862142,RD
48.0213369197628,3.09503129565373,3.31847415177695,0.65584311626601,2.62870245329882,3.37226182412876,RD
41.440578881678,3.01388539434639,2.54291010157704,0.566188340061944,2.22260750147753,2.52655826488677,RD
35.686314919669,2.95794137364285,2.04975040039599,0.501555334228609,1.91639680700954,2.02135893028917,RD
30.7068127589259,2.91752625681375,1.72482471634935,0.500926389582219,1.67982414478693,1.71143717486876,RD
26.4202361355782,2.88703411681534,1.50537250625539,0.500899472941823,1.49306238541251,1.52123597537172,RD
22.7384402849207,2.86311696271889,1.3553362141437,0.501486851067514,1.34279313389534,1.40969818280687,RD
19.5406324673959,2.84642172076516,1.25590992095941,0.512149412862685,1.21981104967461,1.35387620947803,RD
16.5927607185208,2.84771969462325,1.20740382849974,0.660121995834788,1.11780052301951,1.34290572247545,RD
14.3167597572445,2.83066157202753,1.16501529296267,0.64250140121017,1.03179266918865,1.36800864709833,RD
12.3638593523123,2.81488748688352,1.14253137690891,0.6310939956817,0.958186255860535,1.42429648718922,RD
10.6886164602998,2.79974964148491,1.13612862827136,0.624784099305208,0.894406618445076,1.51072913867983,RD
9.25186088278234,2.78473166776608,1.14319752987927,0.622740083941263,0.83849193693868,1.62794797430009,RD
8.02001476813928,2.76941078327048,1.16196438522697,0.624340925514258,0.78893653276837,1.77796070487846,RD
6.96423902732503,2.75342876755911,1.19121497098666,0.629117340886718,0.74456238467588,1.96392952209813,RD
6.05980526137252,2.73647493382459,1.2301344769973,0.636716125021375,0.70443892344772,2.19009048696267,RD
5.28557453969245,2.71827497498124,1.27820765845015,0.646876977789868,0.667828820714291,2.46172170193894,RD
4.62342382889537,2.69858065499441,1.33512426652901,0.659410574805181,0.634134847798176,2.78512998396907,RD
4.05781699806237,2.67716429145727,1.40072610149167,0.674186245311019,0.602867371616718,3.16765112048517,RD
3.57549129193575,2.65381612534762,1.47497858542235,0.691125941638599,0.5736253651916,3.61763974886565,RD
3.16514309830314,2.62834169279548,1.55793893788551,0.71019847041887,0.546077080451565,4.14442498531836,RD
2.81714463634371,2.60056004608405,1.64972871121076,0.731415300375169,0.51994366106457,4.75821134751742,RD
2.52333639955116,2.57030367832064,1.75051753733572,0.754829645115798,0.500316199576548,5.46993375680932,RD
2.2769943056514,2.53751625518999,1.86050586657339,0.78057912287579,0.500474829282437,6.2913335802451,RD
2.07234583287959,2.5020359954477,1.97990775925675,0.808797750377108,0.500846035881404,7.23387852060621,RD
2.02382392588234,2.46376173356675,2.10845463727835,0.83957200788949,0.504027073834464,8.30595391203565,RD
2.00848275438519,2.4226235524377,2.2445129994042,0.872721886714538,0.501730451626957,9.50599384462074,RD
2.02638177103366,2.37860313023009,2.38810866840605,0.908504360571577,0.507200985338814,10.8379774253299,RD
2.01997272998511,2.33169631629017,2.53950056643956,0.947282079482742,0.507909245229721,12.304652421827,RD
2.01202566875428,2.28191404558255,2.69892734387927,0.989460456565103,0.508682649606086,13.9055000576891,RD
2.00246688075946,2.22928449048305,2.86660276472409,1.0354922025246,0.509524485769826,15.636067072788,RD
2.00694757034881,2.17385539557426,3.04266590840201,1.0858701139744,0.510439313276581,17.4871078701225,RD
2.04978847641405,2.11570157551548,3.2267434591372,1.14103546479027,0.511446249672076,19.4407755869891,RD
2.13534183655313,2.05494195039159,3.41780572473891,1.20134151039521,0.512534231045377,21.4689431644381,RD
2.27017414492716,1.99175016082342,3.61440593283366,1.2670862702593,0.513707523430182,23.53545616094,RD
2.46350004992356,1.92635942689743,3.81456615825816,1.33846363122586,0.514960084244808,25.5964881239576,RD
2.72775337059872,1.85906868836562,4.01561450165704,1.41549223837935,0.528070374321744,27.6010742818623,RD
3.0791959705136,1.79024898995254,4.21401868273686,1.49792681357837,0.518603192780813,29.4921606723295,RD
3.53837709281155,1.72034845397541,4.40521249342269,1.58515463998497,0.508277187310024,31.2077282873531,RD
4.13031481808188,1.64989749172077,4.58341354568307,1.67606437281585,0.536086755319506,32.6822650791218,RD
4.88413169537208,1.5795361399476,4.74148255331625,1.7689396432035,0.503275664727098,33.8496107420615,RD
5.83025132233761,1.50989484356009,4.87098233346457,1.86115073656661,0.502102117683504,34.64079948968,RD
6.99722794836471,1.44177200873054,4.96244537982193,1.94936648932275,0.50208979847258,34.9954418857424,RD
8.40409731870635,1.3759743517881,5.00613024821616,2.02941841716885,0.511657689979389,34.8635807421607,RD
10.05113558336,1.31332926912993,4.99316730648534,2.09657115378374,0.522924703720463,34.2152480494587,RD
11.9089113306408,1.25463032155614,4.91733538208781,2.14604155835688,0.51455067574604,33.0515662895213,RD
13.9105232324266,1.2005794209521,4.7768991154393,2.17372919538423,0.505743163828032,31.4136855787891,RD
15.9512064902667,1.15172330226404,4.57607370073005,2.17707056955795,0.523814465699878,29.3863348940368,RD
17.8997942450119,1.10840111391205,4.32527350796852,2.15571262226057,0.514678843612999,27.0911912386002,RD
19.6207283745401,1.07071663085262,4.03980234098686,2.11173703425153,0.505347715372321,24.669975178446,RD
20.9999091247522,1.03854290555477,3.73726668726127,2.04930637654093,0.523399135371316,22.2619068249101,RD
21.9648758278932,1.01155860113336,3.43459326310064,1.97384084126763,0.513918661017026,19.983230057611,RD
22.4926677856459,0.989304370324622,3.14566889638989,1.8910385633794,0.50462066570032,17.9152078668182,RD
22.6049345696499,0.971244427190066,2.88017324107829,1.80605304023512,0.521575129363862,16.1023511918655,RD
22.3549853110956,0.956820493956695,2.64357652185517,1.7230048885721,0.512418574128953,14.558298102494,RD
21.8127625844675,0.945491476951891,2.43788688493253,1.64483225651658,0.503732919473957,13.2750794695399,RD
21.0520890944611,0.936757799740051,2.26267415039213,1.57338271816382,0.519048677310006,12.2322401708242,RD
20.1420026299555,0.930172991916688,2.11603268218227,1.50962509755094,0.510696293216195,11.4039571734436,RD
19.1420831061135,0.925346309222673,1.9953292511134,1.45388889850915,0.502890373190137,10.7637455839328,RD
18.1008021330908,0.921939933322355,1.89770894603589,1.40607829661527,0.516591661720973,10.2871090143969,RD
17.0557643586766,0.919663463651537,1.82039836288025,1.3658401458325,0.519248302535589,9.95274318153478,RD
16.0349391135723,0.918267339342811,1.76086173589895,1.33268416456156,0.502264503226417,9.74283703532888,RD
15.0582592679988,0.917534676133291,1.7168667367687,1.30606299318094,0.514674140764616,9.64290533455106,RD
14.1391992814638,0.917275504495182,1.68649019729259,1.28542088436433,0.525908782973205,9.64136129833863,RD
13.2861759745597,0.917321434840227,1.66809310608552,1.27021936718988,0.510367442719605,9.7290078259641,RD
12.5037943242789,0.917517194859277,1.66028946624356,1.25994892915644,0.519735395413432,9.89856055983127,RD
11.7938001925913,0.917715559131606,1.66190750971657,1.25413126439901,0.505964341675055,10.1441828291274,RD
11.1558256923604,0.917773024977414,1.67195172672428,1.25231583917448,0.511402171960173,10.4610651968612,RD
10.5879578326241,0.917545183466822,1.68957061068168,1.25407300049323,0.501747073015806,10.8450684236593,RD
10.0871556311676,0.916882955125192,1.71402878875282,1.25898565458474,0.499861002188987,11.2924124476405,RD
9.64954137988636,0.915629472854023,1.74468443315426,1.26664029517811,0.50591638611701,11.7994824363313,RD
9.27056637605939,0.913618753738659,1.78097263930087,1.2766210526994,0.534104952018923,12.3631025402738,RD
8.94502876815923,0.910675527598603,1.82239499122538,1.28850694431014,0.591620541243994,12.9805056924522,RD
8.66718599655119,0.906610331144495,1.86851523496626,1.30186397959037,0.687130650926214,13.649129813293,RD
8.43072933995063,0.90121498315143,1.91896009859907,1.31623845408223,0.830881383835028,14.3668606687697,RD
8.22868787079912,0.894258921322415,1.97342688581884,1.33115364886708,1.03478568940243,15.1323684142415,RD
8.05328384218603,0.885483607479788,2.03169840559017,1.34610624627773,1.31249833681466,15.9454926921322,RD
7.8956938341309,0.874594902969016,2.09366653709387,1.36056259399238,1.67946623186865,16.8078315851191,RD
7.74572454504456,0.861253269650305,2.15936633835538,1.37395511445575,2.15295135768607,17.7234901780846,RD
7.59135764828399,0.84506047852304,2.22902401554568,1.38567725933769,2.75202023125448,18.7000173455755,RD
7.41808135216593,0.825541849002485,2.30312381155522,1.39507606145218,3.49748955818172,19.7496310831053,RD
7.20792142064659,0.802123084607611,2.38250174424954,1.4014417070565,4.4118162711981,20.8908320490213,RD
6.93795923406173,0.774100028426571,2.46848195503378,1.40399315117345,5.51891061622787,22.1506415691049,RD
6.57802302990423,0.740600539476521,2.56307838563369,1.40186075569695,6.84383923937638,23.5678270111262,RD
6.08694834547127,0.700537225098067,2.66930952254166,1.39406962764385,8.41233667642389,25.197847924512,RD
5.40628178577233,0.652552403080458,2.79170381601929,1.3795332321769,10.2500216978339,27.1207404132738,RD
4.44908504484869,0.594967209884732,2.93718782455483,1.35710318634357,12.3805270854387,29.4548658469728,RD
3.07971930345516,0.525762730623701,3.11665827205847,1.32575895689311,14.8214847493946,32.3810385786954,RD
3.0567708744575,0.528501957678787,3.32923584128957,1.41245153561568,14.0687963593437,35.7909724502394,RD
3.93386819688173,0.529943701341599,3.53244062948199,1.55909906794843,12.0913932876575,38.6623172980791,RD
5.16541506501952,0.52821755033075,3.71212888787288,1.7084602562426,10.3879133436582,40.7383683834479,RD
6.86161161323693,0.523801033695475,3.85245972515057,1.85427997187961,8.91579926812941,41.8384401533112,RD
9.12683170220579,0.517289691055029,3.93427584047205,1.98738243221905,7.64154833623588,41.8138440856625,RD
12.0163058036258,0.509391891720011,3.93766765808362,2.09605405336205,6.5380648701561,40.577586249486,RD
15.4740061401702,0.500896680483856,3.84721002662777,2.16775181898724,5.58335857320183,38.1519705500819,RD
19.2790612470213,0.501376062299086,3.6588562601989,2.19232468051825,4.75974515299179,34.715621438237,RD
23.0499394602128,0.500188438324903,3.38526720603388,2.16582288874003,4.05303796994244,30.6096232613763,RD
26.3376583533577,0.50087293721761,3.05498450460684,2.09274475278563,3.45138853131594,26.2710790103704,RD
56.08,2.93,14.19,7.79,5.77,13.23,RD
53.7493651857285,2.44016136323941,10.0760899132983,6.07604164449253,4.37026694070971,6.26374260627337,RD
48.5201125442025,2.12443855766755,7.57840805056649,4.64540645934666,3.43576215061901,3.23711941165053,RD
42.7582474780969,1.9009098154411,6.05935758131691,3.54752294136584,2.78062957386325,1.85148104487119,RD
37.3005054174678,1.7301373635619,5.12214523862271,2.72710708141623,2.30349581367545,1.16690311527696,RD
32.427485866703,1.59167514731771,4.54356405467042,2.1167093677537,1.94451005575453,1.01426636047069,RD
28.2335513328618,1.47412910142104,4.19693278295185,1.66023765450153,1.66592708845156,1.03275648053339,RD
24.6101426248867,1.37073194181582,4.01025690463243,1.31538834461679,1.44506854431007,1.01736863460275,RD
21.4608934113719,1.2772271983697,3.94300078770599,1.05214444730702,1.26686155147482,1.010315768251,RD
18.7128846145744,1.19079051762272,3.97225130315547,0.849184742108747,1.120815546821,1.03080554468969,RD
16.3059606385975,1.10947608103548,4.08570686131775,0.691264239117852,0.999507687329567,1.00117358872376,RD
14.1904307160773,1.03189097498294,4.27794136794592,0.56733148423663,0.89754722935534,1.00049537009186,RD
12.3290027812177,0.957015822912014,4.54794392141185,0.5001932836379,0.81087980577896,1.00001398954503,RD
10.6909550440278,0.884030687159998,4.89491180786471,0.504126578900961,0.736383209842254,1.00755161079114,RD
9.25016696877766,0.812492470722251,5.3230693597781,0.516945863992585,0.671729106623811,1.03985602950182,RD
7.98399830084103,0.742160903044687,5.83969517822018,0.514101345018225,0.615107625294511,1.09679429280302,RD
6.87225984856036,0.672943837934595,6.45370677458124,0.52426570651285,0.565104821247834,1.17902103941154,RD
5.89709306658219,0.604895929439805,7.17544540847037,0.521959513334116,0.520600495862993,1.28852889345237,RD
5.0430478359792,0.538223753815615,8.01568004258483,0.501287632513017,0.500745843344455,1.42850247374657,RD
4.29629326067222,0.500983241826491,8.98784610419128,0.500918971969655,0.500563127402705,1.60336390838301,RD
3.6448686876257,0.525291045731474,10.1025484802501,0.518896520199493,0.512675351384694,1.81870923893464,RD
3.07814894962522,0.50202848616934,11.3711760329743,0.501266156599015,0.500924744310596,2.08144245952478,RD
2.58682160272397,0.505851796196403,12.8042199159822,0.502865848336009,0.502387860864854,2.39983526984619,RD
2.18318129071097,0.550774410999175,14.4096531093426,0.51787244378704,0.518408315349559,2.78356296377055,RD
2.03330418946374,0.510263658850246,16.184010339461,0.50278729802867,0.503450356871227,3.24025940101861,RD
2.00428665420223,0.501421564462107,18.0993302914517,0.500268538564041,0.500443139909343,3.76723469903629,RD
2.17175024677715,0.562330210934252,20.1400199075957,0.506216883608257,0.517844457403563,4.3700006856802,RD
2.21087888245291,0.582626501665126,22.2919019015456,0.502803458277619,0.522169464401502,5.05613126202707,RD
2.02602492815536,0.510788044202965,24.5365528749791,0.499902826390427,0.502773567637993,5.83286463759686,RD
2.06253711096508,0.527997439819013,26.850845999749,0.505759356131894,0.506851496762477,6.70667951170612,RD
2.09922202330359,0.548048873100061,29.206233947965,0.521351426289425,0.511292332280732,7.68273218453401,RD
2.13505980679424,0.57093367729873,31.5707335708159,0.547768141939933,0.516156876882257,8.76431468823388,RD
2.16883311334021,0.596566030937515,33.9105346109676,0.586668357947204,0.521508640692648,9.95225845597938,RD
2.19917746461554,0.624762694143404,36.1911221257692,0.640404888206698,0.527407355849126,11.244335271162,RD
2.01614176223555,0.510867064175231,38.3784122633883,0.712206774940124,0.502375378390334,12.6347441786741,RD
2.04739775431389,0.535442654570076,40.4396345138736,0.806413440006609,0.507743377762343,14.1137586201708,RD
2.07406745018043,0.56225335032651,42.3438035127834,0.928773181422308,0.513688268114593,15.6676031813942,RD
2.09480512830398,0.590947031476343,44.0617134583244,1.08681290530144,0.520249551722217,17.2786217570623,RD
2.10836136625734,0.621103536632066,45.5654396378642,1.29027231002995,0.527454227324336,18.9257585645736,RD
2.11361457804107,0.652236284278176,46.8274039103835,1.55157807951478,0.535315870347317,20.5853283168289,RD
2.00408627157383,0.506428429454623,47.819143558926,1.88629422876801,0.501521235698755,22.2320065626077,RD
2.01702720067256,0.535218077934041,48.5100280516066,2.31341986907432,0.50859874411734,23.839931918103,RD
2.02107028146858,0.564459818403976,48.8662959542888,2.85531483628996,0.516316709900683,25.3838020066806,RD
2.01507670930067,0.571598336908954,48.8444417451108,3.5366532584677,0.522992832833872,26.8371564108024,RD
2.00032805354801,0.523665736423356,48.4179723992817,4.38314340807763,0.506221472773248,28.1833118811093,RD
2.02276972820421,0.544878198073562,47.5439481821659,5.4172033895095,0.511659667402058,29.3998550011718,RD
2.10786784615305,0.579970309349357,46.1783968056097,6.65085937949188,0.520600105088895,30.4494124889472,RD
2.26630593354169,0.503202940144163,44.2962957359609,8.07700188661581,0.50082288743068,31.2903737893155,RD
2.51543578160917,0.668792130875323,41.9067797490552,9.65979856317329,0.543740017697047,31.882058466723,RD
2.88079630212785,0.595668452505051,39.0629098605953,11.3279498305415,0.525246292352726,32.1845402758776,RD
3.39745954975561,0.51956802368782,35.864303038322,12.9746897540143,0.505326131772285,32.1582148702539,RD
4.11009640665886,0.626161831821156,32.4484236716096,14.4678794966648,0.536420897868809,31.76343826891,RD
5.06967281295467,0.549980850459894,28.9707794385953,15.6696711140972,0.515472331958896,30.9615074511905,RD
6.32390174992253,0.629057595395061,25.5802650002554,16.4607045422865,0.545658945982257,29.7193890677138,RD
7.89878727208426,0.556089943209849,22.3982983499131,16.7619483206379,0.524099678078419,28.0210675105295,RD
9.77244449160454,0.505997341369567,19.5082980481309,16.548746148405,0.503963659030384,25.8859872857685,RD
11.850746459433,0.503804585806958,16.9562779114788,15.8548766663252,0.525614852460486,23.3885937672213,RD
13.9620813770598,0.501508374089401,14.7582403253999,14.7663835021757,0.501289589467666,20.6654240047348,RD
15.8740753210733,0.532371293998539,12.9097031348179,13.3937345608265,0.518700506087861,17.8983890392354,RD
17.4099453227874,0.511977883250213,11.3928709229879,11.8922251715968,0.511908480736008,15.2704035192933,RD
18.422086720432,0.51406593340556,10.1770951293296,10.3705997849224,0.514770791055255,12.9192091616737,RD
18.8705598318675,0.518655273252555,9.22900256648271,8.92094298363547,0.520403606348274,10.9215557751273,RD
18.7992183138807,0.503542295898041,8.514088188569,7.60123465987977,0.503961774334456,9.29278331994056,RD
18.302779236234,0.503530678327961,7.99970647587323,6.43889481895029,0.503994821364065,8.00651169712617,RD
17.5434876463264,0.603650447139013,7.65649518703717,5.45115644277796,0.63401469293906,7.01489896734937,RD
16.5253900121183,0.532488898441309,7.45901191885682,4.60200953294017,0.550793969303799,6.26541917617588,RD
15.3828639976394,0.503369776808331,7.3951782072826,3.89072928661366,0.503604184455499,5.71730331748969,RD
14.1856892435041,0.509177386634421,7.45162743121054,3.29873900430117,0.509129613754117,5.33280302478329,RD
12.9871415662495,0.50163922382025,7.62024485818088,2.80842715381935,0.501597983519,5.08278839144294,RD
11.822586087525,0.502838658194015,7.8967250602063,2.4033851334767,0.502597022059674,4.94562539803197,RD
10.7135981165814,0.500258349758717,8.27992101211977,2.06902995081902,0.500194353656247,4.90638779879648,RD
9.67933597431456,0.504127154913559,8.77102183173488,1.79406493651851,0.503506488941135,4.95517393557701,RD
8.72858602876461,0.501128798524994,9.37272444477341,1.56859570859467,0.500873688821349,5.08572495943961,RD
7.76309415944773,0.735217879586757,10.0906951201417,1.36832384499267,0.728311174202941,5.29808202215613,RD
6.87267842321624,0.982979148387906,10.9309739933224,1.20024732026858,0.993796907630492,5.60332376771384,RD
6.16115521585521,0.830702480803046,11.9021464608791,1.07645122742624,0.896258314438812,5.99335504798351,RD
5.51841199894161,0.69276428479604,13.0112775663648,0.975718609230221,0.809134266105418,6.471217246023,RD
4.94094313234298,0.569023513413406,14.2642972531006,0.894706020820128,0.730772132122982,7.0428463655586,RD
4.42487088852065,0.510619619229374,15.6648218234074,0.830780014751457,0.659809047924579,7.71486919814119,RD
3.96622249901932,0.500871673693385,17.2119963356911,0.781891955399934,0.595098125925607,8.49409242060891,RD
3.56106398313477,0.507833614978017,18.9027686474496,0.746633758802054,0.535786358071978,9.38686823979616,RD
3.20559093966103,0.508038927856242,20.7309903743374,0.724162225062526,0.50301129939139,10.3983836389582,RD
2.89636720309344,0.513788368056516,22.6861138177661,0.714190894832462,0.50489415251905,11.5317203269966,RD
2.62980658855591,0.502238913975908,24.7518048515871,0.716892060896998,0.500759851295793,12.7869945550445,RD
2.40254054411412,0.565049205961152,26.9064419118723,0.732997409785308,0.521093411058033,14.1606546673081,RD
2.2114481511857,0.543400837342722,29.1228287592229,0.763887842506979,0.513655296343169,15.6445815732455,RD
2.05374929266386,0.518184775277552,31.3688467322079,0.811713427357437,0.505582543912653,17.2256097263776,RD
2.00173266164737,0.50343078364444,33.5994080098554,0.87945884896498,0.501033845722563,18.8765611811426,RD
2.02776241111723,0.57701028968754,35.7612030193159,0.971080774226035,0.522857829691761,20.5510163237541,RD
2.01847470925367,0.575418934512473,37.8119378892744,1.09195244570877,0.522194632615405,22.2206359546219,RD
2.00993702406002,0.572981352050999,39.7152163786227,1.24919541388149,0.521378532690262,23.8616010685514,RD
2.00227870898774,0.569707294397483,41.4351791957018,1.45203334846384,0.52040300647388,25.4510140782964,RD
2.00429390462739,0.565625958437275,42.9360296141069,1.71219296620297,0.519267063942646,26.967493101113,RD
2.03594375700115,0.560778623682577,44.1772201158008,2.04414616202178,0.517976061356167,28.3856510603485,RD
2.09992951997386,0.555224134134504,45.1130522732949,2.46506630464665,0.516527852297935,29.6760486058184,RD
2.20009651361752,0.549045443696844,45.6965252691612,2.99435600412982,0.514926354839255,30.8107237301836,RD
2.34220398275982,0.542349873756507,45.8802846841953,3.65225118812195,0.51317803503806,31.7633809004651,RD
2.53454320345001,0.520144924131801,45.6170574486234,4.45699150434163,0.506444710048738,32.5089460607854,RD
2.78854106214772,0.526837535432395,44.8718127023749,5.42057480606424,0.508902094829758,33.0230260501641,RD
3.11970218083459,0.529714684951552,43.6174563154624,6.54188604472719,0.510300543271298,33.2812415532563,RD
50.39,3.69,21.45,4.16,5.72,14.59,RD
49.5004589139607,2.79190458435447,13.6625662865885,4.23320875313286,5.29108831912239,5.06553276335463,RD
45.4781607621905,2.30467394192338,9.04181374764237,4.28853573361613,5.20655026633863,1.87937523507005,RD
41.5555958988166,2.00474898865865,6.2173246889925,4.38089192890934,5.26898775588026,1.00868276533777,RD
38.6124234001191,1.80202187162815,4.40355683241828,4.51829224437446,5.38887213093552,1.05320401180016,RD
36.434901412198,1.65509527114645,3.1846701123261,4.69353469358057,5.54036420707462,1.00270040341497,RD
34.7721515377972,1.54270786651091,2.33805712717313,4.90079438783342,5.71436206541007,1.15349874061284,RD
33.4754643551292,1.45290934692316,1.73555493222337,5.13618852700127,5.90436290244388,1.00477741283551,RD
32.4514264492208,1.37852373702162,1.29891075908367,5.39683891868921,6.10532237515481,1.0480457176252,RD
31.6471947299351,1.31486461480403,1.03372069185857,5.68052065988245,6.31212505888848,1.07772740258206,RD
30.9748327548618,1.25657882993365,1.04755590980916,5.98600119305717,6.52281266886266,1.11234294325009,RD
30.4008544614657,1.20089670196686,1.03009094947359,6.31303534976335,6.73464308675125,1.07041568101283,RD
29.9200650746963,1.147600639517,1.10923173161276,6.65999940145518,6.94499547304181,1.25271609642325,RD
29.5256598357809,1.09653343264566,1.13587058043017,7.02485530480672,7.15159530286394,1.31106300361999,RD
29.2116731204676,1.04755328952414,1.0456468604332,7.4051847080833,7.35228202018948,1.10363961561046,RD
28.9727805510368,1.0005330988196,1.13790592909556,7.79817813957431,7.5450405834656,1.3095683027054,RD
28.804118338104,0.955359807795829,1.04782376059396,8.2006523670645,7.72804023461026,1.10651224348123,RD
28.7011529787339,0.911933992113078,1.14104420674594,8.60908534492295,7.89966969235567,1.31084958118442,RD
28.6595687022429,0.870169147063349,1.05037406834307,9.01967906867905,8.05856587918349,1.11024040271414,RD
28.675175148128,0.829990788924795,1.14511378724129,9.42844198563021,8.20363316079198,1.31470102326406,RD
28.7438201982473,0.791335346841244,1.05326255104861,9.83129360589682,8.33405659878306,1.11483051041714,RD
28.861325214284,0.754148873024034,1.08480758898825,10.224183062943,8.44930447324401,1.18163304971326,RD
29.0234417156521,0.718385753026366,1.11708241591028,10.6032013242125,8.54912318256351,1.24934096176921,RD
29.225824268428,0.684007406781852,1.15013881391906,10.9646866271459,8.63352470780803,1.31824616106519,RD
29.4640076364094,0.650980647490535,1.18400386011736,11.3053489050693,8.70276617261485,1.38858801371972,RD
29.7334057004403,0.619276101142892,1.21868106501325,11.6223737895056,8.75732337261925,1.46055802227699,RD
30.0293347887344,0.588866853135399,1.25415226885588,11.9134920097892,8.79786068630729,1.53430291500848,RD
30.347053994958,0.559727312280334,1.29038047099713,12.1770176452069,8.82519911680802,1.60991767855427,RD
30.6818135029914,0.5318322373394,1.32731290548684,12.4118625516384,8.84028391421462,1.68743531213379,RD
31.028906320038,0.50515590142817,1.01976424192371,12.6175313044641,8.8441528730468,1.04152203530141,RD
31.5108783987836,0.501969272756834,1.00435864245072,12.7960279381546,8.8157412149232,1.00536664805294,RD
31.8671516020745,0.503272035138096,1.03958231839698,12.9368116946395,8.79825415887796,1.08332370123352,RD
32.2156696874066,0.506616020483575,1.08037942722834,13.0500119650419,8.7738669140882,1.16941957528776,RD
32.5586530091278,0.508024343047913,1.097905512365,13.1375238989696,8.7427945849175,1.2067143125231,RD
32.8925701909124,0.51088970257297,1.13345449610911,13.2011864370816,8.7061649867483,1.28236376951427,RD
33.214331509873,0.504418321470923,1.05434930927012,13.2430469148126,8.66504383145957,1.11522756064915,RD
33.5212593782139,0.518111620383575,1.22391614232963,13.2652697447741,8.6204323337552,1.47615197783535,RD
33.8111361735837,0.511609374535613,1.14402587940024,13.2700950874719,8.57325653853926,1.30695122913252,RD
34.082219368869,0.505083943633316,1.06328221821616,13.259776146906,8.52436015320387,1.13517830786769,RD
34.3332226025195,0.518823553697686,1.23537111704675,13.23651692245,8.47450283403571,1.50449955163536,RD
34.5632763186444,0.512281769827656,1.15402639835841,13.2024305042955,8.42436209349627,1.33091442686603,RD
34.7719021740561,0.505732926846526,1.07209554532419,13.1595128944779,8.37453413308771,1.15524336022923,RD
34.958991164403,0.530624616160885,1.3867270376164,13.1096192900781,8.3255346557726,1.83584240802422,RD
35.1247631499949,0.503787128617558,1.04788446289635,13.0544473702695,8.27780239539458,1.10362008430262,RD
35.2697266249049,0.508386714962569,1.10631377087957,12.995531272542,8.23170330762497,1.2306482042144,RD
35.3946323141172,0.512978269985009,1.16488800487767,12.934237638185,8.18753563884553,1.35856961308336,RD
35.5004218986782,0.517560008975446,1.22353014149635,12.8717657141628,8.14553595337784,1.48716132317464,RD
35.5881911828511,0.522130983053803,1.28217265731207,12.8091533057043,8.10588412881128,1.6162326063285,RD
35.6591560282321,0.526690816998206,1.34075924117638,12.7472854182166,8.0687084265205,1.74559872674688,RD
35.7146134949698,0.531239579585799,1.39924717076774,12.6869043328957,8.03409119617724,1.87506543214693,RD
35.755902703314,0.504554665098245,1.05823300704865,12.6286206461457,8.00207485044642,1.12774454882478,RD
35.7843727662704,0.509120835036361,1.1166923963413,12.5729247240829,7.97266729002019,1.25630392099912,RD
35.801361844722,0.513676928453137,1.17506476311853,12.5201985024329,7.94584646063137,1.3849652359238,RD
35.8081948606545,0.518223526606164,1.23332166328123,12.4707273692349,7.92156300993406,1.5136646451759,RD
35.8061726909514,0.522761440290805,1.29144438392597,12.424710946447,7.89974361575939,1.64231018701937,RD
35.7965402886332,0.52729168249349,1.34942489034054,12.3822727987206,7.88029641769732,1.77074063895205,RD
35.7804520276546,0.500764394094653,1.0097855267004,12.343470329803,7.86311705156847,1.02163957558124,RD
35.7589624294121,0.505310126448939,1.0679654040936,12.3083051089883,7.84809241060033,1.150014828117,RD
35.9116780429143,0.507685736109264,1.06412478581891,12.2796687961188,7.8112996800682,1.02979382626722,RD
35.8700296212209,0.5066780754116,1.08561806133129,12.2431877219678,7.7984733733199,1.18942342201778,RD
35.8242751652215,0.501004558113827,1.01287401085055,12.2112214648715,7.78813859278444,1.02849632397539,RD
35.7765311660621,0.502139063117596,1.02739102896742,12.1836972678338,7.77985356334112,1.06063322700052,RD
35.7276712977367,0.503272054451194,1.0418682472025,12.1603596130436,7.77343688636054,1.09268739512268,RD
35.6784821848159,0.512170057645215,1.15559103505261,12.1409318371741,7.76870575544927,1.34446683050178,RD
35.6296303831239,0.507301012428206,1.09327736635574,12.1251304659843,7.76548471274428,1.20650245837113,RD
35.5816875659064,0.502436392553822,1.0311057326954,12.1126676844549,7.76360439526643,1.06885717300499,RD
35.5351321552312,0.538803513612722,1.49479688152769,12.1032542231278,7.76290252858462,2.09506762417252,RD
35.490362671575,0.512438963501338,1.15855688632561,12.0966045584083,7.76322505326031,1.35088415905827,RD
35.4476952183266,0.527295315197447,1.34761391198517,12.0924361747978,7.7644260238315,1.76905437649565,RD
35.4073781362232,0.500941918262644,1.01199606137334,12.0904746970981,7.7663686094907,1.02654735997724,RD
35.3695987985912,0.515798358113178,1.20096368905533,12.0904567969101,7.7689258866165,1.4444183400207,RD
35.3344763745188,0.530653610779565,1.38962063702462,12.092126989433,7.77198000022489,1.86129334962997,RD
35.3020911757103,0.504306307910626,1.05472352870222,12.0952474284506,7.77542407493203,1.12096289183754,RD
35.2724744514322,0.519162999323764,1.24333141967785,12.0995921738572,7.77916044031888,1.53761582842828,RD
35.2456191008139,0.534022737494193,1.43174906129608,12.1049507738647,7.78310133640734,1.9535336785394,RD
35.2214938917004,0.507672165798213,1.09733883492111,12.1111283557717,7.78716762399959,1.21493822724669,RD
35.2000343874709,0.522534171234993,1.28574508986355,12.1179447240403,7.79128926247354,1.63076212509857,RD
35.181157499418,0.5374016726669,1.47405617771622,12.1252353878698,7.7954044626714,2.04611280434994,RD
35.1647604835196,0.511041770690725,1.13993027072635,12.1328508738117,7.7994596248531,1.30875866601762,RD
35.1507185020991,0.525911617651044,1.32824881194784,12.1406568277567,7.80340950623838,1.72405566549616,RD
35.1388929277974,0.540787926822053,1.51654123189154,12.1485337428417,7.8072165125235,2.13903662307411,RD
35.1291354830714,0.51441547638289,1.18253949342836,12.1563764415488,7.81084992708165,1.40248298434794,RD
35.1212858135119,0.529293952398739,1.37085420183349,12.1640942600957,7.81428624456276,1.81744637176153,RD
35.1151877857668,0.50291249067119,1.03686866421397,12.1716096716745,7.81750693595942,1.08124774614302,RD
35.1106865762913,0.517792962874076,1.22519994642804,12.1788576174764,7.82049846169839,1.49621508866829,RD
35.1076303253198,0.532679697879232,1.41356712513338,12.1857853876397,7.82325206372925,1.91113705446072,RD
35.1058753037483,0.506284938995815,1.07953428328054,12.1923497915278,7.82576211116726,1.17521008154047,RD
35.1052775429139,0.521173276237716,1.26792294393617,12.1985181211183,7.82802737136851,1.59017507454511,RD
35.1056963138276,0.536067005314773,1.45636827237033,12.2042662741823,7.83004990708646,2.00515007150088,RD
35.1069897858155,0.509660226941948,1.12223318124085,12.2095776556468,7.83183509938856,1.26922700383224,RD
35.1090213703791,0.524555123338533,1.31070138963927,12.2144441554184,7.83339133870397,1.68419722900354,RD
35.1116592949755,0.539454319014349,1.49923434300449,12.2188639945647,7.8347292073431,2.09922603939932,RD
35.1147884627721,0.513037489557397,1.16497129942393,12.2228411719934,7.8358599474989,1.36320475530673,RD
35.1183019322888,0.527937407153964,1.35352422831896,12.2263858702125,7.83679657430888,1.77831420703809,RD
35.122113952549,0.501515113889184,1.01917253440085,12.229511576931,7.83755129381993,1.04218173904028,RD
35.1261455106483,0.516415795533709,1.20774375836292,12.232234774785,7.83813696557845,1.45737917408706,RD
35.1303287185262,0.531319178163716,1.3963744174571,12.2345753165498,7.83856676606415,1.87271829240167,RD
35.1345931498367,0.504890532108562,1.06189561974724,12.2365536172392,7.83885455326733,1.13631287423849,RD
35.1388727766043,0.519794331622293,1.25054151607444,12.2381924349945,7.83901481956204,1.55164469125131,RD
35.1431014264808,0.534699825604812,1.43923723218609,12.2395156217995,7.83906268300671,1.96703585943934,RD
40.89,6.17,18.46,16.52,6.17,19.8,RD
46.6200679629303,4.70787156653566,13.3038416831008,12.6561313920848,4.34140819312415,9.52063010628352,RD
46.1928479585654,3.81762571253578,9.78737822355162,9.62656229391293,3.26385486432939,4.40089706919309,RD
43.0027346331508,3.22573531236163,7.49110037655317,7.42633848470008,2.55901521923875,2.12669891952267,RD
39.0298287813233,2.80096702644433,5.98582586521647,5.85058184822751,2.06366759358029,1.10754606845386,RD
35.187510893859,2.47712068625353,4.97757970944024,4.70965395386371,1.69629450866089,1.00352726346424,RD
31.8190948288784,2.21860738921983,4.28191952276582,3.8652910730006,1.41205316022943,1.08541119259054,RD
28.8303018243101,2.00501840113639,3.79084431833536,3.22504625922996,1.18829808826185,1.04304942719662,RD
26.1641924106377,1.82384750568267,3.44015454094759,2.72953735852405,1.00940908441209,1.00966937525457,RD
23.7733559827069,1.66701583557125,3.18999007261962,2.33921679713539,0.864519345783314,1.04090410879771,RD
21.6205736924585,1.52905520094899,3.01469043558694,2.02697219329932,0.74582144375435,1.01583751451293,RD
19.6756966899068,1.4061193946283,2.89727800365241,1.77373378758602,0.647587635044118,1.01260182652717,RD
17.9137851534346,1.29542120973978,2.82634482675561,1.5658283887764,0.565550475856957,1.06951535389002,RD
16.3169757707686,1.19489199796113,2.79415459368347,1.39329581177084,0.514792956416516,1.03745292403582,RD
14.8635130953929,1.10300263434926,2.79536943142606,1.24869905090104,0.507965046037327,1.01696226090133,RD
13.5390775199724,1.01854234804013,2.82654211779898,1.12647290343214,0.517408581278044,1.02996008504186,RD
12.3310442472708,0.940496516821303,2.88541854459481,1.02227887165168,0.510267518262394,1.01411614107983,RD
11.2272513720503,0.868049327846975,2.97069339109857,0.932755059310455,0.513045099702103,1.01316439545781,RD
10.2171553817267,0.800540829750937,3.08178952519567,0.85528059837585,0.508864790729425,1.00599891256511,RD
9.29154282219485,0.737430193248631,3.21868118458188,0.78778008279989,0.521145868108705,1.00645417567478,RD
8.44236304917388,0.678274296496134,3.38178618308542,0.728605668889515,0.508776046973375,1.00018470174449,RD
7.66311270998407,0.622726857541758,3.57186781741253,0.676465150335389,0.502133823298131,1.0058382667372,RD
6.94846261908482,0.57044769320143,3.78990817315129,0.630241714962115,0.50609340643366,1.02678776371354,RD
6.29438792857753,0.521195280466357,4.03703151229792,0.589069342964942,0.504566628202665,1.0627460932776,RD
5.69715624057793,0.501602920932507,4.31410450502944,0.552239386245319,0.501639966041652,1.1139224986716,RD
5.1528647879645,0.503767889636693,4.62121395228778,0.519126484988301,0.503670631464411,1.1809666724746,RD
4.65760484359145,0.502246993979945,4.95892637497874,0.501269407495646,0.502088867122133,1.26509545058896,RD
4.2080861225154,0.502642681282512,5.32791986491689,0.501381479355456,0.50234437821911,1.36789680438792,RD
3.80095018369,0.50284773971941,5.72846890363238,0.501372744657087,0.502414291154016,1.49149899502124,RD
3.43297471951045,0.502971208171244,6.16054348813875,0.501320376271996,0.502411582353929,1.63852168125468,RD
3.10121822343947,0.523718901838706,6.62365427142822,0.509585735769184,0.518349585059587,1.81211976255793,RD
2.80299903907241,0.503131401558637,7.11679049533369,0.501181940020281,0.50234571115642,2.01601272181553,RD
2.53587457647063,0.525960430951352,7.63835324198709,0.50890492992657,0.518673655135837,2.25452871766809,RD
2.29762576200629,0.503299576620555,8.18611312389385,0.50105663665329,0.502312031831294,2.5326475949234,RD
2.08624424291774,0.528412010677222,8.75719477042187,0.508263171586661,0.519303944782565,2.8560379099556,RD
2.00188376705982,0.501157458038858,9.34284101776353,0.500607035629945,0.501148596917605,3.22732075920445,RD
2.00011366163277,0.500051079666952,9.9364957595315,0.500013227615044,0.500033358525867,3.6470846758876,RD
2.03840741586498,0.520110942439187,10.5295775431145,0.504806272139703,0.513168540760534,4.11733928568122,RD
2.05882726074226,0.535244005204349,11.1176512045161,0.507836733781235,0.523010676878698,4.64293560075696,RD
2.07301526964722,0.551560853179576,11.6965643829963,0.510653525104014,0.53376597622247,5.22896596016565,RD
2.01556563886845,0.512711753259025,12.2624320003115,0.502486397343889,0.508369393064373,5.88062067984262,RD
2.02741365914787,0.529016619522952,12.8117189120445,0.505254844682507,0.519358398466801,6.60308323229559,RD
2.03006150752708,0.546399617040423,13.3413282967916,0.507754634628673,0.531535363738459,7.40139785296146,RD
2.00134864871525,0.50316556140475,13.8486584672303,0.500497687850397,0.50218485878746,8.28030242459948,RD
2.00179290214979,0.520526139396335,14.3316310818874,0.502952716060486,0.514579263576142,9.24403623370317,RD
2.00742066126631,0.500314178890812,14.7864251141207,0.500042305507294,0.500230172273586,10.2973068454583,RD
2.05096933747626,0.501058408667502,15.2138686204278,0.500128824842226,0.500798411670456,11.4346628374996,RD
2.13937185670647,0.537370268628804,15.6069828758966,0.504111949835891,0.529421847077807,12.6467127503873,RD
2.28196604597827,0.539115796652148,15.9603979675895,0.503958864547856,0.532039312577761,13.915249634566,RD
2.49186183783895,0.500317784075445,16.2681820565802,0.500030136568623,0.500269456993087,15.2122154694457,RD
2.78708503558341,0.501416396846769,16.5233683308075,0.500126829000963,0.501251117510874,16.4970746965289,RD
3.19157778484873,0.511029874990356,16.7174964394701,0.50095794225053,0.510160062116564,17.7143155162553,RD
3.73567222668004,0.520753290737248,16.8401635390111,0.501832115828426,0.51988699455859,18.7914931291104,RD
4.45491189690764,0.530454911132337,16.8787470499077,0.50289735584311,0.53024646218674,19.6392051949733,RD
5.38526415946516,0.539971015585244,16.8186833620852,0.504358197781314,0.540918003256719,20.1555554371848,RD
6.55234296248836,0.549105538149402,16.6448893063955,0.506465135446234,0.551447385030052,20.2385412092208,RD
7.9535188334417,0.557642772704937,16.344903053336,0.509463066549428,0.561288383503152,19.8087995673544,RD
9.53725573943595,0.50510124880653,15.9122246740148,0.501001806587966,0.505447656180335,18.8432196840658,RD
11.1885992513462,0.504742937476312,15.358679822516,0.501147487021789,0.50506457762551,17.3906934801875,RD
12.7432963999875,0.511191423082798,14.7074861372514,0.503310271063876,0.511840820314942,15.592967934527,RD
14.0289043725344,0.501056603015272,13.9981171792799,0.500366409056783,0.501101762366121,13.6413611822983,RD
14.9172899677911,0.516530024797719,13.2769708466176,0.506606881461278,0.516878535328008,11.7254423728606,RD
15.3574518257015,0.534997549057548,12.5875317596141,0.515563795198693,0.53485410566383,9.98621163868489,RD
15.3737965875749,0.50916537396316,11.9630375828314,0.50432414805685,0.508936164631587,8.49811273467035,RD
15.0397575066935,0.518351626272068,11.4239429788812,0.509059985687141,0.517417282502751,7.2785616159649,RD
14.4468658175617,0.527017532823882,10.979303321554,0.513621131615618,0.52493685461134,6.30935441120339,RD
13.6829697521177,0.503901152988928,10.6299638369426,0.50197139614131,0.503516563422851,5.55627178629104,RD
12.8212075968501,0.512693946562223,10.3717749998809,0.506336693335464,0.511111923894029,4.98208336349686,RD
11.917268849434,0.521289306289198,10.1980796723524,0.510360038851319,0.518087685134764,4.55310563714705,RD
11.0109027773059,0.546165968377139,10.1013239131556,0.521587695442638,0.537950802537094,4.24158678844246,RD
10.1290041426739,0.510380967897935,10.0739608203186,0.504697806786004,0.50834508036236,4.02589163887508,RD
9.28880240990227,0.521365545670591,10.1088896459212,0.509198007869692,0.516667894761045,3.88979255201263,RD
8.50057988044493,0.532447594752647,10.1995987591832,0.51323466037242,0.524596677845882,3.82150217938821,RD
7.76975792171573,0.543520486801968,10.3401465640803,0.516788292794186,0.532110824677093,3.81275809471668,RD
7.09843760886264,0.507498407034423,10.5250899894784,0.502776683126023,0.505431070419208,3.85807965067039,RD
6.4865024191911,0.518209800736764,10.7493791151907,0.506389891178381,0.512887675862124,3.95417283995201,RD
5.93238227366634,0.528022135841752,11.0082522262389,0.509348892128487,0.519422166517583,4.09947727126013,RD
5.4335855543366,0.535940683725456,11.2971515180398,0.511451736784343,0.524441736550263,4.29382748490625,RD
4.9870644569746,0.503744234171888,11.6116589651093,0.501157062246678,0.502512643204703,4.53819275329044,RD
4.58946449612815,0.525831015092339,11.947456929218,0.507669701570453,0.516970020691653,4.83447415149283,RD
4.23729534213713,0.513065069428076,12.3003131770185,0.503792131801235,0.508399646240261,5.18533842031599,RD
3.9270554360891,0.503774305780529,12.6660841469972,0.501092046726286,0.50230968566706,5.59406786141896,RD
3.65531155514512,0.49994954456935,13.0407371729895,0.49999368947555,0.499938271926974,6.06441940697631,RD
3.41856336236435,0.517259892795603,13.4197873743183,0.504459323212812,0.512783128283236,6.60079029573608,RD
3.21279192526899,0.569981908966794,13.7966573634544,0.519227235194582,0.550168678033205,7.20903196318591,RD
3.03391493323962,0.665334606581285,14.1639609988439,0.547256702103641,0.618088706840638,7.89627189014482,RD
2.87785083761136,0.811382901278843,14.513858310409,0.592104615065705,0.723014032221933,8.67113514895351,RD
2.74050434592049,1.01700440709852,14.838133843259,0.657962769536913,0.87163960182861,9.54413903480828,RD
2.61771534005405,1.29178949088453,15.1282511843168,0.749692587236636,1.07049839238861,10.5282178939359,RD
2.5051977136533,1.64592340369828,15.3754928735171,0.872831786427687,1.32543977904896,11.6393365951933,RD
2.39840323491653,2.09009240783253,15.5711237816542,1.03359909893855,1.64102516385453,12.8972065604022,RD
2.29225939572551,2.63542903823199,15.7066127940516,1.23889179668383,2.01985158275756,14.3261034274318,RD
2.1806789976655,3.29346066157544,15.773915608119,1.49627446572072,2.46182459234302,15.9558078241084,RD
2.05564428970513,4.07600282144286,15.7658366025977,1.81395687961079,2.96340882316576,17.8227708852301,RD
2.48940439575799,3.25347663624198,15.7150889846823,1.78348559674882,2.35765207535309,19.7504898962734,RD
3.10947903189924,2.55884266483602,15.7041237600168,1.74257813124104,1.82220076762368,21.435134704609,RD
3.99623777184994,2.01472280005328,15.685724693266,1.70270408647973,1.39105178531157,22.7215288481939,RD
5.23429573473829,1.58834189471503,15.6119886678316,1.6601776502243,1.05177403948202,23.4286195315578,RD
6.89702247724692,1.25484535511037,15.4352177382683,1.61071460587709,0.7909188520849,23.3721058681792,RD
8.99665916925939,0.994895058988547,15.1131020401615,1.54994976249506,0.594740627586948,22.4190557850038,RD
68.04,3.19,1.94,2.38,4.38,24.06,RD
79.6349482085984,2.95628426038986,1.32984867700693,1.7788687636244,2.83192278361821,7.61537495286854,RD
77.9832298516655,2.7604725323937,1.00254020920075,1.28665289788982,1.96076164316461,2.2880520305375,RD
71.8484192481037,2.56214541856992,1.02488816578708,0.944063254032725,1.40954482468033,1.02146283062798,RD
65.892802547614,2.39881879562649,1.00213411688692,0.711451062613743,1.03638745032151,1.0065865712776,RD
60.3362267075633,2.24855074200167,1.00230731066879,0.549909483024634,0.775471486786256,1.0079389496353,RD
55.1935932683392,2.10998863037358,1.00210148081449,0.501091780083723,0.589427181010179,1.00764245735564,RD
50.4723142369919,1.98177280755855,1.00197472059478,0.501108832552954,0.501397034004378,1.00767003058603,RD
46.155821618573,1.86333646249725,1.00121331104574,0.500747972020126,0.500995711998603,1.00509922881075,RD
42.2116545751421,1.75380180542548,1.00226504415389,0.501565994559744,0.502194809825184,1.01018193652314,RD
38.6070777761634,1.65229757350728,1.00193272669886,0.501556311448574,0.502338793723315,1.01028262068911,RD
35.3123980051853,1.55806055096851,1.00107581393252,0.501058485163531,0.501697258660289,1.00684509045421,RD
32.3005748405367,1.47041974648195,1.00022841238893,0.50029978203049,0.500514484072379,1.00189033228992,RD
29.5462669063318,1.38878417202902,1.00096439684583,0.502075425383626,0.503846333845959,1.01280592981657,RD
27.0266648651199,1.31262625502119,1.00029365598633,0.502253649814042,0.504515557396637,1.01347265200101,RD
24.723033070123,1.24146805161405,1.00310751679206,0.502304335107416,0.505010415084735,1.01327093660278,RD
22.6150806870671,1.1747660986517,1.0215823447066,0.501139056867515,0.50269877830889,1.00628294587541,RD
20.6837173960958,1.11196540761719,1.05594090442172,0.500199091490857,0.500518969846684,1.00103765420906,RD
18.9122331917006,1.05259511598599,1.10634385463143,0.5135001280539,0.539789863056419,1.06473849591888,RD
17.2857835869504,0.996248283282686,1.17358351154038,0.518579626570969,0.562141168491459,1.08006580835085,RD
15.7910677087777,0.942565112168796,1.25904810196325,0.511938038230401,0.544514470459696,1.04589284237319,RD
14.4161553861705,0.891224795593578,1.36472339095631,0.506583881873516,0.527637796250456,1.02161034796491,RD
13.1503009921398,0.841937604321558,1.49321569997644,0.502390592897715,0.511434059810596,1.00618939616016,RD
11.9837758420161,0.794438312732946,1.6478022395974,0.509442295951652,0.556006548127514,1.01179089776133,RD
10.9077552246956,0.748482560785688,1.83250522421242,0.505662143685057,0.540048863326021,0.999627984206024,RD
9.91494789820213,0.703868780355233,2.05214654724204,0.502808529717019,0.521946693081294,1.00444823607987,RD
8.99892763912922,0.660345216453652,2.31253051783758,0.500105147999475,0.501170902523177,1.02620948871616,RD
8.15531666477675,0.617737484995759,2.6204300652691,0.500066426384121,0.501063093372662,1.06464268453864,RD
7.37930429562184,0.575884192430382,2.98372512411392,0.50023121738658,0.506917956847117,1.12018961745353,RD
6.66596816624532,0.5346433213673,3.41142936660267,0.500022479639177,0.503087580285065,1.19394750382922,RD
6.01057897484986,0.502633829459548,3.91378664460914,0.500451884256666,0.504358185986975,1.28770425631264,RD
5.40855917077269,0.501079294417328,4.50143351432368,0.502589194685841,0.501664223050358,1.40383512742085,RD
4.85597141282379,0.520157058300272,5.18568507967532,0.506449566249069,0.527592152234378,1.54562462974561,RD
4.34890414186043,0.502917250586273,5.97954230244905,0.512031025242682,0.503753235431794,1.71693292206564,RD
3.88395886591304,0.513212380741242,6.89620984363472,0.519373012952805,0.515370937787898,1.92257114380976,RD
3.45821900122993,0.528870252182937,7.94826728570194,0.528550197415033,0.530251850835588,2.16851498363291,RD
3.06910303980655,0.5260824423408,9.14734297967323,0.539673690604633,0.524970045216026,2.46183027409842,RD
2.71440373438623,0.52245114340599,10.5029307832484,0.552893981132053,0.51966457153465,2.81086398175158,RD
2.39227050692109,0.517777256196994,12.021060254611,0.568405964491594,0.514286110945457,3.22543389556327,RD
2.10115239576122,0.511857180450222,13.7029414831364,0.586452583769856,0.508778201181843,3.71693527086197,RD
1.83972694731332,0.57314583242971,15.543626826076,0.607330042037268,0.549012402044376,4.29842268578053,RD
1.60682274444141,0.551530129418286,17.53092996074,0.631394209567583,0.532443394188254,4.98464016812037,RD
1.40133641041545,0.525229234479107,19.6448617254614,0.659067873053784,0.515031389397403,5.79194418925487,RD
1.22214357164048,0.6079138129477,21.8575949502018,0.690850823944654,0.560258613348432,6.73808415598435,RD
1.06804600314093,0.578979705922829,24.1344632148026,0.727331447911324,0.542582905315597,7.84177764132427,RD
1.02429118355365,0.531098920068729,26.4192848218594,0.7690130348023,0.519355884839172,9.11633296365035,RD
1.01245402672912,0.51967921640991,28.6787050670299,0.816590481435767,0.510187518007126,10.5687184732161,RD
1.01388543942781,0.526612513045688,30.8596308016621,0.870828944637177,0.513680360091745,12.206061007917,RD
1.00356915900206,0.508653656233641,32.9258242885172,0.932766726785637,0.504459498670824,14.0364853570836,RD
1.02363827709399,0.588714308014704,34.8492835598667,1.00363058830601,0.546472146014779,16.0642504060275,RD
1.01002445244609,0.570940885304875,36.6098004362159,1.08486397916506,0.537949287175122,18.2880495242538,RD
1.00044887735446,0.551183699982946,38.1949735264829,1.17816787026497,0.528138412017014,20.699893168358,RD
1.01238127750604,0.530377411443273,39.591884458358,1.28550094397452,0.51738722342621,23.2850294285469,RD
1.06390918782306,0.51468069164755,40.8072135973897,1.40907407930796,0.508656595519521,26.0035351509705,RD
1.16496680593872,0.564785131988281,41.8283783217439,1.55121371898299,0.53998241870362,28.8010205380476,RD
1.33215113839256,0.526216613664368,42.6490623596306,1.71437636493183,0.516836807450818,31.6019716225397,RD
1.59205764891357,0.562483669092166,43.2613463662223,1.90092476691332,0.542011216227207,34.307431095808,RD
1.98634262995782,0.606586915460514,43.6514349254204,2.11271895076297,0.574942169335601,36.7897909008553,RD
2.57817234611708,0.573513445573926,43.7953301354062,2.35039183867479,0.55359071078685,38.8854575658027,RD
3.45842990027539,0.540032217546703,43.6541998667288,2.6121628211039,0.530146303457082,40.3865420737492,RD
4.74648790901998,0.504554718036589,43.163465941147,2.89201101144915,0.503530476793189,41.0431290080798,RD
6.5666039200427,0.522549221923792,42.2666716174665,3.17765756163536,0.517838564097858,40.5629506871625,RD
8.98688103420104,0.50560438404897,40.8837617611776,3.44910678057051,0.50450736032463,38.719320084149,RD
11.9109116711697,0.504807547953592,38.9861729215339,3.68031406265128,0.503891083206507,35.4643528966356,RD
14.9913707174728,0.501448598849502,36.6384049156253,3.84612786866143,0.501170438982499,31.0774414049787,RD
17.6929864419854,0.507797758153212,34.0218426534297,3.932779496876,0.506247000335355,26.1578805574515,RD
19.5324476125424,0.512907809786693,31.3869154010145,3.94448009232823,0.510208026861628,21.3977094668991,RD
20.3025888189657,0.517277005886566,28.9712466975061,3.90045946719196,0.51344759930867,17.2939190198902,RD
20.0948245820931,0.521124301002997,26.9304956936532,3.82539343366374,0.516139651829115,14.0392806092598,RD
19.163796277553,0.500196453859635,25.3277682246081,3.74102170290882,0.500147178405079,11.5978088850484,RD
17.78622917095,0.517165003168483,24.16016774267,3.66269201774178,0.512525036985849,9.83185734935248,RD
16.1876134412545,0.533636329402635,23.390967976443,3.59966110626437,0.523816000845589,8.589806058882,RD
14.5257247575326,0.538970143641056,22.9720096920054,3.55678523460802,0.52670860326644,7.74402159446092,RD
12.9007483718025,0.544654288216175,22.8552987555599,3.53623230246192,0.529547265401797,7.19904998402736,RD
11.3712674936623,0.550807297049957,22.997354061703,3.53872232371224,0.532408785952668,6.88794809574397,RD
9.9682822547444,0.503392916019242,23.3598257061407,3.56431854261274,0.502098809958997,6.76574113487717,RD
8.70528887822075,0.509505827141413,23.9085544316265,3.61288598982438,0.505671934361522,6.8034737060439,RD
7.58503824360893,0.515959902159359,24.6122444155077,3.68434999372934,0.509205570422332,6.98361927701002,RD
6.60386030345703,0.553431501480333,25.4412546615098,3.77883489238431,0.529819896233151,7.29674546125925,RD
5.75439854787387,0.564559607588326,26.3667352272646,3.89673777651385,0.535119122355191,7.73910406254399,RD
5.02731627877832,0.576465886409354,27.3601754279368,4.03876757766064,0.540776678209324,8.31086701068994,RD
4.41247134505033,0.589132332683252,28.393316779972,4.20596927161204,0.54689737440562,9.01465376935785,RD
3.89966698957288,0.500679456759817,29.4383888067136,4.39973762653096,0.500355464813004,9.85428811709451,RD
3.47920552162809,0.621140560084922,30.4685532260278,4.62182654878562,0.563395635280987,10.8336067708792,RD
3.14237264091149,0.58369955444457,31.45840866683,4.8743529547888,0.54410514450771,11.9551844766166,RD
2.88184420837596,0.544097072818509,32.3844630207907,5.159788476474,0.523528147407412,13.2189669198241,RD
2.69207615281067,0.502504039348227,33.2254826275576,5.4809301968929,0.501361154515806,14.6207408084861,RD
2.56975227030248,0.635557573596234,33.9626019256676,5.84083465717963,0.576173874435582,16.1504318181942,RD
2.51432642922598,0.593250139657955,34.579190420094,6.24269503208925,0.553922907119052,17.7902516980065,RD
2.5287247179816,0.549455284244292,35.0604555601414,6.68962315224192,0.529532127376602,19.5126837153113,RD
2.62028915749811,0.504531838811728,35.3928197710297,7.18429057911894,0.502802935508735,21.2783421196928,RD
2.80205236328879,0.643705751308351,35.5630995270063,7.72835569401857,0.593782794719527,23.0337348180278,RD
3.09432971857199,0.598084348245725,35.5575711921596,8.32160700169775,0.56652337194152,24.7090184991476,RD
3.52649365145238,0.552142470346332,35.3610301293023,8.9607051250629,0.536758539534794,26.2159926830348,RD
4.13948052080544,0.502258030564484,34.9404646128177,9.63716962060897,0.501654550927154,27.4557674346895,RD
4.98316054410463,0.507213113993048,34.3080568664129,10.3379810714483,0.505504462457163,28.2843237247306,RD
6.10963622868687,0.503582797435633,33.4281522863833,11.034999312162,0.502838934486288,28.5741959483502,RD
7.56335050635719,0.528869710196076,32.2837292027446,11.6948074841378,0.523713718559388,28.1994386923249,RD
9.35169730196046,0.513655416433089,30.8708905836741,12.2728342526273,0.511543020230212,27.0754280519496,RD
11.412740476669,0.50127430855763,29.2074277634933,12.7206698067964,0.501104345300639,25.2052934153339,RD
65.11,2.01,1.27,0.87,11.41,19.31,RD
67.874278870426,1.89897122648297,1.00485722940747,0.708956414117367,8.27948982348347,8.25354104860328,RD
62.696837023657,1.7886586131443,1.01390331247373,0.572794019193036,6.3964119598354,3.62841064359116,RD
55.042080047919,1.68070604302131,1.00403032437016,0.5012541269477,5.17584743287594,1.76261435377302,RD
47.2846502052957,1.57683096413408,1.00021314221262,0.50006843196749,4.34175030030553,1.00051541295883,RD
40.3446053429001,1.47802448743536,1.00058635116019,0.50019663241772,3.7445897619984,1.00144211411741,RD
34.395469243999,1.38422394089576,1.0196624195575,0.506949480335405,3.30054220738891,1.05082335327441,RD
29.2980274656787,1.29576570050245,1.01222872899453,0.504632637726416,2.96297625814452,1.03377272069848,RD
24.939861588496,1.21257762602285,1.00058075097801,0.500242570103064,2.70123144226965,1.00176162096429,RD
21.2194610824747,1.13449708573608,1.00885674676931,0.504534300617969,2.49481803098381,1.03272302042796,RD
18.0470743452146,1.06130855197831,1.00230554383107,0.501722114587288,2.32963321714098,1.01232509664367,RD
15.3442833108667,0.992769285947987,0.999937142828816,0.504936895407547,2.19572586729554,1.03461324157977,RD
13.0429015261778,0.928605919441442,1.00591641512162,0.500608226558686,2.08590623331923,1.00412754422775,RD
11.0834366390083,0.868443496242652,1.02744265945504,0.500305572727282,1.99492303848679,1.00151527401919,RD
9.41505101173246,0.811904180502274,1.06292985916369,0.500369964462351,1.91881296289841,1.00494050693348,RD
7.99627168109191,0.758680374316979,1.111482860126,0.50362166556898,1.85444407696407,1.03195522440288,RD
6.79200416269821,0.708495149884781,1.17263336038622,0.509650274151721,1.79930543388215,1.08065297192009,RD
5.77118259262639,0.661109309705877,1.24623831075717,0.518143795825722,1.75143170195406,1.15052291534229,RD
4.90686928428283,0.616313488229003,1.33237139884076,0.528865683760826,1.70924783410396,1.24209366531536,RD
4.1757399807681,0.573923766266071,1.43125729349765,0.54163903351076,1.67147688165261,1.35672646076247,RD
3.55778347308948,0.533778391304044,1.54321326099223,0.556334715349144,1.63706175575336,1.49650258339227,RD
3.03587140225719,0.519957513856948,1.66857857409785,0.572860853681566,1.60510655264081,1.66416510181482,RD
2.59540655840339,0.502893603616158,1.80737708189637,0.591129542829404,1.57477308971525,1.8630984365261,RD
2.2239704480578,0.50322093562394,1.95979379800119,0.61110626767433,1.54538406804101,2.09732871436501,RD
1.91102246263776,0.500226859246501,2.12591419365375,0.632783481959945,1.51633464395898,2.37153558739665,RD
1.64763094874735,0.502642814828486,2.30576985920487,0.656186477959894,1.48708832248011,2.69106789679666,RD
1.42624168607407,0.501007088580666,2.49923304315126,0.681366344784376,1.45714729034914,3.06195491933899,RD
1.24048089236139,0.537458132815947,2.70582677303585,0.708388900433395,1.42602368325138,3.49090545875924,RD
1.08499228364406,0.809913952528648,2.92212672249593,0.737149137241485,1.39293638931395,3.98528267330735,RD
1.00051242142732,0.774545843472294,3.14592273585969,0.767677976919313,1.35739194449288,4.55242158717169,RD
1.03269970526749,0.703775718302261,3.37969634314925,0.800258227827233,1.31938630750924,5.19401164984901,RD
1.03107774583307,0.637659492182211,3.62196429988492,0.835031797049588,1.2786133816416,5.91527571043956,RD
1.02884167241443,0.576046737198996,3.87158086132177,0.872255385678081,1.23490011687439,6.72312522169717,RD
1.02591202892001,0.51879348081433,4.12723000049293,0.912223565078917,1.18812006124379,7.62421447970245,RD
1.00242614687162,0.501911683186783,4.3865319785915,0.955195715889082,1.13813940575581,8.62341496794479,RD
1.00311121788668,0.503226745865729,4.64761060288001,1.00158367799303,1.08499357702445,9.7285431993924,RD
1.00823819908962,0.513479025196364,4.90813669598994,1.05176558631479,1.02875324282702,10.9425421445586,RD
1.0001214280944,0.500381063767868,5.16640797041705,1.10623977928453,0.969653388764157,12.2680048140603,RD
1.00002625419193,0.527976817302259,5.42076532479373,1.16557454897013,0.908044549772836,13.7055924464694,RD
1.01219840798754,0.526404291285345,5.66947843510942,1.23038612765366,0.844386086486742,15.252619183509,RD
1.04823940523797,0.524699584838035,5.91034632068857,1.30128176367306,0.779238097641639,16.8996180071725,RD
1.11236694282476,0.522862452751591,6.14096973727078,1.37886851182046,0.713283807788868,18.6304761589964,RD
1.21105490792806,0.520894436254529,6.35888523801232,1.46374108040612,0.647320101713615,20.4222400712051,RD
1.35384870989635,0.518798731008288,6.56145010030326,1.55642350749326,0.582219691367079,22.2437028450426,RD
1.5545347768104,0.516580418944017,6.74571401617427,1.65728441033502,0.518886752281127,24.0539465377168,RD
1.83281195351063,0.502998266439381,6.90782402327735,1.76645881641225,0.502711647309961,25.8041088291312,RD
2.21643824974358,0.504229630707743,7.04437159554215,1.88375894010689,0.504046838750666,27.4333841308415,RD
2.74324737823646,0.512180853924899,7.14957828948555,2.00813141214177,0.512287103133159,28.86086214698,RD
3.46247109941491,0.512637290142718,7.21660347066385,2.13742439875671,0.513314775344471,29.9848989418241,RD
4.43338770695134,0.51304810299217,7.23691073996825,2.2679891403373,0.514251508774678,30.6851486359197,RD
5.7175206477973,0.513396629530364,7.20044784317896,2.39428280642,0.51504057952321,30.8297221707392,RD
7.35948786790242,0.523295307642008,7.09675139517731,2.50875447547982,0.526650787300023,30.2950308823056,RD
9.35436178638557,0.505943519299192,6.91745170948601,2.60236389358099,0.506844258150093,29.0022602809099,RD
11.610033740989,0.516259172767045,6.66013321782366,2.66608327913124,0.518650176032884,26.9644113562408,RD
13.928283700454,0.525890628454628,6.33238609021745,2.69335568248456,0.529180398596334,24.3218019198123,RD
16.0362110647685,0.509432797425961,5.9533059102951,2.68252954539937,0.510373872385993,21.3307374627871,RD
17.6682267551817,0.518479836899389,5.55047099954272,2.63784214981705,0.519493132018937,18.2958690265672,RD
18.6545068027832,0.503318031347324,5.15321727208056,2.56814344083764,0.503352036338056,15.4801251680664,RD
18.9608235973475,0.511923276056969,4.78588166953414,2.48412079093141,0.511317421644163,13.0459680990506,RD
18.6668883518938,0.519909615085948,4.46422187806755,2.39561781338125,0.517594860010144,11.050405077825,RD
17.9132541940522,0.506303663726994,4.19548564517725,2.31012028861865,0.505223774172501,9.47576758022748,RD
16.8518614900317,0.514122857776679,3.98057488162881,2.23245945493898,0.510768946328242,8.26715609046792,RD
15.6161508619989,0.501357629200144,3.81660309791195,2.16523786167281,0.500964154820188,7.35985346283063,RD
14.3096278772075,0.509064026057801,3.69892177851839,2.1094782438434,0.50589697676823,6.69401004938582,RD
13.0057690198271,0.516624895889306,3.62241016248222,2.06521577255072,0.509917973238553,6.2202073783966,RD
11.7528853950011,0.514811885031278,3.58216177827701,2.03193778500425,0.508185503999131,5.90012772088573,RD
10.5801430180537,0.523448023996247,3.57377669098831,2.00887355977795,0.511980688293809,5.70519101484463,RD
9.50303159779163,0.501988816149129,3.59343615683414,1.99517168670396,0.500964341785796,5.61466759299582,RD
8.52770580654082,0.510545231373677,3.63785826993379,1.98999544459704,0.504819270760769,5.6138765370387,RD
7.65418660708807,0.518617036855044,3.70420919882084,1.99256926232813,0.508139386183574,5.69271274140489,RD
6.87866940404465,0.525294917590097,3.79001251361461,2.00220123327099,0.510793835580003,5.84451587164333,RD
6.19511327352324,0.505404735141486,3.89305769585604,2.01828637863795,0.502303632989741,6.06519716071049,RD
5.59630849081368,0.510030369993316,4.01132289632745,2.04030191163566,0.504443102776885,6.35258545906248,RD
5.07458100680835,0.509352516503671,4.14291514551808,2.06779942261106,0.504890397487657,6.70593155490037,RD
4.62225637185501,0.500279866877166,4.28602485840028,2.1003944180087,0.500280431485237,7.12551582035452,RD
4.2318883727858,0.505276407227053,4.43885241826983,2.1377495491006,0.499920431608613,7.61233350898851,RD
3.89619207536553,0.538301990427466,4.59909953318752,2.1794781993793,0.506351374548305,8.16795616674656,RD
3.608266367338,0.608344040084957,4.76386553975278,2.22513831762604,0.525284627890215,8.79471658106789,RD
3.36159485046447,0.726041728912966,4.9298824868583,2.27426723242846,0.560720905115108,9.49546896363497,RD
3.15002262304852,0.903632463859116,5.093402579153,2.32635109889544,0.617281703156325,10.2735986375653,RD
2.96769580987395,1.15485327348006,5.25018245867427,2.38081496408324,0.700078466274623,11.1331099404799,RD
2.80898069458283,1.49471578783673,5.395469330614,2.43701024701899,0.814506119783585,12.0788049662769,RD
2.66836635051452,1.93922564700278,5.52405019437634,2.49420949176658,0.965944063599491,13.1165252238118,RD
2.54030955181391,2.50511657923436,5.63034784164498,2.55160198390527,1.1594011497735,14.2534792617552,RD
2.41902225111142,3.20959495035528,5.70858327953448,2.60829469034251,1.39909665799836,15.4986561977703,RD
2.29816437101744,4.07006058218534,5.75300116098682,2.66331974637295,1.68799391321613,16.8633435661171,RD
2.17037506905715,5.10375999645301,5.75815932382282,2.71565163241113,2.02730889889128,18.3618036930364,RD
2.02655704066553,6.32729361411809,5.71928117903719,2.76424041836314,2.41602275860659,20.0121901767758,RD
1.85471200256576,7.75590767749742,5.63266809735464,2.80806995852891,2.8504473200009,21.8379042573338,RD
1.63795938634335,9.40243955077452,5.49616671912469,2.84625698747053,3.32388592791436,23.8697997109231,RD
1.35104772856604,11.2755723495814,5.30968949987895,2.87822317849338,3.82635234328694,26.1500532994009,RD
1.29463701234909,12.1924319130183,5.08019542530494,2.93095581045635,3.96332307047617,28.6996808437443,RD
1.69226080111638,10.4987922165908,4.89587530335274,3.05883135382571,3.2513706118086,31.1104742340291,RD
2.28898524871276,9.08589633999851,4.76783890913295,3.20064369900543,2.65578340680053,33.15614974474,RD
3.18212248467257,7.89395025051032,4.67223760625607,3.35042581467704,2.16025276699449,34.6692515332745,RD
4.50316117457996,6.88046562248229,4.58729347781903,3.49873235454,1.75161757364676,35.4423313091736,RD
6.40334829362296,6.01452284771856,4.49095376807563,3.63147794911259,1.41851748665479,35.2372543756361,RD
8.99924624951388,5.27311987849417,4.3609415292027,3.72982209036569,1.15066044114044,33.8342620558232,RD
12.2641566793781,4.63863001003696,4.17837922723487,3.77278979775101,0.93842660369414,31.1409835789502,RD
15.9083127735214,4.0968230249353,3.93497187853778,3.74386955408699,0.77267045899503,27.3297609964908,RD
51.98,2.04,21.54,2.93,2.82,18.69,RD
57.9619718647383,1.56369885703124,15.7219624235108,3.26254814475842,2.57762949256786,6.27952183145868,RD
57.633278708615,1.27387689204252,11.5699037371661,3.36492484820193,2.39150778460709,2.02329658909572,RD
55.951474572373,1.08272563100262,8.7161881174419,3.33214341200644,2.24604864307771,1.09059063107018,RD
54.425602534521,0.9477972832426,6.71511234060129,3.22103084395886,2.12859149967955,1.03686339393631,RD
53.7635735736846,0.847390502478885,5.26349148086219,3.06479110625783,2.02767547339773,1.11718884669373,RD
56.0253558882838,0.769663051508241,4.14970359279479,2.88245515201937,1.92090583115498,1.32728046807759,RD
58.9521986648588,0.707958047938022,3.23047881226021,2.65510627462987,1.80465038437309,1.64273022565499,RD
59.3964272220392,0.65793548826816,2.51872320943357,2.40606205676774,1.70556704271382,1.13033400900265,RD
59.5432825971699,0.616346799365107,1.97370155905959,2.16254581890654,1.61551200649205,1.01579337805574,RD
59.7726399232005,0.580974902882838,1.5544419878572,1.93291822758473,1.53265434060068,1.15330490406641,RD
60.0526905210069,0.550289687264775,1.22898542855031,1.7199081976298,1.45583870150443,1.02946970675072,RD
60.3820280938351,0.523199178949815,1.00496044374771,1.52480206717796,1.38414993242227,1.02536920752884,RD
60.6423511983601,0.503375994492748,1.03192182541829,1.34963814881395,1.31715185607347,1.16511373097242,RD
60.8389913389621,0.503087987308667,1.02892118890927,1.19429888292383,1.25451568963308,1.15090577740091,RD
60.9817621243055,0.507024076592344,1.06553932096367,1.05668045803525,1.19595162384201,1.34503522945385,RD
61.0793120071876,0.501556695840513,1.01447119591609,0.934874337753078,1.14120076341501,1.07670333945404,RD
61.2084484098566,0.500982971047426,1.0091228505102,0.854231459850986,1.08974228449207,1.04857835545617,RD
61.2425237044866,0.504607554795971,1.04270226411928,0.869819230956371,1.04155019816536,1.22736733270813,RD
61.2658785137552,0.502421544103767,1.02241077716844,0.860407000390687,0.996275969069291,1.11933503129738,RD
61.2799990885195,0.507469138099323,1.06900107816231,0.882061684760843,0.953702635691333,1.36747373453764,RD
61.2862517741231,0.501422886871359,1.01312387925678,0.856100906783642,0.913624678367196,1.06990490386754,RD
61.2858346834419,0.513756500373915,1.12662406010205,0.908900740883673,0.875856051847336,1.67469643973612,RD
61.4942119764062,0.507091721692745,1.05848264582256,0.880553393929618,0.859702216128466,1.12360860185894,RD
61.4720900392202,0.500650242514157,1.00600989366343,0.852794906040795,0.850945263716818,1.03196254948767,RD
61.4455997434043,0.51288858183811,1.11902399230564,0.905360945902405,0.868698713545789,1.63321579930999,RD
61.4218633667874,0.503101246895271,1.02862552215026,0.863314930537135,0.854493826707274,1.15231979690219,RD
61.4006006433874,0.518618183591548,1.1717358557378,0.929885161240911,0.876933073044898,1.9141002731808,RD
61.3815517852038,0.519432477822355,1.17916200391649,0.93334239067008,0.878077906498044,1.95382090242091,RD
61.3644814416453,0.520246770494459,1.18658964857986,0.936800310667231,0.879223339647367,1.99354097271343,RD
61.3491783466678,0.521061059220174,1.19401920170423,0.940259104563954,0.880369556163763,2.03326160516036,RD
61.3354551002978,0.521875348143306,1.20145111701033,0.943718915938576,0.881516688668911,2.07298813132181,RD
61.3231466588257,0.522689639483995,1.20888553683355,0.947179775426295,0.882664773910641,2.1127256214427,RD
61.3121077464903,0.523503932070282,1.21632240644774,0.950641669759959,0.883813806592597,2.15247551945212,RD
61.3022092474812,0.524318224402781,1.22376163913611,0.954104581671661,0.884963766901513,2.19223545663974,RD
61.2933347346479,0.525132516159243,1.23120316650763,0.957568490380981,0.886114626392781,2.23200166140615,RD
61.2853783560085,0.500642529938613,1.00591100045265,0.852750113638722,0.850923347532393,1.03149936058214,RD
61.2782438598641,0.501456821887439,1.0133986162688,0.856233885027608,0.852092154585056,1.0714052280322,RD
61.2718469169295,0.515050930411426,1.13839156369072,0.914389745980184,0.871601456755459,1.73758768616556,RD
61.2661086269897,0.528645053126279,1.26333939725134,0.972526032662441,0.891093023798109,2.4036314369265,RD
61.2609619343245,0.504155062731481,1.03819711350212,0.867772279939457,0.855960185895074,1.20359609503626,RD
61.2563444821273,0.517749172283048,1.16313635389808,0.925904967017553,0.875448561734204,1.86961679969469,RD
61.2522024319544,0.531343266509417,1.28804370667894,0.984024083090956,0.894924686480264,2.53553747919071,RD
61.2484864492199,0.506853283413796,1.06297818814056,0.879303337404447,0.859821672551561,1.33574107251581,RD
61.2451528940232,0.520447385992862,1.18788155456569,0.937420676484872,0.879296141152058,2.00164425718567,RD
61.2421619862082,0.534041502632081,1.31276341491902,0.995528595693236,0.898762065593172,2.66747628918276,RD
61.2394780938084,0.509551525611434,1.08775349153835,0.890831737501504,0.86368064746676,1.46785648094387,RD
61.2370700747231,0.523145642124469,1.21263227449924,0.948938305981881,0.883145380015666,2.13368243560925,RD
61.234910344706,0.556382763504384,1.51792781822476,1.09099464931278,0.930725010260162,3.76152751920758,RD
61.2329735173325,0.531892780817786,1.29295768646998,0.98631500251619,0.89565916047156,2.56203261807951,RD
61.2312384033709,0.507402798201469,1.06799823218048,0.881639960582116,0.86059746609493,1.3625686027943,RD
61.2296847318998,0.540639890929757,1.37327332179111,1.02368780417836,0.908169476954302,2.9903655301557,RD
61.2282940022257,0.516149912142542,1.14833209147574,0.919020584471929,0.873114828239353,1.79095141261273,RD
61.2270504041503,0.549387015950504,1.45358454205903,1.0610585459209,0.920677888208525,3.41867261459496,RD
61.2259365411146,0.524897042450217,1.22865802251624,0.956397615149086,0.885628901426649,2.21929847392509,RD
61.2249376531021,0.500407068940202,1.00373765917161,0.851739335562998,0.850582313582801,1.0199437671218,RD
61.2240398235858,0.533644217729765,1.30897971384902,0.993772398799977,0.898140751605613,2.64759639374312,RD
61.2232287426514,0.509154238764991,1.08406967275271,0.889118612590665,0.86309826228844,1.44828349215055,RD
61.2224930472101,0.542391393364052,1.38929671552654,1.03114516381334,0.910650725216179,3.07584918935837,RD
61.2218242089312,0.517901404695556,1.16439492540065,0.92649501658987,0.875611591837903,1.87658201301979,RD
61.2212140526755,0.551138493905842,1.46960777590758,1.06851610052714,0.923159286478064,3.50411363386436,RD
61.2206607769506,0.526648501357846,1.24471292464368,0.963868967782354,0.88812292861154,2.30488610341109,RD
61.2201638413391,0.502158514197133,1.01982130878663,0.859223168760606,0.85308777112364,1.10566925923224,RD
61.219723546042,0.535395561626964,1.32502726767369,1.00124175703269,0.900633399193564,2.73327532034969,RD
61.2193448164536,0.510905587206601,1.10014116055085,0.896598215706305,0.865600203947405,1.5340503182474,RD
62.2315157772404,0.541063554064115,1.34379954093835,1.0272962998492,0.907881845950153,1.95610684661053,RD
62.336624831946,0.513844171584923,1.06292838309284,0.90735799149122,0.867299691161548,1.01534040579148,RD
62.2250710765071,0.500055336716951,1.00052100804658,0.850242141238591,0.850084305651261,1.00273514066362,RD
62.1190330503463,0.500058078453575,1.00054624805474,0.850253496554027,0.850087936001153,1.00290337755034,RD
62.0241627478155,0.500041115259129,1.0003851300872,0.850179066398134,0.850061874572377,1.00202526070819,RD
61.939391757829,0.500086874061881,1.00081320598432,0.850377581417808,0.850130080082354,1.00432541203076,RD
61.8635044532,0.500005399122345,1.00005015700686,0.850023427943822,0.850008042400043,1.00025589503787,RD
61.7956161376543,0.500187992391888,1.0017531854169,0.850814292756261,0.850278971699455,1.009336411598,RD
61.7348854789763,0.500034251212202,1.00031843977373,0.85014817050209,0.850050626417856,1.00167799182109,RD
61.6804409768143,0.500049185363471,1.00045677326505,0.850212482919158,0.850072455243174,1.00241310042925,RD
61.6317968255343,0.500066215196265,1.00061505160329,0.850285699284775,0.850097261198963,1.0032849493711,RD
61.5881644974831,0.500049228718056,1.00045591443515,0.850212207607317,0.850072096417308,1.00240367289261,RD
61.5490543957105,0.500162219942113,1.00150142691911,0.850698619398585,0.850236994981619,1.0079424569914,RD
61.5141276071734,0.500086488989168,1.00080035065086,0.850372163035678,0.850126083114801,1.00425808990621,RD
61.4827534479183,0.500045629636535,1.00042142506801,0.850196201399058,0.850066380085127,1.00222364709102,RD
61.4546160276683,0.500011470736587,1.00010589251095,0.850049289341999,0.850016657611315,1.00055998690612,RD
61.4295053819522,0.500076870266752,1.00071027254512,0.850330078841601,0.850111468744147,1.00380019973514,RD
61.4069372555911,0.500102362779403,1.00094385990145,0.850439348054502,0.850148198367929,1.00499633586296,RD
61.3866768814135,0.500084258081788,1.00077663117168,0.850361465352993,0.850121830340583,1.00411654363558,RD
61.3685818826249,0.500164322252246,1.00151572302595,0.850704578419598,0.850237349270261,1.00810762070481,RD
61.3523612789193,0.500099880562709,1.00091987713487,0.850428145810757,0.850144101955048,1.00488021669032,RD
61.3377659409066,0.500093309740837,1.00085894468679,0.850399830271317,0.850134495467356,1.00455383902079,RD
61.3246774981603,0.500157857385277,1.00145257037502,0.850676209443132,0.850227341733795,1.00769957308334,RD
61.31303266816,0.500080395839696,1.000740607137,0.850344257329978,0.850115712747309,1.00396712667623,RD
61.302536282212,0.500027643916156,1.00025415244778,0.850118367267261,0.850039753446323,1.00134450451341,RD
61.2930916293726,0.500031628012448,1.00029075900895,0.850135381618086,0.850045456817774,1.00154018121673,RD
61.2846504343309,0.50023460044827,1.00215939115465,0.851003891206138,0.850337039037119,1.01156538195967,RD
61.2771353564833,0.500084944253912,1.00078127416998,0.850363455481223,0.850121968317168,1.00416720855625,RD
61.270338319471,0.500094250386161,1.00086598219183,0.850403212264994,0.850135261706032,1.00458995377461,RD
61.2642209201249,0.50000229946584,1.00002105597922,0.850009836937225,0.850003297825711,1.00010885663962,RD
61.2587754188914,0.500211464816691,1.00194511891797,0.850904331121398,0.850303294283001,1.01041993248543,RD
61.2539273023236,0.500067223705195,1.0006179215086,0.850287475645792,0.850096379595614,1.0032968463689,RD
61.2495242029897,0.50008145467063,1.00074797674105,0.850348298028669,0.850116740814694,1.00396397577919,RD
61.2455562807259,0.500096684524329,1.00088793616333,0.85041337835356,0.850138535302289,1.00471384558064,RD
61.2420407922204,0.500207080450345,1.00190396182521,0.850885226635635,0.850296685080069,1.01020113373808,RD
14.4,15.56,38.95,5.52,3.95,21.54,RD
15.2239186746024,10.1751395454117,31.7757505777215,6.01801737689168,2.84273487355912,19.1739666908743,RD
16.1137377192612,7.12308809501877,26.9377039948706,6.32248699909766,2.09947050551,16.7602657776661,RD
16.8572607046195,5.23256617888478,23.3530759515612,6.45267944232697,1.58535759103841,14.4425114489098,RD
17.3444351918753,3.98755970197569,20.5677283852752,6.43560804076605,1.22095386425519,12.3341862965107,RD
17.5378522401367,3.12840632890699,18.3587249283857,6.30390597308728,0.956908828914934,10.4994409553596,RD
17.453663723077,2.51268062038086,16.597472108803,6.09178963814491,0.900273720165004,8.96163500193963,RD
17.1390569249002,2.05715911638922,15.1972793062898,5.8301768591103,0.928197837033251,7.70971740711058,RD
16.6457277222139,1.71027398854585,14.0935355661644,5.54289170016317,0.919218137099942,6.70635051503351,RD
16.0225559992424,1.43931799845482,13.2361028850071,5.24768368311564,0.911097471050301,5.91097134290652,RD
15.3116842146935,1.22288682936665,12.585361134697,4.95708214545213,0.920584469251542,5.28646167107951,RD
14.5471287956921,1.04657624390936,12.1099815656608,4.67940568193372,0.901715559309136,4.80121560337154,RD
13.7551390239527,0.900462026515152,11.7853749473062,4.41980388621457,0.929023363002967,4.42955001356741,RD
12.9553161337455,0.777563007209352,11.5924559434018,4.1811705171239,0.909921098975164,4.15127485658948,RD
12.161968011937,0.672859995533783,11.5165640011154,3.96488598223094,0.933025350929709,3.95089522112701,RD
11.3852617555875,0.58271565366713,11.546637780207,3.77133058416472,0.95505471677242,3.81684912397826,RD
10.632397636199,0.538983348403513,11.674329109696,3.60032753921971,0.976000410314505,3.74079603774293,RD
9.90896407266623,0.500511022341475,11.8896309284052,3.45116054209246,0.900945743320608,3.71746538330678,RD
9.21741752422595,0.514508141481523,12.1867540875916,3.32279664682443,0.925870230697789,3.74171068134714,RD
8.56072373665258,0.504715478089235,12.5617968007433,3.21470539206893,0.908126622970752,3.81230469044327,RD
7.9404505814746,0.514493330876123,13.0124091054146,3.1263809477303,0.923988843707224,3.92869469489818,RD
7.35756938930689,0.521936818300619,13.5364155861041,3.05747106626276,0.934861586637469,4.09158067851704,RD
6.81264698048368,0.530061253156549,14.1315312761867,3.00782659089275,0.94586293685595,4.30274717109972,RD
6.30598274320377,0.538976310399205,14.7950196061043,2.97754745416161,0.957128425522923,4.56499027789823,RD
5.83773556323132,0.548780241679761,15.5233516491199,2.96700996460785,0.968806561419609,4.88195797526437,RD
5.40799795177212,0.544419011799066,16.3118691087718,2.97689855560692,0.960599535799141,5.25801370074646,RD
5.01684682710596,0.539572673326107,17.1544548235476,3.00823988837391,0.952366364657132,5.69808572195792,RD
4.66438652015815,0.534162491156076,18.0432501049786,3.06243252272219,0.94400950354713,6.20747692945757,RD
4.3508011421547,0.528120670427921,18.968358896316,3.14128215911871,0.935421179120682,6.79157975502591,RD
4.07641933962377,0.521396030113186,19.9175812004445,3.24703573378459,0.926480205243511,7.4554827376373,RD
3.84179357399053,0.513953627430306,20.876257480907,3.38240200450743,0.917054972193582,8.20347957773113,RD
3.64781113903276,0.505773969288568,21.8272145799911,3.55055330671638,0.907007557385398,9.03844937003099,RD
3.49585525836792,0.626782379970221,22.7507956120078,3.75509844203745,1.05391669529528,9.9610731521358,RD
3.38802875001474,0.621688473587371,23.6249946634248,4.00000467666957,1.04884151398816,10.9688822697191,RD
3.3274537199806,0.615609118855956,24.4257258681464,4.2894386601553,1.04329953723454,12.0551537162811,RD
3.31866970796279,0.608530181020343,25.1272515108567,4.62748414232843,1.03710132436462,13.2076720007851,RD
3.36814877546642,0.600469365307392,25.7027751126865,5.01769133369467,1.03005113617307,14.4074098960508,RD
3.48557329526228,0.57882915282392,26.116572977483,5.46249343634475,1.0092416863536,15.6350964635558,RD
3.68347592709119,0.506598742779241,26.355779607228,5.96167236895135,0.909028685137146,16.8424372138775,RD
3.97769279163431,0.517467479438116,26.3953321079687,6.51214125072989,0.924871966421432,17.9816239308033,RD
4.38998636728719,0.53313759413728,26.2101251958784,7.10580246525142,0.949338103702767,18.9991117346761,RD
4.94696318986923,0.54823807091389,25.7846424513609,7.72795566400327,0.975350978890995,19.8273032421168,RD
5.6792216005467,0.505681161261131,25.1109668305091,8.35583255840155,0.909251955730895,20.3911377858774,RD
6.61760164627652,0.520257483175835,24.1911233439001,8.9580184363027,0.934748112231611,20.6139471434842,RD
7.78561459810517,0.533499769823528,23.0395703655536,9.49534164804831,0.960581493478993,20.4275584605178,RD
9.1872929263061,0.545001295098495,21.6853712010981,9.92417498476355,0.985798655569579,19.7873338803465,RD
10.7924314213407,0.508058031813278,20.1732471968178,10.2025777820805,0.916040309112837,18.6900142099852,RD
12.5254487829812,0.51911424600075,18.5623108537162,10.2985552642174,0.940051523044068,17.1880223163899,RD
14.2670589467833,0.528163740706657,16.9212909750273,10.1981376646422,0.962037623506644,15.3908404022485,RD
15.8746384817212,0.535261786165964,15.3202045829047,9.90985376503795,0.981539832840336,13.4470097986135,RD
17.2159729516446,0.508067128268731,13.8204976635814,9.46310308175373,0.919396020486531,11.5109946676261,RD
18.2006624245567,0.51533688889819,12.4671240076356,8.90085476366999,0.938589882887738,9.70958883341192,RD
18.794584891299,0.521169761217632,11.2852988061795,8.26990141657738,0.955589316364017,8.1224964303944,RD
19.0143458349292,0.501151116870724,10.2822413500668,7.61257775835897,0.903121996723961,6.78164445031535,RD
18.9099152971321,0.507228007900269,9.45197967104067,6.9620694852634,0.920295531474984,5.68298174419223,RD
18.5458026947603,0.512397252048981,8.7808240593957,6.34126348874935,0.935813348296275,4.80167587482862,RD
17.9870018128376,0.516936510744597,8.25191417354512,5.76390091184537,0.949972329333527,4.10465604192599,RD
17.2911278740532,0.502226811517975,7.84827837997196,5.23668527372422,0.90664652202337,3.55855055004009,RD
16.5053884619103,0.507001202859885,7.55455535818252,4.76144461768318,0.921026797256405,3.13367295108647,RD
15.6664794107481,0.511485188434286,7.35776156112782,4.33693139239089,0.934410265669587,2.80541475116599,RD
14.8018738983477,0.526311383360177,7.24747800814638,3.96014996361078,0.97783232158952,2.55423987279881,RD
13.931562264707,0.506948301244871,7.21573201456976,3.62726401482903,0.920259211130682,2.36507334762583,RD
13.0696858457931,0.515244786681104,7.25675948125103,3.33415766539945,0.943240078691781,2.22655156083155,RD
12.2260283231402,0.523791706919248,7.36671950323537,3.07679755634332,0.965115354319615,2.13027335228928,RD
11.4071999043871,0.504515823970083,7.54341431864637,2.85143067244084,0.91198514324653,2.07017456665779,RD
10.6174774948963,0.513386648460258,7.7860511884695,2.65466240203208,0.933856187226885,2.04207094482842,RD
9.85950077296394,0.522956262243089,8.09502499820462,2.48350034976739,0.954983802811707,2.04329345999439,RD
9.13479009383894,0.502109825902007,8.47171795825103,2.33536123220875,0.904840396119506,2.07242362984451,RD
8.44410844458569,0.512062407189102,8.9183138213194,2.20805387704936,0.925984475061354,2.12912130327206,RD
7.7877388254958,0.523186458558198,9.43761007165699,2.09976022951794,0.946725923030425,2.21401195213853,RD
7.16568345455306,0.535777292058837,10.0328155499305,2.00901457117691,0.967271839968785,2.32862508695323,RD
6.57780246629401,0.531100235527227,10.7073226049493,1.93468518068634,0.954986103482474,2.47537390897751,RD
6.02391150944858,0.525813250763879,11.4644424975236,1.87596278199481,0.94289526402466,2.65756432674632,RD
5.50384662659663,0.519777795563731,12.3070982898961,1.83235487345724,0.930903063992618,2.8794230262832,RD
5.01749679448665,0.512852955973667,13.2374654705639,1.80369020423892,0.918906010207385,3.14614082033639,RD
4.56481072520646,0.504891312618393,14.2565530560046,1.79013410234774,0.906786839847509,3.46392036938812,RD
4.14578981367952,0.580549379321758,15.3637434265577,1.79221514976172,1.00317096017314,3.84001047853749,RD
3.76046913597364,0.5757841512999,16.5562966221477,1.8108648576063,0.992385450345573,4.28271246028318,RD
3.40888906490934,0.569890635235857,17.8288433667938,1.84747345908868,0.981496915524417,4.80133981692875,RD
3.0910647489825,0.562713113432136,19.1728911177543,1.90396462949932,0.970352448115787,5.40610335304878,RD
2.80696498921786,0.554107193829875,20.5763823794049,1.98289055293429,0.95877332567917,6.10789002605172,RD
2.55651096856971,0.543948662533573,22.0233429528219,2.08754948875066,0.946552444289535,6.91789708249568,RD
2.33960529557631,0.532142713485816,23.4936536954988,2.2221264891113,0.933452377724734,7.84708104763428,RD
2.15620355578684,0.518633222284089,24.9629693202936,2.3918547500502,0.919205019740179,8.90538060303934,RD
2.00644278099226,0.503412402408921,26.4027942764963,2.6031889201761,0.903514022712371,10.1006771679962,RD
1.89084505429979,0.637070671051586,27.7807121194733,2.86397050509838,1.04276070421256,11.437466094494,RD
1.81061546565807,0.624725377284164,29.06074621904,3.18354886711932,1.03223361778398,12.91524974787,RD
1.76830507560373,0.597179510169043,30.194623198592,3.57278361105376,1.01114204314141,14.5322768302611,RD
1.76814012166979,0.50248866719848,31.1533289394066,4.04367900785109,0.902774149035411,16.2659792017776,RD
1.81638917775415,0.50387588172698,31.8965654793232,4.60927736638538,0.904504904692487,18.0850464617198,RD
1.92384763400827,0.500468475578847,32.3746304482797,5.28208781987627,0.900569473327088,19.9524277101573,RD
2.10713640887768,0.50735981639462,32.5450438142119,6.07207895744824,0.909395846596729,21.8110055696659,RD
2.39163165338635,0.501893426144719,32.368633285664,6.98351641031139,0.902566258116701,23.5853821079811,RD
2.81526241654933,0.513357492100137,31.8133323801085,8.01031050199255,0.919304893964419,25.1789031381005,RD
3.43368685953293,0.516839164138934,30.8563135933036,9.13064825607187,0.925773814668164,26.4724455762367,RD
4.32219699732787,0.644384195177347,29.485083601982,10.2932066978166,1.04516689341851,27.3284197603059,RD
5.44280894377354,8.19841123718612,26.7363383725575,10.870938317924,9.17165028822255,29.0700139585621,RD
7.66445766744051,6.01989907732443,23.6315792497337,11.7843580505229,6.22017014005499,30.1600583001451,RD
10.9801569919765,4.54993283207752,20.7461217061742,12.3861430753368,4.21506575148107,29.0585729363494,RD
15.3677447999032,3.54238849855193,17.9110769723075,12.5494046742683,2.88978873331932,25.8569030191504,RD
75.79,1.99,2.9,1.99,1.01,16.96,RD
84.4941590962133,1.98435662927829,1.72982654222938,2.06670703445868,0.907528974561475,4.74589611193233,RD
83.8091305463264,1.9865669220276,1.01222894825335,2.03955086307176,0.907346123872004,1.29276114487194,RD
81.3743684020951,1.99191581113571,1.04487247514996,2.00271778688634,0.92841290616742,1.10927535133197,RD
79.2947720991391,1.9973423112417,1.15493661147173,1.9836705201286,0.999758826099039,1.37840391029156,RD
77.5394169270238,2.00279493499733,1.13701473151566,1.97922176138976,0.989312010702079,1.33511971146475,RD
76.0511068439661,2.00821832648575,1.12038384446673,1.98683275761712,0.979271306731288,1.29459728837932,RD
74.785185379711,2.01356616468269,1.10476552801925,2.00460983894506,0.96955542006082,1.25629284938492,RD
73.7061767095958,2.0187989021111,1.17534128292808,2.03109920875879,1.01722793975425,1.42841477709595,RD
72.7855813407854,2.02388229326674,1.1838501660094,2.0651581567616,1.02351743754857,1.44835710795128,RD
72.0001250406321,2.02878627131117,1.19261853081376,2.10586074997086,1.02985393691569,1.46853610002224,RD
71.330807621268,2.03348437786885,1.20167522651496,2.15244575713773,1.03624443288104,1.48904354794702,RD
70.7618962216305,2.0379530976167,1.21101330867051,2.20426551313791,1.04268637456846,1.50982648105668,RD
70.2801760442306,2.04217150049799,1.22064249909281,2.26075302965363,1.04918141169765,1.53090813681292,RD
69.8745300028331,2.04612100094007,1.006701493418,2.32140144634894,0.904528045748928,1.01607422456246,RD
69.5355340239539,2.0497851721031,1.01698768634729,2.38574643250907,0.911459116141935,1.04054804158892,RD
69.2551000144196,2.05314961457968,1.29059045779634,2.45335336762572,1.09538093242027,1.68901412667252,RD
69.0262808875645,2.0562018782346,1.20888188530736,2.52380938119494,1.04004369310438,1.49290318337636,RD
68.8430896094479,2.05893140863409,1.12698588321343,2.59671704739121,0.984856862600837,1.29817872952912,RD
68.7003003873348,2.0613294966692,1.04471099192625,2.67168904680658,0.929767914479481,1.10446349074922,RD
68.5933007496584,2.06338925031378,1.32211087356513,2.74834570584688,1.11318669315441,1.74685720963335,RD
68.5180093409166,2.06510557724852,1.24002802639053,2.8263143890043,1.05816275494535,1.55359830019159,RD
68.4708217036033,2.06647516251885,1.15727680698832,2.90522922758623,1.00315742176256,1.36082745219154,RD
68.4485362904078,2.0674964359049,1.07374772286043,2.9847313510444,0.94813962436696,1.16830901129226,RD
68.4482670762786,2.06816953193157,1.35772692795025,3.06446987340079,1.1318382268024,1.81015920183683,RD
68.4673883363007,2.06849624215732,1.27427751051145,3.14410368123546,1.07685865734233,1.61791854544601,RD
68.5035266646632,2.06847996201563,1.18988917283856,3.22330362559841,1.02181957217049,1.42560123170573,RD
68.5545430505252,2.06812561935433,1.10451078101576,3.30175452104022,0.966703739263043,1.23306963901187,RD
68.6184853850563,2.06743958971132,1.01810553527502,3.37915706076426,0.911496972376657,1.04018825264312,RD
68.693542456906,2.06642959644972,1.31096634363301,3.45523004517198,1.09600978162978,1.68526020966837,RD
68.77804496183,2.06510461111258,1.22451249959348,3.52971254634523,1.04080853585103,1.49244717586734,RD
68.8704772636343,2.06347474083551,1.13699479378156,3.60236581574889,0.985497368184842,1.29914523085324,RD
68.969459549395,2.0615511039265,1.04841590870029,3.67297455793087,0.930070619376056,1.10527628372261,RD
69.0737070686523,2.05934569460409,1.34931441512875,3.74134800852558,1.11548548181091,1.75495670831879,RD
69.1820221685327,2.0568712505175,1.26063504519933,3.80732078169449,1.06005366419737,1.56107752781246,RD
69.2933172598088,2.05414112648445,1.17091997704652,3.87075372946292,1.00450053986136,1.36656803107235,RD
69.4066201512987,2.0511691578439,1.08019921778064,3.93153375940198,0.948826405987627,1.17139864578624,RD
69.521042703492,2.04796952434688,1.38852358268566,3.98957321779294,1.13515394065746,1.82630257558854,RD
69.6357576577592,2.04455661652198,1.29766221648844,4.04480927920094,1.07946620316753,1.63106148577666,RD
69.7500177037673,2.040944925397,1.20586257437513,4.09720331967037,1.02366080148609,1.43514222084626,RD
69.86317580687,2.03714892618813,1.11317080448254,4.1467396245691,0.967741942182157,1.23855570261022,RD
69.9746692988359,2.033182971389,1.01963580274389,4.1934235696153,0.911714411394144,1.04129330680015,RD
70.0839853528014,2.02906118728855,1.33502822492088,4.23727978604559,1.09895542453993,1.70191124944694,RD
70.1906644706457,2.02479739392405,1.24137027564863,4.27835056943108,1.04291257841536,1.50455220036179,RD
70.2943266461614,2.02040503302693,1.14696344111885,4.31669430637484,0.986771710087739,1.30657231945207,RD
70.394673773422,2.01589710319631,1.05186081003761,4.35238317873108,0.93053936446702,1.10798573369656,RD
70.4914547104465,2.01128610022236,1.37227719629184,4.38550082503987,1.11844171513412,1.77316047849575,RD
70.5844477917249,2.00658397269869,1.27704790329247,4.41614057352037,1.06219208377123,1.57445129522136,RD
70.6734832734437,2.00180209406966,1.18121964325137,4.44440403353097,1.00586362934967,1.3751957878353,RD
70.7584617101801,1.99695123992849,1.08484319295269,4.47039918004725,0.949463469543097,1.17542871499353,RD
70.8393276214118,1.99204156651277,1.33192851183405,4.4942377675084,1.09302259337811,1.68523783147812,RD
71.3099681041428,1.98894676934973,1.46399417385695,4.54797661863584,1.18850108249063,1.7538239694246,RD
71.4831513667838,1.98563260168114,1.00416331235041,4.58124455778931,0.902391979648659,1.00866114132162,RD
71.5007793907137,1.98040226777262,1.04168490608802,4.5897548539056,0.92401715324727,1.08566266144281,RD
71.5183472631462,1.97518678563294,1.13015964126307,4.59770226857644,0.974929501332485,1.26735581936244,RD
71.5356803086067,1.96998802160749,1.20426944640595,4.60511094613345,1.01749919456014,1.41939313007925,RD
71.5526745339587,1.96480796455063,1.04765120678607,4.61200387826891,0.927393207193792,1.09780260129381,RD
71.5692425404553,1.95964846756795,1.5472927651751,4.6184048017263,1.21431239575705,2.12271108686899,RD
71.585317018174,1.95451123648947,1.01987564529562,4.62433819741791,0.91141131168307,1.04076644197432,RD
71.6008588472587,1.94939773305805,1.57007576498661,4.62982908996196,1.22699094278633,2.16873734338053,RD
71.6158036247975,1.94430963016972,1.04207391973196,4.634901920567,0.924128395825824,1.0862524981428,RD
71.6301427089511,1.93924806407357,1.59282269626442,4.63958144634194,1.2396576122404,2.21476683113187,RD
71.6438318661816,1.9342145144735,1.06430923227163,4.64389223537659,0.936841057992436,1.13178166047713,RD
71.6568766261182,1.92920987558836,1.61553396193166,4.64785781878611,1.25231087277035,2.2607864694838,RD
71.6692590582868,1.92423532609333,1.08657589370504,4.65150232098055,0.949547863174904,1.17734505990108,RD
71.6809905196573,1.91929158461195,1.63821142421869,4.65484758866405,1.26495014480253,2.30678176996149,RD
71.6920718571727,1.91437954398135,1.10886882242857,4.65791641817385,0.96224797340674,1.22293220468162,RD
71.7025188710648,1.90949977709321,1.6608561378773,4.66072889654304,1.27757570073547,2.35274313603539,RD
71.7123442608176,1.90465293310721,1.13118238235441,4.66330585125785,0.974941072053447,1.26853493855119,RD
71.7215682018309,1.89983945370399,1.68346809602178,4.66566561947332,1.29018805189588,2.39866940389421,RD
71.7302111661442,1.89505978539426,1.15351053378206,4.66782673720713,0.987626907081529,1.31414964517866,RD
71.7382969601882,1.89031424903467,1.70604742813428,4.66980579589801,1.30278756748838,2.44456689803657,RD
71.7458512647129,1.88560312102662,1.17584789473714,4.671618937561,1.00030505083718,1.35977673690942,RD
71.7529001193409,1.88092661222468,1.72859571333461,4.67328102046357,1.31537450815267,2.49044477076427,RD
71.7594719444653,1.8762848552173,1.19819073483272,4.67480582390169,1.01297499746031,1.40541795878917,RD
71.7655934982392,1.87167796292679,1.75111628438967,4.67620651746885,1.32794922789416,2.53630943422785,RD
71.7712932724751,1.86710594820323,1.22053713739531,4.67749464771576,1.0256363721876,1.45107325251474,RD
71.7765975092764,1.8625688385717,1.77361339958177,4.67868177605407,1.34051226584169,2.58216123436085,RD
71.7815324821762,1.85806655074271,1.24288632426325,4.6797774287996,1.03828902204116,1.49673907152228,RD
71.7861231037968,1.8535990389696,1.79609102581818,4.68079166626666,1.35306426618403,2.62799508457157,RD
71.7903922165229,1.84916614604257,1.26523774481526,4.68173226154004,1.05093295025229,1.54240910981936,RD
71.7943629825898,1.84476776424102,1.81855210762753,4.68260789564042,1.3656058469355,2.67380443479952,RD
71.7980548935905,1.84040368145491,1.2875905679979,4.68342486640723,1.06356820540556,1.58807694336199,RD
71.8014892418523,1.83607373835507,1.84099867190604,4.68419060279812,1.37813754657211,2.7195860747878,RD
71.8046831180858,1.8317776827582,1.30994378609298,4.68491017404177,1.07619483422257,1.63373895621746,RD
71.8076560282853,1.8275153131044,1.8634324662493,4.68558988306528,1.39065986949946,2.76534291296105,RD
71.8104236931232,1.82328634816215,1.33229666041978,4.68623376358009,1.08881291283459,1.67939578890125,RD
71.8130040171149,1.81909055245548,1.88585553822539,4.68684711232511,1.40317335784668,2.81108317219207,RD
71.8154117841592,1.81492762416249,1.35464906457042,4.68743307225725,1.10142259657463,1.72505145689827,RD
71.8176634699352,1.8107973011271,1.90827034871623,4.6879960443584,1.41567861110671,2.85681658061395,RD
71.8197725594987,1.80669926800888,1.37700146013157,4.68853840160656,1.11402412775807,1.77071067846204,RD
71.8217541533649,1.8026332422345,1.93067943062589,4.68906374992024,1.4281762354095,2.90254984369641,RD
71.8236196223623,1.79859890118151,1.39935456149307,4.68957381484823,1.12661779109988,1.81637598912073,RD
71.8253825750883,1.79459594733188,1.95308491338733,4.6900715012406,1.44066676491589,2.94828400037832,RD
71.8270516207119,1.79062405608968,1.42170895253147,4.6905580225503,1.13920385216732,1.86204630447298,RD
71.828638633103,1.78668291988015,1.97548825414731,4.6910356606903,1.45315061327392,2.99401507255506,RD
71.8301494491762,1.78277221657564,1.4440648998611,4.69150515188754,1.15178252219613,1.90771770095548,RD
71.8315939946051,1.77889163273783,1.99789027978377,4.69196827665824,1.46562808169355,3.03973747106022,RD
71.8329761524222,1.7750408506207,1.46642238912946,4.69242576507311,1.16435396389978,1.95338587334074,RD
71.8343038718765,1.77121955453213,2.02029154089358,4.69287896685148,1.47809941880287,3.08544805370239,RD
22.11,7.36,46.09,21.36,0.87,2.21,RD
18.8342584219027,6.34335858216437,33.5518133830721,23.6824867099433,0.904781820745445,1.790176303773,RD
17.3047735271938,5.74440601841047,24.9130625522989,24.0957841617819,0.900143348882742,1.50880312998372,RD
16.6633166416223,5.39341203150829,19.0030894045074,23.0609414426679,0.900758681297031,1.2978114187914,RD
16.4802318691923,5.20212069588708,14.9854140025312,21.1415495478089,0.906752742706979,1.12855122238207,RD
16.521217228898,5.12072730710579,12.2540203454791,18.8078486840021,0.908685562288136,1.02349852431953,RD
16.6677050713755,5.1187263819462,10.3901834783697,16.3840942775115,0.901408755813916,1.00423283383511,RD
16.7512619534534,5.16839365184122,9.1203260266872,14.0561466476708,0.90195281274727,1.00629514181871,RD
16.9232817461464,5.27327916656616,8.25734320865236,11.9462170446446,0.905288202760156,1.01790337499619,RD
17.0563718616237,5.41508093991272,7.68122055885208,10.0798423165938,0.90870287624205,1.03019620132008,RD
17.1352734443073,5.58631154247727,7.31542035999486,8.4636029398391,0.900227862080246,1.0007914689433,RD
17.1524739418811,5.78075239121913,7.10963002697219,7.08479352817196,0.909789129647794,1.03322275662984,RD
17.1049887827717,5.99293087213677,7.0305234322931,5.92129023194255,0.909939820145336,1.03238687045134,RD
16.9924089862418,6.21781394260047,7.05627545839323,4.94722873077046,0.910182546821276,1.0313451984718,RD
16.8155515640315,6.45060153378926,7.1728285822838,4.1365925599319,0.910487014153455,1.0300866751605,RD
16.5757188962422,6.68661113708251,7.37168942795777,3.46497066346302,0.910825197575106,1.02860908214367,RD
16.2742862647134,6.92121355462588,7.64863072113564,2.91034015167391,0.903831159501823,1.00930987608108,RD
15.9199750973541,7.15098895491141,8.00242737987525,2.45362792498642,0.903986368614173,1.00876288193632,RD
15.4984603954446,7.36890020885106,8.43508753764706,2.07800817617326,0.906145836207704,1.01202020680621,RD
15.0182102938296,7.57154232013951,8.95127207920119,1.76979443749826,0.900635694436718,1.00110234013607,RD
14.479816710607,7.7542721435263,9.55794302530903,1.51736141862729,0.903493446187581,1.00522886380863,RD
13.8854768936301,7.91299707821773,10.2645703696738,1.31112383040863,0.916921731273766,1.02072442916738,RD
13.233556967043,8.04218523954077,11.0831141888337,1.14316999587434,0.901328883916092,1.0013583519502,RD
12.5251837354078,8.13703283441013,12.0287282427339,1.00712265699449,0.900844344871252,1.00064320767304,RD
11.7639084758551,8.19342166796661,13.1194035801023,0.8978950859613,0.903018366934884,1.001459954009,RD
10.9529938858924,8.20676524367023,14.3763333975271,0.811479011937302,0.90276605559588,1.00047295529894,RD
10.0973828714104,8.17258777132885,15.8239477597408,0.744838940064291,0.904524912316327,1.00164055415859,RD
9.20513064022081,8.0877269636225,17.4897209870112,0.695850526337516,0.901894370090604,1.01617343293678,RD
8.28896622173879,7.95647772541084,19.403187428018,0.663339825522543,0.900775685513031,1.04657416950148,RD
7.36524555038302,7.79101451771621,21.5941062213799,0.647121544598776,0.906405504590088,1.09434521111702,RD
6.45333215965178,7.61013887106826,24.0895941061047,0.648129429398475,0.917682139078681,1.16149769115449,RD
5.57475775355736,7.43714992632851,26.9098777118287,0.668690372053459,0.939679514130813,1.25054417310537,RD
4.751833782099,7.29720469892133,30.0625820776088,0.713011867046475,0.909733863965186,1.36445302810971,RD
4.00580725961607,7.21468152971873,33.5356256923621,0.788004098279469,0.939420707625031,1.50654406273973,RD
3.35480209958976,7.21065005495572,37.2891395809302,0.904630719566417,0.989924458991267,1.68030449670941,RD
2.73519158183828,6.96735435862659,41.2543739760452,1.07594047299136,1.04893091730864,1.89042467505666,RD
2.09718720080398,6.19455507143433,45.3968823125542,1.3249025152319,1.04183202761611,2.1462492825755,RD
1.56932065352396,5.43133579058405,49.5903616104428,1.70223146476106,1.04583914818527,2.45276192189084,RD
1.14822052825087,4.69589375772905,53.6198326822382,2.28001510194079,1.05966614734008,2.81440558212732,RD
1.00551101539476,4.00658629799185,57.151046948987,3.17261886001583,1.08156864167639,3.23011556167008,RD
1.00202984961829,3.38081544885814,59.6962088128584,4.55078769027079,1.10904088456971,3.68779091103527,RD
1.03044993413534,2.83221515976062,60.745078900182,6.65193987937106,1.13950072495343,4.18080224579061,RD
1.00272239816871,2.36884475406566,59.7155955208978,9.74586064538957,1.16940666875096,4.69682443280898,RD
1.02606397796333,1.99298639599856,56.1329497382226,14.0078723936226,1.1944348757123,5.21944541067097,RD
1.03603088034138,1.70140977071532,49.9403762685764,19.2768513627734,1.21001697682908,5.72572631185849,RD
1.00823051396342,1.48596289072275,41.8392214960907,24.8579231811899,1.21293192658755,6.19410561961372,RD
0.999813884765327,1.33489066266323,33.1811224923868,29.6845811048237,1.20284907517252,6.61248385509091,RD
1.0329102637039,1.23507676328634,25.3205601629946,32.8659925561035,1.18254543439715,6.9822706062799,RD
1.13961170378544,1.17446228635258,19.0077547844882,34.1089509333223,1.15634876422115,7.31062640211689,RD
1.31686613197207,1.14350958759322,14.3372111519402,33.6716768810424,1.12841023663467,7.60701574164063,RD
1.56690688595223,1.1354269048146,11.0405837900504,32.0521724718056,1.10166451035825,7.8782884251079,RD
1.89575746766015,1.1456997804112,8.76459875193386,29.7341508493221,1.07769206908606,8.12551203262409,RD
2.31219327580301,1.17145852900992,7.20523516644708,27.0845687258671,1.05705366728943,8.34364866903169,RD
2.82685679089633,1.21094751290828,6.13920003234464,24.3470711040987,1.03968800414501,8.52256374661127,RD
3.45122723956378,1.2631472305628,5.41359146827607,21.6694908039354,1.02521796887905,8.64851698791827,RD
4.19620708593954,1.32752245335895,4.92649663223534,19.1344836394969,1.0131471994101,8.70588007020154,RD
5.07017787934092,1.40385918814756,4.61024094253647,16.7833615242471,1.00297176851766,8.67907685635251,RD
6.07652035767702,1.49215433568098,4.41936734625559,14.6325692464447,0.994238614995901,8.55477437251611,RD
7.21083461905298,1.59253821302767,4.32262889057915,12.6843580804206,0.986569711015268,8.32421044263331,RD
8.45839421473945,1.70521647059808,4.29784565974145,10.9334132873932,0.979664937709576,7.98535301645339,RD
9.7926165286503,1.83042339027358,4.32869471085199,9.37076241292354,0.973291793653788,7.54441183202243,RD
11.1753854286626,1.96838172763753,4.40277699545098,7.98588263319295,0.96726789532758,7.01617197337629,RD
12.5597027243063,2.11926603422062,4.51054050226913,6.76764288414057,0.961441206009837,6.42280789856677,RD
13.8944980118422,2.28316739244123,4.64473176503872,5.70456624197206,0.955672215939719,5.79122870318785,RD
15.1304727103013,2.46005924603733,4.8001448126414,4.78476891550381,0.949821499715522,5.14959544310296,RD
16.225680371942,2.64976211390242,4.97349071684386,3.99591072681755,0.943743472705672,4.52377451527723,RD
17.1495576647529,2.85190761033197,5.16325976598369,3.32520528017154,0.93728692811194,3.93455260476398,RD
17.8843284227374,3.06590434511644,5.36954448795071,2.75961146400566,0.93030109764075,3.39632594109265,RD
18.4242194828235,3.29090298150595,5.59384035481886,2.28621200184091,0.92264399617423,2.91706312784717,RD
18.7732385305416,3.52576395879791,5.83882355495866,1.8925660035538,0.914191969279198,2.49919005147094,RD
18.9422260032822,3.76902816864239,6.1081764357439,1.56703411805683,0.904848686753497,2.14099481579293,RD
18.9460926098188,4.01903810794655,6.40646405767192,1.29904542775848,0.905073319660757,1.83813094237799,RD
18.8016036100173,4.274069612658,6.73906930874834,1.07921899597533,0.901921289604546,1.58486854804418,RD
18.5251439290927,4.5317390888714,7.11222675009699,0.899373897621223,0.900593058262834,1.37486414192326,RD
18.1319043677998,4.78927359232657,7.53312087555922,0.752528996437855,0.903117584608962,1.20196926096362,RD
17.6355207672765,5.04371363980994,8.01002971956597,0.632808308828894,0.901417662206837,1.06055093642588,RD
17.0516999153348,5.29151038855472,8.55249942901987,0.535329464427904,0.900163924199704,1.00103732909344,RD
16.4101740773767,5.52850676196326,9.1692761591033,0.501880962678485,0.900443108543527,1.00235830670978,RD
15.72015727105,5.75005374101321,9.86399023977741,0.501405103312914,0.900377893518679,1.00165439600147,RD
14.9806613551712,5.95189639223199,10.6487639908002,0.507375897134934,0.902220963264609,1.00792262870044,RD
14.1916255503003,6.12966737751314,11.5387378881078,0.527185227380514,0.90918892877352,1.02539708689732,RD
13.3538229426525,6.27878587925144,12.5516550065864,0.518135601175743,0.90670234933165,1.01439412578801,RD
12.4691299630974,6.39453280078705,13.7081266181082,0.510281506037795,0.904154247162688,1.0063305236451,RD
11.5408690848629,6.47209439118456,15.0319942875627,0.503858441902563,0.901714443419274,1.0014507029077,RD
10.5741814948364,6.50665038859021,16.5504855682568,0.513576642789439,0.906963073936621,0.999975235226546,RD
9.57695296019684,6.49360432761884,18.293514968661,0.50089148265832,0.900533791225476,1.0077125478169,RD
8.56069653880497,6.42836442970991,20.2956292292963,0.502440846169825,0.902181805687957,1.03269363022958,RD
7.53980182726154,6.30718604992039,22.5912761525163,0.500005552672264,0.900925753665372,1.07623989350431,RD
6.53050154031617,6.12717988594232,25.2144085683159,0.506089358400044,0.90015927250415,1.14036126225773,RD
5.5509959757341,5.88702276796855,28.1923289343682,0.527788754272838,0.900440608660323,1.22778429859742,RD
4.62057499656779,5.58744586672717,31.5412318581136,0.569019049474846,0.905368386716971,1.34199738364772,RD
3.75835950628043,5.23215662577232,35.2601583434069,0.636333059467022,0.916098378322033,1.48725204604301,RD
2.98155097149234,4.82805763855845,39.3225168371732,0.740472056331778,0.933053495652878,1.66846564087096,RD
2.30350950969867,4.38540996140839,43.6663530129419,0.899012279063955,0.956574828601048,1.89105030412479,RD
1.73198978072374,3.91764240257572,48.1831856663664,1.14096897746014,0.986858357436746,2.16062120807172,RD
1.26807610641185,3.44059649892811,52.7053820739257,1.51457680842516,1.02386282568167,2.48254537314137,RD
1.00112434031733,2.97127173411225,56.9833627352362,2.1000226199914,1.06713241499174,2.86053591056871,RD
1.01039015076578,2.52671407079649,60.5857675737043,3.02561054622494,1.11507841305149,3.28515808544089,RD
1.00436138401206,2.12209772645499,63.0478996158795,4.49079832571251,1.16595169613509,3.75085855213259,RD
1.00157745815898,1.76834489597729,63.8085889737479,6.77863392723365,1.21717106347169,4.25171377476686,RD
59.15,2.21,4.31,1.39,3.6,29.27,RD
67.3128929717018,1.99436544422145,3.19744082773042,0.993098450218291,2.67686291324271,11.3268436111441,RD
63.0324986848058,1.79170216502659,2.37719238734398,0.686061629890048,2.15480122386806,4.37327890965354,RD
55.0812403108955,1.60630815233051,1.86644264633777,0.503101772225784,1.82685167844357,1.8950434468707,RD
47.0103728124604,1.4380675238077,1.56028785021414,0.50100450957412,1.60790159988412,1.00394556875606,RD
39.9810399529897,1.28586286114536,1.37937814405362,0.521355306314186,1.45430208680737,1.07356307567318,RD
34.0558786655738,1.1487554257033,1.27895448318273,0.511671994610101,1.3435989775929,1.03516062283903,RD
29.0386649993521,1.02556345931172,1.23427848657191,0.524950043471249,1.26371746136906,1.06377646292525,RD
24.7762205744759,0.915078671822133,1.23208543963261,0.534465793738035,1.206705471714,1.07307577305445,RD
21.1512296217327,0.855123349846747,1.26541843884525,0.505879440436233,1.16684682517381,1.01039534213981,RD
18.0525445849467,0.853098262569524,1.33150819822593,0.50336570551093,1.13969217921864,1.00467229104901,RD
15.4040099576284,0.870936099397335,1.42995373719938,0.521348104959683,1.12223820655092,1.0212148681895,RD
13.1371542138849,0.869039012396407,1.56240426940983,0.518378556795255,1.11267604354072,1.01208195741509,RD
11.1947571355659,0.880727202662771,1.73211012104137,0.528016060880412,1.10964903106354,1.00895546141265,RD
9.52880788763617,0.855074774445427,1.94377202392498,0.504416229967522,1.11211985354301,1.00025499864657,RD
8.09909735537778,0.906175228950487,2.20346606172196,0.545651447019292,1.11926178135621,1.00689639164204,RD
6.87346139881518,0.853171504454442,2.51819568836909,0.502458720562925,1.1300470476942,1.03642136366111,RD
5.82345568807516,0.858760726405681,2.89756414978798,0.506416227164776,1.1443657817551,1.08743268297595,RD
4.92502614646155,0.86218526781829,3.35120436411776,0.508342438025073,1.16135091454899,1.15978192755048,RD
4.15678660686765,0.852019852830057,3.89037980080303,0.501290187552641,1.18047152749573,1.25436450776323,RD
3.50027694472169,0.879211256299705,4.52732191352046,0.516935543033302,1.20123562529917,1.37294242781382,RD
2.93962338595599,0.860932718496487,5.27488368348359,0.505788395649002,1.22316691155777,1.51806662128403,RD
2.46127399334426,0.889858326969202,6.14598647999492,0.518494579001249,1.24578847963738,1.69306865861271,RD
2.05365055917147,0.850698259579992,7.15279256350826,0.50028782734587,1.26860817875935,1.90206004733137,RD
1.70689984162651,0.890546277589379,8.30565388652127,0.513727275575766,1.2911064975373,2.14997613648725,RD
1.41264961588009,0.934025632323561,9.61188121190088,0.521949330129501,1.3127259577767,2.44262505230025,RD
1.16375894594212,0.891715596989722,11.0742174434789,0.508554514436672,1.33286123548457,2.78674945284325,RD
1.00390189203382,0.852712736372429,12.6857465979069,0.500422550421983,1.35017400397688,3.18857305825285,RD
1.0199136607107,0.864042314957499,14.4292153413572,0.501142218664818,1.36482874591026,3.65128990056799,RD
1.04412280292886,0.881945506326463,16.2763017358187,0.500497866435567,1.37537087524143,4.17809608187999,RD
1.10299741420876,0.927067644069122,18.1998762303079,0.501796583783681,1.38119436625954,4.7766843898734,RD
1.09809397293673,0.925910255245623,20.1663775665235,0.512671862750333,1.38166399915928,5.45523163452081,RD
1.09241159026008,0.924371940754043,22.1374739218979,0.53394196759909,1.37612923839591,6.22227574740173,RD
1.0859083206398,0.922393813695083,24.0731883339325,0.566881532928302,1.36395742056441,7.08658183186485,RD
1.07859137302835,0.919931636745951,25.9347192919287,0.613311771639761,1.34456369035749,8.05689820885041,RD
1.0705317578374,0.91696207048578,27.686696506509,0.675717022282807,1.31744699199141,9.14165194090707,RD
1.06185434004922,0.91348095195546,29.29887385923,0.757392828511076,1.28223176367855,10.3485582058419,RD
1.05273876303603,0.909500089911775,30.7469640019245,0.862628768354701,1.23871430469821,11.6841449198545,RD
1.04341179676013,0.905045205144942,32.0125731870775,0.996930296100615,1.18691020155051,13.1531989804973,RD
1.06950106232454,0.954277218590102,33.0823674070466,1.16727704408583,1.12709832031094,14.7581471112716,RD
1.02551116308457,0.895408220930936,33.9466851277574,1.38240763158674,1.0598558563362,16.4983938788937,RD
1.06053987951,1.00201542993808,34.5979877411514,1.65308087418887,0.986076286573985,18.3697053869784,RD
1.02395346417593,0.929819114762253,35.0246218405229,1.99206613872562,0.930785768992278,20.3606887859619,RD
1.00238305850624,0.866738504032472,35.2267105813369,2.41511050221353,0.906690876969707,22.4690949943748,RD
1.00013540032947,0.914094293207894,35.191903542318,2.94010831107754,0.929472206167882,24.6862203877163,RD
1.02686633821266,0.850120071881327,34.9033149314711,3.58599079504925,0.900061151830512,26.9885611070563,RD
1.10266054722066,0.87150287560711,34.3394905463265,4.37094682933756,0.912399084314923,29.3282716808913,RD
1.24178990777044,0.894782912033352,33.4779927876975,5.30867413542165,0.928989806176847,31.6427343563283,RD
1.46915367820083,0.882982448859208,32.3019204891292,6.40331388569581,0.923624459601593,33.8478061350667,RD
1.82628762922041,0.876569101235718,30.8041596549045,7.6422205176812,0.920938922129671,35.8326760591658,RD
2.38034021270745,0.898986479935518,28.9925638022279,8.98764990954417,0.942358423337967,37.4511685385984,RD
3.23582565110828,0.920027452251343,26.8941950131257,10.3686494073414,0.965662698592308,38.5104396197125,RD
4.54399673286794,0.863040678144211,24.5569977623177,11.6759164585982,0.912924909047477,38.7618957444016,RD
6.49313412428639,0.854484124625619,22.0483430839306,12.763902686866,0.904656841788653,37.9147156702517,RD
9.24129076319883,0.855655450012934,19.4542367930582,13.4657047253028,0.905949491680869,35.6890740404768,RD
12.7576385479318,0.849852379080628,16.8794883743145,13.6249995022056,0.90044799401393,31.9985472550725,RD
16.6465308214958,0.985059590469677,14.4479148464977,13.1615773137318,1.06413522680225,27.1519109812365,RD
20.1846225124869,1.46890901739732,12.2834653285066,12.1252499412006,1.61445711879191,21.8980991297206,RD
22.6789059256998,2.40918833274318,10.4774814187217,10.6886143626602,2.64544262996402,17.0637658095241,RD
23.8313921345798,3.88718916049077,9.06201121024787,9.06793673052915,4.16037304190293,13.1588014525422,RD
23.7707178987865,5.96860485113423,8.01387377435107,7.43865051346868,6.04204022209628,10.2848488355673,RD
22.8336195078085,8.68607235236458,7.28058208986826,5.90558466681544,8.03600286334094,8.29521213067777,RD
21.3630485619912,11.9438904957086,6.80477559078637,4.52351092636407,9.75203233112352,6.97115809962727,RD
19.6277124085065,15.3146728356666,6.53695351919106,3.33839193175681,10.693905804432,6.11149202885361,RD
17.831641968158,17.7515088244142,6.43820395499136,2.42916930254319,10.2874700574455,5.55129229353603,RD
16.1502920017426,17.4130338337781,6.4770791727669,1.93369953157355,7.84827798527015,5.14628972696502,RD
14.4801704570644,15.6477432607695,6.63388185469546,1.62958029287321,5.66238895660196,4.81098234100127,RD
12.8276074137853,13.7771421724541,6.90891042892138,1.38470621729868,4.30273238265793,4.56594418312127,RD
11.2576960135105,11.988249459693,7.30428848835031,1.1891339307993,3.41839311145206,4.41660573761164,RD
9.80612018926834,10.355729950046,7.82325209848008,1.0334301256573,2.82069051477087,4.35866051680033,RD
8.48909914380918,8.90018619544623,8.47025267459771,0.909704747950155,2.40341013689138,4.38627974562347,RD
7.31059294951602,7.61800191064807,9.25043241989748,0.811715535016018,2.10398933812568,4.49515257143664,RD
6.26718899067076,6.49571261243843,10.1687525762124,0.734667453471854,1.88412462191224,4.68336429501809,RD
5.35135210322505,5.51693473591916,11.2288971318323,0.674955825146874,1.71935637356563,4.95148921756232,RD
4.5534575884239,4.66533384203681,12.432031031969,0.629934306737943,1.59359350612752,5.30239000388231,RD
3.86309439526133,3.92602300038466,13.7755115833579,0.597734562858853,1.49573038171939,5.74097083248946,RD
3.26978774799804,3.28583790671708,15.2516794642823,0.577136520739436,1.41789176945021,6.2738958533419,RD
2.76341627828616,2.73334605042924,16.8469094191105,0.567486927400352,1.3542518229286,6.90931517161156,RD
2.33442055855552,2.25863014707781,18.5411114426636,0.568658130361713,1.30032669942321,7.6565635649432,RD
1.97388616691904,1.85300019116157,20.3078476656285,0.581046009147228,1.25255395530857,8.52581040964598,RD
1.67357711513857,1.50872538877468,22.1151538299096,0.605604818803857,1.20801855636092,9.52763905362192,RD
1.425950464536,1.21879615446516,23.9270235283816,0.643920966357269,1.16430423007457,10.67252992914,RD
1.22417990045755,0.976753891063821,25.7053668928567,0.698329421850084,1.11941290266978,11.9702280318111,RD
1.06219429135232,0.857400882083193,27.4112144779706,0.772025917473444,1.07121887924675,13.4289698397757,RD
1.00962032626464,0.866643829408642,29.0021429191988,0.869117311383821,1.01717411582258,15.0498349485097,RD
1.01189043833015,0.875557173805578,30.428849528587,0.994726663041809,0.956469107149067,16.8112521502106,RD
1.00844403020197,0.874343184814853,31.666715593648,1.15572655733101,0.907928663241681,18.7061833000859,RD
1.00143898171327,0.856534120121499,32.7019134333327,1.36109941678543,0.902405230462317,20.7360654945991,RD
1.00214367622948,0.880964891397779,33.5208724973913,1.62209708046527,0.912978140899775,22.8960501645828,RD
1.00401676739768,0.864714106563196,34.1117446950406,1.95255552116585,0.906901002675813,25.1734430465009,RD
1.04135709863819,0.854041488783458,34.4584673875698,2.36893091410938,0.902113582812744,27.5441071213884,RD
1.12469705657304,0.88245302985916,34.5403070235711,2.88987077335893,0.919009922114561,29.9610622953179,RD
1.26837521775242,0.875958920189349,34.33275326852,3.53483626954687,0.916795848307305,32.3643672772663,RD
1.49627987471817,0.869370930181538,33.8099017855968,4.32143994288358,0.913765580737055,34.6719939510871,RD
1.84725914373184,0.864925644128706,32.9459102502803,5.26051553344214,0.91158182141587,36.7744294960391,RD
2.38305843892574,0.889065177040382,31.7188820040424,6.34849368286089,0.93301726508637,38.5257511560638,RD
3.19868871461428,0.912191111594483,30.1168279414772,7.55684841987562,0.956668995555574,39.7325425255086,RD
4.43094694240676,0.85394953973361,28.1453477529125,8.82002006502513,0.903791213976448,40.1454518884694,RD
6.2512124552994,0.874033194092288,25.8361617410708,10.0260739520466,0.923987560620245,39.4719688357181,RD
8.81174605336766,0.858044652343961,23.2576516771953,11.0189145967336,0.908283389178776,37.4239547940445,RD
11.15,7.24,49.66,8.15,4.91,20.89,RD
11.0224856116377,5.8313280371489,40.2644310017919,10.5480188741241,3.54778928215681,20.5717420798348,RD
11.5418209860784,4.78505349241472,32.9572963885926,12.635271332368,2.6372525047262,19.9493729655635,RD
12.5603106263372,3.9916837324924,27.0455183240602,14.1907824651614,2.0024235945742,18.9516057142876,RD
13.9621173717649,3.38032396366631,22.2250040235659,15.0784126932834,1.54772795004189,17.5704426144998,RD
15.6068645878357,2.90249759186757,18.3256445017404,15.2715129474178,1.2161702714347,15.8633261271432,RD
17.3145640500254,2.52397396740898,15.2158759299037,14.8448297332015,0.971203233758255,13.9458942578003,RD
18.8886550001178,2.22160397944529,12.7739433025787,13.9435592769029,0.901090625690578,11.9720305941343,RD
20.1608916939961,1.979374232753,10.8843091967116,12.7402185898254,0.910966387115298,10.0905183705766,RD
21.018218226843,1.78234618361742,9.44246815454264,11.3937098081339,0.904167440425458,8.40337803194033,RD
21.4198013431371,1.61922611289274,8.35891411745433,10.0299173046608,0.933067627848836,6.96406283553739,RD
21.3888278659553,1.4818267153301,7.56039324097749,8.73449573578901,0.947792681252181,5.78300130104478,RD
20.9890675213811,1.36413801997361,6.98916882170239,7.55634667443615,0.913892931817222,4.84128783878618,RD
20.3008337888274,1.26170851982714,6.60125828192658,6.51634253315509,0.927804557309256,4.10567456330191,RD
19.4038027377821,1.17121397651909,6.36420930365946,5.61683384614939,0.939606649811538,3.53963233234543,RD
18.3676944255536,1.09015062906124,6.25488354448239,4.84948923623596,0.912411681280291,3.10957467854294,RD
17.2488894062294,1.01661441084418,6.25749939562565,4.20086384136158,0.923658673629317,2.78745853345298,RD
16.0905855489394,0.949142723492698,6.36202651784837,3.65589017064617,0.900537507273981,2.55121471434317,RD
14.9245753668056,0.886600861469473,6.56291948798832,3.19985366787293,0.926952399472034,2.3841852369132,RD
13.7739204399886,0.851404528676065,6.85804443803872,2.81937277211275,0.901882207155848,2.27443572559935,RD
12.6533413253536,0.851853869029678,7.24784637098653,2.50251347244622,0.902325082991205,2.21311006466004,RD
11.5738637666859,0.853162412301081,7.73489728449372,2.23947213185857,0.903703679419297,2.19491306907771,RD
10.5424676267979,0.854381027304622,8.32326168821054,2.0221294205123,0.904783824617687,2.21673612633945,RD
9.56334227510605,0.868658195846711,9.01776650691669,1.84380901196435,0.918814218712844,2.27749122105814,RD
8.63915919323719,0.867908501160614,9.82330133422106,1.6991576689853,0.916779575507403,2.37788560696798,RD
7.77150542614009,0.867160885783691,10.7440640666026,1.58396979323582,0.914986266246039,2.52027933159144,RD
6.96137317550285,0.866357044426897,11.7826147728477,1.49504466989434,0.913328557446746,2.70864495493689,RD
6.2094284293894,0.865470339403929,12.938868581682,1.43008256777461,0.911803880473893,2.94859189938875,RD
5.51613696908633,0.86446864842699,14.2090734142724,1.38762101497879,0.910399098423677,3.24744341764509,RD
4.88182766923643,0.887412256868102,15.5847894423005,1.36699831989906,0.925345887009628,3.61433260586194,RD
4.30664479550388,0.866242899654993,17.0520804352609,1.3683596652109,0.910592344016847,4.06030298277959,RD
3.79046220099447,0.919766706103233,18.5910046306069,1.39269766568653,0.943784380101792,4.59838320126365,RD
3.33277929620827,0.897076601959647,20.1755934307327,1.44193695136119,0.929094419528533,5.24359214411684,RD
2.9326375186196,0.871760974152246,21.7743718931184,1.51906263562073,0.913384862151251,6.0128311142019,RD
2.58860392634382,0.934962831263086,23.3514235742978,1.62829491460161,0.952930902749682,6.92459485987461,RD
2.29885953795456,0.907767567617548,24.8678349767679,1.7753079712912,0.936788413880081,7.99842031412547,RD
2.06140347522719,0.877963612916096,26.2833095710262,1.96748728032328,0.91840339409069,9.25399202816584,RD
1.87440236349358,0.949547574279701,27.557700397929,2.21420962577208,0.969912083861096,10.7097609783918,RD
1.73669983268166,0.917795274479195,28.6521585572459,2.52709703502401,0.950361382087442,12.3809558947676,RD
1.64851663962922,0.883972522852197,29.529813256599,2.92016783229966,0.926912409120307,14.2768907966496,RD
1.61260865558537,0.853920310420288,30.15499578577,3.40970485822308,0.903340379166939,16.4009669032474,RD
1.63520980616651,0.873271124506442,30.4970918868185,4.01379967918033,0.921790067817184,18.731983938278,RD
1.72900721167145,0.851600164000837,30.5244987181039,4.75068755919902,0.901634750704611,21.2389888921671,RD
1.91658757729434,0.866013043777385,30.2094150296771,5.6360494032715,0.918123923137191,23.8606949561849,RD
2.23674647781833,0.866034601439406,29.5283590710706,6.67814731883082,0.920052360110963,26.4996450310558,RD
2.75475894800712,0.86592897939056,28.4650683025529,7.8703284741096,0.922009566486494,29.0102996487225,RD
3.57810387881501,0.890674294963652,27.0145627668734,9.18051856512044,0.96247183352046,31.1835181426883,RD
4.8768211430094,0.88918819124173,25.1875410660908,10.5384381208078,0.963509182974645,32.7341191804706,RD
6.89630079720787,0.851299731648098,23.0163578208641,11.8224166633075,0.902351701371311,33.2741638551899,RD
9.92313575603176,0.8528021684629,20.5603831922972,12.85570133077,0.90548019967879,32.3742850041946,RD
14.1357580050261,0.851849826824259,17.9162483703596,13.4280022779353,0.903844405827328,29.7121891005936,RD
19.3147399769027,0.864586169034904,15.2290949529383,13.3625660393669,0.931797040136513,25.3617190095238,RD
24.6478837079215,0.853000288069482,12.6841512287243,12.6173967408085,0.90673255945511,20.012392638734,RD
29.031407767279,0.86296188701354,10.4574879443547,11.3384993157096,0.929685546411049,14.7272849179817,RD
31.7282420110982,0.853548435194487,8.65115817641108,9.79090682702302,0.908210390378476,10.3388528876956,RD
32.6762831316696,0.861391121551823,7.27223158041887,8.22609505952381,0.926436111731481,7.11806948166933,RD
32.2570297764851,0.853847013945475,6.26484476939293,6.8025532532009,0.908875694029091,4.92293809606084,RD
30.9482204925846,0.860453198963617,5.55365312173217,5.58554952260303,0.923701045891225,3.47789728153182,RD
29.1401202419964,0.854160973333981,5.07016522672566,4.58106631433826,0.909196115113947,2.53453547065417,RD
27.0987849669609,0.861650885293747,4.76152193483928,3.76728944989095,0.924732803131984,1.91444260212272,RD
24.9889005094084,0.863798855028731,4.59030064959089,3.11368717224162,0.927756510986975,1.50115505919083,RD
22.9057082812676,0.855924871941537,4.53152465518938,2.59012327866464,0.910939206364847,1.22155568750786,RD
20.9004302252278,0.854245904787405,4.56958586929573,2.1703080367942,0.907175449548938,1.03015530072373,RD
19.0422054965287,0.852784588325884,4.69547421256696,1.83591491379155,0.912357628259684,1.00374407329023,RD
17.4819911368406,0.852750728455782,4.89840325748738,1.58107729362547,0.904411825157716,1.00530363100231,RD
15.8574454379637,0.852898587299693,5.18169042247848,1.3575619340994,0.904324151637087,1.00388794725014,RD
14.3516084086347,0.854136759022398,5.55021263658715,1.17610816789336,0.905700972307227,1.0033086159054,RD
12.9524333033063,0.857391894629157,6.00905672896477,1.02842296888205,0.909339266336562,1.0022676918195,RD
11.6496849372905,0.871056689789585,6.56543002630337,0.908092608223649,0.924018983131513,1.00047808231062,RD
10.4356510221101,0.850618944993511,7.22815953379739,0.81017119111204,0.900658676351583,1.01557644173086,RD
9.30620952368215,0.856492250964017,8.007099641214,0.730848303544782,0.906128424314431,1.05144203549944,RD
8.25694103173887,0.856226401784217,8.91222106954559,0.667146587156694,0.905223061163074,1.10871524272254,RD
7.28382219605748,0.877028389883973,9.95292603841889,0.616797269855315,0.919099399448782,1.18908928616688,RD
6.38306891946516,0.870031124443097,11.1369539508696,0.578097240669764,0.911695445115094,1.29538080194986,RD
5.55122152626443,0.862499114887964,12.4691236075946,0.549820236209279,0.905453033866517,1.43159827881183,RD
4.78510552365614,0.883759301555298,13.9499422920307,0.531159407236899,0.906626256034068,1.60309474390128,RD
4.08175602434757,0.861625214915915,15.5742586186237,0.521699346000537,0.899582457530105,1.81677613767366,RD
3.44623576962428,0.854881605041505,17.3298423145856,0.521702225601939,0.903614287304753,2.08134223261167,RD
2.95417872646432,0.956121583002649,19.1798882850583,0.535132378199476,1.14551225466502,2.40288879293219,RD
2.47907658631071,0.868342088071711,21.1109395334141,0.557802089629659,1.08203621174281,2.80202043966922,RD
2.06674403299457,0.862033577794305,23.0817748256537,0.59332319175528,1.0220421268855,3.28701312341027,RD
1.71421341049073,0.855016026946587,25.0493133876029,0.64401058468923,0.963881745558008,3.87422484596268,RD
1.41753182420615,0.891109094501499,26.9686820594518,0.713132824188506,0.917660862245998,4.5823671107855,RD
1.17199412216567,0.858219163804906,28.7950572119756,0.805119946496085,0.903602432058895,5.43344682406337,RD
1.0080415561685,0.856342905667707,30.4857125358271,0.925913394046983,0.902891399676442,6.45192560666249,RD
1.00060212079698,0.850521508673908,31.981855796254,1.08279380882543,0.900251306490061,7.65072741072543,RD
1.00378976126167,0.853721081740687,33.2415711266601,1.28497466856429,0.901923917378215,9.04268200857022,RD
1.01688740146604,0.869795969747905,34.256500081173,1.54479486461904,0.911150810512112,10.6514768679354,RD
1.000204154746,0.850298240547685,35.0100013680961,1.87756323195038,0.900182641005154,12.4938991624826,RD
1.00120774944191,0.852569901409798,35.4883125639899,2.30226981069874,0.901742055714019,14.5832587280342,RD
1.00122184772109,0.855484562577122,35.683582974267,2.84219948590155,0.904129480308746,16.9283988400997,RD
1.00079801200713,0.856931863750403,35.5763618646558,3.5243540525285,0.905830662057399,19.5279993609606,RD
1.03680415099196,0.87366571429796,35.1470594825959,4.37880273359078,0.922441645066929,22.3597573954467,RD
1.1372976354705,0.87286270532734,34.3627052641867,5.43474731830902,0.924372547364212,25.3722854735592,RD
1.32858726884733,0.871926694714004,33.1930252183988,6.71486804100716,0.926307446227095,28.4768614588176,RD
1.65982592374387,0.870860870807273,31.6160599345148,8.22555188503814,0.928155255270007,31.5387052758624,RD
2.22085990911546,0.869670247444969,29.6259557247822,9.94280366946122,0.929796983624358,34.3605621960839,RD
3.17350717037934,0.887060361846419,27.2405997857686,11.7942192815012,0.961760080868706,36.6592917210985,RD
4.79782577107852,0.871345427018109,24.5069213503864,13.6385821976662,0.940140654922189,38.0185829006641,RD
7.52920697171672,0.852970614309826,21.5009788648369,15.2491863561927,0.906095102803671,37.869499972821,RD
8.2,9.07,42.2,26.57,5.42,10.89,RD
6.49890147568732,7.22189526898589,27.5016176854222,30.9684493657615,4.32029498190645,10.6482259388202,RD
5.65713882776313,6.04622736656761,18.0194305786096,32.5062142611026,3.52570598077934,10.4533068226857,RD
5.19537444661522,5.24141311628142,12.0722445867711,31.9166994469152,2.93539324847451,10.2991373310248,RD
4.90316993519617,4.6586751427523,8.37178438270828,30.0727525119886,2.4880395469271,10.1928322953401,RD
4.68164363739597,4.21838951663035,6.04576169753692,27.6331170919305,2.14285826903005,10.1402967153268,RD
4.48389367985531,3.87482705915389,4.55322254422604,25.0078560383401,1.87182773163556,10.1443906426328,RD
4.28896340145762,3.59996684317836,3.57161414807394,22.4253015774198,1.6554061170827,10.2058790861167,RD
4.08925420471775,3.37565207119892,2.91017521632369,20.000770946031,1.47979912933609,10.3244735262503,RD
3.88393685332746,3.18955379191307,2.45500783031078,17.7843767957829,1.33514132521913,10.4994936677046,RD
3.67535556109401,3.03297417585537,2.13685546405054,15.7902927511071,1.21427742079535,10.7302233220637,RD
3.46704314580927,2.89958272094227,1.91264984351014,14.0137521071005,1.1119421636598,11.0160753324885,RD
3.26265973226883,2.78465594460845,1.75500129182985,12.4406647430307,1.02420641224429,11.356653443509,RD
3.06546031934311,2.68459467214497,1.64611640096874,11.0529762675759,0.94809840433911,11.7517590522842,RD
2.87813088880861,2.59666765754092,1.57421353745306,9.83177768973228,0.902699131995024,12.2015841033962,RD
2.70280530175524,2.51885566731118,1.5313734925026,8.75893940767643,0.908016751886665,12.7070189067299,RD
2.54092506799198,2.44949944206533,1.51221452880377,7.81723320327966,0.901265801592037,13.2687251223764,RD
2.39324134060534,2.38710844444129,1.51309745172073,6.99061461622064,0.911206176123062,13.8869221012736,RD
2.26011900086202,2.33046820498351,1.53155684873668,6.26477832003979,0.909449262075337,14.5618600457261,RD
2.14162679630987,2.27858030002358,1.56598443947546,5.62714159149067,0.918338376033769,15.2937199163702,RD
2.0376352631192,2.23061302871346,1.61539039406142,5.06668117666308,0.918405901670094,16.082553053127,RD
1.94790302969981,2.1858641050073,1.67923646072596,4.57375399396391,0.918552232175824,16.9282090760289,RD
1.87214361523953,2.14373843797242,1.75734167975753,4.13998556887647,0.91877320160865,17.8302509121963,RD
1.81008892945893,2.10372353302601,1.8497896139478,3.75807922345071,0.919063561689291,18.7878755123802,RD
1.76153953334515,2.06537371477673,1.95687008231123,3.42167880742931,0.922035291566435,19.7998235534664,RD
1.72651342974425,2.02844996677665,2.07903964809442,3.12544884822932,0.922501855589695,20.8654460517782,RD
1.70487432285701,1.99232118788175,2.21687463871654,2.86423055826099,0.903045466399561,21.9802351321205,RD
1.69692638324626,1.95679456090256,2.37104643857195,2.63399895270973,0.900566913928197,23.141727108522,RD
1.70314653828354,1.921621586243,2.54228021976248,2.43113606245461,0.902712492026758,24.3460682714908,RD
1.72425128975979,1.88655867025247,2.73131758854288,2.25247210396475,0.905875286089343,25.5882291109228,RD
1.76124255874466,1.8513826394527,2.93886946784098,2.09525837367243,0.901229852509383,26.8621838527042,RD
1.8154709469233,1.81589534890321,3.16558144199869,1.95707251117135,0.906907212341517,28.160632750011,RD
1.88867109290907,1.77992202385233,3.41196637306301,1.83580857341787,0.920313617590052,29.4749614889007,RD
1.98300275365593,1.7433096844865,3.67834695678185,1.72961627025899,0.934568592170078,30.7951291089987,RD
2.10111808051296,1.70592875016529,3.96477084899622,1.63687329126372,0.90167860916855,32.1094806327112,RD
2.2462063514099,1.66767445501509,4.27091893302003,1.55614847778292,0.916090091930956,33.4046199598938,RD
2.42201598030725,1.62846837217705,4.59600826614052,1.48616368502225,0.93138099599946,34.6653312214284,RD
2.63286432412874,1.58826114747086,4.93867794816705,1.42576574065466,0.947542180689222,35.8744855728075,RD
2.88359940002454,1.54703539867801,5.29687097645379,1.37389839026736,0.910895415105103,37.0130103427575,RD
3.17948934862518,1.50480851045177,5.66772038751446,1.32957361280874,0.927154553038184,38.0599572748779,RD
3.52600553864091,1.46163525166783,6.0474479595005,1.29184366904681,0.944193998300642,38.9927140124673,RD
3.92846031925937,1.41760977753735,6.43129928786255,1.25977460687688,0.904672380340568,39.7874281584201,RD
4.3914651102802,1.37286643227735,6.81353734437611,1.23242300742221,0.921750204423281,40.419712268031,RD
4.91818168929497,1.32757902244173,7.18752303422667,1.20881729715214,0.939419972909818,40.8657022977487,RD
5.50935919565446,1.28195795319072,7.54591784038447,1.18794729082708,0.95752752679772,41.1035355985849,RD
6.16223309128693,1.23624480137048,7.88103199775073,1.16876657100614,0.915223714817172,41.1152145195706,RD
6.86942735791542,1.1907042621159,8.18531690132595,1.15021074682756,0.933174736423506,40.8887257803346,RD
7.61803644217732,1.14561320225027,8.45200174177796,1.13123516760521,0.951209048814344,40.4202668434281,RD
8.38923630532531,1.10124765278622,8.6757923465508,1.11087106639672,0.907897321500482,39.7161094194781,RD
9.15867185032726,1.05786874186033,8.85353346382083,1.08829380466355,0.925711650406511,38.793701421711,RD
9.89780833033725,1.01570867113489,8.98472562465403,1.06289410450114,0.943204339119949,37.681631078489,RD
10.576259425092,0.974958553853544,9.07176180561989,1.03433676503312,0.900371639622112,36.4181588159287,RD
11.1647564913932,0.93575966847312,9.11981282053183,1.00259159929853,0.917637995942812,35.0484302573733,RD
11.6382057061499,0.898198968928729,9.13638449892133,0.967928677397884,0.934225555862285,33.620848471701,RD
11.9784318929624,0.867908692680093,9.13060033528864,0.930881185174558,0.949551720857034,32.183285234937,RD
12.1758484791922,0.850611910718218,9.11228578591845,0.892156477958688,0.901691337422362,30.7795101097566,RD
12.2288194228975,0.856964513389588,9.09121168361619,0.852493483166442,0.918798598905907,29.4448835593575,RD
12.1446280213482,0.863450508367268,9.07662657141824,0.812739677833084,0.935387062117001,28.2088269329257,RD
11.9366395109829,0.858619787369292,9.07680846083889,0.773678937232269,0.92213359451601,27.0918360937707,RD
11.6225146429513,0.853812937385051,9.09875916102016,0.735994205273113,0.909531579836986,26.1068754441954,RD
11.2222701402659,0.863685152000111,9.14814888411888,0.700241403189462,0.932983962731652,25.2604200513401,RD
10.7563368875119,0.867876814213649,9.22943066378458,0.666846530108967,0.941518251194139,24.5540468744688,RD
10.244190663206,0.857203576846797,9.3460011932528,0.636116046288606,0.91620936425072,23.9858153552875,RD
9.7034737742423,0.870752500134347,9.50036752786484,0.60825401722733,0.944542464127151,23.5513910478947,RD
9.14941946539318,0.859854556042114,9.69432474980972,0.583385020993591,0.920421862944687,23.2450664852043,RD
8.59463646746745,0.874183901952572,9.92910730297168,0.561577597800182,0.947620614888594,23.0605215755758,RD
8.04920862606788,0.862900538044957,10.2054914363372,0.542864788135466,0.924478961381462,22.9912707051644,RD
7.52088821687741,0.866385606758356,10.5238647072162,0.527262388815429,0.929693971380968,23.030972063002,RD
7.01535344328271,0.870154188764402,10.884269626441,0.514785394616805,0.934882460519163,23.1736351036207,RD
6.53651575670533,0.874247285834544,11.2864223522753,0.5054622644141,0.940101014344824,23.413723167101,RD
6.086851082971,0.878704011380474,11.7296657865543,0.502207447129898,0.945405993815282,23.746149362541,RD
5.66793813283834,0.88301711600467,12.2125668273962,0.500193783870017,0.949243922759301,24.1669042930874,RD
5.28007179285618,0.850372774641786,12.7339120078172,0.500816614185888,0.900551139856589,24.6709417965207,RD
4.922737484842,0.850015546377599,13.2922423344711,0.505090655816691,0.900022103070632,25.2533696752994,RD
4.59543679310874,0.861648335146687,13.8850532392043,0.51329067446122,0.91588814419603,25.9111498980787,RD
4.29716515792644,0.864322649814516,14.5094921824419,0.525765729729476,0.918863450353142,26.6405506768592,RD
4.02669265687833,0.878652727883839,15.1620335036183,0.542977977977185,0.936415913952094,27.4377224908569,RD
3.78269434474251,0.857014093442909,15.8385484608173,0.565508864708701,0.908703913950276,28.2987481845543,RD
3.56381784572982,0.872173105711601,16.5342494864889,0.594086268981884,0.926700272290023,29.2195183129942,RD
3.36873981207613,0.888807876788189,17.2436211819388,0.629623065581145,0.945496730057851,30.1956280869047,RD
3.19621850033798,0.864253899647079,17.9604298390655,0.673248482801509,0.916424551050016,31.2222953556753,RD
3.04512908959451,0.90406043581837,18.6777032354612,0.726352140789391,0.960854476683986,32.2942775941967,RD
2.91449586239671,0.900774744094897,19.3877060216045,0.790641171581287,0.95632390010379,33.4057818751235,RD
2.80351709425695,0.89707372602433,20.0819229157564,0.868195777862486,0.951598598347844,34.5503905286634,RD
2.71159350467436,0.892952172070099,20.7510364275218,0.961539123329883,0.946650507321484,35.7209741358614,RD
2.63836019215652,0.888412034076167,21.3848949839096,1.07371786511607,0.941453892290638,36.9095940723554,RD
2.58372018136289,0.883462512977808,21.9724742569273,1.20837852266382,0.935985314294909,38.1074060628154,RD
2.54788442712577,0.878121410764158,22.5018378184693,1.3698323556067,0.930223970829405,39.3045588653421,RD
2.53142417915856,0.872414615294406,22.9601081436966,1.56309909781441,0.924150715350134,40.4900799993024,RD
2.5353393531012,0.866380145817855,23.3334705089611,1.79390604781729,0.917749627103678,41.6517428128452,RD
2.56114521332133,0.860066209864978,23.6072447677037,2.06860481094197,0.911006913768161,42.7759230247733,RD
2.61098169300484,0.853532009310588,23.7660775145903,2.39395733829146,0.903911299697181,43.8474512450422,RD
2.68800001960049,0.85113788966108,23.7935204211874,2.77676482274391,0.901276142953719,44.8524201040108,RD
2.79562821453192,0.850480282153152,23.6758213509676,3.22309886176934,0.900552839632664,45.7661928241051,RD
2.93899821512437,0.859472811034447,23.3982979835155,3.73749156387749,0.911196855513964,46.5710072436002,RD
3.12440568647285,0.852045586271255,22.9497430391413,4.32149263890089,0.902490518308028,47.2446160131337,RD
3.35972479866388,0.8649759279062,22.3232938735855,4.97224267247431,0.918950626604892,47.7628225337374,RD
3.65456775154744,0.877325535587423,21.5184098148772,5.68072951362255,0.936151984116058,48.1000519689475,RD
4.02034015700599,0.855768551999182,20.5426317671296,6.43033814085123,0.907951998421201,48.2298881913212,RD
4.47001451149359,0.867483333562534,19.4127156511384,7.1961433617776,0.925469269957649,48.1259612524641,RD
60.4,3.64,14.24,1.2,3.41,17.09,RD
53.169447371311,3.37977517310582,10.3968204268633,1.10061073209749,2.87706210441677,12.1031550028974,RD
46.375210596435,3.18593692176805,8.1479881291502,1.00285062343699,2.48750065491471,9.24680238684226,RD
40.2824783661096,3.03165004677681,6.77403472108502,0.91817339618416,2.19333282248612,7.53616059603048,RD
34.9357835975313,2.90270362846548,5.91673582686688,0.848816463336712,1.96520859754886,6.48846610207427,RD
30.2929066196208,2.79088819565922,5.38596853472722,0.793796432175704,1.78424484524689,5.85244371120389,RD
26.2818935731577,2.69110897621346,5.07561481068816,0.751282676012562,1.637807368717,5.49098144919853,RD
22.8252228955019,2.59999787913725,4.92396195005067,0.719474080330984,1.5171576092726,5.3265270050617,RD
19.8493901021124,2.51520759638094,4.89425429735668,0.696872169070212,1.41608606449441,5.31471488944499,RD
17.2884773797062,2.43501838722347,4.9642015094778,0.68234396932116,1.33006733068694,5.43038503018651,RD
15.0848397122423,2.35811799098718,5.12033448472697,0.675103958744509,1.25573151199111,5.66025835303418,RD
13.188745502946,2.28346895961937,5.35461210585908,0.674683401851259,1.19051748167662,5.99863000207263,RD
11.5575555842745,2.21022993933461,5.66237025508618,0.680902851151128,1.13244340243788,6.44485140122459,RD
10.1548272082699,2.13770677063972,6.04090172102847,0.693857336481189,1.07994731719851,7.00161067235063,RD
8.94943905006207,2.0653263606957,6.48848079358056,0.713916705314652,1.03178184817074,7.67374575558199,RD
7.91481848585743,1.99262198644999,7.00355811973543,0.741741419353819,0.986937995796837,8.46720156995291,RD
7.02826368668809,1.91922767148134,7.58407765244846,0.778314367468756,0.944591363663689,9.38804458746593,RD
6.27036874515996,1.84487921894344,8.22688381989854,0.824991127213218,0.917525895036575,10.4414671133935,RD
5.62477626662722,1.76950410722904,8.92718102535194,0.883603460292461,0.900360405081243,11.6311931908433,RD
5.07743454210206,1.69310796099126,9.67805229384775,0.956520977450729,0.902968826543475,12.9577505463144,RD
4.61621930727162,1.61575069703639,10.4701248814529,1.04675370505557,0.900395971398065,14.417498167199,RD
4.23079528041088,1.53758705143182,11.2913358893558,1.15810275117096,0.902431150040394,16.0015926697491,RD
3.91244954333306,1.4588840878539,12.1268537001004,1.29533196498483,0.904550492505424,17.6953940769188,RD
3.65391983039368,1.38001074961992,12.9591583170966,1.46434382483097,0.900077941512926,19.4781973982102,RD
3.44926383950377,1.3014196647512,13.7682823710721,1.67234504246006,0.901836982102034,21.3234017361848,RD
3.29379042210652,1.22363238841159,14.5322008589521,1.92797216976858,0.901972736233264,23.1993777731341,RD
3.18397840321062,1.14719587236535,15.2273526836813,2.24127550942104,0.900690053122842,25.0707124135868,RD
3.11751802588905,1.07267332705849,15.8292962009545,2.62352163777451,0.914548966803403,26.9000421206592,RD
3.0932357599085,1.00056193138992,16.3135452711661,3.08651585605744,0.906413825234359,28.6498998450065,RD
3.11112659965853,0.93128340915794,16.6565904115948,3.641529942328,0.912759031032982,30.2846872097727,RD
3.17266321319556,0.865206503668972,16.8373585433995,4.29753519126383,0.901619960022549,31.7717331462483,RD
3.28228735676109,0.852101384105715,16.8383958586649,5.05983389485369,0.902622713430385,33.0833464549938,RD
3.4450454055672,0.855512294655451,16.6480817907233,5.92466495501773,0.907132954618444,34.1961289617473,RD
3.66757418429593,0.871447222527911,16.2643021280763,6.87740838971752,0.929070163743695,35.0929144486007,RD
3.95906736355395,0.853826839346532,15.6953543888928,7.89127476842435,0.905400983177989,35.761759260263,RD
4.33077608485293,0.871583684609898,14.9608320240811,8.92681923271486,0.932325613621159,36.1959329976611,RD
4.79573485625441,0.877499677496801,14.0906941396941,9.93490848366228,0.943753953470881,36.3932669777038,RD
5.36812818105404,0.882749361583409,13.1224526285684,10.8623253911692,0.955626104191046,36.3553361053773,RD
6.0621726087609,0.855991951087729,12.0969231123088,11.6589709840669,0.910710012570395,36.0865707614275,RD
6.89041851917204,0.861408021026447,11.0535027054334,12.2846164150055,0.921932931791923,35.5934854909031,RD
7.86146518228844,0.866088040450542,10.0263381556341,12.7132492382263,0.933396877999919,34.8843852017288,RD
8.97715926652617,0.869974460862037,9.04196410301449,12.9346444576109,0.944939240713847,33.96972802276,RD
10.2296258519662,0.873047175755036,8.11870822072051,12.9531743792013,0.956408043102536,32.8632308316935,RD
11.5987005396464,0.853242437989222,7.26748267986982,12.784947122645,0.908465520976265,31.5834552949856,RD
13.0505372692552,0.856888490845416,6.49331537224613,12.4543854201468,0.919695317315202,30.1553331757741,RD
14.5382128417973,0.859774082468169,5.79705487399354,11.9909439463482,0.930718484636945,28.6109553068561,RD
16.0048227529992,0.861944453377577,5.17684475979221,11.4263003396897,0.941409609676084,26.9890422207782,RD
17.3889346568653,0.863464691199111,4.62920489429872,10.7920398170252,0.951651640457539,25.3328870735386,RD
18.6314930097594,0.851315688537351,4.14972595453739,10.117778108211,0.905447769547873,23.6870631477665,RD
19.682695358943,0.853440363779946,3.73347570074664,9.42971030579882,0.915825535918923,22.0936267742362,RD
20.5072938730276,0.855015823197705,3.37523770558753,8.74962654935449,0.925662327241089,20.5887103817377,RD
21.0872677144893,0.856128421369793,3.069680147872,8.09443799370653,0.934886937532802,19.2002334878273,RD
21.4216581745104,0.856863936425176,2.81150500857997,7.47620081746454,0.943455699419821,17.947034448596,RD
21.5240953605616,0.850366642784835,2.59559113411858,6.9025506612444,0.902509512563044,16.8393080308441,RD
21.4189754552253,0.851516739109393,2.4171231937167,6.3774054150092,0.911512546002005,15.8799492392514,RD
21.1372871246911,0.857668884031585,2.27169124875721,5.90178377403432,0.966060935403374,15.0663225107665,RD
20.7128252003501,0.855422112062114,2.1553580124086,5.47460674879244,0.950786434255197,14.3920498685967,RD
20.1791286140993,0.853589017468987,2.06469395377008,5.09341095687031,0.936387930205557,13.8485869038063,RD
19.5674434840764,0.852092723820118,1.99676783728245,4.75492294641524,0.922824236707047,13.4264327564722,RD
18.9055346716541,0.850865008491374,1.94911901081815,4.45547957808501,0.910064228447567,13.1159600494099,RD
18.2170992962161,0.854433731148684,1.91972064775307,4.19132111362695,0.955338494002686,12.9079363819755,RD
17.521646958855,0.853269208471187,1.90693365022423,3.95878342270325,0.941943340572722,12.7938100055346,RD
16.8346907792048,0.85227509021033,1.90945673537612,3.75441329646997,0.929256500617265,12.7658267597889,RD
16.1681393424902,0.851407460012354,1.92627802458264,3.57501780418384,0.917523703048969,12.8170112312655,RD
15.5307275469828,0.850628897149884,1.95663198791507,3.41767825439563,0.907217039544482,12.9410867919434,RD
14.9284538216783,0.853414396229864,1.99996122831565,3.27973937606012,0.929905461919807,13.1323609983735,RD
14.3650363990003,0.852724652159291,2.05588262334669,3.15882011568818,0.915710492189298,13.3856030440709,RD
13.8421058617862,0.851368949958507,2.12415970661637,3.05263095712083,0.903219472840158,13.6959956724789,RD
13.3597474851928,0.850946053185606,2.20469049190758,2.95915567933923,0.901225835865129,14.0587548563708,RD
12.9165978589943,0.850569348442666,2.29747996974628,2.87646646052545,0.922436879370566,14.4697556822079,RD
12.5100187437823,0.850172953427486,2.40264381232938,2.80266500864938,0.974039751422835,14.9254927696658,RD
12.1363561945155,0.851480690547291,2.52040839800476,2.73592124896165,1.06342313696574,15.4228942377951,RD
11.7910061067,0.851024087961523,2.65112133844526,2.67440824150463,1.19899555649023,15.959473385741,RD
11.4685360143517,0.850006579973356,2.7952732444397,2.61629981476002,1.39010570646415,16.5334588420485,RD
11.1627392079614,0.850814538031378,2.95352974881411,2.55973215937541,1.64691523377293,17.1440168590489,RD
10.8666885827087,0.85008317232632,3.12677717108521,2.50278465394354,1.98021943826441,17.7914802524902,RD
10.5726703823299,0.849991785888345,3.31618745426929,2.44343826689028,2.40140562937463,18.4776129233493,RD
10.2721474569184,0.850616982813882,3.52330281159072,2.37953473322994,2.92220482923418,19.2059275054055,RD
9.95561363721768,0.852911896646497,3.75014704165624,2.3087075297035,3.55452591793981,19.9820407355958,RD
9.61237336835809,0.857215962307262,3.99938071267917,2.22829944800978,4.31025170607856,20.8140926183088,RD
9.23023999592219,0.863904616554191,4.2745096463716,2.13526049994805,5.20095640458662,21.7132561567216,RD
8.79507002016235,0.873396255599143,4.58017366327786,2.02598735065505,6.23758574836233,22.6943941066232,RD
8.29009470169119,0.88614503178558,4.92254699125613,1.89609743010498,7.43008696659745,23.7769191422881,RD
7.69495040165482,0.902638860270584,5.30992183242772,1.74010229324829,8.78693316322346,24.985991268966,RD
6.98427946249813,0.923396612122222,5.75356468324421,1.55091575469879,10.3145158307075,26.3542128469023,RD
6.12566743901758,0.948954232316135,6.26901749348464,1.31908865428109,12.0163494026509,27.9241063609107,RD
5.07658280171208,0.979837699426758,6.87815128954373,1.0315742211462,13.8918877694771,29.751846438385,RD
3.77981843986924,1.0165103795343,7.61251291565725,0.669960244353725,15.9344796051481,31.913015545563,RD
3.42923744740062,1.03890393455767,8.46735344124772,0.811878498481269,15.653859053019,34.3384324811171,RD
3.91639915833392,1.04175818550057,9.32678190999863,0.94449111207564,13.9213686298135,36.4068312555004,RD
4.50246870238437,1.03592619166247,10.1605536142571,1.10358033406555,12.3638150922464,38.0094673661687,RD
5.19261937162752,1.02223544207177,10.9377847120655,1.29326813269826,10.9690187625141,39.1257676034073,RD
5.98761208565578,1.00175939863476,11.6263011938784,1.51729606175384,9.72464731989681,39.7597940009422,RD
6.88270933038338,0.975738369646899,12.1954949057989,1.77840601492838,8.61815519079899,39.9348153542059,RD
7.86706111932732,0.945497929238909,12.6193126109989,2.07758085356814,7.63699672679085,39.6886582673476,RD
8.92375200128538,0.912362904400608,12.8791407241378,2.41320381744495,6.76890655034134,39.069474630716,RD
10.0305827169463,0.877577357923712,12.9660863465997,2.78030548128277,6.0021787535312,38.1321377420508,RD
11.1615245348872,0.860491652253367,12.8819807786672,3.17019141126882,5.32585825063599,36.9353859137162,RD
12.2884479938991,0.851920416033142,12.6387869926965,3.57044483043522,4.72952989629576,35.5391989722308,RD
13.3829290608142,0.854612200814214,12.2578083170004,3.96615394789444,4.20413428706688,34.0024010391325,RD
76.586,2.29,3.7,1.49,1.05,17.14,RD
79.8494739298563,2.21508621434663,2.06130321406743,1.18849859974598,0.900695467556117,7.35111961544344,RD
78.9714659183987,2.15305227016366,1.15918604921938,0.925497140993977,0.951661995718554,3.14473175150709,RD
76.5226664937037,2.09376567779297,1.00657385694981,0.718981007663173,1.10555637750446,1.37221677599702,RD
73.9907636565216,2.04643871277016,1.01430191217529,0.566078840779969,0.912807506181703,1.01971011060659,RD
71.7447849645817,2.00052230196942,1.04975033349408,0.511050917508686,0.916181272882856,1.07647234756993,RD
69.8241255058299,1.95575294737595,1.00280819544659,0.500620508457912,0.900917495493079,1.00434366154056,RD
68.1716566146697,1.91215185964642,1.02177442088237,0.504835911709177,0.907208107599398,1.03358621761625,RD
66.7169530216609,1.87010001489846,1.02855164050856,0.506250750416864,0.909402158739558,1.04463921505952,RD
65.4447203094414,1.82926567171543,1.21597644896204,0.547056569763549,0.971394648298404,1.33951200244803,RD
64.3276583897225,1.78959650099715,1.21904087483022,0.547544245553106,0.972618557429495,1.34578185649561,RD
63.3428524660993,1.75104745463348,1.22232447694453,0.548089131308106,0.97389995651678,1.35231296798157,RD
62.471683893277,1.71357600552781,1.00444992658777,0.500960600992462,0.901481327494445,1.00706703545931,RD
61.6987557304689,1.6771416619812,1.0109441448714,0.502354597627835,0.903651509571382,1.01744323940675,RD
61.0111790263756,1.6417059095004,1.01729114589002,0.50370955606325,0.905780475874545,1.0276427144555,RD
60.3980907399367,1.60723210384804,1.02351561204986,0.505031790459005,0.907874734238286,1.03769618314148,RD
59.8502758087389,1.57368535003892,1.02963762529267,0.50632657126418,0.909939715324667,1.04762768666067,RD
59.3598835627092,1.5410324030765,1.25667979792596,0.554639820505156,0.986225739361089,1.41365071430435,RD
58.9201334373979,1.50924152280709,1.16230509458243,0.534489212948425,0.954577084878415,1.26202548546447,RD
58.52518364133,1.47828249972905,1.06922600005812,0.5146862769842,0.923299490556617,1.11194129600916,RD
58.1700131685149,1.44812653057595,1.29132478382843,0.561670123627915,0.99815851837017,1.47208014977651,RD
57.8502397679691,1.41874603119991,1.19898981347425,0.542065003405401,0.967091344900563,1.32288952239182,RD
57.5620238904965,1.39011464917925,1.10761076607849,0.522718588572235,0.936303305729212,1.17483123168074,RD
57.3019913098748,1.36220723229982,1.01706929871665,0.503599383306909,0.905761725398779,1.02776342616259,RD
57.0671749146239,1.33499971941228,1.23538219588286,0.549554264744835,0.979499407539808,1.38341564073083,RD
56.8549611683601,1.30846906819865,1.14528625358364,0.530554993366522,0.949087731665921,1.2368825402028,RD
56.6630372013457,1.28259322288407,1.05581772048774,0.511727611579802,0.918865046021762,1.09108865053753,RD
56.4893440106178,1.25735106283491,1.17954111346266,0.537679069412477,0.960701990430942,1.29328923084847,RD
56.3320540143262,1.23272235868046,1.30246040375643,0.563407635024985,1.00228875074178,1.49453987465577,RD
56.1895430650298,1.20868771629092,1.42470954980036,0.588948184662663,1.0436620403383,1.69501043182634,RD
56.060363351833,1.18522852381723,1.03361480985958,0.507037175430192,0.911372158273134,1.05502599681709,RD
55.9432246362621,1.16232692011108,1.15622398162727,0.532676238543919,0.952854855645914,1.25593246510931,RD
55.8369633158406,1.13996574383141,1.27828063662405,0.558158804675746,0.99415710616158,1.45619512584656,RD
55.7405305474901,1.11812852681496,1.3998631102562,0.58350670350147,1.03530213424008,1.65588925970232,RD
55.6529828769427,1.09679946852246,1.01195957025327,0.502496814795299,0.904046505730607,1.01962214629265,RD
55.5734721327443,1.07596338662283,1.133770177658,0.527909900118585,0.945265907216691,1.21957010744698,RD
55.5012391044862,1.05560568237032,1.25520047427734,0.553211707093932,0.986352892853576,1.41909319494533,RD
55.4356075295368,1.03571228313015,1.37631418842251,0.578418156294156,1.02732469219631,1.61829085402428,RD
55.3759695559526,1.01626963953907,1.49715175727848,0.603542176297074,1.06819505892212,1.81718317409676,RD
55.3217716188024,0.997264722474936,1.1118732766003,0.523293748990349,0.937845596920773,1.18394405826763,RD
55.2725048070065,0.978685002160744,1.23285899204768,0.548464029007288,0.978770093116363,1.38294037779207,RD
55.2276977747836,0.960518437140242,1.35361099556049,0.573564771741494,1.01960651627425,1.58162085638311,RD
55.1869291129477,0.942753404071969,1.47418100880778,0.598605371885517,1.06036601273776,1.78014374485835,RD
55.1498322722349,0.925378674414739,1.09029011175353,0.518773147500644,0.930534858772124,1.14853085327213,RD
55.1160903913488,0.908383398889511,1.21098265034736,0.543846320113161,0.971335074905389,1.34731914827956,RD
55.1587025595037,0.891149613108221,1.26283272132604,0.563813078750604,1.00201136982469,1.37721390935484,RD
55.1463784263375,0.874629095960997,1.01221124784835,0.502537528417858,0.904126432621489,1.02009740973672,RD
55.1129604783776,0.858729199760419,1.06700212185263,0.513918356061866,0.922638457335169,1.11029938348146,RD
55.1280368580387,0.85056606080362,1.01279863549643,0.502952619637031,0.904744062062142,1.01780064350631,RD
55.0977373903356,0.850354921557008,1.0088010371761,0.501819584178956,0.902960348315966,1.01455409225951,RD
55.0737662786267,0.857261321006393,1.18130219347572,0.537255763054004,0.960629923569666,1.30162219614076,RD
55.0556157329011,0.853177152145212,1.07971255070982,0.516309198569261,0.926547871311229,1.13317021467322,RD
55.0427464164497,0.86065289715935,1.26913565814533,0.554741808544602,0.989124880093505,1.45214519909844,RD
55.089206966452,0.864016261650474,1.32181993918882,0.571535262117647,1.01501391712082,1.50168411845758,RD
55.0985810471451,0.850108988420894,1.00268859287974,0.500558451893592,0.90090832308623,1.00442613332014,RD
55.0769370810033,0.85220368231623,1.05433456924927,0.511284237492423,0.918358254624368,1.08946206106742,RD
55.0497858823474,0.856436337617239,1.15858771432527,0.532930618391604,0.953591355848814,1.2611605656975,RD
55.0250550453601,0.851244497567367,1.03064787635801,0.506363221441074,0.91035799981922,1.050477356172,RD
55.0025433557554,0.862099337495285,1.29783233966203,0.56182948604782,1.00066704492775,1.4905948065956,RD
54.982061173807,0.862605665548525,1.31018053860098,0.564387177383964,1.00484946600626,1.51098522671973,RD
54.9634323988595,0.863112040028274,1.32253537257415,0.566945930837182,1.00903295767877,1.53138552798943,RD
54.9464851995644,0.863618421557104,1.33489066950522,0.569504571318459,1.01321633715824,1.55178824450939,RD
54.9310622306313,0.864124779901956,1.34724420476569,0.572063088387125,1.01739963787433,1.57218811013758,RD
54.917022627665,0.864631120942175,1.35959773286051,0.574621996915505,1.02158329767422,1.59258577845481,RD
54.9042401761847,0.86513746278797,1.37195361567639,0.577181555638056,1.02576759554987,1.61298508175737,RD
54.8926014148223,0.875420747973007,1.62445984066466,0.629568482972592,1.11115940667366,2.02919286900002,RD
54.8820098040207,0.85988040124433,1.24268938724293,0.550354369796549,0.982066594130094,1.39999290931417,RD
54.8723644944705,0.870163712820516,1.49516091729975,0.602731774135401,1.06744872741397,1.81616103841088,RD
54.8635849012225,0.854623361064437,1.11353013897822,0.523554111748581,0.938393106190341,1.18712965709001,RD
54.8555898373132,0.864906682438418,1.36596537566513,0.575921785742633,1.02376535161815,1.60325694099837,RD
54.8483074966512,0.875189993305352,1.61831413648472,0.628267078054834,1.10911476636491,2.01928164840779,RD
54.8416793484883,0.859649632257596,1.2368489112855,0.549132745786816,0.980103330948689,1.39044775739339,RD
54.8356401560225,0.869932927245627,1.48917264644383,0.601471890908314,1.06544643711029,1.80644055416281,RD
54.8301413318741,0.854392568600262,1.10779514950338,0.522360374560833,0.936458277671832,1.17771141914848,RD
54.8251325628584,0.864675860780449,1.36009623187131,0.574693737037846,1.02179545833472,1.59367467720559,RD
54.8205690637618,0.87495915635522,1.61234463884085,0.627013312999169,1.10711856823471,2.0095732076894,RD
54.8164143259912,0.859418805636982,1.23107223644998,0.547928996218951,0.978158179744083,1.38097170143159,RD
54.8126279785328,0.869702106920269,1.4833065201655,0.60024473566258,1.06347739383123,1.79685415637461,RD
54.8091798505201,0.854161758136764,1.10208918353725,0.52117472159227,0.934531606306292,1.16831980875347,RD
54.8060389307567,0.864445059552215,1.35430930837193,0.573486746423149,1.01984704231471,1.5841866544062,RD
54.8031774061996,0.874728357647472,1.60649574366286,0.625790065731353,1.10515359592753,2.00001378945269,RD
54.8005724314369,0.859188008992991,1.22534383463511,0.546737106518608,0.976225206016925,1.37155788893691,RD
54.7981988584759,0.869471304095625,1.47752069434526,0.599038011754355,1.06152928697056,1.78737305114321,RD
54.7960374221315,0.853930956343713,1.09640327351113,0.519994021691894,0.932610046369194,1.15895817158349,RD
54.7940696623143,0.881623934422928,1.77548947044804,0.660833521130731,1.16232715307638,2.27871633823734,RD
54.7922787653458,0.866083585384776,1.39440063402754,0.581796987696092,1.03341551935375,1.65033560754442,RD
54.7906457317319,0.850543234796613,1.0133238633624,0.502763613818493,0.904507108872749,1.02196934562751,RD
54.7891602906585,0.878236247361322,1.69236143724767,0.643589933687111,1.13421079093604,2.14166869682529,RD
54.7878066390071,0.862695892660551,1.31130591305472,0.564562166896949,1.00530809719393,1.51332794602802,RD
54.7865717204385,0.89038890848503,1.99029339574816,0.705375114010476,1.23499817290595,2.63296785401646,RD
54.7854468453718,0.874848551141623,1.60925537318119,0.626351966568156,1.10610018819848,2.00464819681545,RD
54.7844213082998,0.859308193907017,1.22822509954339,0.547330851546753,0.977204275403153,1.37633789654838,RD
54.7834863014228,0.88700116109779,1.90717857295092,0.688135737642803,1.20688608970809,2.49593657446126,RD
54.7826335946806,0.87146080880798,1.52616228400153,0.609118193510892,1.07799382420046,1.86764335026112,RD
54.7818568164737,0.855920461975681,1.1451524873978,0.530102245272142,0.949103192995337,1.23935814597188,RD
54.7811476083111,0.909305683837386,2.45394525086069,0.801525962911022,1.39185961734458,3.39758810909084,RD
54.7804988518112,0.893765348482236,2.07294665397287,0.722512711684609,1.26297174604589,2.76931716681144,RD
54.7799068842944,0.878225021926806,1.69195341344738,0.643500677214222,1.13408512390431,2.14105321419801,RD
54.7793680922519,0.862684706431975,1.31096548147314,0.564489795276231,1.005199688098,1.51279631041067,RD
54.7788784371143,0.916069765699954,2.61969040218055,0.835899641730895,1.44794193083036,3.67092720282952,RD
17.36,10.26,27.96,17.81,10.03,16.54,RD
17.4267798551038,8.33459736779957,17.9889690376138,23.8274591671894,7.29312461695679,12.5722133621553,RD
18.2958331659251,6.96622220238512,11.0308207781429,28.7040429346972,5.29838776233658,9.3884108147565,RD
19.7215701673856,5.93227438762232,6.4750988804943,32.0370344684229,3.84124720036519,6.87129730232959,RD
21.4963266061719,5.11456456942475,3.67526534664953,33.9305018100217,2.77959730501148,4.92632736659682,RD
23.4456191148494,4.44716819284267,2.0381488451006,34.7142563089462,2.0086509285442,3.46152314031951,RD
25.4324810254354,3.89121273550289,1.15980265165874,34.7301970357945,1.45026242530134,2.38646752821603,RD
27.3228599012881,3.41910421916021,1.06313403202929,34.3075354650145,1.0465387008032,1.616835373485,RD
29.0218064511519,3.01234377650664,1.0116528312723,33.689494682941,0.905528479011194,1.0788018224215,RD
30.5717256619344,2.66274224695328,1.03229378380582,32.9636867038602,0.915331521038934,1.0220555207068,RD
32.0248119460662,2.36152127375295,1.1185849317042,32.173024265878,0.956485726507394,1.08337597796802,RD
33.3614696960313,2.10101029763437,1.01202236406171,31.3409635678617,0.905750699572677,1.00865886731577,RD
34.5652991136718,1.87491431025603,1.23561837159584,30.487024355809,1.01347591675723,1.17475920405553,RD
35.6251775081049,1.6779855709443,1.17864819123463,29.6290877274869,0.986605521675293,1.13550569620992,RD
36.5355352213035,1.50586127793397,1.12225483524251,28.7828131285008,0.959702521671694,1.09470552127052,RD
37.2959486688997,1.35488873095657,1.06667908538762,27.9613508013518,0.932819449996059,1.05267590403966,RD
37.9104738339843,1.22200114439512,1.29934701557918,27.1752645740062,1.0488801398932,1.24185717145414,RD
38.3868623052079,1.10462564873458,1.11870080479837,26.4325993247494,0.959485677112745,1.09730743971649,RD
38.7356460243518,1.00059990778096,1.34495847043657,25.73907472401,1.07475867242967,1.2880858659057,RD
38.9691640558829,0.908097914782312,1.16798795648379,25.0983713325441,0.985758147708613,1.14195793443279,RD
39.110053126643,0.853700001988221,1.02558816710668,24.542630146488,0.913312821929845,1.02195226274841,RD
39.1568540721584,0.859521146743615,1.06705424090408,24.0052706604067,0.934816353871612,1.05793033361699,RD
39.1275756729485,0.877421398790545,1.19280916012388,23.5196685776056,1.00110869697732,1.16840618016046,RD
39.0345550675322,0.863149046783301,1.09226702662279,23.0854154463584,0.94875835133743,1.08120908906438,RD
38.8898235574234,0.880708984102307,1.21481362035826,22.7010495929382,1.01453664229358,1.19062983204122,RD
38.7043029782232,0.854653510645106,1.0324572451785,22.3645021237316,0.917415142127178,1.02895051812706,RD
38.4878032882964,0.879284916821685,1.20342391237269,22.0733096856812,1.0100329511499,1.1825716298816,RD
38.2490387627324,0.853604678852217,1.02495923666789,21.8247445237876,0.913572085772093,1.02248082270438,RD
37.9955763584965,0.877998417137714,1.19295017566373,21.6159093004418,1.00563568009345,1.17448323939905,RD
37.7339260379308,0.852590388015064,1.01779043040102,21.4438349285528,0.909782300227811,1.01612206116981,RD
37.4696334456437,0.854211727290269,1.02880633073404,21.3055473644825,0.915914224253099,1.02615518767184,RD
37.2073420612691,0.855826652909961,1.03969398911837,21.1980984918992,0.922018245194356,1.03608767059969,RD
36.9508731741848,0.857438257448504,1.05047582576627,21.1185958072711,0.928097355732866,1.04592046749507,RD
36.7033221767168,0.859049227606177,1.06117371795944,21.064230834954,0.934155064536194,1.05565724925935,RD
36.4671474052434,0.86066185046356,1.07181431921412,21.0322967384033,0.94019622868848,1.065311150599,RD
36.2442482787969,0.862278009562851,1.08242520821442,21.0201983413666,0.946225838551494,1.07489997796559,RD
36.0360356708244,0.863899183002785,1.0930277541903,21.0254585610019,0.952247778291671,1.08443737530929,RD
35.843495899997,0.865526472018034,1.10363588999953,21.0457230220051,0.958264971821459,1.09393113754734,RD
35.6672486266675,0.867160663309479,1.11426113403039,21.078763930129,0.964280219759574,1.10338876454684,RD
35.5075987814274,0.868802284611286,1.12491661988675,21.1224839008783,0.970296491489195,1.11282166108128,RD
35.3645826934314,0.870451620561075,1.13561552146318,21.17491954358,0.97631651016095,1.12224304052391,RD
35.2380087155692,0.872108706986235,1.14636693080286,21.2342440868798,0.982342350718453,1.13166332895145,RD
35.127492939965,0.873773346689513,1.15717472300189,21.2987688286495,0.988375492598478,1.14108900102352,RD
35.032490820487,0.875445158244787,1.16804031378773,21.3669438933046,0.994417117621422,1.150525311857,RD
34.9523297785461,0.922008053091113,1.47501792677776,21.4373588357346,1.16659088098838,1.42436712179192,RD
34.8862248931089,0.968775718488394,1.78294559513136,21.508742793722,1.33881435323914,1.69766862874777,RD
34.8333180424692,0.893628122602319,1.28752529318365,21.5799634106769,1.06106409552896,1.25597320953781,RD
34.7926560323917,0.940469059066229,1.59602249937808,21.6500262468529,1.23336566178437,1.52935769249557,RD
34.7632676806587,0.865074335675382,1.09930560744765,21.7180711282182,0.955516076232907,1.08813659280136,RD
34.7441372580725,0.911983171383537,1.40832932790963,21.7833689948836,1.12788812397508,1.36158551741726,RD
34.7342507344883,0.959061253125839,1.71862058576055,21.8453172602172,1.30042678096985,1.63514891463462,RD
34.7325890873918,0.883329686165287,1.2196420014157,21.9034320056482,1.02231285165142,1.19399227822346,RD
34.7381549251663,0.930452389801563,1.53039193850723,21.9573442349751,1.19493146636826,1.46774946572856,RD
34.7499680063115,0.854530103968324,1.02987215717174,22.0067865812494,0.916598800838519,1.02631886877127,RD
34.7670829170294,0.901694611504432,1.34104175094228,22.0515897039797,1.08929104222948,1.30026165904368,RD
34.7885947991074,0.94896660359785,1.65331297807583,22.091672703891,1.26216850207113,1.57464693983684,RD
34.8136438003262,0.872819316149876,1.15066498857411,22.1270341475081,0.983491604718745,1.13249654056044,RD
34.8414244417574,0.92011390325296,1.46329008492968,22.1577435968516,1.15643312895394,1.40707655665975,RD
34.8711889990112,0.967471300184032,1.77677987755116,22.1839315957782,1.329537593769,1.68214585761097,RD
34.902253434518,0.891172759851931,1.27234317492529,22.2057809576702,1.05053843575218,1.23910222675541,RD
34.9340027263506,0.938533753850473,1.58598180101908,22.2235169532586,1.22368819608864,1.51437106008425,RD
34.9658905286483,0.862172198243309,1.08059516433378,22.2373953017055,0.944501666600239,1.07072043693293,RD
34.9974377987988,0.909537109098337,1.39436385907483,22.2476986986089,1.11769315006909,1.3461861223127,RD
35.0282316314647,0.956916031270923,1.70860443371485,22.2547267734451,1.29099273020333,1.62209336201353,RD
35.0579126543748,0.880508397054442,1.20221602079141,22.2587931398878,1.01157834431296,1.17757504173755,RD
35.0861816824221,0.927881634522784,1.51660227879562,22.2602154047096,1.18490058429551,1.45357514083767,RD
35.1127892374175,0.851468687115396,1.00975609344062,22.2593123420501,0.905371947852925,1.00855715404662,RD
35.175103042569,0.890019829220727,1.10499793443369,22.3591350732487,0.996437388440336,1.11248286962146,RD
35.2109473653104,0.853807355452409,1.02529277422168,22.3469229023022,0.91391168460592,1.02216423527606,RD
35.2401587891639,0.861966468680709,1.07955609197905,22.3294034965585,0.943768549078601,1.06979346020114,RD
35.2653277495924,0.856007195880305,1.03994971107642,22.3109826721739,0.921982226472193,1.03506608138902,RD
35.2865697715305,0.873310352441608,1.15505466972102,22.292034431735,0.985342766368157,1.13618263910752,RD
35.3040725124911,0.855357818597101,1.03564338067761,22.2729150419168,0.919623634424744,1.03132064272567,RD
35.3180552358,0.940061833892754,1.59927148106371,22.2539343464268,1.23006263103556,1.52698642212504,RD
35.328764890048,0.863675883144961,1.09100109429686,22.2353533147801,0.950130471965058,1.08004577288311,RD
35.3364614788516,0.889907047287174,1.26555961608776,22.2173995911516,1.04634041597041,1.23370778850401,RD
35.3414175845732,0.916115199116258,1.43996268710639,22.2002630972511,1.14253204976138,1.38737243594629,RD
35.3439146842371,0.942302666077735,1.61420954108667,22.1840920056011,1.23870183321562,1.54101533919165,RD
35.344233830195,0.866037395270402,1.10671434614906,22.1690011857952,0.958855490209061,1.0940120462816,RD
35.3426548711742,0.89223235293413,1.28100096602098,22.1550727953009,1.05502794184652,1.24763991049756,RD
35.3394488503703,0.918410139964125,1.45512615490064,22.1423603093588,1.15117516523643,1.40121831880334,RD
35.3348746641093,0.944574168457499,1.62910243448438,22.1308930002913,1.24729772885387,1.55473570812561,RD
35.3291775766159,0.86839860073432,1.12237769099056,22.1206784583872,0.967567559224919,1.10792232386273,RD
35.3225881459332,0.894569191009827,1.29640519294105,22.1117042194955,1.06369701688346,1.26144545367772,RD
35.3153191798222,0.920730206513058,1.47032039040378,22.1039424168248,1.15980496823991,1.41490754916477,RD
35.3075658208397,0.999109900927353,1.99132099770823,22.0973515746304,1.44774136063189,1.87463282969347,RD
35.2995047731288,0.922989493652392,1.48522746177448,22.0918814315732,1.16812361337172,1.42812245933627,RD
35.2912960366039,1.00135976575859,2.00603537614706,22.0874642116898,1.45601650623192,1.88768823562828,RD
35.283079772898,0.925254979539264,1.50017446989169,22.0840357733489,1.17644629120292,1.44133376563139,RD
35.2749798189533,1.00362152249467,2.02082380172789,22.0815104280477,1.46430295108692,1.90074838490184,RD
35.267101617368,0.927525622041597,1.51514261522813,22.0798159954538,1.18477282581239,1.45454115748787,RD
35.2595329787001,0.85143200495791,1.00953418329053,22.0788608942211,0.905259831269915,1.00840273936715,RD
35.2523476103559,0.929800595086474,1.53012627069621,22.0785694363154,1.19310366095771,1.4677481083953,RD
35.2456002129646,0.853708110137014,1.02463620103051,22.078853469981,0.913619653462063,1.02173745716583,RD
35.23933619883,0.932079573880086,1.5451457299339,22.0796391613679,1.20144066045201,1.48096677962358,RD
35.2335822730749,0.855984453948854,1.03973507401883,22.0808472863988,0.921978347006134,1.03506565840406,RD
35.2283596743609,0.934362200440314,1.56022661209665,22.0824082321799,1.20978541857589,1.49421031261649,RD
35.2236730181272,0.858261649276939,1.05485368497768,22.0842528173443,0.930337761502358,1.04839649412047,RD
35.2195242467174,0.936647623159776,1.57536735153566,22.0863189476528,1.21813744790143,1.50748125203839,RD
35.2159019201003,0.860539754048814,1.06999348769988,22.0885476970247,0.938698133604242,1.06173156510433,RD
52.02,3.49,16.13,5.57,4.51,20.29,RD
53.6778947569041,3.25217363266712,11.370879075437,4.63995901155817,3.34419901710218,14.1247762099657,RD
54.1340938918119,3.08491933787599,8.22259649851094,3.67949240534311,2.51400642008743,9.84451244168975,RD
53.6611523538507,2.96258839751893,6.10195533701355,2.8310292986769,1.91209120104853,6.91439006932081,RD
52.5435286558139,2.86983340694947,4.64487775931716,2.14037993074776,1.46906915681672,4.9168978582082,RD
51.0167138811974,2.79710553081502,3.62269625055025,1.60344974643613,1.13874790208208,3.55057723991473,RD
49.2542366599808,2.73829195055212,2.8907351371988,1.19671206944514,0.921926725512502,2.60793748819005,RD
47.3869416437252,2.69017077921771,2.35619220287141,0.893099627694944,0.936254544045163,1.95021146752714,RD
45.496468402368,2.65033399111153,1.95853581126854,0.667991361007078,0.904736047314571,1.48488843596938,RD
43.6275983929021,2.61666713908264,1.65767445909452,0.506317477189267,0.908706989398749,1.15062397102483,RD
41.8240896923169,2.5872985674331,1.425404234192,0.502230194530528,0.903191328467708,1.00367305675255,RD
40.1569537110139,2.56096595354427,1.2425831355671,0.500941119131128,0.901343050617486,1.00147295009927,RD
38.6156269203827,2.53705658660269,1.09681058164182,0.501281032102846,0.901831510134115,1.0019132217359,RD
37.1814238325875,2.51509226913854,1.0019367721555,0.502387082500334,0.903415878343096,1.00340407065576,RD
35.8206459680089,2.4940003056063,1.01798536099577,0.524144387190968,0.934793829517597,1.03273954065423,RD
34.5202444342491,2.47333565879508,1.02570459100341,0.537653902006413,0.954575012598129,1.04859661881247,RD
33.2768025278658,2.45308560975136,1.03740465845366,0.560482082340178,0.988180300264622,1.07398065380531,RD
32.0871289237871,2.43323792252346,1.00542197315044,0.509475893905414,0.913873950884066,1.01113047518734,RD
30.948272882887,2.41378087607352,1.01632514742307,0.532094873248573,0.947263087362695,1.03555809058363,RD
29.8575001507347,2.39470318273401,1.01393902028714,0.530865630688754,0.945687674394502,1.03234761665327,RD
28.8122530730857,2.37599394184385,1.01172253993877,0.529681103193891,0.944158285898093,1.02934148355232,RD
27.8101380498631,2.35764271017024,1.00966295050993,0.528537387493187,0.942670926306805,1.02652307058104,RD
26.8489301037222,2.33963948265852,1.00775551532163,0.527433202185387,0.94122429028364,1.02388693752875,RD
25.9265565987252,2.32197460488718,1.00599669673529,0.526368138914299,0.939817933118835,1.02142980616416,RD
25.0410773529656,2.30463873141882,1.00437832279819,0.525340273371662,0.938449864236353,1.01914190794947,RD
24.1906714114243,2.28762284502289,1.00289058945059,0.524346632109735,0.937117057525079,1.01701068455535,RD
23.3736290772921,2.27091827070331,1.0015253144425,0.523384773172563,0.935817037221084,1.0150260565418,RD
22.5883427902632,2.25451665437361,0.999813536213795,0.580716332704611,1.02435311451237,1.04614630586322,RD
21.8417337944268,2.23855618809478,1.00022871915576,0.62921462912138,1.10130397347712,1.06733792220583,RD
21.1323827651379,2.22302145369634,1.00542322769076,0.515309911258424,0.923830338763174,1.01232308715605,RD
20.4319020423411,2.20738232726859,1.01672333207187,0.504197366874376,0.906546566165128,1.00180604576605,RD
19.755023343108,2.19186881645402,1.0332745749908,0.52728648766554,0.942802330318298,1.01012638969136,RD
19.1008584435035,2.17644192576983,1.05508979198917,0.507397832875368,0.911660202147839,1.00239541196199,RD
18.4678190250465,2.16104904379532,1.08228795522897,0.580154462808336,1.02731222416046,1.02019193308838,RD
17.8544458703481,2.14563814739177,1.11506866689935,0.574559694125982,1.01910675078961,1.01500424410099,RD
17.2593814554146,2.13015729747297,1.15369907042226,0.56909058983907,1.01103587460807,1.01041174202269,RD
16.6813502657348,2.11455382439642,1.19851699014654,0.563743459887321,1.00309315593655,1.00638657310424,RD
16.1191630955459,2.09877372717753,1.24994441333683,0.558516800658908,0.995274023828282,1.00290736717186,RD
15.5717021741821,2.08276101982055,1.30848890275554,0.553409362826695,0.987573971056787,0.999951938800194,RD
15.0379481326481,2.06645713886105,1.37474430855186,0.548419179420024,0.979987194222761,1.00098228625387,RD
14.5172359060392,2.04980041586175,1.44939489305199,0.5435412692116,0.97251767410473,1.00663094659241,RD
14.0091044149034,2.032725620384,1.53322140121429,0.538777707093072,0.965157839096275,1.01684910972663,RD
13.513099672243,2.0151634486375,1.62710835245835,0.534132232217837,0.9578990492127,1.0316523545631,RD
13.0287044498101,1.9970400391201,1.73205273582454,0.529606082678876,0.950737700400502,1.05112003960886,RD
12.5553561376977,1.97827655018089,1.84917389754445,0.525200699625775,0.943671941765968,1.07539205024296,RD
12.092477219516,1.9587887656052,1.9797238460574,0.520919488441878,0.936698203887741,1.10466842849605,RD
11.6394877985696,1.9384867286624,2.1250975403869,0.51676814678879,0.929811765944795,1.13921179850785,RD
11.1958068465734,1.91727444910249,2.28684288275668,0.512753119641017,0.923008310910011,1.17935121760663,RD
10.7608540814916,1.89504973054674,2.46667017271172,0.508882049485373,0.916284442755195,1.22548692796698,RD
10.334055798829,1.87170414966773,2.66646035835583,0.505163795117112,0.90963700552464,1.27809623438072,RD
9.91485295810941,1.84712322472253,2.88827121261479,0.501609527479637,0.903062726738403,1.33774079724213,RD
9.50270991866694,1.82118683375342,3.13434030696857,0.564229099343377,1.02646912619537,1.40507555207273,RD
9.09712356075216,1.79376994384442,3.40708335806071,0.559084849344717,1.01939538150217,1.48085914168153,RD
8.69763363849147,1.76474373035167,3.70908663676613,0.554031680111416,1.01240623630073,1.56596611433114,RD
8.30383468293751,1.73397718766883,4.04309110467172,0.549077451925094,1.00549894082882,1.66140113269681,RD
7.91538946062392,1.70133929998389,4.41196627829039,0.544232698828347,0.99867087646203,1.76831500056991,RD
7.53204380316511,1.66670186783092,4.81867115574528,0.539509961236581,0.991919486979782,1.88802280701939,RD
7.15364265036757,1.62994307455202,5.26619975583239,0.534924961026921,0.985242270138124,2.0220241646944,RD
6.78014660298105,1.59095184580057,5.75750847082759,0.530495820225592,0.978636652480543,2.17202553324253,RD
6.41164847015005,1.5496330324286,6.29542323771071,0.526244017614518,0.972099913650551,2.33996446377191,RD
6.04838876351469,1.50591338307515,6.88252501554977,0.522194649783911,0.965629080134552,2.52803545716752,RD
5.69076826196398,1.45974818322438,7.52101307227052,0.518374499521073,0.959220716213782,2.73871701122468,RD
5.33935673382226,1.41112837768806,8.21254848536216,0.514814578252572,0.95287085693424,2.97479899752062,RD
4.9948956185903,1.36008783486513,8.9580817434097,0.511548173453789,0.946574755649889,3.23940931579186,RD
4.65829267700045,1.30671030012021,9.75767208378672,0.508611064881921,0.940326699821076,3.53603835585407,RD
4.33060640311612,1.25113544230895,10.6103096101174,0.506038439372219,0.934119689357502,3.86855943549023,RD
4.01302027349805,1.19356336985307,11.5137551432712,0.503868115097518,0.92794535723732,4.24124258299382,RD
3.70680551218267,1.1342568583546,12.464414574507,0.502136303046125,0.921793599927851,4.65875891024117,RD
3.4132733552006,1.07354062774492,13.4572668219227,0.500876832950357,0.915652365338871,5.12617210036828,RD
3.13371907375837,1.01179713288947,14.4858630437085,0.500120148516124,0.909507465175605,5.6489131437199,RD
2.86936792305595,0.949457772107144,15.5422984489566,0.501130430047177,0.903341494136585,6.23272806540728,RD
2.62166333866473,0.887116474676507,16.6168439353775,0.508198531448865,0.914326274930126,6.88431840804484,RD
2.39092374180747,0.852743584917408,17.6980266599689,0.52155085944256,0.905666499529417,7.60836356978017,RD
2.17819146337374,0.860486974630024,18.7727822203626,0.541713777551945,0.920453222250205,8.4114914165791,RD
1.9839471150713,0.856721480819049,19.8282785074424,0.569404928257023,0.912509514136136,9.29950911739226,RD
1.8083897309102,0.86330862119046,20.8518255939019,0.605596538367073,0.923703699595708,10.2777744201571,RD
1.65145696805521,0.870516746750438,21.8311908699859,0.651533442431076,0.935212737817497,11.3509237157116,RD
1.5128489007824,0.878294575385336,22.7549075219759,0.708795407984764,0.947097729028314,12.5225583483698,RD
1.39208114526918,0.886573238583582,23.6125157562264,0.779356889918116,0.959423323338037,13.7949006171327,RD
1.2885544325954,0.9241637883716,24.3946613190894,0.86565297197254,1.01811906327312,15.1684472561249,RD
1.20162748554882,0.912756472241941,25.0930752020731,0.9706664508934,0.998952049397693,16.6415852063373,RD
1.13069055533481,0.900477332844603,25.7004427186228,1.09801271040998,0.979161484995078,18.2102579804428,RD
1.07524797570216,0.887439914082488,26.2101721223244,1.25203032280236,0.95865575593904,19.8676511381098,RD
1.03501455192547,0.873762544547942,26.6160714937657,1.43787669296154,0.937346463585136,21.6038917514747,RD
1.01001010494813,0.859569057396682,26.9120043534754,1.66159080074754,0.915148098758839,23.4058708228554,RD
1.0006647749587,0.932474337578612,27.0915774053903,1.93010028801885,1.03290665012007,25.2571837560584,RD
1.00795502450748,0.918138257505676,27.1478960189992,2.2511438593274,1.01163387251087,27.1381611216765,RD
1.03358097962607,0.903453940170071,27.0734427889682,2.63305713481824,0.98935552893611,29.0259968265287,RD
1.08020586322676,0.88856283430772,26.8601613263109,3.08434239302644,0.966007173554941,30.8949841503839,RD
1.15193394224485,0.869577152645746,26.4989011952986,3.61313272978961,0.930076270716824,32.7203371137844,RD
1.25404773094351,0.854441551034469,25.9837590354126,4.22482471893086,0.897358400190414,34.4645831006083,RD
1.39242633492478,0.851085983348601,25.3101126516329,4.91525384233589,0.907841907742332,36.1026910072255,RD
1.58339112328891,0.856408850500028,24.4732230935463,5.69828033157336,0.912573683935117,37.5936359458309,RD
1.84051802459305,0.874369361591187,23.4735665224982,6.55754934778281,0.950294549621673,38.9041606771501,RD
2.18617435947524,0.854892132724463,22.3185711526156,7.47510683919789,0.910569836981128,39.9964968126001,RD
2.65124339311667,0.860545465126502,21.0228655891156,8.42219134045367,0.924132222553136,40.8299453781088,RD
3.27783412840757,0.86123945068165,19.608424039232,9.35856400500356,0.927346623631656,41.3598372853643,RD
4.12196753927366,0.861769261331532,18.1036077502202,10.233216702832,0.930614876826585,41.5360146084468,RD
5.25547831976972,0.862119788906003,16.5410692422791,10.9867294904967,0.933912810023542,41.3015184123479,RD
6.76522729573538,0.86227619545678,14.9548111041645,11.5555014314005,0.937213623491353,40.5927594889141,RD
39.11,3.02,6.28,10.16,9.78,32.36,RD
48.6766187036663,2.75474870228464,4.79169233845148,8.21801523687848,8.0382782929271,24.3768697154171,RD
56.6107457266521,2.53319364138874,3.55896365526433,6.26163619288078,6.63643360603418,17.3362474216861,RD
62.1717908986793,2.34603884470481,2.60218455255798,4.55263870856617,5.50811210596121,11.817797969712,RD
65.3697288444553,2.18501419670391,1.89417163843138,3.20443599313386,4.59931692579837,7.8545762634653,RD
66.6527506591216,2.04363160298004,1.38509442835609,2.21134930492887,3.86573081475326,5.16663883782262,RD
66.5687944856831,1.91719434377738,1.04456686229036,1.51066522066931,3.2713467062573,3.40156861285958,RD
65.5341476834466,1.80156883250894,1.01269857107011,1.02960376048656,2.78746436646136,2.25904209636744,RD
64.1414696333262,1.69887855973908,1.04652746491111,0.703916588667189,2.39138274442791,1.52097053230091,RD
63.0880149675913,1.61531927596621,1.43303677388777,0.502183255228087,2.06151842896719,1.0337331648025,RD
60.7318928206771,1.51771980505693,1.1167307468414,0.505968104538896,1.78764519683254,1.01169068131879,RD
58.5462700551339,1.42765716676203,1.0144958789082,0.511696643675945,1.55897655405194,1.02212941335512,RD
56.4322065385001,1.34334274630523,1.07546292752558,0.564507312489517,1.36683225783609,1.11750943372302,RD
54.3916838895733,1.26412502759391,1.00318461000236,0.502843837257572,1.20439587413698,1.00503622194335,RD
52.4080787756255,1.18997952041815,1.0234666029843,0.522245652903459,1.06652426319792,1.03792472937177,RD
50.4908808521477,1.12046133254951,1.05876931460539,0.559614955880163,0.948867343339886,1.09743218349364,RD
48.6490542601188,1.05524884137037,1.00149539732519,0.501599469091589,0.90098540302123,1.00253035865318,RD
46.8724953202634,0.994371879365578,1.01304820199747,0.514988325833297,0.90909188751333,1.02271142429906,RD
45.1671081434071,0.937455299623875,1.03437148064387,0.542790121634862,0.925526065844074,1.06185648658413,RD
43.5295851025599,0.884191633184306,1.06994970648924,0.595792441024692,0.956100711450996,1.13122780992198,RD
41.9691699400568,0.864334025143966,1.02934991936793,0.539399948472823,0.92541183910141,1.05468173317903,RD
40.4608728500279,0.854099667463961,1.00754665461112,0.51209180084339,0.906899571398364,1.01522600218898,RD
39.00827618715,0.854707111871689,1.00764624650659,0.513617881290498,0.907651211348723,1.0162560034664,RD
37.612127954822,0.859107576710166,1.01286497893506,0.525846374612474,0.914291247774015,1.02913193274304,RD
36.2699234669413,0.866802020954221,1.02017821151303,0.546756273620341,0.925420212987644,1.04946487310055,RD
34.9792889026607,0.87449646916566,1.02444555903645,0.566872967128498,0.935739766802028,1.06613275344328,RD
33.7379862389152,0.85369006818084,1.00315502588564,0.509936161606419,0.905243578921228,1.00932737723297,RD
32.5438985848951,0.853534733422751,1.00240796736734,0.509357864789247,0.904859604066944,1.00819548880453,RD
31.3950088849817,0.853379424197986,1.00173530790052,0.508799223902225,0.904495477497113,1.00715364991481,RD
30.2893962978734,0.853224092794221,1.00113025825157,0.508258001904027,0.904149269363837,1.00619266343516,RD
29.2252418446504,0.853068745000754,1.0005923880102,0.507733971907878,0.903820842719891,1.00531212891258,RD
28.2008201919606,0.852913412531907,1.00012229204405,0.507227731484279,0.903510457456787,1.0045135520807,RD
27.2143501618415,0.852755445121622,1.00141427293141,0.506741718960224,0.903217402516873,1.00379355679134,RD
26.2635603673757,0.852595415914202,1.00975001469303,0.506274499270579,0.902940469262345,1.00314638776672,RD
25.357718050238,0.853703964908667,1.02419984145542,0.508598769943029,0.904040558000272,1.00386720080665,RD
24.47075390012,0.851029542495992,1.0462020814022,0.502395430399075,0.901087455038779,1.00091610441882,RD
23.6114589920817,0.850510641655102,1.07529874552747,0.50116850298344,0.900520584123339,1.00037095136502,RD
22.7784865586427,0.854109925102709,1.11173243926453,0.50921908197828,0.904045701797343,1.00240138647283,RD
21.9699329113388,0.889182023620318,1.15591230199013,0.585645109604653,0.936748631612411,1.01536559258079,RD
21.1864544871155,0.888032081464886,1.20804626113035,0.57854779093429,0.934449465648831,1.00984618404692,RD
20.4250769120785,0.851904498374176,1.26888574663158,0.504019279224985,0.901682498406656,1.00032905155752,RD
19.6793822747028,0.852683411135169,1.34000137822831,0.505552594307202,0.902280890237736,1.00011173252978,RD
18.9515531024137,0.85672314208186,1.42186794890535,0.513580269959809,0.90548627731588,1.00128941694471,RD
18.2407320413958,0.870901448748948,1.51562931560125,0.541055463112573,0.916293705230658,1.00847122232306,RD
17.5463714683236,0.853275298285956,1.62260966016327,0.506297323387063,0.902468149576903,1.02192567747246,RD
16.867838891805,0.869633772733806,1.74431662443471,0.536540668028418,0.914088146576862,1.04173695133152,RD
16.2044218149014,0.851697256259824,1.88246304904859,0.503081834265902,0.901175031834268,1.06810315419365,RD
15.5553469248477,0.891032613301226,2.03899055332379,0.571249823836481,0.926720249448984,1.10134191205403,RD
14.9198019307277,0.895850188944546,2.2160771863411,0.576713728160703,0.928454567581842,1.14189149704149,RD
14.2969497416519,0.900874573275832,2.41614678900458,0.581744571608558,0.930041772668996,1.19031874433979,RD
13.6859469895371,0.906141277678329,2.64187621195998,0.586301297689329,0.93149136138495,1.24733107484707,RD
13.0859658863171,0.850129995275884,2.89619550215663,0.500199961002109,0.900071578174829,1.31379254690666,RD
12.4962176858721,0.854654577039401,3.1822754837699,0.506652321682584,0.902412088842932,1.39074413238843,RD
11.9159763451236,0.859379656871622,3.50350114732434,0.51267277185244,0.904596481033164,1.47942593404072,RD
11.3446092732346,0.864342922623265,3.86342342445227,0.518217182407365,0.906635126310996,1.58130692068457,RD
10.7834469782333,0.867135281811776,4.26352376628714,0.517800223160827,0.907945981984763,1.69804334281376,RD
10.2286585619765,0.856743834269123,4.71143382880381,0.507501290799234,0.902791250961107,1.83176974099807,RD
9.68162205310274,0.852462429673006,5.20895231396589,0.502537841792512,0.900962306448775,1.98483691208675,RD
9.14257230058148,0.865864807645013,5.75907474420679,0.514833362527469,0.905801581153751,2.15999674897029,RD
8.61189995812745,0.87348387632157,6.36443698397094,0.519791716668496,0.908057184421376,2.36048594381238,RD
8.09031389025866,0.887564550730104,7.02686450691231,0.528048596300266,0.912068016947156,2.5900419524321,RD
7.57886203607183,0.857937211057957,7.74712357428311,0.505373106962126,0.902432333471882,2.85297239181805,RD
7.07893870269061,0.872406003447952,8.524642723489,0.51304935604181,0.906453348891549,3.15421780251637,RD
6.59228625425929,0.888158380152371,9.35719576219011,0.518702014268678,0.910369012884847,3.49943537458049,RD
6.12094340061577,0.85479335116728,10.2407300226957,0.502035354414309,0.901252403073409,3.89502643226854,RD
5.66718145601198,0.870946072917534,11.1692365935732,0.507087781173326,0.905220465949601,4.34817285835348,RD
5.23341513628228,0.888557094804222,12.1347369422496,0.509888419371035,0.909245023776429,4.86684826387955,RD
4.82208586909655,0.850738039233166,13.1274322542683,0.500146774851809,0.90017295954683,5.45978532214525,RD
4.4355393498615,0.868723507516171,14.1360127413293,0.502371653559486,0.904304466937659,6.1363904104283,RD
4.07590387149635,0.888218586611193,15.1481083762241,0.502253620607126,0.908718302448287,6.9065923694872,RD
3.74498131091797,0.909193999251539,16.1508695263195,0.499942628561561,0.913572240230726,7.780600718343,RD
3.44417902456091,0.865412731649822,17.1314941626388,0.501627994879751,0.903575007681136,8.76855607574931,RD
3.17451824449141,0.886648133994528,18.0771307638268,0.509222402493629,0.90873916452064,9.88002286178892,RD
2.93663012681648,0.909186398169895,18.9756631866987,0.522842829930196,0.914679665907249,11.1233888662663,RD
2.73078395255086,0.86089923484754,19.8167020297829,0.54276479240161,0.902800554954425,12.5051770486853,RD
2.5569915562509,0.883589830628056,20.5918419754661,0.569420429754047,0.909131111391088,14.029236759787,RD
2.41515281049789,0.907304831000562,21.294710540546,0.603407085862926,0.916605706257204,15.6958565586551,RD
2.30522857654697,0.855305869867691,21.92088348625,0.645500178642782,0.901617163835606,17.500878580586,RD
2.22743582360961,0.879096589914009,22.4676383128973,0.696665142047667,0.909530998297577,19.4348967259471,RD
2.18246482085253,0.903593579086257,22.9335938659119,0.758068479861614,0.918920586110657,21.4826131640943,RD
2.171723059454,0.928611192863284,23.31828116787,0.831084401675477,0.929940764399336,23.6224470722637,RD
2.19760898273318,0.873462661280897,23.621697364451,0.917290943028591,0.909442751274152,25.8264842661325,RD
2.26382742253939,0.89837442178945,23.8438733856925,1.01844877573356,0.92097417901742,28.0607722959992,RD
2.375777525982,0.923495541050214,23.9844622525922,1.13645055126639,0.934259630656855,30.2859650783741,RD
2.54101837109092,0.867064288991389,24.0423893767801,1.27322567515471,0.908371502273209,32.4582191712063,RD
2.76983061833175,0.892032521793565,24.0155659109623,1.43058369176659,0.922059976218246,34.5301904723399,RD
3.07590067432701,0.916885683103342,23.9006736621218,1.60996686928439,0.937434465793412,36.4520093714194,RD
3.47709788502675,0.860264682145516,23.6930561627571,1.8120880707899,0.906008213520119,38.1720420963233,RD
3.99628228388987,0.884889034288299,23.3867404194355,2.03643645050789,0.921665599249486,39.637375439676,RD
4.66202023344261,0.909007788483983,22.9746365187786,2.28063348243811,0.938775756580459,40.7940835257342,RD
5.50891135319594,0.853428310925759,22.4489911722544,2.53966484424913,0.902344155788409,41.5874936903391,RD
6.57727448221314,0.87414093178791,21.8017395402016,2.80506518949389,0.918114021144671,41.9640010213901,RD
7.9103435631257,0.851765324786009,21.0273490774988,3.06437599570527,0.901335987826286,41.8686043926403,RD
9.55027002903422,0.857276358955468,20.1221232369885,3.30086760473469,0.90576760045326,41.2554993563613,RD
11.5298210329357,0.866640451779029,19.0876661524327,3.49435623808425,0.913885916532139,40.0910731448971,RD
13.8609284917389,0.875291397126403,17.9328894841014,3.62326125854685,0.922238924189533,38.3642800989575,RD
16.5212801109659,0.858629428883791,16.6758197443267,3.66805999491839,0.90796053385956,36.0982738781575,RD
19.4431394044746,0.866710325793635,15.3443117302048,3.61568278660902,0.916274224405572,33.3597662168373,RD
22.5102434475937,0.851650378796121,13.9748640535961,3.46357926168484,0.901686333546805,30.2614580338105,RD
25.5681151551573,0.859548796877512,12.6091352027516,3.22173401089319,0.910219180278379,26.9531116114227,RD
1.36,8.08,8.99,78.66,0.91,2.54,RD
1.48945853365696,6.48884343136375,8.5894437254193,75.0949675476269,0.902539946618224,2.68636719827077,RD
1.61673099141698,5.32218237729773,8.27747051986423,71.8763990546331,0.907926940091705,2.85283094918401,RD
1.74060756198726,4.43974436872745,8.03567858126526,68.9316168934372,0.904829386875068,3.04032894043121,RD
1.8599818259009,3.75560160225647,7.8511504278736,66.2128407510898,0.907955443650306,3.25012077268795,RD
1.97391068113405,3.2143645731587,7.71451999912098,63.6873037126371,0.909528990868727,3.4837297073592,RD
2.08166108253036,2.77889005435318,7.6188231036687,61.3317976356843,0.90145875294836,3.74290025182375,RD
2.18274411270524,2.42336536308077,7.55876202588666,59.1293806429992,0.909195399739469,4.02956332711515,RD
2.27694051663431,2.12944001135467,7.53023628847027,57.0675028573724,0.906610514933333,4.34581025327499,RD
2.3642984331737,1.88368001904055,7.53000244480313,55.1363107075264,0.901698906312853,4.69383631073231,RD
2.4451315378677,1.67613287612433,7.55545717420658,53.3279548548385,0.901399508185321,5.07588689493542,RD
2.52004248278047,1.49926801643351,7.60444889042713,51.6365126783179,0.901218168176875,5.49424787296386,RD
2.5898674303786,1.34729105001567,7.67515040330796,50.056687724539,0.900993700577269,5.95112654141265,RD
2.65569180235514,1.21570376101445,7.76595670442079,48.5842391699697,0.901497169481691,6.4485764917381,RD
2.71881144214997,1.10096058920854,7.87539764402811,47.2153376749325,0.900718007946895,6.98838643517819,RD
2.78070508859981,1.00024208763504,8.00207271331553,45.946335630284,0.900236694146332,7.57195828761736,RD
2.84303673003122,0.911290232508193,8.14459033413713,44.7739766242817,0.899987291193753,8.20016400315273,RD
2.90763205599751,0.878597100373062,8.3013990864869,43.6938666442072,0.900492890429657,8.87319300279467,RD
2.97644474622328,0.852152246193529,8.47076699919425,42.7003496270119,0.901596061813313,9.59043576752433,RD
3.05156928791827,0.865243774242947,8.65091591462451,41.788692404919,0.90298035530725,10.3502913588938,RD
3.1352404079451,0.857441305073679,8.84014556874548,40.956325024737,0.904403738292044,11.1500111845683,RD
3.22986058458627,0.907005798350522,9.03655089738182,40.2003461380948,0.905635146761301,11.9855216162662,RD
3.33800632196253,0.920525832600789,9.23800323505574,39.5174140957021,0.906457121250842,12.8513141123564,RD
3.46244309206705,0.906258038822002,9.44213419700167,38.9036875742422,0.906669781524384,13.7403773926641,RD
3.60613853758021,1.50282194338696,9.64630736084145,38.354514603212,0.906089664135822,14.6441852799241,RD
3.77227158155752,1.66768144357007,9.84764304902985,37.8645774244493,0.904560742123875,15.5527599189084,RD
3.96423454520638,1.74791369187804,10.0430162595019,37.4276557316751,0.901955483226452,16.4548098645879,RD
4.18562037317806,1.64922555073811,10.2290846135655,37.0365763821761,0.900649231620315,17.3379625332084,RD
4.43933556112781,3.31808339495796,10.3802364361823,36.5124264666962,0.901036939027502,18.191419717881,RD
4.72770855470637,2.98766006417618,10.5185863691631,36.016891296438,0.900287701675404,19.0055178348088,RD
5.05467205285436,2.6988107888993,10.6440071717449,35.5674407647759,0.901713068441021,19.7664152356077,RD
5.42396026778113,2.44484796113366,10.7520992346828,35.1496377568218,0.902277153851944,20.4605121141286,RD
5.83889498221722,2.22053188082211,10.8386506454487,34.7487711398926,0.900144698742424,21.0749671655538,RD
6.3021625932722,2.02170853192452,10.8997389686234,34.3501321931996,0.901695013550536,21.5982536990819,RD
6.81540386023735,1.84501460443803,10.9318629096844,33.9387518876199,0.900880530617741,22.0205656843869,RD
7.3787897728447,1.68769414233735,10.9321162060025,33.4997648805027,0.89993946990036,22.3343800446594,RD
7.99065905990859,1.54747870851006,10.89835333429,33.0192166664854,0.902667051017578,22.5348502750579,RD
8.64701020681301,1.42245467692493,10.8293609372984,32.4843035151332,0.900694204195537,22.6201760471027,RD
9.34119034141302,1.31099690530298,10.7250140172377,31.8842860893506,0.901144299793421,22.5918668295775,RD
10.0636299255284,1.2116937423499,10.586382449908,31.2109771277312,0.905219088846814,22.4548268836697,RD
10.8019326377763,1.12331607642032,10.415792019141,30.4596719856527,0.900169772789199,22.2174152729333,RD
11.5409893200488,1.04475389123346,10.216794553476,29.6290749463041,0.90314663178155,21.8910581215404,RD
12.2638654886044,0.975025806420322,9.99405194060168,28.722270928262,0.90177367093052,21.489960872246,RD
12.9524835524775,0.91322889250227,9.75313440151992,27.7459897143944,0.900579965154693,21.0303424796854,RD
13.5889768411734,0.85854665060756,9.50024000475675,26.7106727356349,0.901400854711705,20.5297265845801,RD
14.1568887102113,0.850044667831738,9.24170049722302,25.6286118843003,0.900009063706348,20.0060419837644,RD
14.6421106581549,0.853691267950144,8.98381437594993,24.5135110641417,0.900440094468345,19.4768110706326,RD
15.0341237557207,0.867514185941073,8.73282483428631,23.3816645458975,0.901120106261321,18.9584308891775,RD
15.3262592769463,0.85160599565768,8.49438982488094,22.2487383473808,0.899988425714243,18.4655311503678,RD
15.5158585291393,0.851442244512278,8.27344089404482,21.1289316539923,0.901324671673339,18.0106851979575,RD
15.6040518134979,0.85883251656685,8.07406731772708,20.0340195132621,0.906506015031635,17.6043603858711,RD
15.5952340540876,0.91274210197504,7.89937240875445,18.9721627157122,0.916502573342342,17.2549627983246,RD
15.4962874951541,1.03608906467409,7.75152480140226,17.947700624861,0.932492047461225,16.9690457841678,RD
15.3157421339056,1.25649453574683,7.63194911356699,16.9616934930286,0.955890783272198,16.7516472371097,RD
15.0629688015035,1.60613036205409,7.5414444518892,16.0122000057188,0.988347719187702,16.6066700665448,RD
14.7474264071988,2.12147036234128,7.48028508322284,15.0944570279136,1.03176013076959,16.537264990085,RD
14.3779607056723,2.84290331152696,7.44833445469251,14.2011010759996,1.08831333689722,16.5462318255007,RD
13.9621829246501,3.8141777997372,7.44515409864452,13.3223211254004,1.16054713780019,16.6364247693988,RD
13.5059035760007,5.08165625067366,7.4701079131466,12.4458768087037,1.25145544100065,16.8111681050298,RD
13.0246854197551,6.51930554088984,7.52249546244132,11.5770362201921,1.35554129284518,17.0746291495569,RD
12.6776590934679,6.09305537445316,7.60414516040534,10.9726908083838,1.36475647914027,17.4106638122282,RD
12.3468267064352,5.7200343645337,7.71534817660841,10.4311266332926,1.37681485024244,17.8019398977277,RD
12.0371133630306,5.39002068070824,7.85420268810306,9.9456569755929,1.39117868781729,18.2438765850863,RD
11.752235944047,5.09517562196871,8.01888797070308,9.51041574158206,1.40736650178668,18.7313811505705,RD
11.4949164285667,4.8293276754952,8.20760042127233,9.12019496609336,1.42493850157901,19.2588325574682,RD
11.2670000639167,4.58759657621165,8.418507039882,8.77037169993377,1.4434917975373,19.8200744880077,RD
11.069579869317,4.36609531166563,8.649710150834,8.45683015598241,1.46265733720685,20.4084512011255,RD
10.9031139558218,4.1617026511658,8.89922005247336,8.1758881575855,1.48209848440596,21.0168787307244,RD
10.767527596873,3.97186277540173,9.16493106896665,7.92422977238368,1.50151133368009,21.6379413620495,RD
10.6622780203047,3.79449204982584,9.44461381881653,7.69885982360721,1.52062657249385,22.2640241191283,RD
10.5864037809163,3.62790181604634,9.73591860096921,7.49706519671595,1.53921112445167,22.8874618022649,RD
10.5385736017676,3.47071588234335,10.0363883635683,7.31637465359457,1.55706970719678,23.5007245396035,RD
10.5171227361923,3.32181100959756,10.3434840770344,7.15452784124184,1.57404584939885,24.0966112106799,RD
10.5200831931451,3.1802733243481,10.6546215881528,7.00945116057843,1.5900222162506,24.6684451563103,RD
10.5452109346315,3.04536374013896,10.9672160109769,6.87923988615698,1.60492005875109,25.2102508232762,RD
10.5900168314636,2.91648536145909,11.2787365502891,6.76214327535959,1.61869771357593,25.7169240797665,RD
10.6518013877051,2.79315728414196,11.5867659283326,6.65655496536059,1.63134805886523,26.1843645396113,RD
10.7276947784947,2.67499316873407,11.8890591616397,6.56100710714045,1.64289522677268,26.6095648645221,RD
10.8147045156745,2.56168225660313,12.1836011271295,6.47416686466048,1.65339062607882,26.9906606554656,RD
10.9097717105709,2.45297260118535,12.4686597006146,6.39483477052121,1.66290835399036,27.3269353077793,RD
11.0098349859395,2.34865678036299,12.7428290125436,6.32194421951991,1.67154023541845,27.6187750911836,RD
11.1118930664519,2.24856083036433,13.0050571470411,6.25456108233106,1.67939121425038,27.8675896282482,RD
11.2130750080149,2.15253373380274,13.2546641359046,6.19188270674473,1.6865743683264,28.075694625175,RD
11.3107059195845,2.06043944732348,13.491342373835,6.1332357431846,1.69320640840461,28.2461687337419,RD
11.402367654145,1.97215054252927,13.7151418187221,6.07807223595609,1.69940354150121,28.3826919273266,RD
11.4859469970005,1.8875437308798,13.9264432339878,6.02596417415723,1.70527807823222,28.489387206274,RD
11.5596774389398,1.80649625769857,14.1259187599057,5.97659583654274,1.71093524958594,28.5706492840307,RD
11.6221643861038,1.72888384209648,14.3144835647305,5.92975439236393,1.71647079838561,28.6309873743115,RD
11.6723956076919,1.65457963424101,14.4932433370274,5.8853192817739,1.72196918842113,28.6748855809574,RD
11.70973833941,1.5834539340361,14.6634402086277,5.84325073846527,1.72750234540902,28.7066818328019,RD
11.7339233914751,1.51537452085068,14.8263969790332,5.80357728184969,1.73312885412609,28.7304624489563,RD
11.7450165564694,1.45020749807595,14.9834648689488,5.76638313373029,1.73889368362718,28.7499819014881,RD
11.7433824098516,1.387818353305,15.1359787621323,5.73179653097783,1.74482832793229,28.7686079398665,RD
11.7296411463037,1.32807308726705,15.2852164439041,5.6999780747937,1.750951257847,28.7892826229732,RD
11.7046260702062,1.27083978168325,15.4323675379998,5.6711116674388,1.75726859770545,28.8145036083934,RD
11.6693398130217,1.21598946898923,15.578510045205,5.64539606310766,1.763775008639,28.8463209745682,RD
11.6249045603312,1.16339732843333,15.7245859925448,5.62303576975624,1.77045478891007,28.8863384031812,RD
11.5725072554565,1.1129437932501,15.8713834432534,5.60423231858834,1.77728335432559,28.9357318932846,RD
11.5133699222792,1.06451522542808,16.019537912073,5.5891814870672,1.78422845055099,28.9952829276215,RD
11.4487170755599,1.01800451150464,16.1695315662966,5.57806969538958,1.79125147133663,29.0654103671745,RD
49.79,3.01,8.92,3.14,6.11,29.03,RD
52.2106518277374,2.6717761010371,7.1244324783292,2.54843650759728,5.57313629062158,18.2072874816085,RD
51.2416251787571,2.39279758264259,5.69881631881826,2.03444182558337,5.19601012664718,11.6475071203348,RD
48.4687368285917,2.15818436557769,4.64496898799839,1.62276640753228,4.93750327382854,7.6963272597959,RD
44.9313766190067,1.95717217990064,3.88827115740058,1.30403180075345,4.7693625810785,5.27901789462278,RD
41.203231751589,1.7822629117296,3.3506989782458,1.05968620303922,4.67180758433452,3.76048918898836,RD
37.5704298835107,1.62820852129775,2.97123021791595,0.871972175617748,4.63086009567059,2.77710490469855,RD
34.1618129671721,1.49124729323216,2.70657737678111,0.726613626051566,4.63653634533858,2.12047487034762,RD
31.0249649468709,1.36859816732662,2.5272027204786,0.612863735145323,4.68160253038482,1.66913065557354,RD
28.1670975966719,1.25813898549196,2.41326942902127,0.522827699082354,4.76072090943674,1.35055867958407,RD
25.5763449491465,1.15820169789342,2.35160637642652,0.51324805992549,4.86968616624441,1.12027735784989,RD
23.2379669503026,1.0673698824081,2.33346226695721,0.502718580732396,5.00476750915334,1.0062577628314,RD
21.1496646933327,0.984412450329479,2.35287415325515,0.500526106389544,5.16243024521285,1.0011248768048,RD
19.2786931959906,0.908553472111516,2.40667773272414,0.513946880868207,5.34021339349967,1.02781917206657,RD
17.595572215838,0.852595564651734,2.49331241794897,0.502144464768516,5.53615333884145,1.00399901479538,RD
16.0716767544076,0.859111648477109,2.61262998878522,0.507049599057696,5.74835006826833,1.01205733179259,RD
14.6856237082717,0.850958557170405,2.76572462134348,0.500697180177088,5.97493545733629,1.00109367915274,RD
13.4187011391189,0.873569474425198,2.95480363118267,0.51573564160005,6.21449777292615,1.02161861181299,RD
12.2553371253412,0.867830914427895,3.18306243620022,0.511004878997111,6.46561099961905,1.01316460070697,RD
11.1826479724324,0.862304781965607,3.45465391050996,0.506957923415517,6.72680644114741,1.00692413529356,RD
10.1900353180726,0.85697356265225,3.77472845859864,0.50357935587842,6.99655803696699,1.00274044492368,RD
9.26882643159384,0.851775864457229,4.14944471536674,0.50082057068712,7.27327857152777,1.00041452341332,RD
8.436240589532,0.852357168835903,4.58501546551224,0.501151418455889,7.55302343838135,1.0006685853674,RD
7.66176259496004,0.869340142961184,5.08985058932996,0.508605122577447,7.83654431631034,1.00318746666526,RD
6.9390654806566,0.868549342827163,5.67297772441156,0.507547443775192,8.12171692755838,1.00129968403913,RD
6.26307382842133,0.891305369793674,6.34468162997754,0.5149993087504,8.4069980468518,1.00001423478872,RD
5.62967578300006,0.863760637086283,7.1163179487015,0.504573022945397,8.69088442646112,1.00353256122338,RD
5.03565925898855,0.886296430448276,8.00011985674838,0.510503923092936,8.97187937384262,1.01301065587634,RD
4.47857633494944,0.856761322557035,9.00905151461692,0.501751816637522,9.24854907686704,1.02824848971058,RD
3.95663555859782,0.880972978264822,10.1564413914066,0.506755458273611,9.5195588069381,1.04914796108957,RD
3.46866301643449,0.908002802954539,11.4554309080172,0.510360205645184,9.78367843580732,1.0756899321025,RD
3.01407820600254,0.874889922832595,12.9182534708972,0.503768533862803,10.0397840957077,1.10791906091631,RD
2.59282646577054,0.904714923027222,14.5553485887728,0.506325633791674,10.2868590603121,1.14593180075226,RD
2.20525969943275,0.867445966887316,16.3742117756911,0.501595518800866,10.5239922327051,1.18986295529559,RD
1.8519817737397,0.90053499734759,18.3781792532871,0.503053018746196,10.7503757308806,1.23987369930905,RD
1.53364549505005,0.857905379787674,20.5651062964578,0.500315214730241,10.9653026307205,1.29613972737304,RD
1.25072588910277,0.894678228361718,22.9262131299715,0.500632952326562,11.1681677456331,1.35884096805472,RD
1.13176577726169,0.93694747681238,25.4448221018642,0.500005433044075,11.3583837861195,1.42812800796084,RD
1.0110386334682,0.856758763370832,28.068736740646,0.501478403977584,11.5317061170713,1.50233674483081,RD
1.08502045805595,0.901534994406592,30.7580798947802,0.505441913391823,11.6890576491623,1.58106537004557,RD
1.03842434056481,0.873132680670087,33.4681977773835,0.511870004324072,11.8297452088883,1.66400044456509,RD
1.11059564809427,0.91611952603294,36.160844290511,0.52083666534574,11.954794380002,1.75128619111708,RD
1.05783468181119,0.884414148988207,38.7986677680852,0.532421111384413,12.0652439608536,1.84306460205311,RD
1.13875722870104,0.932185438621266,41.347222798162,0.546707267148798,12.1621221038913,1.93947441050027,RD
1.07992151091768,0.897196974045159,43.7767161066551,0.56378377629914,12.2464282039336,2.04065007494563,RD
1.01563906794727,0.859214185740086,46.0631239114875,0.58374421258295,12.3191201700024,2.14672074433879,RD
1.10829599441116,0.913680425843689,48.1889323495403,0.60668775211972,12.3811039493494,2.25780881119057,RD
1.20762669039576,0.971951594924235,50.1429023227027,0.632719606839791,12.4332304168429,2.37402908805912,RD
1.05645693507763,0.883148969930048,51.9200499880408,0.661952153256076,12.4762884897067,2.49548689631123,RD
1.15829441756926,0.942950646568629,53.5207740882398,0.694505807240374,12.5110039627263,2.62227613817224,RD
1.26454240662907,1.00545334446595,54.949753530639,0.730509874283973,12.5380422195128,2.75447824911415,RD
1.10197910268015,0.909978924170903,56.2149775261352,0.770103255510673,12.5580089476332,2.89216015616787,RD
1.209414819462,0.973374224630278,57.3268014778005,0.813435075988994,12.5714523234809,3.03537236222516,RD
1.04075894548153,0.874049281306698,58.2970186598392,0.860665183248949,12.5788664668067,3.18414699805958,RD
1.03498472844024,0.870688201724083,59.1381133413986,0.911964400713456,12.5806951531489,3.33849583426745,RD
1.02903223004631,0.867212446655231,59.8626993450932,0.967514569046243,12.577335350548,3.49840830786332,RD
1.02294390695282,0.863642068689832,60.4831101020633,1.02750843761587,12.5691408725579,3.66384964405862,RD
1.01675444348848,0.859993423631446,61.0110164120505,1.0921493238958,12.5564266548664,3.83475859775746,RD
1.01049098049539,0.856279252661444,61.4572067430649,1.16165043972096,12.5394728626874,4.01104544086773,RD
1.00417899409074,0.852511174375272,61.8315245383684,1.23623391967282,12.5185284532781,4.19259032889851,RD
1.45545210055972,1.1253768640532,62.1428585771624,1.31612960568442,12.4938143498623,4.37924164207243,RD
1.71749281738032,1.28636339281521,62.3991370658423,1.40157358042455,12.4655266433074,4.57081430627336,RD
1.25383638551322,1.00474277105636,62.6073608042365,1.49280620713491,12.4338399242568,4.76708863892938,RD
1.51474478790528,1.16583118803712,62.7736229424592,1.59007038093078,12.398910350119,4.96780896961946,RD
1.05274616697775,0.882441874052719,62.9032282585079,1.69360862719643,12.3608785067186,5.17268349538736,RD
1.31267591090447,1.04370865252744,63.0007435041587,1.80366036488116,12.3198718688731,5.38138377991183,RD
1.56989710553188,1.20571960412948,63.0700813528052,1.92045906197092,12.2760074762694,5.59354442410622,RD
1.11258611148364,0.920486670911462,63.1146216663277,2.04422708262137,12.2293931613834,5.80876455100361,RD
1.36856308883476,1.08260254681917,63.1372316601518,2.17517302962643,12.1801303274688,6.02660742257202,RD
1.62100541402006,1.24520455011072,63.1403639612203,2.31348619285631,12.1283151142187,6.24660249312871,RD
1.17034572865572,0.958771052746138,63.1260813091127,2.45933186872404,12.0740406683779,6.46824821711313,RD
1.42136953887326,1.12143440899561,63.0961380286614,2.61284683452876,12.0173986364707,6.69101293923595,RD
1.66816963123099,1.28440043728464,63.0520005335291,2.77413300214506,11.9584804932591,6.91433944596391,RD
1.22553786481472,0.997162138767534,62.9949151925276,2.94325219686964,11.8973791263267,7.13764933353728,RD
1.4707216909567,1.16015271208,62.9259440753364,3.12022081627869,11.8341900811317,7.36034528255821,RD
1.03405094690431,0.87253303693309,62.8459897479781,3.30500327079985,11.7690117498272,7.58181741727532,RD
1.27774611312704,1.03557734033262,62.7558268701647,3.49750732236018,11.701946731629,7.8014470919385,RD
1.51677296097787,1.19880550718303,62.6561322558561,3.69757836204841,11.6331024590192,8.01861210114818,RD
1.08967828057734,0.910773088787126,62.5474959086773,3.90499576965843,11.5625918706724,8.23269382690338,RD
1.32713733051616,1.07402015750716,62.4304505484891,4.11946852768372,11.490533916883,8.44308144349062,RD
1.55954903800513,1.23734916743788,62.3054844295892,4.34063253239452,11.4170540702655,8.64917914545213,RD
1.1424949513686,0.949049713002558,62.1730750804875,4.56805138952269,11.3422853534291,8.8504152914109,RD
1.25398473466745,1.04084502814435,61.8993788804623,4.79346320159059,11.2540748384133,9.02365582624702,RD
1.00424108525621,0.853118710376625,61.7430761890198,5.02811528756239,11.176123179502,9.20790661471988,RD
1.0259757357601,0.868502476873336,61.610099137583,5.26895289236897,11.1002463807514,9.39083198088614,RD
1.13279806300627,0.945505840755901,61.4730237651854,5.51394255480632,11.0238931170953,9.5678012423774,RD
1.02338157519432,0.866939334435307,61.3278544774071,5.76209888304952,10.9467960359913,9.73766236823567,RD
1.10412346539655,0.926142018943419,61.1755194046242,6.01259415050767,10.8691410536946,9.90007342428339,RD
1.08897517731262,0.915606698260399,61.0169098967821,6.26455419056041,10.7911170421157,10.0547428206566,RD
1.07406956152146,0.905067129148811,60.8528783147788,6.51708152921138,10.7129124008297,10.2014331145069,RD
1.05940873867205,0.894525801616872,60.6842509732288,6.7692599685482,10.6347155147865,10.3399618898882,RD
1.04498675294238,0.88398433509653,60.511829583501,7.02016396562048,10.5567137503512,10.4702072112674,RD
1.03079369101285,0.873444017540608,60.3363961592489,7.2688729847373,10.4790922194121,10.5921052956895,RD
1.01682282779799,0.862906559052118,60.1587168520916,7.51448593286646,10.4020325792029,10.7056468400324,RD
1.00307047349164,0.852373972132739,59.9795413097626,7.75613372383574,10.3257118120755,10.8108745486987,RD
1.34433778734068,1.1190735636177,59.7995986091036,7.99299046824127,10.2503009350156,10.9078806914271,RD
1.32844296706759,1.1084491535355,59.6195946836564,8.22428365834184,10.1759638682196,10.9968043063819,RD
1.31282477473757,1.09782368079465,59.4402101067056,8.44930368654399,10.1028563515406,11.0778275710309,RD
1.29747767133511,1.08719924198792,59.2620968164792,8.66741172948139,10.0311249120133,11.1511714094744,RD
1.28239491281244,1.07657779537209,59.0858737539317,8.87804580286707,9.96090590085055,11.217090653964,RD
17.36,10.26,27.96,17.81,10.03,16.54,RD
15.0569534332056,8.04949733200176,20.5394357672267,18.9310813825197,9.24529057347578,15.521931651317,RD
13.5795014259641,6.51631431967983,15.3316039356493,19.1580189158134,8.65234965834297,14.8419055046359,RD
12.5618066429289,5.39895209854555,11.6594603997756,18.7252161817065,8.19572833412668,14.3814416641478,RD
11.8060882876632,4.55296368990036,9.05601788257846,17.8613048567737,7.84214054547014,14.0788677568112,RD
11.2017744253031,3.8929318791347,7.19451014832234,16.7507178477312,7.56930737031449,13.8989801420858,RD
10.6865121968944,3.365506726069,5.84861699289286,15.5266167745627,7.36113752475047,13.8198844263835,RD
10.225554787456,2.93577582574602,4.86319096070966,14.2780140444901,7.20541249719972,13.826791288995,RD
9.80029661584363,2.58000253911072,4.13230368158875,13.0606373148028,7.09254506104393,13.9088978666145,RD
9.40148207062384,2.28149424895896,3.58348869244954,11.9068716871682,7.01483127742799,14.0576929449702,RD
9.02520140368461,2.02820179793795,3.16688501348098,10.8334983874518,6.96596670243578,14.2659968359531,RD
8.67038638381078,1.811197510471,2.84782617741702,9.84725636573572,6.94070736134074,14.5273660758774,RD
8.337340102718,1.62372528481761,2.60191971917145,8.94865162436071,6.93463278399922,14.8357342257068,RD
8.02688906540114,1.46059051080915,2.41181942554238,8.13449058668783,6.94397843627006,15.1851950198775,RD
7.7398786144007,1.31772285728714,2.26499482871338,7.3995534746547,6.96551022563328,15.5698661594888,RD
7.47693896083866,1.19189512519295,2.15229422343906,6.73764822902732,6.99643757589817,15.9838310856422,RD
7.23838945032582,1.08052278860527,2.06698118150646,6.14225089621435,7.03435051637616,16.4211296716701,RD
7.02419958575124,0.981505107239019,2.00401445404332,5.60692725943576,7.07717091662243,16.8757831708048,RD
6.83401510718496,0.893119073130238,1.95958507799308,5.12556056483553,7.12311792039254,17.3418553482623,RD
6.6672024425546,0.883561078084131,1.93076725831793,4.69232491248759,7.17041198478008,17.813534637273,RD
6.52287972964268,0.85031705922493,1.9152409768264,4.30159105171386,7.21688030731667,18.2852147260766,RD
6.39997970387651,0.868004195825785,1.91130735078821,3.94885338165759,7.26166560129434,18.7516070650366,RD
6.29730046815267,0.8574422701172,1.91762861640251,3.62999451712163,7.30396848823573,19.2078481087433,RD
6.21354159755361,0.863691966235542,1.93316217040877,3.34138218211918,7.34331326803698,19.6495641783569,RD
6.1473347847275,0.868036981520645,1.95708408922866,3.07977138461867,7.37937507851813,20.0729483400532,RD
6.09726242523005,0.870088946198616,1.98875094864386,2.84228971864892,7.41196938651488,20.4748321220026,RD
6.06187979247208,0.869594494527285,2.02765253814379,2.62638807713509,7.44102723608893,20.852690091906,RD
6.03972819761467,0.862757413690078,2.07338517433258,2.42980773353228,7.46657650884314,21.2046420371335,RD
6.02934499761019,0.856791003979923,2.12563277891732,2.25055233436288,7.48872527461271,21.5294400300538,RD
6.02927186279353,0.85183081842725,2.18415213178279,2.08686136515238,7.50764642914622,21.826436450427,RD
6.03806295046254,0.850519484157645,2.24875884790927,1.93717949055088,7.52355275155429,22.0955343262053,RD
6.05429312646309,0.860265956909237,2.31930887668347,1.80011852590099,7.5366251179226,22.337125902509,RD
6.07656312362339,0.880971321342171,2.39568462546214,1.67442875972142,7.54694671768289,22.5520243730379,RD
6.103504578605,0.912342405350921,2.47780087096158,1.55900363394289,7.55459017248395,22.7413966835169,RD
6.13378720107484,0.953858473162708,2.5656080812845,1.45287312405558,7.55967064859453,22.9066995731691,RD
6.1661274364616,1.00474075484569,2.65908972477421,1.35518447519753,7.56233848078013,23.0496184164186,RD
6.19929698608067,1.06391740055315,2.75825812103428,1.26518323753954,7.56275497602876,23.1720080890621,RD
6.23213028023602,1.12997427081402,2.86315457160822,1.18220012516143,7.56108816269088,23.2758402953565,RD
6.26353171355811,1.20109288388231,2.97385214841538,1.10564185512594,7.55752381286047,23.3631568049857,RD
6.29248283417931,1.27497823564252,3.09045874332901,1.03498294153458,7.5522757463132,23.4360288513007,RD
6.3180489834387,1.34877776738315,3.21311976757712,0.96975704123867,7.54558863267741,23.4965224318318,RD
6.33938463927098,1.41898973357447,3.34202193602367,0.909549133838314,7.53774070118968,23.5466694413785,RD
6.35573726037443,1.48135975222272,3.47739895712869,0.853989534193368,7.5290526959791,23.5884443765379,RD
6.36644972887021,1.53076660981787,3.61953864806425,0.802749294553888,7.51990068285361,23.623746027626,RD
6.37096132753468,1.56109888235493,3.76879121363534,0.755536275329634,7.51072921147227,23.6543837253864,RD
6.36880705764576,1.56512360543927,3.92557915678404,0.712091667546476,7.50206491181257,23.6820678485632,RD
6.35961521997536,1.53434847810266,4.09040943880257,0.672187158268236,7.49453233603602,23.7084042400829,RD
6.34310335233085,1.45888005118054,4.26388827364745,0.6356228844518,7.4888727319879,23.7348921105834,RD
6.31907266899968,1.32728140412124,4.44673892248988,0.60222609804278,7.48596531098454,23.7629250756027,RD
6.28740112596763,1.12643371508364,4.63982308777912,0.571850414646551,7.48685084917433,23.7937950896728,RD
6.24803398740917,0.92967834387315,4.84388413923351,0.544310098255223,7.49167067291422,23.8286831981192,RD
6.20097040149361,0.867448551439197,5.05964770238956,0.519419327236225,7.50022714539738,23.8686313833799,RD
6.14625084669338,1.07784385315063,5.28583404317355,0.502491088225041,7.50513803619877,23.9143803355969,RD
6.08424687165517,0.976446416751233,5.52326380620954,0.504635878337014,7.51056792514224,23.9659496117486,RD
6.0152053989067,0.890696863696002,5.7725176611303,0.508831042612603,7.51771664901664,24.0237397668618,RD
5.93925671404814,0.849998813003145,6.03408775262628,0.500000009895291,7.52590710745398,24.0883074495502,RD
5.85642542719511,0.866653672689615,6.30882606007413,0.503074336518634,7.53407618186832,24.160320458971,RD
5.76689674553731,0.868363222886807,6.59735282372355,0.50301956381426,7.54197192912723,24.2400728892219,RD
5.67080932004834,0.852445621272368,6.90058201518515,0.500356243899598,7.54960056140457,24.3278662172515,RD
5.56832032999739,0.872443174112509,7.21950594157315,0.502736425927331,7.55696183150253,24.4239513828072,RD
5.459593014714,0.855473666178403,7.55517429399648,0.50056067947513,7.56404979190064,24.5285232029918,RD
5.34479410813324,0.913684960474682,7.90869022362717,0.504635022836194,7.57085432916994,24.6417266973558,RD
5.22409398129986,0.89673658567006,8.28121815127112,0.502429424984081,7.57736129038657,24.7636602484463,RD
5.09766694571746,0.941316777831509,8.67398954868892,0.502112759780751,7.5835533588321,24.8943782391289,RD
4.96569132537471,0.987754714227067,9.0882940675753,0.499953358427116,7.58941110605963,25.0338997280293,RD
4.82835872571536,0.889697604841529,9.52544883065244,0.500121798647802,7.59490919466625,25.182194942537,RD
4.68587471280652,0.928377755523673,9.98605575837538,0.50267305328889,7.59871694637078,25.3391843522562,RD
4.53850699532719,0.854124374150708,10.4721149328318,0.507872485536025,7.60269517351563,25.5046223903016,RD
4.38652394920295,0.858960884124633,10.9848302775577,0.515958381861106,7.60693232375424,25.6783420568082,RD
4.23022512317033,0.855125790978876,11.5247737620826,0.527171758554716,7.61052622356318,25.8600960695098,RD
4.06996887692775,0.854888475348713,12.0927487961024,0.541854738218533,7.61351446201768,26.0495352962068,RD
3.90614361144434,0.863457147293145,12.6894517541346,0.560443920082279,7.61585463539111,26.2462844665998,RD
3.73917181163943,0.890306233046869,13.3153639066461,0.583476232124952,7.61741866370088,26.449924003514,RD
3.56954496900146,0.875872611907403,13.9706670851268,0.611622776673841,7.61813417846258,26.6599384155831,RD
3.39781261082835,0.860821816219727,14.6551715602953,0.64570877757083,7.6179228068228,26.8757292429496,RD
3.22458846836506,0.898023842135958,15.3681998256603,0.686755580560086,7.61669815915552,27.0966003591069,RD
3.05055399462291,0.882710819433443,16.1084558884599,0.736029776464618,7.6143634900157,27.3217432203783,RD
2.87645803180323,0.866693439187811,16.8738738461856,0.795100331990368,7.61080921905889,27.5502233002024,RD
2.70311531210129,0.906852398238843,17.6614241427026,0.865915168766431,7.60590983909906,27.7809634722856,RD
2.53140170619229,0.890531285971484,18.4668794865256,0.950897370368095,7.59951960783059,28.0127264088293,RD
2.36224539149979,0.873426592285122,19.2845614507037,1.05305423470443,7.59146821821999,28.2440988485676,RD
2.19661585669216,0.855510722848413,20.1070168187384,1.17612049208997,7.5815550096864,28.4734716762663,RD
2.0355088360708,0.898504632854813,20.9245533116145,1.3247097771773,7.56944694703304,28.6990203398149,RD
1.8799301402635,0.852181337684689,21.7251140879724,1.50450442349482,7.55489458481327,28.9186779337548,RD
1.73086654101712,0.86966385829174,22.4938329374139,1.72255348141985,7.53779341423452,29.1301374016932,RD
1.58927292346995,0.88045227826127,23.2119913084658,1.98731212905448,7.51756172804412,29.3308040100295,RD
1.45604585517381,0.859240628609797,23.8573265158373,2.30886699234067,7.49371563039328,29.5177893855102,RD
1.33199981527665,0.9060938820919,24.4035877648682,2.69896131075617,7.46568277984572,29.6878966816054,RD
1.21784665695783,0.864262379473548,24.8206020081189,3.17081119480052,7.43279400080784,29.8376194664169,RD
1.11418545102611,0.856103810098117,25.0739096829586,3.73819088429321,7.3935002966028,29.9631502237534,RD
1.02147854115985,0.852684796375538,25.1305503729265,4.41548091478998,7.34853592739131,30.0605249972822,RD
1.00371674885919,0.857690362016506,24.9506909482221,5.21347792770201,7.29583142187537,30.1194135789741,RD
1.00763445929323,0.867301022646548,24.4980194922177,6.13699343454286,7.23417552154202,30.1263206392844,RD
1.00439792698198,0.861253490551085,23.7566804935621,7.18249485292041,7.1631489218866,30.0823786808115,RD
1.00172590046055,0.855238046907289,22.7278658901256,8.33469104323208,7.08266068450281,29.9903413215099,RD
1.01728029708762,0.922134172888298,21.4332460276857,9.5640773278493,6.99294679279429,29.8537439873916,RD
1.01282160946505,0.935495899107749,19.9160978743746,10.8272566621506,6.89471319276718,29.6774013991374,RD
1.00111055723302,0.864153692155599,18.2386338188842,12.0702104819241,6.78922185804161,29.4677090318591,RD
0.999820495225011,0.877986943135826,16.47498470092,13.234772694976,6.67829366975762,29.2326599023413,RD
1.00925536502373,0.890860628707041,14.7010670256274,14.2664748491004,6.56415684046714,28.9807401672085,RD
7.42,9.99,58.68,9.94,2.34,11.62,RD
5.76785835461082,8.02964228170058,50.2199378163299,13.5354432256808,2.07589182813896,12.4535141952268,RD
4.85839369324781,6.82575813705797,42.3672388321137,17.2181815229113,1.83769275829973,13.3445435076488,RD
4.41468101248737,6.06031895333959,35.0779254907741,20.4965828694266,1.61928400159976,14.2264675374245,RD
4.29436257388977,5.57495328041105,28.598574926264,22.9347949118954,1.41962692636204,15.0576835447414,RD
4.42288329291473,5.28036030340237,23.1455309099818,24.3067581058493,1.23938578898597,15.8157301689324,RD
4.76294633229476,5.12172353241107,18.7727815145755,24.6266155917614,1.07903097288098,16.4895604060221,RD
5.29887993529412,5.06355269223127,15.3877556061289,24.0712759709052,0.938122885805264,17.071646107247,RD
6.02825721299562,5.08248786165225,12.8235780646827,22.8790550232678,0.903769793181228,17.5536992727029,RD
6.9565163373427,5.1627775782663,10.9013884546102,21.2762472566551,0.914526451882104,17.9236489352299,RD
8.09140062516241,5.29243721392773,9.4634364325421,19.4418938461393,0.90958971273938,18.163031699473,RD
9.4392853255772,5.46231400230114,8.38353626271621,17.506322576869,0.904689197528925,18.2508875949987,RD
11.0011832463936,5.66514030267899,7.56539788576842,15.5595895335401,0.929821520960148,18.1673580442957,RD
12.7686373794778,5.89480496999691,6.93688522031045,13.6623120934245,0.924961195092474,17.8972678942196,RD
14.7201644787442,6.14590613563538,6.44414808453702,11.8551175410273,0.920135238256767,17.4336144774466,RD
16.8190563212287,6.41348368558804,6.0469032586228,10.1655390048996,0.915315317472387,16.7803575064421,RD
19.0134640615693,6.69287174127414,5.71504009973054,8.61238571288107,0.926689329290318,15.9538335107031,RD
21.2394284807664,6.97963241397704,5.42628395185594,7.20808950433759,0.93819766064075,14.9821845021327,RD
23.4263983771155,7.26955036721925,5.1647573035964,5.95956207027201,0.903525486462033,13.9030062382363,RD
25.5048269084407,7.55866066019541,4.91974538019326,4.86852442942165,0.974630607474545,12.7590459701463,RD
27.4135655838971,7.84330651755382,4.68475353728818,3.93161693106877,0.922879180028463,11.5934254570528,RD
29.1054636228112,8.12020442448091,4.45661875052706,3.14079759262914,0.94764582581325,10.4453709657202,RD
30.5508354701904,8.38651768993304,4.23450336481702,2.48427424721478,0.972461671508131,9.3467190219169,RD
31.7373124158622,8.63990935426227,4.01907437239642,1.94763309110554,0.920206222807932,8.32053528306143,RD
32.6675259069856,8.87857458020606,3.81179126474862,1.51513125531485,0.944892052148668,7.38115615601719,RD
33.3556315303666,9.10124760372733,3.61433653983365,1.1709126907499,0.969407145775508,6.53519198768525,RD
33.8233499136293,9.30717922532887,3.42825633508079,0.899933345164267,0.91729118105264,5.78319007111818,RD
34.0963777423056,9.49609018353996,3.25476411149242,0.688585802120086,0.941639613959995,5.12141832039425,RD
34.2024260957931,9.66817496658905,3.09452367569506,0.568310731612913,0.964875677646745,4.54346550260736,RD
34.1747404668864,9.82307358433005,2.94584941037036,0.500154307823539,0.900130253303,4.04100919149113,RD
34.0570223679327,9.9606428988509,2.80406579247983,0.505310920623009,0.904823268654711,3.60468889636413,RD
33.838507357716,10.0822583125614,2.6762212279846,0.529940597512488,0.9268738409952,3.22695127760468,RD
33.5507917235584,10.1897441616277,2.55956963791727,0.525762833401399,0.922903885505341,2.90032418987513,RD
33.2074605385636,10.2846015477456,2.45420482256349,0.554817952794664,0.948268330343137,2.61794117882463,RD
32.8198947735735,10.3681843981057,2.35993786904579,0.571973055357787,0.962851200140488,2.37373872534559,RD
32.3976326557063,10.4417163370954,2.27641314769781,0.510747661562169,0.909333438970322,2.16239388119612,RD
31.9485049284426,10.5062907142214,2.2031742684845,0.527841020182071,0.92401141129334,1.97931932455953,RD
31.4789207059697,10.5628824115376,2.13972612508771,0.544815082389016,0.938411899435966,1.82058105545535,RD
30.9941185358157,10.6123588020863,2.08557518926331,0.624050404837049,1.00561662554993,1.68281065207254,RD
30.4983401385309,10.6554870548879,2.04025319146649,0.625437680575489,1.00629818469239,1.56313910697214,RD
29.9949831626698,10.6929420744571,2.00333306171747,0.626743357739423,1.00695016380034,1.45913378600851,RD
29.48673477396,10.725314442792,1.97443928968882,0.627971034575933,1.00757478156911,1.36874093712739,RD
28.9757148760678,10.753119504913,1.95325708103395,0.629125791690972,1.00817469708665,1.29022233317441,RD
28.4635879647548,10.7768052376026,1.93953717838815,0.630213438032275,1.00875234679163,1.22210257105734,RD
27.9516316962001,10.7967581165444,1.93309655594912,0.631236160586051,1.00930876574167,1.16313329695323,RD
27.4407900487995,10.8133084050728,1.93381853751755,0.632192941581713,1.00984426714699,1.11226462038534,RD
26.9317295569164,10.8267357087377,1.9416543046134,0.63308296881173,1.01035930036233,1.06861639277101,RD
26.4248928435114,10.8372742459936,1.95662504912631,0.501564709995791,0.901296556770931,1.0314511469335,RD
25.92059388679,10.8451171286948,1.97882349626603,0.503391162901926,0.902805287013634,1.00074062498776,RD
25.4328523879183,10.8506140081527,2.00676344890456,0.514623816535426,0.912428787526247,1.00282955462319,RD
24.9416884028816,10.8535424952894,2.04369241404115,0.50136558371622,0.901128265680125,1.00021297372361,RD
24.4563979294081,10.8541461158616,2.08844228868875,0.52318979391249,0.919164002457566,1.00281539641228,RD
23.9757654578092,10.8524890307147,2.14133931608433,0.503114192155946,0.902574106886736,1.00028609959348,RD
23.4984206131539,10.8486085551669,2.20283929407551,0.507113822033313,0.905883032679745,1.00041741689157,RD
23.02304257693,10.8425138301801,2.27350280767555,0.556122288270933,0.946461060076552,1.00105604613685,RD
22.5483518504653,10.8341858664686,2.35400850547731,0.541365848641855,0.934284606903829,0.999875669058294,RD
22.0732727919501,10.8235795926295,2.4451540095913,0.526879725707991,0.922311323748717,1.00283903822695,RD
21.5971897903936,10.8106203559415,2.54787675842901,0.512678898612426,0.910547476223096,1.00997015326853,RD
21.119582835707,10.7952032493184,2.6632644076672,0.60220577476029,0.985378938064472,1.0213448748319,RD
20.6398415068622,10.7771930066337,2.7925665228906,0.587427771077582,0.973291238368499,1.03709947557144,RD
20.1572602685004,10.756422681341,2.9372153126309,0.572943642355999,0.96140817767499,1.0574325282295,RD
19.6710644554398,10.7326912525185,3.09885314620889,0.558775482078892,0.949730480782847,1.08260855408177,RD
19.1804354966797,10.7057604533226,3.27936281533897,0.544950053823881,0.938259009884931,1.11296407065288,RD
18.6845082325875,10.6753511789891,3.4809007722786,0.531497176163775,0.926995428727163,1.14891640732131,RD
18.1823677084664,10.6411394156921,3.70593534663552,0.518451058348903,0.915942294517013,1.19097440259812,RD
17.6730535707012,10.6027515015012,3.95729076705277,0.505850919890411,0.905102795992384,1.23975138641231,RD
17.1555693177729,10.5597585726511,4.23819798960151,0.583514556167084,0.974085454988609,1.29598131362075,RD
16.6288934346117,10.5116704291297,4.5523505635492,0.569925972750517,0.96289092906817,1.36053807800287,RD
16.0919933975147,10.4579287671657,4.90396675557386,0.556799511424493,0.951911615420836,1.43445883664235,RD
15.5438449115826,10.3978996592858,5.29785986344938,0.544191052877007,0.941152255656561,1.51897281898123,RD
14.9834570774852,10.330865780203,5.73951214909992,0.532165326830164,0.930618124491298,1.61553529447769,RD
14.4099055254073,10.2560184503036,6.23515292861351,0.520798413114867,0.920314939069938,1.72586825110417,RD
13.8223747730468,10.1724499518058,6.79183707775053,0.510178939718854,0.9102486747011,1.85200863230473,RD
13.2202113830481,10.0791467674489,7.41751893942517,0.50040990994606,0.900425304945667,1.99636507855156,RD
12.6029911333885,9.97498463349846,8.12111471057318,0.556329589056195,0.962860583802414,2.16178558314699,RD
11.9705943822718,9.85872707767884,8.91253672720389,0.544561232029005,0.952636869675068,2.35162969383952,RD
11.3233009950736,9.72902833564007,9.80269449367542,0.533694588143706,0.942663755041874,2.56985621996866,RD
10.6618946722736,9.58444380466419,10.8034313165582,0.523875676431866,0.932946178765194,2.82111556171961,RD
9.98777615299528,9.42345046761833,11.9273725271648,0.515271348467196,0.923486923933596,3.1108467667765,RD
9.30307892776778,9.24448077114648,13.1876524657209,0.508074294059526,0.914285551355788,3.44537238666685,RD
8.61077578076103,9.0459735953856,14.5974803960744,0.502500233499426,0.905337022803975,3.8319800744477,RD
7.91481618422985,8.82648252704172,16.1693690467235,0.518585632685184,0.961419440883957,4.27898738915574,RD
7.22062147490233,8.58505054912276,17.9131460903679,0.500359697427304,0.901606847539688,4.7958655536713,RD
6.53272208442665,8.31981983911901,19.840666910838,0.500387835861769,0.905539826021447,5.39253677867996,RD
5.85831983529944,8.03066224297418,21.95504058333,0.501601883240034,0.915470629767828,6.08009256924142,RD
5.20473603056126,7.7175115091873,24.253769953759,0.514431523775991,0.913028479836662,6.86975594890957,RD
4.57965447400487,7.38107289471968,26.7245475947274,0.5416530997557,0.910655089413808,7.77230372459219,RD
3.99056098191899,7.02308107200239,29.3446343300739,0.586449274326786,0.908333282442062,8.79723124245272,RD
3.44423295578508,6.64642673798763,32.0794558236462,0.653758727001022,0.901609803590848,9.95167247367896,RD
2.94608905381069,6.25494176485955,34.8814354123486,0.751049743386087,0.904817899289168,11.2387349367118,RD
2.49994906558637,5.85371238561787,37.6894989098541,0.88952652929342,0.9032941346763,12.6563586660517,RD
2.10763770160074,5.44854205181141,40.4289954791943,1.08583774794665,0.908189707698214,14.1957405536967,RD
1.76746592588316,5.04094676516891,43.0115871342303,1.36382185709604,0.900106803811469,15.8403374028874,RD
1.46663380142009,4.60343819463068,45.339057702906,1.75309930416184,1.10227934216442,17.5692320550607,RD
1.23120441884618,4.23420997506674,47.2891555314002,2.32003621564234,1.00939320161581,19.3487746379702,RD
1.03947591976867,3.88408715797807,48.7110785978272,3.13045348356277,0.921213822379535,21.1306460449423,RD
1.0025857592625,3.55976043355838,49.4187392377449,4.28004611178333,0.901531684806125,22.8588503638213,RD
1.08361884170642,3.26236392702315,49.1963674824918,5.87359552244452,0.930954760153054,24.4660597887794,RD
1.02334919262858,3.00650838803297,47.8591449420744,8.02093796256509,0.901765622194782,25.8912232655561,RD
1.00328583112847,2.79422358844731,45.3375406295791,10.7805518142901,0.906027566992324,27.1216022678461,RD
43.84,4.09,19.42,5.77,10.8,20.08,RD
38.725669597267,4.30955227054481,14.7341833561386,5.11816394348642,9.16338970023207,14.7667760457896,RD
33.6823543097577,4.58494810803039,11.8551942624344,4.5533480479084,7.99549709964537,11.3709918665085,RD
28.9703599978755,4.89494723419596,10.019923402722,4.08165523570005,7.13200174623647,9.14672558729046,RD
24.7154434878392,5.2248127928487,8.82725835881826,3.69333580076861,6.47493612777359,7.656120121975,RD
20.9569836511061,5.56304172165976,8.05255595005588,3.37456697598057,5.96267148801539,6.63898918156494,RD
17.6856503307787,5.90006815599045,7.56361056555665,3.11206116658959,5.5547535514082,5.9375079560731,RD
14.8673301138583,6.22778420494699,7.27941929695457,2.8945164290565,5.22371301771407,5.45363592358102,RD
12.4572441424131,6.53939966792345,7.14852802010931,2.71280788610148,4.95035455124439,5.12484560231318,RD
10.4077466396621,6.82942568706844,7.13721293419862,2.55974525874551,4.72095844999679,4.91030368075005,RD
8.67255803586352,7.09367045475266,7.22263075512759,2.42972321377483,4.52551589738203,4.78266803375168,RD
7.20877573661763,7.3291994037166,7.38883565294228,2.31838702278566,4.35661589861255,4.72330170094764,RD
5.97779085547911,7.53424845132744,7.62418083435566,2.22235898868345,4.20868051390484,4.71919185172361,RD
4.94546917622568,7.70809156508874,7.91979008476206,2.13901106688984,4.0774650644262,4.76113117056513,RD
4.0820038460033,7.85088206019996,8.26847167885164,2.06629526701654,3.95969960460799,4.84248449281479,RD
3.36158834842197,7.96348129482987,8.6640625416738,2.00260880159777,3.85284187158961,4.95842542033299,RD
2.76201208755201,8.04729287074143,9.10094670628136,1.94669362767547,3.75489572938441,5.10540102647469,RD
2.2642491855346,8.10411042977208,9.57375027850623,1.89755595080204,3.66427568514422,5.28076483812524,RD
1.85205479458355,8.13598852013926,10.0771706470182,1.85440879761147,3.57971454916071,5.48254731123894,RD
1.51159694961165,8.14513708077953,10.6058803045936,1.81662712583173,3.50019184867911,5.70928635284244,RD
1.2311270184346,8.13383630518096,11.1544874395461,1.78371086512128,3.42487573209511,5.95989461220636,RD
1.13558562966751,8.10437327265753,11.7170540087884,1.75521831864115,3.35303895249483,6.23324855466333,RD
1.00077532990519,8.05920332604493,12.2771273534501,1.72995955026909,3.28325418496573,6.52146349313268,RD
1.05695705802692,8.00082928355339,12.8291477321024,1.70768601531106,3.21520486591315,6.82342973838927,RD
1.0083104770425,7.93165291188598,13.3665870624331,1.68806445007622,3.14853189963517,7.13707321864259,RD
1.12417042638848,7.85387770932393,13.8869057884816,1.67103707775312,3.08317308959673,7.46264585159493,RD
1.07513212702751,7.76946707912066,14.3879054650272,1.65654425367972,3.01905465290039,7.80038712401397,RD
1.02573367581398,7.68013455613796,14.8677802932972,1.64452593392298,2.95609296990484,8.15052169224114,RD
1.14241525740019,7.5873618888336,15.3251298120276,1.63492362142083,2.89419796520117,8.51325679524457,RD
1.09274494469477,7.49242597586943,15.7589423752285,1.62768211151617,2.83327645236964,8.8887803274057,RD
1.04304804379375,7.39642482027033,16.168561739974,1.62275061543447,2.77323448223407,9.27725948948137,RD
1.15890343177556,7.3002838158797,16.553683146739,1.62008402465544,2.71397903125356,9.67883752015725,RD
1.10908075373842,7.2047709548452,16.9143238064092,1.61964407031274,2.65541985080694,10.0936303108076,RD
1.05958562210194,7.11052795121747,17.2507546822271,1.62139939190202,2.59747047051459,10.5217266210584,RD
1.01058157592574,7.01807341928382,17.5634854000345,1.62532662607957,2.54004943826435,10.9631836192276,RD
1.12346937866105,6.92781693732765,17.8532231127987,1.63141112309175,2.48308141352892,11.4180236494951,RD
1.0746922919469,6.84007966315407,18.1208194611189,1.639646771818,2.42649744899006,11.8862338178278,RD
1.02674938187296,6.75510321695945,18.3672408868715,1.65003653001815,2.37023564571542,12.3677631462616,RD
1.13534310212305,6.67305874782809,18.5935371361548,1.66259297660224,2.31424177260877,12.8625187319436,RD
1.08778805387381,6.59405853768547,18.8008083501095,1.6773384731302,2.25846949043049,13.3703637996139,RD
1.04138528042387,6.51816766466497,18.9901782704714,1.69430489021548,2.20288012212789,13.8911182050642,RD
1.14425058878984,6.44540867095502,19.1627750619416,1.71353433855781,2.14744315604377,14.4245535846117,RD
1.09839029563207,6.37576850160768,19.3197112806192,1.73507971594551,2.09213649036507,14.97039019307,RD
1.05396820926316,6.30920824489782,19.4620716444739,1.75900384596453,2.03694550454171,15.528300635902,RD
1.09083911406323,6.245664555311,19.5908980443946,1.78538130034719,1.98186407012451,16.0979010446894,RD
1.12564824133762,6.18505815275943,19.7071890164947,1.81429667657072,1.92689292623574,16.6787594076222,RD
1.15826173097335,6.12729583933635,19.8118900415189,1.84584584670411,1.87204008901375,17.2703903546063,RD
1.18854840125015,6.0722732341385,19.9058874722055,1.88013682174466,1.8173208667981,17.8722522851873,RD
1.02207875586026,6.01987805473341,19.9900065272846,1.91729022160629,1.76275748045465,18.4837470047544,RD
1.05474589528898,5.969992288982,20.0650110860017,1.95743956092961,1.70837865147988,19.1042199085253,RD
1.08501350587507,5.92249557405038,20.1316049583143,2.00073152476952,1.65421886497922,19.7329619625094,RD
1.11278552332473,5.87726696272524,20.1904354373916,2.04732625595218,1.6003176700551,20.3692123763581,RD
1.13797600288246,5.83418558825093,20.2420936653801,2.09739813892907,1.54671931080167,21.0121581262267,RD
1.16050813583719,5.79313162953405,20.287116439153,2.1511365221834,1.49347221038025,21.6609350103086,RD
1.02506194406005,5.75398720821259,20.3259889968242,2.20874650597879,1.44062835063349,22.3146296723796,RD
1.05044534580801,5.71663685481834,20.3591470271886,2.2704495030507,1.38824282178016,22.972281206201,RD
1.07314111568661,5.68096831864022,20.3869803020929,2.3364842591658,1.33637300814855,23.6328841265569,RD
1.17401655845089,5.64687286946153,20.4098356784103,2.40710770975768,1.28507788845563,24.2953913618754,RD
1.0613492500747,5.61424554657443,20.4280203737502,2.48259610027169,1.23441721801952,24.9587177888416,RD
1.1513756883609,5.58298489741986,20.4418001247424,2.56324443716074,1.18445197800734,25.6217386112195,RD
1.05047317581264,5.55299366066098,20.4514091206096,2.64936980600535,1.13524195853202,26.2833004468248,RD
1.12957486067891,5.5241780103636,20.4570417841318,2.74130875934166,1.08684772222785,26.9422128662674,RD
1.04057562282945,5.49644832890798,20.4588682097149,2.83942269125003,1.0393267923069,27.5972668580413,RD
1.10874384121133,5.46971847370695,20.4570241131834,2.94409453670137,0.992736083055888,28.2472237918441,RD
1.03170396919898,5.44390591806718,20.4516229054498,3.05573340416198,0.94712879237115,28.8908321215264,RD
1.08488939949488,5.4194315906646,20.4342252451137,3.17423009977697,0.95839516120727,29.5134190919737,RD
1.01653741011397,5.39619301081519,20.4160081812693,3.30067089826707,0.911863329456041,30.1308069910535,RD
1.00064204760953,5.37374278207709,20.4012247634032,3.43604809239864,0.900531847538943,30.7503622440863,RD
1.00192894537128,5.35227738916821,20.3836710848242,3.58068411971747,0.901844384262106,31.3621802940255,RD
1.00434490224174,5.33171982518946,20.3625502035961,3.735116081788,0.90487157144254,31.9638108935547,RD
1.02736496438234,5.31195207681981,20.3378414797229,3.89996977840128,0.938772251913343,32.5539064552072,RD
1.02319634444326,5.29286242771253,20.3095055094114,4.07590781972416,0.940379727868344,33.1310954711924,RD
1.018938238969,5.27434456801196,20.2774868142178,4.26362043550131,0.942014875924493,33.6939953669129,RD
1.01459840715781,5.25629779727438,20.2417118686366,4.46383125797157,0.943676650574538,34.2412103710457,RD
1.01018523556867,5.23862630548934,20.2020900283286,4.67729814728445,0.945363990879735,34.7713326325111,RD
1.0057082149213,5.22123839944779,20.1585146735861,4.90481151110488,0.947075930602205,35.2829442661299,RD
1.00117717988621,5.20404597092196,20.1108643341197,5.14719201492367,0.948810735523353,35.7746214850406,RD
1.00022871447179,5.1870800655248,20.0590011630251,5.40538183805491,0.949948338711909,36.2455451309276,RD
1.00473549752262,5.17027614070803,20.0024738287655,5.68027495971231,0.907580509399964,36.6938887049979,RD
1.01457322315125,5.15315990657959,19.9404796068747,5.97223608529049,0.900868639785821,37.1143319613481,RD
1.02979294008442,5.13594443914551,19.872232978601,6.28217180827918,0.901321128104816,37.5050646151229,RD
1.05047651972204,5.1186327813952,19.7970147814162,6.61075995379975,0.902973636125644,37.8630538772454,RD
1.07674761335021,5.10116525570198,19.7141624266441,6.95852526718961,0.901063367953141,38.1851091288566,RD
1.10877039386259,5.08345569737363,19.6230690184322,7.32581742814172,0.929343283400099,38.4681742965871,RD
1.14670630269914,5.06517595586729,19.5231866909782,7.71258453077174,0.906562371396903,38.7092761412103,RD
1.19073488887612,5.04597067715356,19.4140365233015,8.11851216422114,0.922828542238451,38.9055309958185,RD
1.24106061455172,5.02554492827891,19.2952121985741,8.54305423315264,0.903067528050555,39.0542002815587,RD
1.29790338367781,5.00364579893926,19.1663786056326,8.98542013540014,0.91345502808212,39.1527385793619,RD
1.36149467819852,4.98002475407417,19.0272680805006,9.4446334501439,0.900511034275764,39.1988160640762,RD
1.43205464604522,4.95447616391143,18.8776869535017,9.91938676166335,0.902471210666782,39.1903694949357,RD
1.50977854068621,4.92682191361752,18.7175163985037,10.4080547206202,0.900953407161444,39.1256527103836,RD
1.59482110207552,4.89690536017698,18.5467273603647,10.9086653896237,0.918902568723023,39.0039061008765,RD
1.68730337686032,4.86456501813594,18.3653773205774,11.4190095353398,0.958975169505431,38.8255268457112,RD
1.7873017154518,4.82962784553395,18.1736221544826,11.9366302318073,1.02386103320851,38.5916307165957,RD
1.89483912113892,4.79191048147615,17.9717092168461,12.4588472669889,1.11629036701834,38.3038337084401,RD
2.00987034522337,4.75121143143591,17.7599880753608,12.9827626597552,1.23903903613942,37.964307278549,RD
2.1322785636852,4.7073043343216,17.5389035681692,13.5053198467179,1.3949139201194,37.5757330091718,RD
2.26186473123256,4.6599298879144,17.3090021676398,14.0233409429048,1.58672446137513,37.1413224839654,RD
2.40786265713364,4.6613359229883,17.0692510798495,14.5899951160991,1.49937185279361,36.6525016300781,RD
2.5627144616569,4.66930834430731,16.8177471594026,15.1550421204705,1.3696114815416,36.0920660452107,RD
78.48,0.86,3.49,0.83,1.35,15.43,RD
81.8501275631317,0.851435373160631,2.44703366364275,0.6457057560064,1.20858751487399,8.92712313944489,RD
82.1277023908567,0.855002154150423,1.70761835569086,0.510745586934775,1.0919148430234,5.16903803413133,RD
80.7001628229261,0.851841226796573,1.203562230142,0.504217563645552,0.995711649276764,3.03700820023776,RD
78.4148544915549,0.852059754998484,1.01153121666627,0.504655208053549,0.916172158547305,1.82304819263191,RD
75.6404272765855,0.851383591169963,1.0072626204156,0.50301498976791,0.90153860909158,1.12212310800685,RD
72.7404170350855,0.858868762846717,1.0431147677949,0.518445240550413,0.90887739195474,1.06816532746595,RD
69.984780288538,0.876664617903849,1.11910412589812,0.552716074733555,0.923893787427033,1.19228181796642,RD
67.4044717575408,0.859075859233924,1.02885025025151,0.513947211135137,0.907376443173469,1.03577819772003,RD
64.9259047485022,0.851260512960738,1.00492013959324,0.502307066096023,0.900940811642638,1.00823492288175,RD
62.5712059400078,0.86834977312309,1.06547414979454,0.531982967849758,0.912061106242221,1.11247928890006,RD
60.3324456123859,0.863407584166904,1.04425995264493,0.522436558196808,0.907861364568423,1.07787705838601,RD
58.201793886739,0.858465395808933,1.02578962788637,0.513604772289536,0.904390762736681,1.04657668919864,RD
56.1721410666868,0.895337630171418,1.12307632906583,0.568944206939489,0.919517354649146,1.23134694883884,RD
54.2369648682274,0.884867017181337,1.08707454440573,0.551048178868442,0.912996212513889,1.16879991858586,RD
52.3902588791619,0.874396363675248,1.05583925227337,0.534393517765298,0.907741974794926,1.11198659836606,RD
50.6265487873558,0.863925734893351,1.02908829968276,0.51890676334914,0.903679141037082,1.0605703473607,RD
48.940809664976,0.853455148775115,1.00655332486141,0.504518088378444,0.900736376761247,1.01422951590515,RD
47.328400419119,0.914160511595077,1.10221858238827,0.578827422064068,0.908499423760204,1.24080774876169,RD
45.7850278542996,0.856347101547683,1.00950163823337,0.507639105214662,0.900678479757105,1.02308890699386,RD
44.3067264771228,0.869709602433696,1.02544736446074,0.52266465725156,0.901029002462149,1.06680997647509,RD
42.8898341546948,0.883072099007231,1.03620780865774,0.536339633028105,0.900001508029465,1.10429104505139,RD
41.5309756756398,0.896435177001344,1.04213909458538,0.548757188906467,0.900551917240627,1.13596326246879,RD
40.2271265246646,0.909784295802993,1.04356737402008,0.559995802315875,0.903645155973634,1.16220612113556,RD
38.9755237924444,0.851984341489977,1.00128464411423,0.50194910124087,0.909162430166771,1.0051896334891,RD
37.7736015072067,0.865332935486486,1.00740822104762,0.514409977796677,0.917002562914427,1.03707989590575,RD
36.6189651336516,0.87867318202105,1.00926172126284,0.525754872212889,0.927083696949399,1.06382369049339,RD
35.5093410130004,0.891999163088967,1.00712313073165,0.536053755102029,0.939346654030234,1.08575232970446,RD
34.4425888021823,0.905303890096991,1.00125093344922,0.545370442242472,0.953747036910958,1.10316982150982,RD
33.4183483455036,0.918378917448432,1.00008821686967,0.553549672976399,0.970231929914812,1.11585309479705,RD
32.452067142128,0.863297363507847,1.00602073155841,0.510180030007238,0.98851141062997,1.02149299411408,RD
31.499877872811,0.852391254693042,1.01909601967764,0.501768107799489,1.0091067284185,1.00356905495844,RD
30.5781017136692,0.85856444937764,1.03924160303067,0.506057143011693,1.03178876607476,1.01152016438708,RD
29.6858438297788,0.852805938519607,1.06657160727494,0.50189870461537,1.05654783872752,1.00340452077801,RD
28.8208210961437,0.850270812068429,1.10134175487067,0.500175388466564,1.08339501813699,1.00029326478653,RD
27.9798330051104,0.854822374010919,1.14394875874677,0.50297421244586,1.11236769516218,1.00457296427781,RD
27.1609114423683,0.875563300110288,1.19492185740431,0.514887694346363,1.14348709131803,1.02045944044275,RD
26.3618812564824,0.871138002300295,1.25494957231852,0.511724018613014,1.17678762335104,1.01442649298407,RD
25.5806548177338,0.854432654500578,1.3248742078464,0.502350615024928,1.21230809799272,1.00257226133113,RD
24.8152048754818,0.879405925885058,1.40570593975014,0.514573978876904,1.25009121141958,1.01287082123279,RD
24.0635406599401,0.862611871715934,1.49864162990313,0.50594455518806,1.2901831794157,1.004283501035,RD
23.3236934307035,0.887912247642986,1.6050926525759,0.516568272876192,1.33263345912461,1.00773154156005,RD
22.5936995702232,0.871002833802148,1.7267036946886,0.508669588051286,1.37749424182725,1.00231544259176,RD
21.8715899125461,0.853911700076187,1.86537652696267,0.501519754488701,1.42482018540847,1.00007165235956,RD
21.1555101022101,0.879718579385408,2.0233021290806,0.510516842540642,1.47466604105703,1.00194507446038,RD
20.4441740135257,0.862425214281997,2.20298683962073,0.50409034030729,1.52707716323361,1.01018144617136,RD
19.7366180105752,0.888918303016855,2.40727398838077,0.511441596384965,1.58208887233073,1.02487985844401,RD
19.0317325004408,0.871374105564408,2.63936676461138,0.505748253920539,1.63973154901802,1.04627556935754,RD
18.328259710906,0.853451925440064,2.90284862003731,0.500841449776382,1.70003083926849,1.07474311780353,RD
17.6248862926444,0.880972322158858,3.201696909737,0.506431237844776,1.76300620445848,1.11080661338463,RD
16.9203002014415,0.86263209632559,3.54027915190833,0.502299844878293,1.8286695518189,1.15515723010293,RD
16.2132351500616,0.891514553739046,3.92332868498321,0.506046910650281,1.89702388011274,1.20867672765105,RD
15.5025387910318,0.87266212236729,4.35588857063624,0.502718605931203,1.96806142030776,1.27246756732829,RD
14.7872551047782,0.8530648061022,4.84322004090453,0.500289073530829,2.041761282282,1.34788823004898,RD
14.0667276762874,0.883916470176868,5.39065033669262,0.501976043805869,2.11808610624158,1.43660093789342,RD
13.3407066412848,0.863501278211588,6.00336876449451,0.500447532816802,2.19697802484927,1.54062525483996,RD
12.6094715128541,0.896866004758141,6.68614303276535,0.499932116763468,2.27835325520534,1.66240519389753,RD
11.8739639250394,0.875465218359185,7.44295015420084,0.500496514605058,2.36209450707344,1.80488893500966,RD
11.1359465980001,0.852720229280848,8.27653997636883,0.503311916370205,2.44803700215664,1.97161175020312,RD
10.3980724071004,0.889478292146515,9.18791583878409,0.508491298339675,2.53595863364807,2.16680333728289,RD
9.66388737919432,0.865284281028714,10.1758533826912,0.516181279321442,2.62557234398459,2.39549832521223,RD
8.93781737095394,0.906042689101213,11.2364110600006,0.526563930406565,2.71651324575742,2.66366059351763,RD
8.22508049285194,0.880174292452446,12.362552572437,0.539857423473456,2.80832384344486,2.9783086816592,RD
7.53151091371993,0.852271093790715,13.5439748107944,0.556318674957733,2.90044061547094,3.34762794316622,RD
6.86327581993443,0.897743359125657,14.7671847240827,0.576246920126007,2.99218046600936,3.78107447749957,RD
6.22654823394419,0.867760718006854,16.0158990616962,0.599987626339994,3.08273157202046,4.28942951385449,RD
5.62712239592637,0.918066041447311,17.2717761898023,0.627937829916132,3.17114730454746,4.8847998621614,RD
5.07004606471881,0.885884478772209,18.515436087492,0.660553108518604,3.25634639066615,5.58051902403076,RD
4.5593312379678,0.851451952321388,19.7275873848948,0.698356304379352,3.33712055007404,6.39092766600565,RD
4.09774235945,0.906435207189618,20.8902755873432,0.741949545117359,3.41215124527832,7.33095907468367,RD
3.68674348033975,0.869881338932481,21.987853968052,0.792027708651696,3.48003435546776,8.41555076048191,RD
3.32656274453248,0.928929363837058,23.0077910518415,0.849395797582488,3.53931692791664,9.6587664565712,RD
3.01638173659734,0.885785109924196,23.9404178723223,0.914935153272591,3.58828838173097,11.0726960978923,RD
2.75462160413352,0.851149272951623,24.7814807058858,0.989813006601155,3.62599194997848,12.6660353194403,RD
2.53924924284157,0.850422980737898,25.5283702503527,1.07526555205869,3.65101352985438,14.4424492871215,RD
2.36813037479939,0.871663298550509,26.181502870686,1.17272747620164,3.66221523700017,16.3990176927259,RD
2.23936625387775,0.877204168865275,26.7434594443197,1.28382639341275,3.65875300605135,18.5246990809313,RD
2.15156726112461,0.864291064467317,27.21828853421,1.41039886149497,3.64012429189795,20.7991661406061,RD
2.10416406541653,0.855430240339278,27.6107778825183,1.55444825094006,3.60621609953611,23.1923673924508,RD
2.09769268902863,0.850603941375887,27.9258782063016,1.71810443789102,3.55734943667414,25.6645059112599,RD
2.13405266999864,0.8501977835172,28.1681570846138,1.90352822107077,3.49427715220052,28.1675579812932,RD
2.2168149044709,0.857508908315769,28.3413339879765,2.11276441524935,3.41814125675871,30.6472498277117,RD
2.35154470054771,0.884553264561853,28.4477265526039,2.3474985290696,3.33034510405126,33.045679148548,RD
2.5462040026778,0.929589688033447,28.4881746543571,2.60878234558536,3.23253228899131,35.304216747643,RD
2.81157591199266,0.990219257571298,28.4620908969527,2.89672111949027,3.12657091583109,37.3662350990638,RD
3.16167812785294,1.06339591623415,28.3672656984144,3.210083047006,3.01444153812824,39.1790402168252,RD
3.61416484183952,1.14549891494817,28.1996718083219,3.54585659249524,2.89811987513706,40.694982218094,RD
4.1905546397833,1.23244030097121,27.9534176302392,3.89882701426834,2.7794994795287,41.8718610348719,RD
4.91607496017865,1.31982419776413,27.6208101838967,4.26122772005743,2.66033068164191,42.6727245435002,RD
5.81888255092907,1.40313358953873,27.1925813999585,4.62255286062247,2.54217440670197,43.0655800235279,RD
6.92826388479975,1.47793051660336,26.6584389285264,4.96964700867109,2.42638316405203,43.0236135584453,RD
8.27141302825298,1.54006264811121,26.008069962662,5.28719003948065,2.31410191748624,42.5265433582583,RD
9.86860685775542,1.58585084463389,25.2326707976487,5.55865396644174,2.20627926226407,41.5634820952167,RD
11.7268339320865,1.61218457281242,24.327039895394,5.76778804037071,2.10368691181326,40.1374199081146,RD
13.8328708018547,1.61637332568186,23.2919965298022,5.90049545591089,2.00694317153205,38.2705518234036,RD
16.1474226756878,1.59544356345539,22.1367068728334,5.9468946843266,1.91653764722936,36.0091155050026,RD
18.6029563575885,1.54447571090868,20.8801077337577,5.90310030363145,1.83285645402055,33.4253492470356,RD
21.107114114364,1.4539183129514,19.5507728905168,5.77222160382401,1.75621073774703,30.6147778581408,RD
23.5524433077502,1.30604951476729,18.184807231134,5.56424298417469,1.68686935727943,27.6880751581881,RD
25.8306840517458,1.07122828731774,16.8219994497853,5.29467729081875,1.62509765784287,24.7587316429937,RD
25.92,7.33,31.84,6.75,3.69,24.44,RD
27.0643637418089,6.08796660279226,27.8694008244806,5.69055209698857,3.11638999036134,21.6656544744631,RD
28.093059634658,5.15572573721931,24.6184332152155,4.76709046297408,2.66277857411802,19.1707691155929,RD
28.9642001136411,4.43679812850933,21.9043138243888,3.97113879145198,2.29729900934309,16.9398100928903,RD
29.6593356997222,3.86967372619795,19.6099964251584,3.29255472278832,1.99832428256465,14.9587648079457,RD
30.1766417662841,3.41346648401251,17.6551376796619,2.71980532121075,1.75063269118166,13.2118603625677,RD
30.5253653004073,3.04011657836498,15.981064658914,2.24059979271375,1.5431993533659,11.6809445807095,RD
30.7213784259142,2.72990476473879,14.5427499147599,1.84257814022123,1.367862450694,10.346092610138,RD
30.7836419603411,2.4685781127239,13.3041142171008,1.51391904971076,1.21843190595632,9.18664968801065,RD
30.7318340791422,2.24571232379053,12.2356770149718,1.24375049374948,1.09015493441739,8.18224882205257,RD
30.5848006827753,2.05353376681282,11.3129001350358,1.02237602962862,0.979323469257561,7.31354867602899,RD
30.3596006620325,1.88612315534698,10.5151356630187,0.841373205016086,0.909197926067821,6.562803761158,RD
30.0756108983048,1.73928033514944,9.82493530010829,0.693636174636725,0.903222573710744,5.9146324596197,RD
29.7453994049503,1.60942142681811,9.22738895565898,0.573059129954618,0.925188671328695,5.35450929963992,RD
29.3828524617195,1.49390826254855,8.70994922439137,0.519032033758435,0.909772116816494,4.86984553425705,RD
29.0236841375815,1.39115331776475,8.25932442172509,0.506596486739473,0.905930561886376,4.44819972679626,RD
28.6411649040616,1.29715508735156,7.86728251886286,0.501252186433406,0.901116892132933,4.08083994861039,RD
28.2552362504391,1.21175868807032,7.52615033332696,0.520949730079258,0.918526195559633,3.75983569868008,RD
27.8670055137695,1.13382404993011,7.22958075997899,0.503773321897347,0.903320838452876,3.4785773561263,RD
27.4772270073789,1.06240978419142,6.97233120540151,0.522925027397637,0.920083747945708,3.23156642947628,RD
27.0863726651902,0.996728346910202,6.75004101248032,0.506152762608282,0.905377307531222,3.01419395340744,RD
26.6946822451655,0.936116567170965,6.5590829464513,0.524708117128584,0.921556601061332,2.82258921505571,RD
26.3022058719433,0.880012110550749,6.39644186279663,0.525637028433563,0.922358944872895,2.65349359603519,RD
25.9124617338023,0.854191252802725,6.25926387885088,0.506593422870363,0.90588283567083,2.50410828657203,RD
25.5179333565141,0.850530207065102,6.14574000940018,0.500848538129489,0.900744266051229,2.37211991567954,RD
25.1220164923577,0.852462402500317,6.05400190561518,0.503914704284876,0.903436457361906,2.2555899751871,RD
24.7244473282999,0.868476973493731,5.98270616409683,0.528946764532087,0.925536895518533,2.15285350078765,RD
24.3246854632147,0.850384655758642,5.93079417441705,0.50059413062806,0.900527005367073,2.06249581784687,RD
23.9222175684139,0.864618245362766,5.89743754991524,0.522197327334934,0.919795794948636,1.98330823996404,RD
23.5164796503777,0.878824333302421,5.88202936323335,0.542813606922552,0.938480018847768,1.91427030616259,RD
23.1068616985649,0.860859795808184,5.88418247061422,0.515848002890869,0.914334064078288,1.85453724819643,RD
22.6927205908331,0.875134403631324,5.90369295562365,0.53569514853068,0.932603154520436,1.80340032257196,RD
22.2733836691744,0.85714238280725,5.94054647141417,0.509928390767782,0.909139598139073,1.76028258423472,RD
21.848156409186,0.871535493452596,5.99490123527876,0.528972232369641,0.926993731490284,1.72471785226402,RD
21.4163266512033,0.853409093220671,6.06709287621454,0.504471160214689,0.9042057024113,1.69634607891516,RD
20.9771703842891,0.887781850910296,6.15763435417835,0.547333736865447,0.945301379797941,1.67490514425071,RD
20.5327274636232,0.888801789356798,6.26694730360384,0.545834465278825,0.945219255443079,1.66022175041738,RD
20.0801305661992,0.854735306117226,6.39585848999308,0.505153347762204,0.905380501652046,1.65214251617635,RD
19.6146832787967,0.850043781517952,6.54601778578717,0.500049711013992,0.900049373071031,1.6507304513083,RD
19.1389187264838,0.852815949446123,6.71841224841193,0.503027615804285,0.903078239629661,1.65609346204533,RD
18.6522728375241,0.851433953473633,6.91449432817951,0.501465503158683,0.901521551242731,1.66842498947476,RD
18.1540911551347,0.852612016183553,7.13597914752909,0.502525607125807,0.902684507299281,1.68801691315624,RD
17.6437737727895,0.869102650833621,7.38480645098314,0.517237394134975,0.918881693369811,1.71526635026,RD
17.120788147741,0.857052511146924,7.66316204021162,0.50600445565464,0.906751184007364,1.75068711140855,RD
16.5846872815297,0.890360128552686,7.97349313099897,0.531316984831027,0.936759389663346,1.79492316007857,RD
16.0351377651545,0.87821745267926,8.31853386038622,0.520402591564439,0.924776268144358,1.84877280234421,RD
15.4719445558335,0.865582219273492,8.7013061137872,0.510436186185338,0.913165463603083,1.91320629401742,RD
14.8950815927624,0.852379207623089,9.1251161916214,0.50146623729945,0.90193069777976,1.98938902895829,RD
14.3047285475784,0.889137539245596,9.59354904059959,0.521102489189628,0.929863621440199,2.0787130956161,RD
13.701309709605,0.875754248826257,10.1104524160433,0.512517802164109,0.918786983510981,2.18283326408454,RD
13.0855375305151,0.861621134942879,10.6799027663269,0.505036977086661,0.908089320909568,2.30370993181623,RD
12.4584578374418,0.902701150539915,11.306148272761,0.518924567019396,0.934187791641856,2.44365867992566,RD
11.8214953701213,0.88837465688839,11.9935228253821,0.511851600078569,0.923660225094066,2.60540802495449,RD
11.1764935516467,0.873070964824051,12.7463337196746,0.505997347757117,0.913500886143593,2.7921605650765,RD
10.5257513734583,0.856659048205821,13.5687020038494,0.501415664443884,0.903694109322407,3.00766667758526,RD
9.87204682768009,0.904494729365375,14.464358328493,0.508055315446181,0.927968209999421,3.25630282699938,RD
9.21864205254107,0.887727957918306,15.4363972349997,0.50397343411532,0.918337291827924,3.54315188164177,RD
8.56926576470677,0.869554784845469,16.486988252927,0.50127207397055,0.909003514455857,3.87408411642678,RD
7.92806560079334,0.925329206546913,17.6170404026658,0.500852435547381,0.932147603633877,4.25583597513912,RD
7.29952428737718,0.906737281226536,18.8258368959243,0.500177466796742,0.923017580126101,4.69607438522316,RD
6.68841007765711,0.886413951258942,20.1106547884933,0.503338003136539,0.914081300360621,5.20341858449198,RD
6.09962601282233,0.864206354179651,21.4663875820408,0.510427806469433,0.905254637603621,5.78742727560942,RD
5.5379224315231,0.931107534387816,22.8853511479873,0.521613785988346,0.928373119096896,6.45853711098313,RD
5.00765333668771,0.908189393407585,24.3572231535293,0.537147668199705,0.919703415326572,7.22792052208643,RD
4.5125965183295,0.883109669980942,25.8691283313761,0.557369324374821,0.91091745679509,8.10724700238584,RD
4.05578341153097,0.855789474818538,27.4059167295826,0.58271518390061,0.901870853843004,9.10830952694515,RD
3.63937188314255,0.935154887564805,28.9506743271816,0.613731835889169,0.927074722818164,10.2424961775253,RD
3.26458435568317,0.906872341843894,30.4853829355004,0.651091711989388,0.918027740267568,11.5201415480383,RD
2.93171058511624,0.876301135605572,31.9917253552879,0.695611963844104,0.908370416859679,12.949709317228,RD
2.64018784655166,0.966516489043524,33.4519440670422,0.748276527543576,0.9377232726136,14.5368446083236,RD
2.38874931356088,0.934860432479179,34.8496554436078,0.810261509654026,0.928002288140534,16.2833450079061,RD
2.1756049727996,0.901069498209038,36.1704744950352,0.88296067689252,0.917266261846742,18.1862184788227,RD
1.99866296797125,0.865288530255114,37.4025185382592,0.968013641650541,0.905322116545458,20.2367610521169,RD
1.85575448706092,0.965625344250461,38.5366320788264,1.06733088231455,0.942176504144165,22.419926017721,RD
1.74484334549504,0.928874396752594,39.5663719169246,1.18311150519867,0.929822981624478,24.7140821352936,RD
1.66421807325239,0.890502659172023,40.4877989899056,1.3178489179061,0.915901534928169,27.0912168592813,RD
1.61267169460328,0.850707381581299,41.2991015348069,1.47431646198933,0.900292013652441,29.5176553391977,RD
1.58970331796382,0.952285344762394,41.9989705033718,1.65546757100322,0.945483937508122,31.9560173446938,RD
1.59559432015155,0.853828515594559,42.5894327955995,1.86448617381864,0.901712759510541,34.3647854351621,RD
1.63149907969845,0.851454008675312,43.0733713141976,2.10456681282079,0.900673888606778,36.7010017329416,RD
1.69987816601175,0.85018115320797,43.4508829505625,2.37852452953769,0.900083653682119,38.9244416382605,RD
1.80452321019497,0.8513345918342,43.7231059573328,2.68863837326391,0.900671349576149,40.9962275509858,RD
1.95090841758139,0.869504330049529,43.8901876534234,3.03616813896782,0.910079326586221,42.8808713782357,RD
2.14649161461777,0.861484160524482,43.9507007385955,3.42076754512242,0.90628709883484,44.5473633739118,RD
2.40109005248045,0.867325371326656,43.9028876367918,3.83993550085022,0.909622851668138,45.9671347591297,RD
2.72739392838221,0.891698080604753,43.7420410653864,4.28821221033306,0.923912139519003,47.1164392223891,RD
3.14144608982516,0.913780057152273,43.4616589712154,4.75663157786036,0.937687631191765,47.9735961607359,RD
3.66302638517072,0.903059721114696,43.0530885970989,5.23220655854792,0.932197533126021,48.5184049519324,RD
4.31586477608834,0.933264879315119,42.5053889712849,5.69774685746495,0.951999875326955,48.7311165241584,RD
5.12740891575234,0.962578937193913,41.8054498413803,6.13210507302,0.972353940585441,48.5918079810946,RD
6.12811523997794,0.873167052890586,40.937300423308,6.51086495622297,0.916575662263089,48.082035270416,RD
7.34834722249589,0.871260437524941,39.8876255627875,6.80839210689004,0.914351201530594,47.1791938788862,RD
8.81535004130467,0.885066814101162,38.6408977193336,6.99950444197088,0.924422073890355,45.8696290495234,RD
10.5474858203022,0.874990494467066,37.1862265433841,7.06264102479961,0.917968664975037,44.1464235723774,RD
12.5471796060852,0.865364285781627,35.520115540153,6.98319094555692,0.911441724782076,42.0165786383007,RD
14.7943054440257,0.850230820893229,33.6497951996349,6.75654037837723,0.900178386684163,39.5081622115414,RD
17.2401616834385,0.86860351368187,31.5981603236906,6.39046450173473,0.915081127877999,36.6724243263842,RD
19.8089844173765,0.888333581887606,29.4026339268974,5.90525081281846,0.932751287360135,33.5891747311943,RD
22.4037813270015,0.851094597327099,27.1150157297359,5.33172129701815,0.900980401277051,30.3587822425441,RD
24.9189786830935,0.866793437141497,24.7960924250901,4.7069835701866,0.915962151110872,27.0927288009159,RD
62.26,5.27,12.35,3.31,5.04,14.76,RD
61.9862760504383,4.6222634665352,8.57058336519666,2.64381340995437,4.01978013142278,7.74960476244909,RD
60.2312937032764,4.12147013016676,6.10137709874403,2.10534900917154,3.30819490576458,4.15858483335339,RD
58.0699959943389,3.71696123478401,4.45874106014086,1.68493270769331,2.78641412622902,2.28499133790823,RD
55.9445718938315,3.37933612696521,3.33634206526736,1.3588555090511,2.38884239851662,1.28349135828077,RD
54.0497777927763,3.09064349206296,2.54777486477552,1.10492131750748,2.07626287828397,1.04729382888711,RD
52.5267314026451,2.83933426303725,1.97793883744074,0.905472576439754,1.82319649623194,1.10081657906958,RD
51.2995503229402,2.61761299161041,1.55562790874915,0.746819536174469,1.61420133069302,1.15264881251508,RD
50.2915135533074,2.419982854044,1.23624406654618,0.619217603382831,1.43891048074259,1.01632080741066,RD
49.4390222927276,2.24239118101102,1.03154534064388,0.515685057181218,1.29011730269847,1.07501078134437,RD
48.6839818457907,2.08064097240755,1.00482644347228,0.502026965397208,1.16234954151705,1.01147628134825,RD
47.9879967057615,1.93195122155184,1.0628048968414,0.526660527263689,1.05167264900149,1.15157371959874,RD
47.3480479166288,1.79507424460036,1.02279355068114,0.509754401488224,0.955117736597776,1.05563197881065,RD
46.7708282784244,1.66883483839665,1.00236164112027,0.501020116894205,0.900993460008905,1.00573454185248,RD
46.23338842851,1.55273255996511,1.02683594080031,0.511660283562273,0.911302173496577,1.06699320212885,RD
45.7441038074852,1.44576273138022,1.04354672613341,0.519051963390588,0.918421792092444,1.10985963127633,RD
45.2979108520442,1.34706825283065,1.05493063115288,0.52418738543454,0.923333957933258,1.13994120492242,RD
44.8903331863246,1.25588702362087,1.06597544364046,0.529226474456095,0.928134497715458,1.16962710126869,RD
44.5174836721933,1.17154678755001,1.07673048246514,0.534183067787699,0.932839183046626,1.19897613131185,RD
44.1759491212264,1.09344868793297,1.14883833104632,0.566713444664528,0.963948815355292,1.38956284386005,RD
43.86272815492,1.02105885685595,1.12634407445754,0.556883231298146,0.954437559032443,1.3329258889317,RD
43.5751372221102,0.953894425206272,1.10444963944864,0.547223382051793,0.945123691223681,1.27698665655006,RD
43.3107941010903,0.891521664176676,1.08309265585527,0.53771633497755,0.935987066208343,1.22167121799491,RD
43.1337713971883,0.893277445352042,1.12682180968995,0.558822076837616,0.957513240543461,1.2799893984491,RD
42.9239577721922,0.850532628647762,1.00157479846484,0.500718941201338,0.900685245963923,1.00423461265341,RD
42.7112883755214,0.866399323754705,1.04798035667507,0.522003693057995,0.92096385042117,1.12975876467343,RD
42.5451512000321,0.874860617656786,1.06847326090759,0.531925575941269,0.931063800987382,1.15841431721559,RD
42.3688246499899,0.860595319216627,1.03055669309008,0.514100927195351,0.913426758063882,1.08330217955141,RD
42.1991814141943,0.874857212511691,1.07108923523564,0.532925726476721,0.931340956723857,1.19471096799225,RD
42.0425056275535,0.875454060311522,1.07230081849273,0.533587267656915,0.931961762819152,1.19879151723799,RD
41.8977368020603,0.875130161005236,1.07093183952475,0.533042916439177,0.931435681135634,1.19572331139042,RD
41.7638887647146,0.874806251764464,1.06960765803852,0.532510244764428,0.930921550364624,1.19270789452468,RD
41.6400676927982,0.87448234073555,1.06832135489323,0.531987446393476,0.930417492689415,1.18973728522718,RD
41.5254673532202,0.874158418748599,1.06707106524278,0.531474041834007,0.92992305180649,1.18680910871226,RD
41.4193570576158,0.873834498333809,1.06585534228878,0.530969637549285,0.92943778863311,1.18392263364569,RD
41.3210711455064,0.873510585158982,1.06467162287704,0.530473557588532,0.928960998937332,1.18107551448312,RD
41.2300013080792,0.873186675003248,1.06351693171908,0.529985032671173,0.928491911396133,1.17826389068654,RD
41.145590595498,0.87286276364665,1.06238856647991,0.529503365911554,0.928029825323087,1.17548386794121,RD
41.0673332061938,0.909773874234869,1.1623496372527,0.576936770571006,0.973080227921627,1.45787784170282,RD
40.9947587369844,0.852694297606381,1.0073165945743,0.50346760391711,0.903293820078719,1.02063629860659,RD
40.9274405647052,0.889605479336798,1.10695744709834,0.550817539543768,0.948258834467627,1.30264936795677,RD
40.8649681150712,0.926516611429796,1.20584661574138,0.59797173870844,0.993024313516482,1.58375759462178,RD
40.8069845349862,0.869437016327194,1.05222608980709,0.52487047890471,0.923613335922692,1.14821337678259,RD
40.7531517381911,0.906348058829729,1.1508802615266,0.571963579901483,0.968316729621126,1.42902989836273,RD
40.7031670781239,0.94325910519883,1.24896673521966,0.618908847797769,1.01286921767781,1.70915692043421,RD
40.6567452685143,0.886179568467012,1.09647840908922,0.546102396495966,0.943758876447265,1.27498145625484,RD
40.6136309069645,0.923090713131816,1.1944054532577,0.593006012744921,0.988268604926339,1.55492588722499,RD
40.5735810969888,0.866011190393801,1.04254388939346,0.520362781382352,0.9193247691278,1.12150743306851,RD
40.5363752986672,0.902922348322194,1.14030894690619,0.567224178946437,0.963791424566741,1.40126704987673,RD
40.5018076034196,0.939833443757074,1.23767190077208,0.613980912102216,1.00815150688899,1.68054166577632,RD
40.4696854446928,0.88275389513381,1.08659157102805,0.541541189670155,0.939415366165763,1.24805737827725,RD
40.4398329576129,0.91966494601902,1.18383458952955,0.588266760135847,0.983743724282395,1.52717404342313,RD
40.4120843869105,0.86258539894932,1.03318767721726,0.515939917552308,0.915122747989265,1.0952106607759,RD
40.3862881670907,0.899496482482136,1.13031623725591,0.56263566678369,0.959420509702555,1.37418414921665,RD
40.3623044167156,0.936407608089871,1.22716688355788,0.609258969544464,1.00364426157504,1.65283056297866,RD
40.3400039376005,0.879328071230411,1.07706251112719,0.537073402498622,0.935167440179405,1.22152604268763,RD
40.3192687982156,0.916239197704439,1.1738292360516,0.583674815571928,0.979368944882467,1.50008411162713,RD
40.2999885779233,0.859159655524292,1.02402581822177,0.511567641230764,0.910972116329408,1.06914016326321,RD
40.2820605520835,0.896070753862072,1.12070999539351,0.558147585181175,0.955151815522099,1.34759837814336,RD
40.2653891837526,0.932981840601854,1.21719833282198,0.604676560648593,0.999279480631206,1.62581069471513,RD
40.2498837676501,0.875902294916542,1.06777172797316,0.532667542545226,0.930982777331818,1.19531525582916,RD
40.2354613079712,0.912813392977105,1.16420050844308,0.579181022689945,0.975094517102085,1.47344750519049,RD
40.2220442805899,0.85573384950336,1.01498335595956,0.507226543865587,0.906853477336566,1.04320712450563,RD
40.2095618743437,0.892644960020172,1.11135424013303,0.553724914749428,0.950949800269143,1.32127502847097,RD
40.1979492631484,0.929556069320685,1.20758792585654,0.60018752472613,0.995009720830361,1.59918824811514,RD
40.1871461736493,0.872476525146044,1.0586332133587,0.528301390317115,0.926838438251974,1.16926636008604,RD
40.177097169722,0.909387626764224,1.15482428000747,0.574752899770094,0.970887087165468,1.4471316284766,RD
40.1677495783547,0.852308081634579,1.00601545810709,0.502904774039625,0.902754559235664,1.01738157658408,RD
40.1590535196627,0.889219181234735,1.10216525291696,0.549345558025755,0.94679221272147,1.29518920126868,RD
40.1509627858272,0.926130284513918,1.19821880809435,0.595761300388514,0.99080422942303,1.57287249723135,RD
40.1434338385854,0.869050739412295,1.04959284311818,0.523960799664212,0.922720290712922,1.14334201464644,RD
40.1364268642865,0.905961845223349,1.1456160971935,0.570368643157331,0.966724249266545,1.42099006872464,RD
40.1299056570618,0.942872949844864,1.24156434841261,0.616756928292506,1.01070832314098,1.69855595506773,RD
40.1238369163761,0.885793404400971,1.09308572772951,0.544994791111478,0.94266356093652,1.26920675859376,RD
40.1181903450158,0.92270450715358,1.18901195460537,0.591377325121334,0.986641821638844,1.54675230740579,RD
40.1129368725725,0.865624961684434,1.04061531895844,0.519636546883169,0.918618836007667,1.11749972929507,RD
40.1080494810243,0.902536064890325,1.13652007547092,0.566013502110742,0.962591367348687,1.39501493672851,RD
40.1035020351333,0.939447169619604,1.23237219843527,0.612376770323607,1.00654986636347,1.67245906158515,RD
40.0992700114222,0.882367624000468,1.08407834082522,0.540662767713754,0.938554180703682,1.24332767052898,RD
40.095330679,1.00107927327308,1.39230004115243,0.689760204090478,1.07991711712814,2.13555193624413,RD
40.0916632773813,0.943999727906974,1.24406331313569,0.618061075012791,1.01193662105015,1.70649111608829,RD
40.0882478476212,0.886920182843258,1.09585227279329,0.546368627305693,0.943962964638142,1.27746411744517,RD
40.0850662635963,1.00563182092252,1.40393234745035,0.695429254408795,1.08528819101668,2.16949386780616,RD
40.0821024987849,0.948552277937767,1.25576744998024,0.623748806998335,1.01732681547092,1.74052789443448,RD
40.0793411173869,0.891472736528394,1.10762340844004,0.55207377794697,0.94937099704584,1.31159128381014,RD
40.0767683865242,1.01018434663436,1.41559079636283,0.701105033101201,1.0906664603082,2.20349729940572,RD
40.074371821819,0.953104808969576,1.26748417700976,0.629439733171453,1.0227205967107,1.77461094803282,RD
40.0721406273878,0.896025273509806,1.11939446966215,0.557778832208986,0.95477922566944,1.34574652017903,RD
40.0700649185507,1.0147368807326,1.42727366393375,0.706786967624119,1.09605152584333,2.2375971082086,RD
40.0681334340051,0.957657348242748,1.27921419975219,0.63513394681511,1.02811817054765,1.80876749298239,RD
40.0663390904642,0.900577816435765,1.13116830211749,0.563484469999598,0.960188398845937,1.3799505605621,RD
40.0646745312214,1.01928945518521,1.43897811815064,0.712474384987832,1.10144235500951,2.27176304431063,RD
40.0631278477579,0.962209922505131,1.29095639637935,0.640831234231629,1.03351896242615,1.84296552977352,RD
40.0616936000844,0.905130387959909,1.14294543357203,0.569190905822908,0.965598404516554,1.41417454278561,RD
40.0603650429601,1.02384204900637,1.45069927350961,0.718166261883666,1.10683732763377,2.30590880557023,RD
40.0591306815247,0.966762509795442,1.30270748783873,0.6465309615096,1.03892183387935,1.87713054508431,RD
40.0579845026472,0.909682967743299,1.15472424481225,0.574897897437782,0.971008605970866,1.44835924157612,RD
40.0569190588166,0.852603422528373,1.00674892998916,0.503266904590615,0.903097490915734,1.01959589144456,RD
40.0559267228576,0.971315069808855,1.31446403415516,0.652232375178925,1.04432584857842,1.91121814620015,RD
40.0550003662478,0.914235521819571,1.1665030317959,0.580605098516112,0.976418570377182,1.48247623428529,RD
29.56,3.37,19.25,4.43,4.88,38.49,RD
30.9332817286009,3.22477613943676,15.112155875672,4.2870016522204,4.1313612912993,31.6489721315173,RD
31.4536072029636,3.13865362513756,11.9757135011915,4.06967242416873,3.57197770943104,26.3428968065418,RD
31.2584575071877,3.09374827412317,9.59867018072398,3.81783683593998,3.14278612506682,22.2495721674681,RD
30.5083046366309,3.07819656221021,7.79488704698589,3.55929013020179,2.80661438755443,19.1073781113905,RD
29.3594336689632,3.08385704831763,6.42161467784913,3.3111987385222,2.53889818749845,16.7063482305659,RD
27.9486046613228,3.10497202009029,5.37055898378192,3.0828098874351,2.32269493309373,14.8813276519076,RD
26.3872382091216,3.13737728467625,4.56064759763772,2.87809496963811,2.14597807065648,13.5050902689234,RD
24.7614667578311,3.17799615508832,3.93165531607533,2.69780255584417,1.99997069034024,12.4810111660991,RD
23.1349264129183,3.22451124047944,3.43908274866827,2.54090044009721,1.87813390300878,11.7365414935592,RD
21.5527078250516,3.27514580942774,3.05005471738046,2.40549004881152,1.7754968928855,11.2175352187133,RD
20.0452918489226,3.32851694752356,2.74024242663664,2.28935387994232,1.68822284540942,10.8837501720485,RD
18.632060394595,3.3835338039647,2.49154772699101,2.19026127454744,1.61330311177068,10.7052977779851,RD
17.3241883726455,3.43932721827664,2.29042703525254,2.10612417450508,1.54834844574238,10.6599576402645,RD
16.1269633904374,3.49519906245175,2.12665242543358,2.03506771636815,1.49143541755391,10.7311031342779,RD
15.041561480023,3.55058649204355,1.99243183712358,1.97544819689347,1.44099899595675,10.906142768989,RD
14.0663792364465,3.60503602898301,1.88178058262086,1.92584390063943,1.39575445730896,11.1753288474493,RD
13.1980456389579,3.65818326102234,1.79004045432557,1.88503844679904,1.35463524334734,11.5307859589411,RD
12.4321628983342,3.70973810184581,1.71354837606464,1.8519945730849,1.3167514464597,11.9657578637671,RD
11.7638394798255,3.75947329217911,1.64938952625542,1.82582711821585,1.28135741336938,12.4739845095621,RD
11.1880734600195,3.80721511045753,1.59520976628474,1.80577814892285,1.24782669935123,13.0491773917215,RD
10.7000184975154,3.85283606052181,1.54908503517237,1.79119230548244,1.21563546018733,13.6845991954977,RD
10.2951623803268,3.89624884718401,1.50941855999309,1.78149437565266,1.18434889500981,14.3727183848024,RD
9.96944277001376,3.93740129860422,1.47486304766202,1.77616863138961,1.15361110758802,15.1049443884525,RD
9.71931366855542,3.97627210021314,1.44426207881935,1.77473930091423,1.12313758010887,15.8714495481288,RD
9.54175385536872,4.01286736066767,1.41661000583881,1.77675282647395,1.09270975670398,16.661105612478,RD
9.43424055601479,4.04721762511659,1.3910211558119,1.78176169382241,1.06217012357189,17.4615249302709,RD
9.39469622926134,4.07937517629538,1.36670487266956,1.78930973738394,1.0314171721367,18.2592031703837,RD
9.42139837534841,4.10941168067712,1.34294820670626,1.7989193208739,1.00040037968232,19.0397710745908,RD
9.51284645933439,4.13741614412424,1.31910638879072,1.81008106228291,0.969115082770338,19.788352718721,RD
9.66758986680074,4.16349301461908,1.29459883433071,1.82224681278154,0.937596869244779,20.4900118207771,RD
9.88402068917711,4.18776029485083,1.26890915736234,1.83482664086378,0.905915364767063,21.130261176121,RD
10.160647016168,4.21058021794848,1.24158652455551,1.847271690884,0.903416492721458,21.6964700296416,RD
10.4948310520516,4.2320357839688,1.21225368288961,1.85890364196891,0.902624597571935,22.1765070788309,RD
10.8833912181701,4.25239214516803,1.18061740457937,1.86908400664833,0.90548538838532,22.5608432870925,RD
11.3217556382271,4.27179987582378,1.14647886369184,1.87713225299724,0.900044398213367,22.8418372648155,RD
11.803857432682,4.2903914500917,1.10974726478876,1.88238302552758,0.910745548857446,23.0147920084565,RD
12.3220146405779,4.30828806136868,1.07044715915972,1.88421971660768,0.909782460585953,23.0781738941944,RD
12.8668968401527,4.32560494962197,1.02872254079754,1.88210781818908,0.917167557429549,23.0337196630002,RD
13.4271109949297,4.34238283959498,1.00489587891709,1.87567263785163,0.904466504087684,22.8866958260809,RD
13.9878136361717,4.35818521573954,1.00167260319419,1.86468418920105,0.901429252379584,22.6450981510467,RD
14.5340757889055,4.37290476819251,1.012513643958,1.84912761876267,0.90996078337252,22.3207319255572,RD
15.052235054548,4.38665239413837,1.00422445113568,1.82910552424214,0.903181050173652,21.9273847202837,RD
15.5294606909277,4.39954016737173,1.01198392353877,1.80487583749644,0.908511622940528,21.4800659834507,RD
15.9541470225521,4.41166500532768,1.03351572004564,1.77685145982269,0.922471978614225,20.9945983368952,RD
16.3167986503779,4.42311291921781,1.01206039855607,1.74556066218894,0.907790502587801,20.4865738875098,RD
16.6103578515423,4.43395993113138,1.03472905250789,1.71161232620654,0.921462253822101,19.9708243453939,RD
16.8307453430701,4.44427054947996,1.01161803161063,1.67566937414939,0.906982932844246,19.4608232800139,RD
16.9767531739568,4.45409874665886,1.03478490434454,1.63840282967365,0.92022029652449,18.9683136216959,RD
17.0498492393533,4.46348912987456,1.01076140267477,1.60045731300135,0.906134666568932,18.5031022793687,RD
17.0538756587395,4.47247775974701,1.0337923708109,1.56242843207537,0.91884881509372,18.0730167615437,RD
16.9946021834548,4.48109312322878,1.00959564301343,1.52484424066067,0.905291075774294,17.6839662599813,RD
16.8792272011865,4.48935730381876,1.03198583874826,1.48815477279095,0.917445198706703,17.340095029261,RD
16.7158648867569,4.4972872001537,1.00825761509563,1.45272787917441,0.904485715568404,17.0439915520038,RD
16.5130910383452,4.50489559634234,1.0296444311754,1.41885095355037,0.916091493473812,16.7969142962692,RD
16.279539135824,4.51219216174375,1.00686933473714,1.38673621683613,0.903739801773158,16.5990202123639,RD
16.0235871054384,4.51918430600461,1.02703906147281,1.3565284324935,0.914848331460471,16.4495695316809,RD
15.753117102042,4.5258779175182,1.00552495077673,1.32831385421677,0.903062203865666,16.3471070784394,RD
15.4753566135743,4.53227795328463,1.02439674485987,1.30212938315333,0.913753462759662,16.2896093952641,RD
15.1967818605034,4.53838891195564,1.00428501068816,1.27797134162322,0.902451387824431,16.274602717458,RD
14.9230763010673,4.54421519576052,1.04107158959572,1.2558034926998,0.924159078095674,16.2992532271365,RD
14.6591302944304,4.54976137081108,1.0404231015292,1.23556404160084,0.924344818021044,16.3604348740677,RD
14.4090638428513,4.55503234324213,1.03980510965619,1.21717098781245,0.924588579363119,16.4547742096079,RD
14.1762717798025,4.56003352799231,1.03924028224779,1.20052699682087,0.924893473948547,16.5786895463207,RD
13.9634832162698,4.56477094381336,1.03875235580657,1.18552379679196,0.925262693059083,16.7284265334358,RD
13.772823840571,4.56925120408403,1.03836190154786,1.17204518330116,0.925697900398242,16.9000852352629,RD
13.6058741000032,4.57348149033786,1.03808411347206,1.15996890512439,0.92619841290331,17.0896444171437,RD
13.4637226742259,4.57746957307941,1.03793106869904,1.14916819814491,0.926762055728085,17.2929918071891,RD
13.3470155217322,4.58122383939749,1.03791391459808,1.13951325555396,0.927386036969723,17.505963252071,RD
13.2559990969415,4.58475326792085,1.03804237923016,1.13087248770411,0.928066855997626,17.7243889327261,RD
13.1905561758689,4.58806736107159,1.03832340279854,1.12311347817382,0.928799878386222,17.9441449993047,RD
13.1502342871052,4.59117608493237,1.03876092395816,1.11610378051155,0.929579354207198,18.1612107732346,RD
13.1342681588541,4.59408983419206,1.03935651330284,1.10971176581647,0.930398794454722,18.3717315751816,RD
13.1415979373861,4.59681939807835,1.06313122417766,1.10380762151449,0.949266398131033,18.5720855048552,RD
13.1708840832323,4.59937595734384,1.02082506825265,1.09826456814981,0.916298241744844,18.7589511353788,RD
13.2205257554053,4.60177107837506,1.04503673755007,1.09295991085834,0.935349961932894,18.9293716654706,RD
13.2886754274991,4.60401678309123,1.00203591062799,1.08777643230524,0.901597553434329,19.0808159982674,RD
13.3732422079323,4.60611958929717,1.02660986076936,1.08260522154064,0.920802835249823,19.2112262169825,RD
13.4719330054782,4.60808733939607,1.05217526285072,1.07734546407734,0.94052167647465,19.3190727773388,RD
13.5823551041311,4.60995145860019,1.00727207021798,1.07190203333709,0.90565757703427,19.4033570518814,RD
13.7019385069867,4.61172908935777,1.03334679164038,1.06619370603447,0.925404797116293,19.463637665679,RD
13.8280110778305,4.61343391864789,1.0604790076714,1.06015261121758,0.945438016854507,19.50002516964,RD
13.9578840833459,4.61508280846826,1.01315531909095,1.05372400661031,0.909816966477257,19.5131366061747,RD
14.0888778486722,4.61669139337212,1.04054728379706,1.04686778230805,0.929764161507101,19.5040946457303,RD
14.2184216538339,4.61828182845234,1.0687490096843,1.03955724131125,0.949474456005056,19.4744469628957,RD
14.3441073645788,4.61988023101159,1.01934299609051,1.03177863665992,0.91382223014636,19.4260948811697,RD
14.4637520625344,4.62151903295892,1.04738349381686,1.02353122449569,0.933114362745817,19.3612511745717,RD
14.5754656686796,4.62323551686952,1.07512867975063,1.01482513356402,0.951336580096724,19.2823140922407,RD
14.6776915482013,4.62507316757081,1.02507567723548,1.00567988456084,0.916974122064267,19.1918041867589,RD
14.7692680102498,4.62708232674,1.05187911235209,0.99612318677525,0.934230295336947,19.0922822125832,RD
14.8494423628876,4.62932161364113,1.00290220077008,0.986187171571455,0.901903471084241,18.986254183473,RD
14.9178969713692,4.63185956799915,1.02866390619413,0.975906610388932,0.918097206517,18.8761116641994,RD
14.9747735157072,4.63477580599718,1.05107889146624,0.965316218908361,0.930854524516348,18.7640499142425,RD
15.0206341799774,4.63816279764159,1.00732387486918,0.954447572376813,0.904334155121865,18.6520286199164,RD
15.0564728753955,4.64212634919322,1.02741220319099,0.943327204301543,0.915030949598351,18.5417104468038,RD
15.083675670718,4.64678676922143,1.04047963813334,0.931973944872964,0.919392460005052,18.4344260601844,RD
15.1039708429883,4.65227905206056,1.00826449662054,0.920397387770552,0.903632544223776,18.3311614947092,RD
15.1194116890174,4.6587540189851,1.01713847678724,0.908595662324886,0.904383785432653,18.2325159230673,RD
15.1323043276671,4.66637802356663,1.01379055451221,0.896554319816186,0.899708370744416,18.1387116540689,RD
15.1451303368165,4.67532594795125,1.00269608431523,0.884246036994963,0.902082978556897,18.0496106724699,RD
51.24,4.33,24.19,6.95,1.24,12.05,RD
40.9783155153498,3.82004800791508,18.8499908624737,6.08918239369067,1.15527116803675,8.28239755326139,RD
32.9519706882813,3.45511238983076,15.8314126201308,5.48723586905338,1.1068882401198,6.29514117651025,RD
26.6048933216407,3.17360766285388,14.0797356670365,5.066103905677,1.08247813315227,5.15353723141475,RD
21.5331470225735,2.94409173862847,13.09199381094,4.77346850374365,1.0751639258968,4.46501606832697,RD
17.4470116768979,2.74877894037189,12.6075598134539,4.57485757709115,1.08080887636228,4.04319683945706,RD
14.1348431896603,2.57679444643982,12.482715430445,4.44734200035932,1.09677385762869,3.79113233345365,RD
11.4385198695146,2.42107929770888,12.6345645818709,4.37545077373365,1.12129501449508,3.65470340461972,RD
9.23745399314496,2.27683998156085,13.0137878406055,4.34862455560232,1.1531456970918,3.60194827049976,RD
7.43805621710316,2.1407169687281,13.5903994466529,4.35962552519894,1.19144046083409,3.61306782744831,RD
5.96660610019034,2.01031580302786,14.3457864904078,4.40352927782027,1.23551524599513,3.67524919619142,RD
4.76433857206746,1.88393630762479,15.2680425426804,4.47708292475792,1.28485153516051,3.77987733326565,RD
3.78388464992433,1.76040346546004,16.3489047952667,4.5782743271638,1.33902462689042,3.92084757422596,RD
2.98670588473817,1.63896561528171,17.5817411150062,4.70604818642229,1.39766860631214,4.09359446318098,RD
2.34117612226747,1.51922602607526,18.9600873953818,4.86010862428455,1.4604509914564,4.29446256935953,RD
1.8211393485651,1.40109406139612,20.476573727094,5.04077861823672,1.52705413076804,4.52030880034592,RD
1.40481340051568,1.28474393900619,22.1221271431372,5.2488935894915,1.59716112230418,4.76824022562262,RD
1.10943045976908,1.17057433542733,23.8851347281505,5.48568083737699,1.67043925506774,5.03537589986402,RD
1.00047777446176,1.05919165955575,25.7362839556888,5.75088840759969,1.74623777895734,5.31505361127724,RD
1.01103948216095,0.95142896242536,27.6327961312394,6.04307130987548,1.82371496488202,5.59814118074663,RD
1.05797283196612,0.869695498183956,29.5530769656926,6.36345693472843,1.90248881941853,5.88146145526707,RD
1.03571442813873,0.86241706982122,31.4816919615166,6.71353151462701,1.9820285118927,6.16397871454067,RD
1.07117800468529,0.875745897846443,33.4005423159669,7.09440655993374,2.06172508254411,6.44416061244545,RD
1.01411638413654,0.855270014544312,35.2902964297627,7.50722343953804,2.14116906903303,6.71992801590678,RD
1.06892225437843,0.876630670320834,37.1332491253793,7.95293376707402,2.21996819115894,6.98953338943137,RD
1.24578195187021,0.948473116305952,38.9124804079313,8.4320106012225,2.29771410141422,7.25127186200841,RD
1.15953609088552,0.915439964918276,40.6122883220876,8.94435474274685,2.37398764186635,7.50351039772639,RD
1.06972711461094,0.879241391356908,42.2186762813047,9.4891627184674,2.44836474416115,7.74472403718305,RD
1.25640640561946,0.960737908164607,43.7197455734794,10.0648284463429,2.52042489891041,7.97352975876777,RD
1.16389294123933,0.922160267167144,45.1059284407614,10.6689027567219,2.58976142046237,8.1887165254684,RD
1.06882021385609,0.880860416673652,46.3701467489804,11.2980612102782,2.65599047488039,8.38927051774164,RD
1.26167000702487,0.970252683062792,47.5078947655792,11.9481099278178,2.71876125928306,8.57439840519186,RD
1.16468342105905,0.926917057205871,48.5172019450111,12.6140523236848,2.77776576734043,8.74354307069389,RD
1.06627253665646,0.881434284987826,49.398511808428,13.2902031698967,2.83274713340521,8.89639142329293,RD
1.26173410099881,0.976747546280023,50.1544831790105,13.9703589390398,2.8835073726661,9.03287617575033,RD
1.16228889502369,0.929672607204153,50.7897278458474,14.6480096534555,2.92991255657547,9.15316840243316,RD
1.06244648522838,0.881057362580143,51.3105308434517,15.3165668621222,2.97189580858581,9.25766487138411,RD
1.25763500506782,0.980374536826841,51.7245057833606,15.9696183318242,3.00945745289977,9.34696483089655,RD
1.15754381521647,0.930632128511093,52.0402609907531,16.6011672977335,3.04266258687326,9.4218429606858,RD
1.0578187983405,0.879908225936139,52.2670834377161,17.2058340956407,3.07163635610561,9.48321911221115,RD
1.25082617316101,0.981576124787456,52.4146132165651,17.779034860114,3.09655677858862,9.5321232041456,RD
1.15142148802277,0.930148433074419,52.4925619183226,18.317095527363,3.117646124215,9.56966018682378,RD
1.05283376904036,0.878198176022456,52.5104768903364,18.8173090698243,3.13516174559078,9.59697755693965,RD
1.24271222018591,0.980936384821367,52.4775260529076,19.277944771108,3.14938577375794,9.61523260525506,RD
1.14476625861481,0.928624660926725,52.4023419905801,19.698202659014,3.16061556350513,9.62556511960423,RD
1.04781514064416,0.876127711134935,52.29291038062,20.0781342257505,3.16915507848854,9.62907503981981,RD
1.09329367485148,0.901316134695034,52.1564864753689,20.4185227153531,3.17530620283601,9.6268021557385,RD
1.13821131278731,0.926462295612933,51.9995653459278,20.7207749724794,3.17936322619514,9.6197150363392,RD
1.18259494624493,0.951523224068381,51.8278714298212,20.9867944647784,3.18160759514295,9.60870200299693,RD
1.22648389738403,0.976468554183945,51.6463689697138,21.2188379888078,3.18230310960002,9.59456443065715,RD
1.26993488802912,1.00128037211329,51.4592966441815,21.4193913182101,3.18169302557393,9.57801478866529,RD
1.31300998281725,1.02594982104832,51.2702176301766,21.5910693353439,3.17999880621054,9.55967833511504,RD
1.35575888542148,1.05047311233027,51.08207824107,21.7365346326453,3.17741985983941,9.54009719926853,RD
1.39822027612511,1.07485071350793,50.8972707908897,21.8584295732097,3.17413381718048,9.51973594874283,RD
1.03405174248641,0.869241548738446,50.717696152349,21.9593193944725,3.17029711217823,9.49898766025122,RD
1.07770514445871,0.893975782551865,50.544823364847,22.0416459575904,3.16604583331182,9.47817992940329,RD
1.12105692707523,0.918583333990274,50.3797450488003,22.1076969572832,3.16149698396649,9.45758083956333,RD
1.16415796888685,0.94306909739911,50.223231026945,22.1595896673981,3.15675014384086,9.43740546563021,RD
1.20703905427363,0.967439022761968,50.0757833786016,22.1992643132417,3.1518892793049,9.4178235329536,RD
1.24972672931352,0.991701084200358,49.9376796577202,22.2284811189334,3.14698432229322,9.39896515577777,RD
1.29226210184211,1.0158659900052,49.8090151664163,22.2488231976449,3.14209278174885,9.38092699628162,RD
1.33469165410905,1.03994545756788,49.6897333784146,22.2617017932901,3.13726115062053,9.36377634448342,RD
1.37704231110308,1.06395008475316,49.5796580305418,22.2683659948106,3.13252636849301,9.3475560726731,RD
1.02193612691989,0.862443663685973,49.4785168487682,22.2699133116134,3.12791708948109,9.33228817610949,RD
1.06477209674731,0.886738989924865,49.3859679956835,22.2673025286865,3.12345496114245,9.31797827466489,RD
1.10748269307713,0.910954358702541,49.3016210046052,22.261366595054,3.11915572569829,9.30461925142122,RD
1.15010705921922,0.935100675878743,49.2250505067054,22.2528241339265,3.11503010665419,9.29219352505308,RD
1.19267703898918,0.959187794862032,49.1558041598884,22.2422898249445,3.11108453936753,9.28067419525891,RD
1.49609289054456,1.13095482350915,49.0934142938529,22.2302856395413,3.10732191077182,9.27002725311027,RD
1.14346865377712,0.93122049552787,49.0374106153498,22.217252149371,3.10374227310423,9.26021415065317,RD
1.34352091307642,1.06026291748631,48.8789068623718,22.1708738597719,3.09682316647204,9.22823688331744,RD
1.00703547702784,0.853972286498958,48.7959429626389,22.1401180576913,3.0922336311799,9.21125145355112,RD
1.13355104334287,0.925430101914531,48.7731575220304,22.126137385646,3.0897303913548,9.20643721338045,RD
1.23053126636153,0.980157203466516,48.7535310124505,22.1128970929812,3.08736657770229,9.20210121733087,RD
1.1929725250867,0.958921091007083,48.7367301693336,22.100424129995,3.08513292758392,9.19820201227374,RD
1.15542869258201,0.93770758002753,48.7224734828833,22.0887318009013,3.08302124514156,9.19470429383199,RD
1.11789202716513,0.916510115356278,48.7104723685503,22.0778233696686,3.08102276520453,9.1915711676832,RD
1.08035742387881,0.895324504988446,48.7004578829389,22.0676910094733,3.07912891829764,9.18876757421351,RD
1.04282316950052,0.874148884732319,48.6921904176621,22.0583174742996,3.07733169746932,9.18626161655732,RD
1.18590717779179,0.954811763437334,48.68545806499,22.0496776453654,3.07562366308923,9.18402437122711,RD
1.32900508583924,1.03544809418903,48.6800635110272,22.0417428449336,3.07399769348297,9.18202850442558,RD
1.4721216674174,1.11606608393538,48.6758316695803,22.0344797990589,3.07244717595519,9.18024917480372,RD
1.12078321757172,0.918062953051677,48.6726048513711,22.0278530673245,3.07096594217465,9.1786635930051,RD
1.26390231053095,0.998687782745664,48.6702417655934,22.0218250536569,3.06954823996384,9.17725088589306,RD
1.79074726779355,1.2954327795453,48.6686179031778,22.0163576561926,3.06818879918484,9.1759922467428,RD
1.43934396971665,1.09747193891249,48.6676170440042,22.0114146075553,3.06688266120038,9.17486998961705,RD
1.08791691825749,0.899518971917569,48.6671464260473,22.0069551770118,3.06562541362404,9.17386910812577,RD
1.61484135998691,1.19625655986428,48.6671135641139,22.0029446195919,3.06441285731934,9.17297500753973,RD
1.26336482480031,0.998311821743395,48.6674433384244,21.9993463962096,3.06324124963618,9.1721751578042,RD
1.79039784006494,1.29505493857497,48.6680768414629,21.9961224736043,3.06210728030268,9.17145896918019,RD
1.43887196107571,1.09711123607509,48.668943505516,21.993245066479,3.06100764220611,9.17081504807579,RD
1.0873219742345,0.899166114537853,48.6700044539066,21.9906788975962,3.05993971685043,9.1702354956422,RD
1.6144401575135,1.19592688184179,48.6712107828001,21.9883963317446,3.05890085064518,9.1697116623061,RD
1.26284164080228,0.997975006767412,48.6725243399703,21.9863707262777,3.05788874467551,9.16923631207939,RD
1.79006092790385,1.29476029120318,48.6739176371294,21.9845759596242,3.05690143697876,9.16880358462032,RD
1.43841545815855,1.0967984435916,48.6753566863857,21.9829892637807,3.05593689447509,9.1684070551142,RD
1.0867472509774,0.898830806248455,48.6768237848128,21.9815890816022,3.05499360673022,9.16804240306662,RD
1.61402747149211,1.19563445984509,48.6782970918246,21.9803551125411,3.05406998966332,9.16770490206577,RD
1.26231698862518,0.99765447227613,48.6797606086018,21.9792690038825,3.05316470178334,9.16739069260299,RD
1.78966471309593,1.29448186904124,48.6812039593398,21.9783142880408,3.05227663424711,9.1670967630097,RD
52.66,0.88,27.96,4.74,2.07,14.65,RD
49.3337990679932,0.864362347652033,20.743208123444,4.28918091984583,1.63074710354738,10.7154275355512,RD
46.7571622746928,0.871170497504109,16.1793793144904,3.86645297048458,1.30308463635084,8.16194352279025,RD
44.6152904576372,0.892963385952471,13.0844033597533,3.48230885419178,1.05234342596886,6.41048799342509,RD
42.7536306257146,0.926050515220777,10.8812338176162,3.13882724507917,0.903619605622767,5.16056411922698,RD
41.0965556042539,0.968672643573353,9.25587497235784,2.83487430289033,0.906113092682249,4.24195004823284,RD
39.5946501672133,1.01981004919977,8.02337807596825,2.56705296112087,0.971036989836387,3.55036791341417,RD
38.2126443896935,1.07883876269567,7.06852408212288,2.33128132833284,0.902716921925676,3.0191390081012,RD
36.9065713954365,1.1448138515082,6.31651977686087,2.12258999719928,0.9073415192714,2.60425981116839,RD
35.6967566312096,1.21869608395238,5.71703947938125,1.9396493434699,0.902908631612035,2.27605086368582,RD
34.5519071087373,1.29989593385629,5.2339609612297,1.77806016580274,0.906608380368242,2.01313463238914,RD
33.4626124045708,1.38843406695055,4.84202558808028,1.63506408192772,0.946383962705247,1.80051705661185,RD
32.4217092148386,1.4843724747702,4.5227769198202,1.50827201668687,0.914184645896261,1.62725982599673,RD
31.4224256896766,1.58772712640715,4.26254925742778,1.39557538137321,0.939109326205423,1.48521312743491,RD
30.4604521568163,1.69856428136576,4.05104584298836,1.29521362366346,0.909131635342486,1.36830567496608,RD
29.5317829311547,1.81689912926083,3.8804139563149,1.20564707372013,0.904088093773319,1.27188815892528,RD
28.6330434980874,1.94270374458486,3.74464097915521,1.1255511598073,0.946926197914958,1.19239506436709,RD
27.7613402684585,2.07589388869342,3.6390840494814,1.05378321976911,0.917943268645127,1.12705958744613,RD
26.9166278139175,2.2165196361423,3.56017220383371,0.989442265717208,0.904698097179551,1.0738298363983,RD
26.091830800168,2.36395844700115,3.50519140842503,0.931509504321675,0.902954600737151,1.03086274624332,RD
25.2873989442811,2.51806838787785,3.47210531665685,0.879339908606183,0.918023323235296,1.00379184522391,RD
24.5050603020221,2.6784271896199,3.45934081619513,0.832311682482627,0.933148175506055,1.00530952584639,RD
23.7441384633936,2.84451914701801,3.46575443980489,0.78987605902142,0.93158471686294,1.00356943219815,RD
23.001381777629,3.01571058426467,3.49058021739441,0.751533494474568,0.915853474813295,1.00108783215474,RD
22.273927074923,3.19126074426714,3.53341811763637,0.716855150540392,0.900371060171265,1.00000993374628,RD
21.5593172063162,3.37031915129894,3.59420960733831,0.685476827283567,0.921578239780575,1.00070675175836,RD
20.855820824534,3.55193188763101,3.67318179314471,0.657086686313948,0.978485085713367,1.00682640773614,RD
20.1624173168988,3.73504661230401,3.77081896015576,0.631417785338502,0.940576697262397,1.01917767490236,RD
19.4782602475323,3.91851651296435,3.88785544515074,0.608240743049749,0.903151251732764,1.03786369474269,RD
18.8025020204996,4.10111436026971,4.02526293835464,0.587357099612571,0.959021776938191,1.0631103216106,RD
18.1343380194749,4.28154721622705,4.18424637407345,0.568595612923573,0.922040242238494,1.09526318089204,RD
17.4730368629362,4.45847039786532,4.36624902484326,0.551810032662447,0.97695970304426,1.13479395512394,RD
16.8179390236292,4.6305028598681,4.57295691241329,0.536876961127469,0.940400591519722,1.18231141691522,RD
16.1684582309711,4.79624371331706,4.80630170749685,0.523693773519156,0.961654392619433,1.23857537592666,RD
15.5240917654956,4.95428758461567,5.06846280603178,0.512177103332329,0.982606199909999,1.30451287396303,RD
14.8858354159225,5.10367584613207,5.36184138981219,0.507062258248661,0.99747956159429,1.3813404102202,RD
14.2520705189991,5.2425408370773,5.68901058749304,0.500517193356707,0.908323975165799,1.47025831533006,RD
13.6214983238706,5.36909830798053,6.05290672493163,0.500727787323319,0.914438662615824,1.57273857573142,RD
12.9954061899071,5.48250364917016,6.45657364585036,0.50021401405025,0.905530471136527,1.69071120216982,RD
12.3742527992913,5.58171427023961,6.90328335470053,0.501223093615594,0.953018829136115,1.82635291522213,RD
11.7587087106452,5.66575411869144,7.39639378666053,0.500454119889346,0.944342098393879,1.9821850813956,RD
11.1497340955584,5.73374423745255,7.93926502938182,0.49998303956324,0.935589082819131,2.16112036510293,RD
10.5485774894489,5.78491679620726,8.53515897228741,0.50093768172886,0.92627670665184,2.36652032649792,RD
9.95682862195607,5.81861397048457,9.18707663976958,0.503700738061515,0.915849936685848,2.60223029140978,RD
9.37638773230595,5.83431366023733,9.89758793007389,0.508381203497808,0.903670690566382,2.87261656984857,RD
8.80944150049242,5.83165173274142,10.6686244188191,0.515115015145011,0.976695215409627,3.18259242308252,RD
8.25843537335726,5.81044047436631,11.501244635314,0.524067924003401,0.968161065073425,3.53761800114119,RD
7.72602777957594,5.77068940517504,12.3953781804838,0.535439286013543,0.956997169867391,3.94367237290749,RD
7.21502140972651,5.71262588810114,13.3495671402025,0.549466569172872,0.942376395088279,4.40718034224443,RD
6.72827135719432,5.63671282110095,14.3607299669332,0.56643059411282,0.923466743176634,4.93487869808862,RD
6.26857246529446,5.54366084294392,15.4239737099034,0.586661694603227,1.05593190799093,5.5336076122032,RD
5.8358035594081,5.43370815620087,16.5326255047339,0.610555309686154,0.90968305744918,6.21045980851152,RD
5.3765099858488,5.28068632163062,17.6821255092217,0.636832590982417,0.970136321490795,6.97232374583756,RD
4.93056831250198,5.10375818784044,18.8703400708772,0.666943896796372,1.05491026283668,7.83168810151049,RD
4.53547472404295,4.93252676117943,20.0828756729292,0.704482911604896,0.925549773834196,8.78848666099101,RD
4.17172520528319,4.74855327639536,21.3072265900751,0.748049423873261,0.912026099332689,9.84543110752055,RD
3.84088029865978,4.55489489329257,22.5303743835243,0.79868476914977,0.911114715317081,11.0036688405581,RD
3.54309978566067,4.35380676504793,23.7389132954905,0.857476102210858,0.91303290901119,12.2600063052513,RD
3.27804413720361,4.14758550204713,24.9195821828525,0.925707460488338,0.90629272897881,13.6071686605067,RD
3.04490402948146,3.9385131958475,26.0597983047057,1.00487866265126,0.958469365762938,15.0336268375618,RD
2.84247379091874,3.72878119404817,27.1482105183742,1.09674337741046,0.952255294184942,16.5235447888638,RD
2.66924174072372,3.52042626693406,28.1750714687304,1.20334808947671,0.945869397410215,18.057173330736,RD
2.52350423450462,3.31527800177916,29.1324625184645,1.3270663317056,0.917774634877823,19.6117927197612,RD
2.4034608038417,3.11492162317891,30.01439868903,1.47064173574932,0.993711952167459,21.1628178810191,RD
2.30730118373354,2.92067804488753,30.8167892099336,1.63722849287288,0.965248714247246,22.6851206891662,RD
2.23328943779148,2.73359595522086,31.5372890413434,1.83043626445598,0.935827754772427,24.154527731526,RD
2.17983324308948,2.55445895635412,32.1750519448042,2.05437533485838,0.905446737431257,25.5491958343038,RD
2.14552612434,2.38380677009628,32.7304318042224,2.31369320517959,0.986468405938088,26.8505092891967,RD
2.1291834001572,2.22196064602399,33.2046729732627,2.61360767515479,0.955641007956019,28.0436934698196,RD
2.12987154744779,2.06905252513008,33.5996022904012,2.95993103685608,0.923902875341757,29.1180609676262,RD
2.14693119185215,1.92505651173461,33.9173421967452,3.35907750359164,1.00907186177948,30.0668594764798,RD
2.17999676691002,1.78982021830532,34.1600609046873,3.81804601233965,0.976902777088611,30.8868093469552,RD
2.2290185361338,1.6630937146974,34.3297648763859,4.34437129032372,0.943908766804868,31.5774831441971,RD
2.29428971718136,1.5445554819615,34.4281380632997,4.94602901643243,0.910119112556734,32.1405970419068,RD
2.37648139647506,1.43383510026692,34.4564243040407,5.63128146299208,0.999482131511878,32.5793087801062,RD
2.4766872707024,1.33053263981336,34.4153512413179,6.40844991190159,0.965351789315962,32.8975759347644,RD
2.59648126414829,1.23423466074104,34.305094972045,7.28559585173414,0.930449951166172,33.0996182868549,RD
2.73799081920059,1.14452714557888,34.1252824409372,8.2700938978653,1.02364525102446,33.1895026629924,RD
2.90398842825952,1.06100587470124,33.8750287600373,9.36808305273892,0.988449076673234,33.1708485163603,RD
3.09800242798671,0.983284509793008,33.5530059082244,10.583797976181,0.952431923302837,33.0466350972349,RD
3.3244511236652,0.911000529953305,33.1575439740394,11.9187694787034,0.915543226597273,32.8191153879933,RD
3.58892286048661,0.890724078468838,32.68655478325,13.3711847182349,1.01062116699755,32.4907956434083,RD
3.898321467709,0.850660472853143,32.1367896006462,14.933466049441,0.901758918147873,32.0624253232054,RD
4.26019694646201,0.856864335886112,31.5068969093209,16.5910322908398,0.918492370359582,31.5309753441452,RD
4.68454556746234,0.85621301270848,30.7953889464916,18.3254646935863,0.916914559999394,30.8989657448719,RD
5.18291229926256,0.874833803974916,30.0016226127759,20.1105224507142,0.968718017045785,30.1660774188942,RD
5.76870945814757,0.864871401096347,29.125466379888,21.9126964640235,0.941864713683629,29.3319176795244,RD
6.45729890056336,0.854937072281405,28.1674586371288,23.6911102638093,0.914200160841094,28.3962319590139,RD
7.26579065574494,0.878864285023312,27.1289374051786,25.3983405199685,0.9859954855648,27.3591592970615,RD
8.21259464313776,0.858125438676971,26.0121692937476,26.9817821654582,0.924977063751294,26.2215365697137,RD
9.31659024166271,0.880408132512294,24.8205105328938,28.3856814571804,0.99879919133769,24.9853019108536,RD
10.5957221230091,0.860606529466187,23.5586259428317,29.5540866873978,0.936191813304762,23.6540480390884,RD
12.0650659707565,0.879978641187242,22.2327665346433,30.4342992096655,1.01152522566289,22.2336803330907,RD
13.7343221558933,0.861849826783393,20.8511253141928,30.9808161012415,0.94760023876511,20.7331909102056,RD
15.6049350093173,0.876863621293664,19.42422278649,31.1595205315979,1.02374283144209,19.1654394631926,RD
17.6672320369913,0.861295070469452,17.9652252848472,30.9516000354029,0.958894600806023,17.5477526903745,RD
19.8982113225613,0.870601901116677,16.4900604830602,30.3565942141796,1.03507130884949,15.902107289521,RD
22.2607188936381,0.858540245554553,15.0171625561938,29.3938964444629,0.969776399946422,14.2546203416119,RD
24.7045208330811,0.850418339118126,13.5667641579266,28.1022761080977,0.904605918939341,12.6342517539246,RD
27.1696538910714,0.853535844099405,12.1597039056793,26.5369664591021,0.980031485210666,11.0707144154954,RD
69.77,2.82,7.8,5.84,2.13,12.22,RD
64.9332322384312,2.72290040698847,4.58862885727674,4.61089825344018,1.69306379997627,4.06919785863765,RD
56.2290562862342,2.70402458419768,3.00763247224515,3.73100381971705,1.41362023862764,1.56277888993631,RD
47.8115589173934,2.72414525403504,2.16351666969812,3.12312703834339,1.22109148715675,1.00134830432427,RD
40.6934966557771,2.76603737880949,1.67559416847907,2.6971208357159,1.08052326350004,1.0006726174344,RD
34.7932837578497,2.82125124254409,1.37480364092595,2.3902532943118,0.973923426362444,1.05315889370286,RD
29.8172760614409,2.88519223003933,1.1814518210759,2.16362120729856,0.907576748714739,1.03988129325308,RD
25.5966213289128,2.95534245818632,1.05444379597468,1.99334700097032,0.909998910830365,1.04991219811708,RD
22.0035975720335,3.02975441090344,1.00134395956946,1.86395351607936,0.901071479272951,1.0049288274639,RD
18.9264751796078,3.10550424238921,1.00133012925044,1.76518581621053,0.901379830778423,1.00567252694268,RD
16.2884662719632,3.18179543339443,1.00431433661474,1.6896816518181,0.906988112798489,1.02460289884757,RD
14.0248923945377,3.25842697062225,1.00278104960342,1.63204985865464,0.912631201884492,1.0357904083359,RD
12.0811218612294,3.33521572743175,1.00042743030285,1.58839605595598,0.908424028795188,1.01817420927026,RD
10.4105151946357,3.41183920004813,1.01002400151935,1.55586413243088,0.90504197915228,1.00710992325216,RD
8.97307794434668,3.48770078412953,1.03068342622926,1.53234480107131,0.902324143423595,1.00137073084098,RD
7.73513409835971,3.56221225119097,1.06112333817372,1.5162288021457,0.900138904735405,1.00082854320901,RD
6.66906135013961,3.63482793051397,1.10044175106355,1.50628014279939,0.907411825890728,1.01756448059075,RD
5.75233153825332,3.70502473480142,1.14797607569158,1.50155346924892,0.905208658628086,1.05330131130619,RD
4.96497390429588,3.77230441772432,1.20321834130289,1.50129773460303,0.903371416042894,1.10717772771746,RD
4.28935222952697,3.83619307011078,1.26575906581176,1.50491413663162,0.90180456242016,1.17919940931848,RD
3.71008499367024,3.89624240462143,1.33524538349659,1.51192779840981,0.900425954175023,1.27005550384768,RD
3.21379753345221,3.9520326029073,1.4113495436331,1.52196428594212,0.909695376973788,1.38101139928416,RD
2.7889088952138,4.00317595188877,1.49374508497589,1.53473222906839,0.905912519854537,1.51384547530483,RD
2.42543141421598,4.04932070372093,1.58209000855553,1.55001074450691,0.902251154973791,1.6708207355172,RD
2.11476922469925,4.09015539034014,1.676013331966,1.5676389745886,0.909196979485195,1.85467408965985,RD
1.84952627089719,4.12541335524694,1.77510488039794,1.58750747494671,0.905612299975322,2.06861794210045,RD
1.62335866660244,4.15487654892565,1.87891039746122,1.60955291539317,0.901820153435305,2.31635177942317,RD
1.43084450417633,4.17837876176718,1.98692952118594,1.63375416666123,0.918630427814346,2.60207556348038,RD
1.26736034244297,4.19580821833124,2.09861556205533,1.6601288937358,0.901744292232053,2.93049864391949,RD
1.1289773987364,4.20710939770167,2.21337748321736,1.68873128693354,0.906557197329494,3.30684198278504,RD
1.05603071242494,4.21240891831376,2.33008587854792,1.71952313301304,0.911899986714744,3.73526419217437,RD
1.00508736283048,4.21159046744076,2.44812293657408,1.75257666584217,0.901199522856066,4.22095081438869,RD
1.01286617704987,4.2048623510594,2.5658680738007,1.78776419624284,0.903753436506209,4.76563655513316,RD
1.00683581286206,4.19249562354203,2.68251870416103,1.82523512581703,0.902490153462728,5.3738140189807,RD
1.01150363556866,4.17494667286968,2.79680783549821,1.86506485558473,0.905542181167927,6.04796038315069,RD
1.00258594886267,4.15220070664411,2.90969947187159,1.90784853127953,0.901687494458293,6.79950070669041,RD
1.01182758953631,4.12472041658861,3.02005835864782,1.95374865946787,0.912652089541495,7.63151145335964,RD
1.01131697110112,4.09285923609506,3.12740090493797,2.00308252277639,0.928865193287328,8.54903621820957,RD
1.00064663556021,4.05707002209766,3.23130244265478,2.05624363303227,0.922624039441868,9.55762755112275,RD
1.00516411235344,4.01757725845864,3.33137708734319,2.11356452764738,0.90229361607364,10.6602863753518,RD
1.03045204158428,3.9747282204172,3.42695077422248,2.17534680981391,0.905326165857349,11.856762777432,RD
1.07995743176502,3.92892757288632,3.51715953163721,2.24184873677297,0.903115357418148,13.1433892265789,RD
1.15892108886926,3.88045032196199,3.60107033324859,2.31320497306745,0.911357724138373,14.5107119951426,RD
1.27541976135962,3.83043411256851,3.67760533596014,2.38981956142088,0.917725414286511,15.943513068004,RD
1.44126726847486,3.78033173570229,3.74545055664787,2.47205534310065,0.928358054138298,17.4181040190816,RD
1.67356430675061,3.7319453696417,3.80294430039955,2.56014298654733,0.945950543623583,18.8998491382939,RD
1.99669315944795,3.6875534323643,3.84793327167693,2.65406993308871,0.973975809618631,20.340017119248,RD
2.44470962523779,3.64989084426148,3.87759409381255,2.75335109305813,0.911504016606455,21.6719312204895,RD
3.06342563545104,3.62197375215187,3.88825032913248,2.85665045610354,0.932835711580159,22.8071700436118,RD
3.90079655587938,3.57175032925895,3.87604930704714,2.94600947024862,0.931517827537273,23.6515597435413,RD
5.02291772885936,3.52076239651589,3.83692623996162,3.02525571093627,0.90193494839935,24.0459403507367,RD
6.48364532000175,3.47350279410336,3.76552187670555,3.08957631617383,0.905366200175328,23.8715027678769,RD
8.29574224563955,3.43124818716556,3.65723503619328,3.13162915955747,0.913208264721309,23.0251185700266,RD
10.3907552892637,3.39534591535504,3.51022556075137,3.14437606915617,0.926977465483293,21.4825296712556,RD
12.5912288180227,3.36716799675765,3.32769538966718,3.12323669198005,0.915659711996601,19.3454421284141,RD
14.6309074642268,3.34760199136412,3.11904701183669,3.06793536783297,0.903328081877716,16.8369588753894,RD
16.2377286548997,3.33728965371708,2.89856971994833,2.98357839618787,0.902861757984087,14.2485369691001,RD
17.2311400783848,3.33623801344141,2.68179113946125,2.8791268037933,0.900693421061564,11.838178706219,RD
17.5568188473285,3.34169161998385,2.48170121394344,2.76331873622905,0.901284925793611,9.7656498142974,RD
17.3187600283027,3.35716826099584,2.30664706488602,2.6483188307498,0.905232405566274,8.08457324871257,RD
16.6423961098992,3.37924723926647,2.15991571500334,2.53890727758718,0.903017262199445,6.77259616265322,RD
15.675368920704,3.40671613455194,2.04164520037928,2.4390199546917,0.909505544744603,5.77493895406299,RD
14.5449721513983,3.43840446629536,1.95000141543222,2.35053339850123,0.91467065898154,5.02970758526955,RD
13.3480532979463,3.47322951792367,1.88228996877128,2.27392243977956,0.904659988539107,4.4814377837263,RD
12.1521454474549,3.51021412851292,1.83564230689153,2.20882547967103,0.911892370665709,4.08551208253838,RD
11.0009444216526,3.54848636046347,1.80736702397868,2.1544456141369,0.906044873047632,3.80808346073955,RD
9.92047466115614,3.58727104308191,1.79509202865371,2.1098074206997,0.901041557281942,3.6243522442992,RD
8.92447723334364,3.62587857333054,1.79679157842553,2.07390972645649,0.923209691914533,3.51653710083134,RD
8.01836048298744,3.66369386248415,1.81075509837597,2.04580079465524,0.912288835025819,3.47216799045238,RD
7.20224298946007,3.7001586146498,1.8355409068649,2.02461776635723,0.902437799101272,3.48269730617054,RD
6.47298675691227,3.73475130890788,1.86992231152686,2.00959481381489,0.915998009249576,3.54247847412072,RD
5.82543955106955,3.76699515329738,1.91283864393202,2.000063853881,0.906939435755944,3.64805765198667,RD
5.25342349645326,3.79642982103082,1.96335618685234,1.99544269457339,0.91827609290779,3.79764707185405,RD
4.75038090234257,3.82259802522703,2.02063635179822,1.99522418784985,0.909759451673004,3.99073445066536,RD
4.30972887977385,3.84504468722351,2.08390983559335,1.99896589069653,0.902488724188785,4.22780748266001,RD
3.92507299079285,3.86331395954963,2.15245867492997,2.00627980885229,0.908572261532638,4.51015901658048,RD
3.5903700458859,3.87694384899283,2.22560424143744,2.01682335699407,0.902638549262863,4.83972564868106,RD
3.3000027835831,3.88546459508672,2.30269975117948,2.03029189989233,0.899992040681854,5.21896018231347,RD
3.04880960764375,3.88840069990476,2.38312690289067,2.04641375819515,0.903150138314909,5.65077669310903,RD
2.83211260053818,3.88528513054629,2.46629499766591,2.06495227814726,0.918549764996168,6.13877063070639,RD
2.64563381466262,3.87566179463387,2.55164264272063,2.08570469106294,0.948993963532912,6.68730281326464,RD
2.48549413302077,3.85906317270344,2.63864228878126,2.10849359265383,0.997563010374745,7.30132086682002,RD
2.3481957260601,3.83499575947983,2.72680506578789,2.13316360409848,1.06756157912079,7.98642032995403,RD
2.23055536228014,3.80293034252044,2.81568770543288,2.15958126040057,1.16242248346437,8.74901748084503,RD
2.12966810398569,3.76228292092641,2.90489968414355,2.18763268561852,1.28561848404044,9.59644429082902,RD
2.04283860342256,3.71238930255721,2.99411120284557,2.21722142361571,1.44054913961176,10.5370922937875,RD
1.96748573062426,3.65247697908796,3.08306265241417,2.24826781720873,1.630391143284,11.5806292251915,RD
1.90105162564779,3.58163287124684,3.17157534652185,2.28070936631076,1.85792298858536,12.7382227567154,RD
1.84087997345127,3.49876779238285,3.25956436120091,2.31450349933362,2.1253135868727,14.0227925081434,RD
1.78403662107246,3.40258254712805,3.34705464944084,2.3496355747279,2.43386449077662,15.4493153512727,RD
1.72707393067314,3.29154047311061,3.43420141074337,2.3861353948906,2.78369777270665,17.0351715707446,RD
1.66568561370286,3.16385578510262,3.52131698253624,2.424108380371,3.17337216712372,18.8005537236953,RD
1.59417171711438,3.01751616369124,3.60890731019093,2.46379201149759,3.59937609212071,20.7690028980873,RD
1.5045777236616,2.85036379812932,3.69772304097442,2.50565355189916,4.05545429106691,22.9681638711081,RD
1.38527220787422,2.66030357765132,3.78883474802777,2.55056768552223,4.53151088239947,25.4310202435145,RD
1.21862005378381,2.44581274218559,3.8837461449204,2.60016823188675,5.01140749920362,28.1980106151899,RD
1.40488203903198,2.34928746281124,3.97930334211326,2.72061248827155,4.65259382724928,31.1879663931773,RD
2.13185363560812,2.35208097849001,4.04980794050268,2.89685201896632,3.7838482186002,33.7181425024556,RD
3.35592075558869,2.34836532435133,4.08215998534112,3.0721964106991,3.06602527322125,35.4010958332466,RD
5.37894283824223,2.34028614723087,4.06039741715943,3.23318760095767,2.47993812524224,35.8020118248077,RD
56.14,4.25,13.86,3.86,2.45,19.44,RD
56.6656313669537,3.95530661279437,9.98035612763804,2.83167053118186,2.3974638409946,12.8542224124443,RD
55.6926311432984,3.74576430168017,7.35077724199883,2.05725473447099,2.37991085795452,8.62189998499209,RD
53.8449072907076,3.59047033519748,5.54904444070611,1.49276064472388,2.3904557566966,5.90260625039717,RD
51.5420405537904,3.47104299607391,4.29511226287983,1.08716964573218,2.42456884449345,4.13706664635983,RD
49.0426466063119,3.37619352514298,3.40673819740888,0.796889317730549,2.47920128574463,2.97178495875721,RD
46.4983351808305,3.29877746393583,2.76577680503115,0.588719554115536,2.55225120118223,2.18766859876432,RD
43.9979089260865,3.23402345074348,2.295104857547,0.500455026998023,2.64211251751457,1.64916375261304,RD
41.5997426075755,3.17831931819852,1.94348355955575,0.513211543839325,2.74718235008471,1.27153885151802,RD
39.3249628195087,3.12961400151045,1.67690985002397,0.517911797918271,2.86644478928446,1.02975056570289,RD
37.2095522230866,3.0866355986019,1.47219938010402,0.510149504738822,2.99850675976984,1.01598425231527,RD
35.2672119458503,3.04845901928404,1.31306268301946,0.503493235271622,3.14189792561259,1.00520376984861,RD
33.4742235375006,3.01439339054474,1.18809057976007,0.52006199515906,3.2957253405439,1.02805007051332,RD
31.8115276537638,2.98392910064465,1.08928409870999,0.501159580600268,3.45907738724539,1.00153231410918,RD
30.2639875137293,2.95667566071909,1.01091959763728,0.516965310143267,3.63097165191623,1.02092607437019,RD
28.8160523522541,2.93197282424919,1.00085011453309,0.501701734942223,3.8102640672216,1.00197055518894,RD
27.4487848726238,2.9092967225119,1.00515339130199,0.512240488843463,3.99604114496769,1.01315560751452,RD
26.1586692948449,2.88854437210094,1.00400381997952,0.511528352785075,4.18708586373008,1.01148664963925,RD
24.9410363892573,2.86968283543176,1.00238801884342,0.508684608344299,4.38215438121154,1.00798359034934,RD
23.7914616473546,2.8526740376652,1.00121370739042,0.505965874059668,4.57994547360124,1.00502837741,RD
22.7057651550878,2.83747425140416,1.00454165262032,0.537525424662662,4.77912523027555,1.02831754096248,RD
21.6799829495968,2.82403431222635,1.0010536416493,0.518369888764055,4.97835823411025,1.01260677794375,RD
20.7103537857266,2.81230016346518,1.00000530484465,0.580833322525573,5.17633992465398,1.04753327100137,RD
19.7930936087943,2.80219140411838,1.0039767613783,0.561760256739227,5.37183199285954,1.03220717110706,RD
18.924192833309,2.79358114114792,1.0144821020549,0.543352076032922,5.56369420120999,1.01976096911516,RD
18.0997410013115,2.7863205998642,1.03133223046153,0.525568619392786,5.75091406375634,1.0099969152089,RD
17.3161918471335,2.78026269968441,1.05447458308934,0.508371926918313,5.93262416931272,1.00273647322318,RD
16.5703462785205,2.77526343601584,1.08397269814775,0.565624941990699,6.10811103602116,1.01545459629751,RD
15.8592700232981,2.77117721022619,1.11999251525706,0.548470059131276,6.27681740342717,1.00839721145729,RD
15.1802572553296,2.76785539014427,1.16279774498039,0.531838867937108,6.43833982839349,1.0035557139193,RD
14.5308136249901,2.76514629535267,1.21274839035524,0.515702787047528,6.59242131069732,1.00079688285741,RD
13.9086417385743,2.76289525581006,1.27030109432534,0.538074242724017,6.7389380466197,0.999072561074351,RD
13.3138679633473,2.76069700690407,1.33588586314009,0.552335360213791,6.87729441686333,1.00256344100446,RD
12.7415774803527,2.75878010480366,1.41031958652521,0.501396957152797,7.00848357396765,1.01149496766539,RD
12.1909161036253,2.75693994142479,1.49435943886469,0.509728765687749,7.13250174467057,1.02578428164931,RD
11.6615681682848,2.75489464395126,1.58880629719225,0.527492467043998,7.24925950452971,1.04540097817103,RD
11.1522746006553,2.75246610184477,1.69462546612691,0.516813980715254,7.35899460079361,1.07042352640044,RD
10.6618391783488,2.74946618818848,1.81289801550906,0.530867289417963,7.46198791275894,1.1010065687533,RD
10.1891254896415,2.74569937133069,1.94482371681587,0.511439296262607,7.55854985059155,1.13738175548237,RD
9.7330505263595,2.74096188624502,2.0917211108583,0.548817464692453,7.64900838542819,1.17985332351827,RD
9.29259188590133,2.73504041163009,2.25504220132617,0.529744468454288,7.73370139496715,1.22880732731576,RD
8.86678805967191,2.72771179629579,2.43637063091387,0.5461720000966,7.81296671843845,1.28471385414098,RD
8.45473897314813,2.71874302020877,2.63741796438602,0.56204398854692,7.88713555657118,1.3481301350526,RD
8.05560812175406,2.70789129491731,2.86001895152995,0.577358690287439,7.95652760185104,1.41970694952499,RD
7.66862594949099,2.69490456526786,3.10612127799664,0.50691533866696,8.02144572733735,1.50019778366007,RD
7.29309312584346,2.67952250117563,3.37777047978606,0.522745157012822,8.08217288743678,1.59046741361234,RD
6.92838500501102,2.66147797999134,3.67708799841935,0.538005244869224,8.13896785981041,1.69150337975291,RD
6.57395754790184,2.64049976833385,4.00623580770162,0.552682097301434,8.19206318013118,1.80443009605672,RD
6.22966717782056,2.61624264197956,4.36725900360602,0.564973242753024,8.24144221806234,1.93047549874554,RD
5.89516578331501,2.58842409820683,4.76220234044759,0.512870144033498,8.28729359595994,2.07104672215391,RD
5.56915576492556,2.55703733589528,5.19346600708565,0.500931867890315,8.33047087165926,2.22792061299115,RD
5.25219962290939,2.52166886536692,5.66254971474528,0.504430482358387,8.37055519618556,2.4028278237201,RD
4.94421013966747,2.48210854411784,6.17092891084556,0.506240467906799,8.40765243531538,2.59780639016356,RD
4.64524342001466,2.43817139419255,6.71965601899936,0.502075285040726,8.44180088882825,2.81512354997904,RD
4.3554582525477,2.38971793316533,7.30926645313679,0.503294650094116,8.4730059886914,3.05729862479194,RD
4.07512106658924,2.33666213783278,7.93965791791584,0.501693502510428,8.50123568057627,3.32711818167265,RD
3.80459919599557,2.2789808761753,8.60997617977638,0.505154940880544,8.52640904577628,3.62764403179181,RD
3.54433925720796,2.21672586455257,9.31852536904362,0.502535082125693,8.54840850956775,3.96222618365334,RD
3.29484772705805,2.15003200332914,10.0626982103368,0.501076538472305,8.56707357594827,4.3345022109489,RD
3.05666150052169,2.07912558026605,10.8389501985201,0.500863617593456,8.58220253577006,4.74839348141064,RD
2.82996744356287,2.00445618613783,11.6435060761773,0.505120541129844,8.59357122148301,5.20810990805624,RD
2.6151839901892,1.92645799895059,12.4712897304541,0.503729818510404,8.60085891887411,5.71804833118355,RD
2.41288256997602,1.84557882502643,13.316026959327,0.51066446498894,8.60372668421262,6.28284624387408,RD
2.22353989406316,1.76233777664252,14.1707660304137,0.507037070405513,8.60181716422673,6.90724345073975,RD
2.04756135333074,1.67731924989531,15.0282516738954,0.501086994010089,8.59479303057408,7.59606669685764,RD
1.88518978507396,1.59115296235438,15.8808687899267,0.503509156834767,8.58220622832107,8.35400714317777,RD
1.73654003476726,1.50449303369216,16.7211048141124,0.505254428389328,8.5636371740797,9.18556308163391,RD
1.60160491759087,1.41799601323302,17.5418708067892,0.500534229441571,8.53866585731303,10.0948657565025,RD
1.48023556445611,1.33230381112416,18.3365773428795,0.501444909777943,8.5068838450908,11.0854878083717,RD
1.37216578865214,1.2480232748329,19.0994223014662,0.500745632142039,8.46790924633035,12.1602233165589,RD
1.27703265149251,1.16571026315969,19.8254745002843,0.500039586912378,8.42140181202342,13.3208751699959,RD
1.19441920234901,1.08585738603663,20.5108321798547,0.502320964389077,8.36706468542776,14.5680059395834,RD
1.12387717784637,1.00888634724608,21.1525918501913,0.50753955790022,8.30464855734567,15.9006710418277,RD
1.06496272323989,0.93514386597817,21.7488086915901,0.51574141610276,8.23399631761168,17.3162320353283,RD
1.01813439435897,0.87911441389233,22.2970733523457,0.520680249287641,8.1550201691372,18.8101924027609,RD
1.00079281628241,0.852048489166287,22.7914590544715,0.500682370694052,8.06767555003505,20.3757362114038,RD
1.00042160220403,0.851861079222658,23.2355433845655,0.500559384780622,7.97120988849875,22.0004133988468,RD
1.00036668987977,0.856393198900483,23.6303228034533,0.501558283453742,7.86613042948186,23.673720949644,RD
1.00067047384351,0.886148992378762,23.9714299611371,0.506557067445935,7.75358377826953,25.3852311684074,RD
1.00656802024975,0.990236939191388,24.2426293455657,0.522432373224191,7.63438216448666,27.1223595710001,RD
1.01789875591111,1.05277243083458,24.4382909358905,0.531154844331716,7.50862833226695,28.8711125004779,RD
1.05979843477158,0.958589613650342,24.682676082665,0.515443314322227,7.37587980403511,30.6124555297931,RD
1.11798280683964,0.872089442187795,24.8912122622207,0.501738490072872,7.24137034528491,32.3281124844102,RD
1.19489740351187,0.854278448658667,25.0637519275998,0.500598104932448,7.10506788533626,33.9989732667385,RD
1.29368376475279,0.870962827421806,25.1993797777748,0.502582137624372,6.96684161822919,35.6055186132958,RD
1.41827778697805,0.863989726530488,25.2982707045514,0.501552336067048,6.82764170668132,37.1283801535186,RD
1.57359474431369,0.850268889654505,25.3601602028401,0.500026329716524,6.68852981620787,38.5481161046605,RD
1.76568337260231,0.855345774319933,25.3840317555035,0.50049834199508,6.5505264170675,39.8452997987006,RD
2.00187553645179,0.86045080519597,25.3680295445129,0.500926109930888,6.41460074426107,41.0004029562485,RD
2.29099736047496,0.893269409263699,25.309318552282,0.503792784952254,6.28165848695836,41.9936221854896,RD
2.64342095000512,0.881324619593215,25.2040320262925,0.502841070044683,6.15253812348349,42.8046608012606,RD
3.07105123066791,0.869378479961015,25.0472328265204,0.501891976739797,6.02801016348754,43.4125901546366,RD
3.58723203097806,0.854592195691296,24.8320924322017,0.500729636001579,5.90833497448677,43.7955436989238,RD
4.20590647833283,0.852092708384233,24.5538536088913,0.50039378834717,5.79509836654418,43.9319055306477,RD
4.94107930880988,0.856738753988339,24.2042500846051,0.50102858261855,5.68839801643293,43.7997946964057,RD
5.80621059332969,0.856678411137998,23.7735853346181,0.501243626923965,5.58878953779596,43.378975177581,RD
6.81040848557667,0.854198876358131,23.256036253991,0.500960036329741,5.4967946360314,42.6529241301809,RD
7.95747224351114,0.851814674070086,22.6460434155813,0.500511936336009,5.41292528162431,41.6114661786175,RD
9.24273002457135,0.873233047438466,21.9408700183503,0.508372018766029,5.3376806174315,40.2541628351567,RD
10.6506313531931,0.870215716588273,21.1418375811537,0.508961010862897,5.27155056592024,38.5935014456512,RD
