Cancer_Cells_010,Regulatory_T_Cells_010,Effector_T_Cells_010,Macrophages_010,Endothelial_Cells_010,Fibroblast_010,Cancer_Cells_025,Regulatory_T_Cells_025,Effector_T_Cells_025,Macrophages_025,Endothelial_Cells_025,Fibroblast_025,Cancer_Cells_029,Regulatory_T_Cells_029,Effector_T_Cells_029,Macrophages_029,Endothelial_Cells_029,Fibroblast_029,Cancer_Cells_038,Regulatory_T_Cells_038,Effector_T_Cells_038,Macrophages_038,Endothelial_Cells_038,Fibroblast_038,Cancer_Cells_040,Regulatory_T_Cells_040,Effector_T_Cells_040,Macrophages_040,Endothelial_Cells_040,Fibroblast_040,Cancer_Cells_041,Regulatory_T_Cells_041,Effector_T_Cells_041,Macrophages_041,Endothelial_Cells_041,Fibroblast_041,Cancer_Cells_047,Regulatory_T_Cells_047,Effector_T_Cells_047,Macrophages_047,Endothelial_Cells_047,Fibroblast_047,Cancer_Cells_062,Regulatory_T_Cells_062,Effector_T_Cells_062,Macrophages_062,Endothelial_Cells_062,Fibroblast_062,Cancer_Cells_067,Regulatory_T_Cells_067,Effector_T_Cells_067,Macrophages_067,Endothelial_Cells_067,Fibroblast_067,Cancer_Cells_069,Regulatory_T_Cells_069,Effector_T_Cells_069,Macrophages_069,Endothelial_Cells_069,Fibroblast_069,Cancer_Cells_071,Regulatory_T_Cells_071,Effector_T_Cells_071,Macrophages_071,Endothelial_Cells_071,Fibroblast_071,Cancer_Cells_072,Regulatory_T_Cells_072,Effector_T_Cells_072,Macrophages_072,Endothelial_Cells_072,Fibroblast_072,Cancer_Cells_074,Regulatory_T_Cells_074,Effector_T_Cells_074,Macrophages_074,Endothelial_Cells_074,Fibroblast_074,Cancer_Cells_075,Regulatory_T_Cells_075,Effector_T_Cells_075,Macrophages_075,Endothelial_Cells_075,Fibroblast_075,Cancer_Cells_086,Regulatory_T_Cells_086,Effector_T_Cells_086,Macrophages_086,Endothelial_Cells_086,Fibroblast_086,Cancer_Cells_099,Regulatory_T_Cells_099,Effector_T_Cells_099,Macrophages_099,Endothelial_Cells_099,Fibroblast_099,Cancer_Cells_102,Regulatory_T_Cells_102,Effector_T_Cells_102,Macrophages_102,Endothelial_Cells_102,Fibroblast_102,Cancer_Cells_127,Regulatory_T_Cells_127,Effector_T_Cells_127,Macrophages_127,Endothelial_Cells_127,Fibroblast_127,Cancer_Cells_129,Regulatory_T_Cells_129,Effector_T_Cells_129,Macrophages_129,Endothelial_Cells_129,Fibroblast_129,Cancer_Cells_138,Regulatory_T_Cells_138,Effector_T_Cells_138,Macrophages_138,Endothelial_Cells_138,Fibroblast_138,Cancer_Cells_156,Regulatory_T_Cells_156,Effector_T_Cells_156,Macrophages_156,Endothelial_Cells_156,Fibroblast_156,Cancer_Cells_168,Regulatory_T_Cells_168,Effector_T_Cells_168,Macrophages_168,Endothelial_Cells_168,Fibroblast_168,Cancer_Cells_172,Regulatory_T_Cells_172,Effector_T_Cells_172,Macrophages_172,Endothelial_Cells_172,Fibroblast_172,Cancer_Cells_178,Regulatory_T_Cells_178,Effector_T_Cells_178,Macrophages_178,Endothelial_Cells_178,Fibroblast_178,Cancer_Cells_188,Regulatory_T_Cells_188,Effector_T_Cells_188,Macrophages_188,Endothelial_Cells_188,Fibroblast_188,Cancer_Cells_191,Regulatory_T_Cells_191,Effector_T_Cells_191,Macrophages_191,Endothelial_Cells_191,Fibroblast_191,Cancer_Cells_193,Regulatory_T_Cells_193,Effector_T_Cells_193,Macrophages_193,Endothelial_Cells_193,Fibroblast_193,Cancer_Cells_196,Regulatory_T_Cells_196,Effector_T_Cells_196,Macrophages_196,Endothelial_Cells_196,Fibroblast_196,Cancer_Cells_198,Regulatory_T_Cells_198,Effector_T_Cells_198,Macrophages_198,Endothelial_Cells_198,Fibroblast_198,Cancer_Cells_240,Regulatory_T_Cells_240,Effector_T_Cells_240,Macrophages_240,Endothelial_Cells_240,Fibroblast_240,Cancer_Cells_248,Regulatory_T_Cells_248,Effector_T_Cells_248,Macrophages_248,Endothelial_Cells_248,Fibroblast_248,Cancer_Cells_250,Regulatory_T_Cells_250,Effector_T_Cells_250,Macrophages_250,Endothelial_Cells_250,Fibroblast_250,Cancer_Cells_263,Regulatory_T_Cells_263,Effector_T_Cells_263,Macrophages_263,Endothelial_Cells_263,Fibroblast_263
13.31,9.22,59.05,5.18,3.16,10.07,76.48,4.65,3.89,1.07,5.3,13.71,70.94,3.78,10.94,1.21,5.09,13.05,56.08,2.93,14.19,7.79,5.77,13.23,50.39,3.69,21.45,4.16,5.72,14.59,40.89,6.17,18.46,16.52,6.17,19.8,68.04,3.19,1.94,2.38,4.38,24.06,65.11,2.01,1.27,0.87,11.41,19.31,51.98,2.04,21.54,2.93,2.82,18.69,14.4,15.56,38.95,5.52,3.95,21.54,75.79,1.99,2.9,1.99,1.01,16.96,22.11,7.36,46.09,21.36,0.87,2.21,59.15,2.21,4.31,1.39,3.6,29.27,11.15,7.24,49.66,8.15,4.91,20.89,8.2,9.07,42.2,26.57,5.42,10.89,60.4,3.64,14.24,1.2,3.41,17.09,76.586,2.29,3.7,1.49,1.05,17.14,17.36,10.26,27.96,17.81,10.03,16.54,52.02,3.49,16.13,5.57,4.51,20.29,39.11,3.02,6.28,10.16,9.78,32.36,1.36,8.08,8.99,78.66,0.91,2.54,49.79,3.01,8.92,3.14,6.11,29.03,38.57,4.26,24.53,4.3,3.67,27.2,7.42,9.99,58.68,9.94,2.34,11.62,43.84,4.09,19.42,5.77,10.8,20.08,78.48,0.86,3.49,0.83,1.35,15.43,25.92,7.33,31.84,6.75,3.69,24.44,62.26,5.27,12.35,3.31,5.04,14.76,29.56,3.37,19.25,4.43,4.88,38.49,51.24,4.33,24.19,6.95,1.24,12.05,52.66,0.88,27.96,4.74,2.07,14.65,69.77,2.82,7.8,5.84,2.13,12.22,56.14,4.25,13.86,3.86,2.45,19.44
13.0275740145413,6.5057104778606,51.3162293110248,5.43841864283668,2.75781919362519,7.10215577609479,76.3616657813902,6.05939030520674,2.88096914711426,0.707250586010843,2.69019258474204,3.83604440923695,63.3169421151207,3.42074404648469,6.81600951897133,0.959158319961192,3.95927150175319,7.60226368886132,53.7493651857285,2.44016136323941,10.0760899132983,6.07604164449253,4.37026694070971,6.26374260627337,49.5004589139607,2.79190458435447,13.6625662865885,4.23320875313286,5.29108831912239,5.06553276335463,46.6200679629303,4.70787156653566,13.3038416831008,12.6561313920848,4.34140819312415,9.52063010628352,79.6349482085984,2.95628426038986,1.32984867700693,1.7788687636244,2.83192278361821,7.61537495286854,67.874278870426,1.89897122648297,1.00485722940747,0.708956414117367,8.27948982348347,8.25354104860328,57.9619718647383,1.56369885703124,15.7219624235108,3.26254814475842,2.57762949256786,6.27952183145868,15.2239186746024,10.1751395454117,31.7757505777215,6.01801737689168,2.84273487355912,19.1739666908743,84.4941590962133,1.98435662927829,1.72982654222938,2.06670703445868,0.907528974561475,4.74589611193233,18.8342584219027,6.34335858216437,33.5518133830721,23.6824867099433,0.904781820745445,1.790176303773,67.3128929717018,1.99436544422145,3.19744082773042,0.993098450218291,2.67686291324271,11.3268436111441,11.0224856116377,5.8313280371489,40.2644310017919,10.5480188741241,3.54778928215681,20.5717420798348,6.49497961239822,7.16676678377587,27.9972492874048,31.5798585267607,4.74002170737719,10.6588051651939,53.169447371311,3.37977517310582,10.3968204268633,1.10061073209749,2.87706210441677,12.1031550028974,79.8494739298563,2.21508621434663,2.06130321406743,1.18849859974598,0.900695467556117,7.35111961544344,17.4267798551038,8.33459736779957,17.9889690376138,23.8274591671894,7.29312461695679,12.5722133621553,46.6094977856704,3.04758590548111,11.9761593809682,4.92647777054829,3.83323401738977,14.8699189777005,48.7884605481526,3.02993184996785,4.72185313766076,8.72720489594569,7.06949114859758,24.2572766962865,1.48945853365696,6.48884343136375,8.5894437254193,75.0949675476269,0.902539946618224,2.68636719827077,52.2106518277374,2.6717761010371,7.1244324783292,2.54843650759728,5.57313629062158,18.2072874816085,34.498359566592,3.97977519336476,19.7168964443464,4.00372817607298,2.98522724024955,21.3164481650138,5.83256947049068,7.56804805461672,51.1024026064544,13.6789416782318,2.22105751717233,11.7105557962601,38.725669597267,4.30955227054481,14.7341833561386,5.11816394348642,9.16338970023207,14.7667760457896,81.8501275631317,0.851435373160631,2.44703366364275,0.6457057560064,1.20858751487399,8.92712313944489,26.4146470674397,5.52996561157741,27.5419874600311,5.80973321375844,3.01476537586316,21.2001078119751,61.9862760504383,4.6222634665352,8.57058336519666,2.64381340995437,4.01978013142278,7.74960476244909,30.9332817286009,3.22477613943676,15.112155875672,4.2870016522204,4.1313612912993,31.6489721315173,40.9783155153498,3.82004800791508,18.8499908624737,6.08918239369067,1.15527116803675,8.28239755326139,49.3337990679932,0.864362347652033,20.743208123444,4.28918091984583,1.63074710354738,10.7154275355512,64.9332322384312,2.72290040698847,4.58862885727674,4.61089825344018,1.69306379997627,4.06919785863765,56.6656313669537,3.95530661279437,9.98035612763804,2.83167053118186,2.3974638409946,12.8542224124443
12.6492752727589,4.87732437084571,45.6575191001059,5.45783558770249,2.5061335653124,5.09932191902277,69.5035373295778,7.39668419171139,2.19428112463231,0.505517486871095,1.4444927612396,1.17334962013443,55.3991220772779,3.21889822829146,4.59488111477191,0.781435819925533,3.18198352760192,4.8531229862142,48.5201125442025,2.12443855766755,7.57840805056649,4.64540645934666,3.43576215061901,3.23711941165053,45.4781607621905,2.30467394192338,9.04181374764237,4.28853573361613,5.20655026633863,1.87937523507005,46.1928479585654,3.81762571253578,9.78737822355162,9.62656229391293,3.26385486432939,4.40089706919309,77.9832298516655,2.7604725323937,1.00254020920075,1.28665289788982,1.96076164316461,2.2880520305375,62.696837023657,1.7886586131443,1.01390331247373,0.572794019193036,6.3964119598354,3.62841064359116,57.633278708615,1.27387689204252,11.5699037371661,3.36492484820193,2.39150778460709,2.02329658909572,16.1137377192612,7.12308809501877,26.9377039948706,6.32248699909766,2.09947050551,16.7602657776661,83.8091305463264,1.9865669220276,1.01222894825335,2.03955086307176,0.907346123872004,1.29276114487194,17.3047735271938,5.74440601841047,24.9130625522989,24.0957841617819,0.900143348882742,1.50880312998372,63.0324986848058,1.79170216502659,2.37719238734398,0.686061629890048,2.15480122386806,4.37327890965354,11.5418209860784,4.78505349241472,32.9572963885926,12.635271332368,2.6372525047262,19.9493729655635,5.66802156098056,6.01489096784274,18.4026022464178,33.7449177404793,4.16275344571989,10.4685758013034,46.375210596435,3.18593692176805,8.1479881291502,1.00285062343699,2.48750065491471,9.24680238684226,78.9714659183987,2.15305227016366,1.15918604921938,0.925497140993977,0.951661995718554,3.14473175150709,18.2958331659251,6.96622220238512,11.0308207781429,28.7040429346972,5.29838776233658,9.3884108147565,41.061701793164,2.70304989977036,9.5435638185723,4.29300722677247,3.35744078647824,11.5577255288748,56.8587866381275,3.05069722487883,3.43718482671827,7.03720497172577,5.15748850526629,17.1193338360029,1.61673099141698,5.32218237729773,8.27747051986423,71.8763990546331,0.907926940091705,2.85283094918401,51.2416251787571,2.39279758264259,5.69881631881826,2.03444182558337,5.19601012664718,11.6475071203348,30.35013017233,3.7941431360395,16.7096054136975,3.62395725595552,2.4884478446518,17.4380487501724,4.99027063176455,5.98902684186534,43.4923187540849,17.6927081069704,2.10917144226732,11.8335673718195,33.6823543097577,4.58494810803039,11.8551942624344,4.5533480479084,7.99549709964537,11.3709918665085,82.1277023908567,0.855002154150423,1.70761835569086,0.510745586934775,1.0919148430234,5.16903803413133,26.8240034385765,4.25838969706171,24.1783413020458,4.95169880918136,2.49320090292235,18.4426233977006,60.2312937032764,4.12147013016676,6.10137709874403,2.10534900917154,3.30819490576458,4.15858483335339,31.4536072029636,3.13865362513756,11.9757135011915,4.06967242416873,3.57197770943104,26.3428968065418,32.9519706882813,3.45511238983076,15.8314126201308,5.48723586905338,1.1068882401198,6.29514117651025,46.7571622746928,0.871170497504109,16.1793793144904,3.86645297048458,1.30308463635084,8.16194352279025,56.2290562862342,2.70402458419768,3.00763247224515,3.73100381971705,1.41362023862764,1.56277888993631,55.6926311432984,3.74576430168017,7.35077724199883,2.05725473447099,2.37991085795452,8.62189998499209
12.2437903738726,3.82034819919287,41.4230519972523,5.30627058722236,2.34161632606003,3.72242753962941,62.6747139661809,8.67772936492723,1.74420781000941,0.502954570301088,0.774394271294892,1.01447590930456,48.0213369197628,3.09503129565373,3.31847415177695,0.65584311626601,2.62870245329882,3.37226182412876,42.7582474780969,1.9009098154411,6.05935758131691,3.54752294136584,2.78062957386325,1.85148104487119,41.5555958988166,2.00474898865865,6.2173246889925,4.38089192890934,5.26898775588026,1.00868276533777,43.0027346331508,3.22573531236163,7.49110037655317,7.42633848470008,2.55901521923875,2.12669891952267,71.8484192481037,2.56214541856992,1.02488816578708,0.944063254032725,1.40954482468033,1.02146283062798,55.042080047919,1.68070604302131,1.00403032437016,0.5012541269477,5.17584743287594,1.76261435377302,55.951474572373,1.08272563100262,8.7161881174419,3.33214341200644,2.24604864307771,1.09059063107018,16.8572607046195,5.23256617888478,23.3530759515612,6.45267944232697,1.58535759103841,14.4425114489098,81.3743684020951,1.99191581113571,1.04487247514996,2.00271778688634,0.92841290616742,1.10927535133197,16.6633166416223,5.39341203150829,19.0030894045074,23.0609414426679,0.900758681297031,1.2978114187914,55.0812403108955,1.60630815233051,1.86644264633777,0.503101772225784,1.82685167844357,1.8950434468707,12.5603106263372,3.9916837324924,27.0455183240602,14.1907824651614,2.0024235945742,18.9516057142876,5.24104293719599,5.26375325566775,12.2337144929947,33.6391959805059,3.67781012224313,10.3101242265029,40.2824783661096,3.03165004677681,6.77403472108502,0.91817339618416,2.19333282248612,7.53616059603048,76.5226664937037,2.09376567779297,1.00657385694981,0.718981007663173,1.10555637750446,1.37221677599702,19.7215701673856,5.93227438762232,6.4750988804943,32.0370344684229,3.84124720036519,6.87129730232959,35.7575466257858,2.42109076170495,8.0808322599122,3.73945662457716,3.01284186012952,9.48500412644577,62.5627954122474,3.08395158418216,2.45608778361533,5.40263424202683,3.79376037066206,11.5581823092358,1.74060756198726,4.43974436872745,8.03567858126526,68.9316168934372,0.904829386875068,3.04032894043121,48.4687368285917,2.15818436557769,4.64496898799839,1.62276640753228,4.93750327382854,7.6963272597959,26.3653494507099,3.66482334764118,14.8317709970233,3.23955927716948,2.11583528638646,14.8524561384798,4.61478971212128,4.92071756200858,35.9914383011903,21.4302371356037,1.99782726388954,11.9285598594887,28.9703599978755,4.89494723419596,10.019923402722,4.08165523570005,7.13200174623647,9.14672558729046,80.7001628229261,0.851841226796573,1.203562230142,0.504217563645552,0.995711649276764,3.03700820023776,27.112206605562,3.33290357349124,21.4788621400055,4.1862618328069,2.08236803724237,16.0911166053697,58.0699959943389,3.71696123478401,4.45874106014086,1.68493270769331,2.78641412622902,2.28499133790823,31.2584575071877,3.09374827412317,9.59867018072398,3.81783683593998,3.14278612506682,22.2495721674681,26.6048933216407,3.17360766285388,14.0797356670365,5.066103905677,1.08247813315227,5.15353723141475,44.6152904576372,0.892963385952471,13.0844033597533,3.48230885419178,1.05234342596886,6.41048799342509,47.8115589173934,2.72414525403504,2.16351666969812,3.12312703834339,1.22109148715675,1.00134830432427,53.8449072907076,3.59047033519748,5.54904444070611,1.49276064472388,2.3904557566966,5.90260625039717
11.8406307737461,3.09189939018241,38.2220780961881,5.04422808038094,2.23146314258856,2.75836362367168,57.1812515603259,9.90692019220262,1.43618474952573,0.509614134841529,0.516281019838258,1.0449745849367,41.440578881678,3.01388539434639,2.54291010157704,0.566188340061944,2.22260750147753,2.52655826488677,37.3005054174678,1.7301373635619,5.12214523862271,2.72710708141623,2.30349581367545,1.16690311527696,38.6124234001191,1.80202187162815,4.40355683241828,4.51829224437446,5.38887213093552,1.05320401180016,39.0298287813233,2.80096702644433,5.98582586521647,5.85058184822751,2.06366759358029,1.10754606845386,65.892802547614,2.39881879562649,1.00213411688692,0.711451062613743,1.03638745032151,1.0065865712776,47.2846502052957,1.57683096413408,1.00021314221262,0.50006843196749,4.34175030030553,1.00051541295883,54.425602534521,0.9477972832426,6.71511234060129,3.22103084395886,2.12859149967955,1.03686339393631,17.3444351918753,3.98755970197569,20.5677283852752,6.43560804076605,1.22095386425519,12.3341862965107,79.2947720991391,1.9973423112417,1.15493661147173,1.9836705201286,0.999758826099039,1.37840391029156,16.4802318691923,5.20212069588708,14.9854140025312,21.1415495478089,0.906752742706979,1.12855122238207,47.0103728124604,1.4380675238077,1.56028785021414,0.50100450957412,1.60790159988412,1.00394556875606,13.9621173717649,3.38032396366631,22.2250040235659,15.0784126932834,1.54772795004189,17.5704426144998,4.99689960357794,4.74543119341245,8.35407276502547,32.1356384680708,3.2742749512988,10.190439942806,34.9357835975313,2.90270362846548,5.91673582686688,0.848816463336712,1.96520859754886,6.48846610207427,73.9907636565216,2.04643871277016,1.01430191217529,0.566078840779969,0.912807506181703,1.01971011060659,21.4963266061719,5.11456456942475,3.67526534664953,33.9305018100217,2.77959730501148,4.92632736659682,30.8893826776928,2.18231451232729,7.20589322593743,3.2794942416478,2.75769073742991,8.17409257088213,65.8957335902768,3.12829588579232,1.74551899438583,4.01006161256161,2.81259698793999,7.5977600270515,1.8599818259009,3.75560160225647,7.8511504278736,66.2128407510898,0.907955443650306,3.25012077268795,44.9313766190067,1.95717217990064,3.88827115740058,1.30403180075345,4.7693625810785,5.27901789462278,22.6800334439117,3.56991761622602,13.7015652797091,2.88712037492485,1.82839343256151,13.1244084500631,4.56838197939644,4.18037068598177,29.0643020792971,24.3274447417366,1.88630170597391,11.9690375922552,24.7154434878392,5.2248127928487,8.82725835881826,3.69333580076861,6.47493612777359,7.656120121975,78.4148544915549,0.852059754998484,1.01153121666627,0.504655208053549,0.916172158547305,1.82304819263191,27.2687938555269,2.64302020664854,19.2743424280722,3.51586251780522,1.75365222291085,14.0854841884607,55.9445718938315,3.37933612696521,3.33634206526736,1.3588555090511,2.38884239851662,1.28349135828077,30.5083046366309,3.07819656221021,7.79488704698589,3.55929013020179,2.80661438755443,19.1073781113905,21.5331470225735,2.94409173862847,13.09199381094,4.77346850374365,1.0751639258968,4.46501606832697,42.7536306257146,0.926050515220777,10.8812338176162,3.13882724507917,0.903619605622767,5.16056411922698,40.6934966557771,2.76603737880949,1.67559416847907,2.6971208357159,1.08052326350004,1.0006726174344,51.5420405537904,3.47104299607391,4.29511226287983,1.08716964573218,2.42456884449345,4.13706664635983
11.4495703777065,2.56519577211963,35.7984227478407,4.71997532058829,2.15727408649012,2.07188546824968,52.6815573242657,11.1349683567702,1.2158814182288,0.529658558004142,0.555703767423031,1.133961581521,35.686314919669,2.95794137364285,2.04975040039599,0.501555334228609,1.91639680700954,2.02135893028917,32.427485866703,1.59167514731771,4.54356405467042,2.1167093677537,1.94451005575453,1.01426636047069,36.434901412198,1.65509527114645,3.1846701123261,4.69353469358057,5.54036420707462,1.00270040341497,35.187510893859,2.47712068625353,4.97757970944024,4.70965395386371,1.69629450866089,1.00352726346424,60.3362267075633,2.24855074200167,1.00230731066879,0.549909483024634,0.775471486786256,1.0079389496353,40.3446053429001,1.47802448743536,1.00058635116019,0.50019663241772,3.7445897619984,1.00144211411741,53.7635735736846,0.847390502478885,5.26349148086219,3.06479110625783,2.02767547339773,1.11718884669373,17.5378522401367,3.12840632890699,18.3587249283857,6.30390597308728,0.956908828914934,10.4994409553596,77.5394169270238,2.00279493499733,1.13701473151566,1.97922176138976,0.989312010702079,1.33511971146475,16.521217228898,5.12072730710579,12.2540203454791,18.8078486840021,0.908685562288136,1.02349852431953,39.9810399529897,1.28586286114536,1.37937814405362,0.521355306314186,1.45430208680737,1.07356307567318,15.6068645878357,2.90249759186757,18.3256445017404,15.2715129474178,1.2161702714347,15.8633261271432,4.83064307790154,4.37240896067632,5.90888763498126,29.9372725057398,2.9394467637075,10.1159065056155,30.2929066196208,2.79088819565922,5.38596853472722,0.793796432175704,1.78424484524689,5.85244371120389,71.7447849645817,2.00052230196942,1.04975033349408,0.511050917508686,0.916181272882856,1.07647234756993,23.4456191148494,4.44716819284267,2.0381488451006,34.7142563089462,2.0086509285442,3.46152314031951,26.5328395745469,1.97513645293465,6.71361317317927,2.90581263428831,2.56560531227314,7.3550798427659,67.2982487677375,3.18121368984033,1.2462843604022,2.91609988347317,2.10107222978746,4.93786196893661,1.97391068113405,3.2143645731587,7.71451999912098,63.6873037126371,0.909528990868727,3.4837297073592,41.203231751589,1.7822629117296,3.3506989782458,1.05968620303922,4.67180758433452,3.76048918898836,19.3573643558602,3.49587780256539,13.0952869640185,2.57997833479856,1.60118963699561,11.9846451305667,4.77542767993014,3.65783365483426,23.1254060755052,26.0349306987124,1.77691891303849,11.9501691208737,20.9569836511061,5.56304172165976,8.05255595005588,3.37456697598057,5.96267148801539,6.63898918156494,75.6404272765855,0.851383591169963,1.0072626204156,0.50301498976791,0.90153860909158,1.12212310800685,27.2979655688176,2.11859058794035,17.4518372168269,2.93735214596542,1.48723299333234,12.3755282278525,54.0497777927763,3.09064349206296,2.54777486477552,1.10492131750748,2.07626287828397,1.04729382888711,29.3594336689632,3.08385704831763,6.42161467784913,3.3111987385222,2.53889818749845,16.7063482305659,17.4470116768979,2.74877894037189,12.6075598134539,4.57485757709115,1.08080887636228,4.04319683945706,41.0965556042539,0.968672643573353,9.25587497235784,2.83487430289033,0.906113092682249,4.24195004823284,34.7932837578497,2.82125124254409,1.37480364092595,2.3902532943118,0.973923426362444,1.05315889370286,49.0426466063119,3.37619352514298,3.40673819740888,0.796889317730549,2.47920128574463,2.97178495875721
11.0717662343453,2.16890027737125,33.9748384417684,4.36922060030959,2.10805822488634,1.57562914367592,48.9337606430436,12.3478878880475,1.0523356316062,0.511066195940167,0.522678900576686,1.0484990411494,30.7068127589259,2.91752625681375,1.72482471634935,0.500926389582219,1.67982414478693,1.71143717486876,28.2335513328618,1.47412910142104,4.19693278295185,1.66023765450153,1.66592708845156,1.03275648053339,34.7721515377972,1.54270786651091,2.33805712717313,4.90079438783342,5.71436206541007,1.15349874061284,31.8190948288784,2.21860738921983,4.28191952276582,3.8652910730006,1.41205316022943,1.08541119259054,55.1935932683392,2.10998863037358,1.00210148081449,0.501091780083723,0.589427181010179,1.00764245735564,34.395469243999,1.38422394089576,1.0196624195575,0.506949480335405,3.30054220738891,1.05082335327441,56.0253558882838,0.769663051508241,4.14970359279479,2.88245515201937,1.92090583115498,1.32728046807759,17.453663723077,2.51268062038086,16.597472108803,6.09178963814491,0.900273720165004,8.96163500193963,76.0511068439661,2.00821832648575,1.12038384446673,1.98683275761712,0.979271306731288,1.29459728837932,16.6677050713755,5.1187263819462,10.3901834783697,16.3840942775115,0.901408755813916,1.00423283383511,34.0558786655738,1.1487554257033,1.27895448318273,0.511671994610101,1.3435989775929,1.03516062283903,17.3145640500254,2.52397396740898,15.2158759299037,14.8448297332015,0.971203233758255,13.9458942578003,4.69068237155809,4.09574618894977,4.34142564907685,27.4900327459321,2.66085915666618,10.0897349973524,26.2818935731577,2.69110897621346,5.07561481068816,0.751282676012562,1.637807368717,5.49098144919853,69.8241255058299,1.95575294737595,1.00280819544659,0.500620508457912,0.900917495493079,1.00434366154056,25.4324810254354,3.89121273550289,1.15980265165874,34.7301970357945,1.45026242530134,2.38646752821603,22.6973230254497,1.79215328763748,6.48943465225519,2.60535991658818,2.41917557029223,6.87154217587706,67.306756692801,3.23987239346097,1.00279724415846,2.09886500976934,1.58108033035858,3.20970764067937,2.08166108253036,2.77889005435318,7.6188231036687,61.3317976356843,0.90145875294836,3.74290025182375,37.5704298835107,1.62820852129775,2.97123021791595,0.871972175617748,4.63086009567059,2.77710490469855,16.4144129096979,3.43374175076352,12.8779198978856,2.32012744236238,1.41768802753436,11.2640118364025,5.18811305555743,3.28337819424038,18.3499869895609,26.5070459687206,1.67278815855818,11.8781077833009,17.6856503307787,5.90006815599045,7.56361056555665,3.11206116658959,5.5547535514082,5.9375079560731,72.7404170350855,0.858868762846717,1.0431147677949,0.518445240550413,0.90887739195474,1.06816532746595,27.2118191575746,1.71341511530175,15.9319612410131,2.44403762520457,1.26896421756742,10.9181054164443,52.5267314026451,2.83933426303725,1.97793883744074,0.905472576439754,1.82319649623194,1.10081657906958,27.9486046613228,3.10497202009029,5.37055898378192,3.0828098874351,2.32269493309373,14.8813276519076,14.1348431896603,2.57679444643982,12.482715430445,4.44734200035932,1.09677385762869,3.79113233345365,39.5946501672133,1.01981004919977,8.02337807596825,2.56705296112087,0.971036989836387,3.55036791341417,29.8172760614409,2.88519223003933,1.1814518210759,2.16362120729856,0.907576748714739,1.03988129325308,46.4983351808305,3.29877746393583,2.76577680503115,0.588719554115536,2.55225120118223,2.18766859876432
10.7051727862645,1.86049854412115,32.6243774111452,4.01675424514911,2.07691648315915,1.21204329904533,45.7641760946453,13.5101234902233,1.00283325874412,0.503946010624619,0.508797572705416,1.01680425936365,26.4202361355782,2.88703411681534,1.50537250625539,0.500899472941823,1.49306238541251,1.52123597537172,24.6101426248867,1.37073194181582,4.01025690463243,1.31538834461679,1.44506854431007,1.01736863460275,33.4754643551292,1.45290934692316,1.73555493222337,5.13618852700127,5.90436290244388,1.00477741283551,28.8303018243101,2.00501840113639,3.79084431833536,3.22504625922996,1.18829808826185,1.04304942719662,50.4723142369919,1.98177280755855,1.00197472059478,0.501108832552954,0.501397034004378,1.00767003058603,29.2980274656787,1.29576570050245,1.01222872899453,0.504632637726416,2.96297625814452,1.03377272069848,58.9521986648588,0.707958047938022,3.23047881226021,2.65510627462987,1.80465038437309,1.64273022565499,17.1390569249002,2.05715911638922,15.1972793062898,5.8301768591103,0.928197837033251,7.70971740711058,74.785185379711,2.01356616468269,1.10476552801925,2.00460983894506,0.96955542006082,1.25629284938492,16.7512619534534,5.16839365184122,9.1203260266872,14.0561466476708,0.90195281274727,1.00629514181871,29.0386649993521,1.02556345931172,1.23427848657191,0.524950043471249,1.26371746136906,1.06377646292525,18.8886550001178,2.22160397944529,12.7739433025787,13.9435592769029,0.901090625690578,11.9720305941343,4.55254199687835,3.88626569248223,3.31228878882548,25.0424217263388,2.4275958594601,10.1128784050117,22.8252228955019,2.59999787913725,4.92396195005067,0.719474080330984,1.5171576092726,5.3265270050617,68.1716566146697,1.91215185964642,1.02177442088237,0.504835911709177,0.907208107599398,1.03358621761625,27.3228599012881,3.41910421916021,1.06313403202929,34.3075354650145,1.0465387008032,1.616835373485,19.3573782621549,1.62836375334356,6.46774670780142,2.36519179236528,2.30648706826063,6.63102062521902,66.3030958813508,3.29945328850128,1.04168101565451,1.50832819879867,1.19827687270052,2.10415879962688,2.18274411270524,2.42336536308077,7.55876202588666,59.1293806429992,0.909195399739469,4.02956332711515,34.1618129671721,1.49124729323216,2.70657737678111,0.726613626051566,4.63653634533858,2.12047487034762,13.8411337057556,3.37724263655694,12.9658773893194,2.10469466160692,1.26659507646327,10.8546475863361,5.76865960452572,3.01178934172303,14.6848839874085,25.9296787435178,1.57637001376729,11.7617428046832,14.8673301138583,6.22778420494699,7.27941929695457,2.8945164290565,5.22371301771407,5.45363592358102,69.984780288538,0.876664617903849,1.11910412589812,0.552716074733555,0.923893787427033,1.19228181796642,27.0259340056201,1.39602988132675,14.6564375586111,2.02733689192427,1.08847957680576,9.6758028315315,51.2995503229402,2.61761299161041,1.55562790874915,0.746819536174469,1.61420133069302,1.15264881251508,26.3872382091216,3.13737728467625,4.56064759763772,2.87809496963811,2.14597807065648,13.5050902689234,11.4385198695146,2.42107929770888,12.6345645818709,4.37545077373365,1.12129501449508,3.65470340461972,38.2126443896935,1.07883876269567,7.06852408212288,2.33128132833284,0.902716921925676,3.0191390081012,25.5966213289128,2.95534245818632,1.05444379597468,1.99334700097032,0.909998910830365,1.04991219811708,43.9979089260865,3.23402345074348,2.295104857547,0.500455026998023,2.64211251751457,1.64916375261304
10.3511162470463,1.61342539604702,31.6537779844243,3.67878770589397,2.05884383278809,1.02103778207752,43.0071968444335,14.5801524723881,1.02108956701689,0.531907080331559,0.577473184640374,1.13179029049732,22.7384402849207,2.86311696271889,1.3553362141437,0.501486851067514,1.34279313389534,1.40969818280687,21.4608934113719,1.2772271983697,3.94300078770599,1.05214444730702,1.26686155147482,1.010315768251,32.4514264492208,1.37852373702162,1.29891075908367,5.39683891868921,6.10532237515481,1.0480457176252,26.1641924106377,1.82384750568267,3.44015454094759,2.72953735852405,1.00940908441209,1.00966937525457,46.155821618573,1.86333646249725,1.00121331104574,0.500747972020126,0.500995711998603,1.00509922881075,24.939861588496,1.21257762602285,1.00058075097801,0.500242570103064,2.70123144226965,1.00176162096429,59.3964272220392,0.65793548826816,2.51872320943357,2.40606205676774,1.70556704271382,1.13033400900265,16.6457277222139,1.71027398854585,14.0935355661644,5.54289170016317,0.919218137099942,6.70635051503351,73.7061767095958,2.0187989021111,1.17534128292808,2.03109920875879,1.01722793975425,1.42841477709595,16.9232817461464,5.27327916656616,8.25734320865236,11.9462170446446,0.905288202760156,1.01790337499619,24.7762205744759,0.915078671822133,1.23208543963261,0.534465793738035,1.206705471714,1.07307577305445,20.1608916939961,1.979374232753,10.8843091967116,12.7402185898254,0.910966387115298,10.0905183705766,4.40606185200934,3.72556453788389,2.61886066782653,22.7196998479996,2.23066266013406,10.185148996331,19.8493901021124,2.51520759638094,4.89425429735668,0.696872169070212,1.41608606449441,5.31471488944499,66.7169530216609,1.87010001489846,1.02855164050856,0.506250750416864,0.909402158739558,1.04463921505952,29.0218064511519,3.01234377650664,1.0116528312723,33.689494682941,0.905528479011194,1.0788018224215,16.4710837075288,1.4802342936833,6.61060085979259,2.17434564400506,2.21912164667875,6.57839164934993,64.6418108772322,3.3583100466655,1.02442724946324,1.08755650769359,0.921379408067755,1.39934905108782,2.27694051663431,2.12944001135467,7.53023628847027,57.0675028573724,0.906610514933333,4.34581025327499,31.0249649468709,1.36859816732662,2.5272027204786,0.612863735145323,4.68160253038482,1.66913065557354,11.6129470218269,3.32179523526823,13.3057618048961,1.9292236902981,1.13999265641142,10.6867054831408,6.47964981169497,2.81334526798904,11.9532798055057,24.5880332969283,1.48898121142292,11.6085026471925,12.4572441424131,6.53939966792345,7.14852802010931,2.71280788610148,4.95035455124439,5.12484560231318,67.4044717575408,0.859075859233924,1.02885025025151,0.513947211135137,0.907376443173469,1.03577819772003,26.7566988524848,1.14452132640422,13.5812273551912,1.67795671628411,0.967386985539012,8.61625447650488,50.2915135533074,2.419982854044,1.23624406654618,0.619217603382831,1.43891048074259,1.01632080741066,24.7614667578311,3.17799615508832,3.93165531607533,2.69780255584417,1.99997069034024,12.4810111660991,9.23745399314496,2.27683998156085,13.0137878406055,4.34862455560232,1.1531456970918,3.60194827049976,36.9065713954365,1.1448138515082,6.31651977686087,2.12258999719928,0.9073415192714,2.60425981116839,22.0035975720335,3.02975441090344,1.00134395956946,1.86395351607936,0.901071479272951,1.0049288274639,41.5997426075755,3.17831931819852,1.94348355955575,0.513211543839325,2.74718235008471,1.27153885151802
10.0359683426377,1.41045001359285,30.9895097293925,3.36490113378473,2.04701378378842,1.0010776218995,40.5931525035114,15.5409336878611,1.00805304750042,0.513106139402604,0.533997041056358,1.05274891327938,19.5406324673959,2.84642172076516,1.25590992095941,0.512149412862685,1.21981104967461,1.35387620947803,18.7128846145744,1.19079051762272,3.97225130315547,0.849184742108747,1.120815546821,1.03080554468969,31.6471947299351,1.31486461480403,1.03372069185857,5.68052065988245,6.31212505888848,1.07772740258206,23.7733559827069,1.66701583557125,3.18999007261962,2.33921679713539,0.864519345783314,1.04090410879771,42.2116545751421,1.75380180542548,1.00226504415389,0.501565994559744,0.502194809825184,1.01018193652314,21.2194610824747,1.13449708573608,1.00885674676931,0.504534300617969,2.49481803098381,1.03272302042796,59.5432825971699,0.616346799365107,1.97370155905959,2.16254581890654,1.61551200649205,1.01579337805574,16.0225559992424,1.43931799845482,13.2361028850071,5.24768368311564,0.911097471050301,5.91097134290652,72.7855813407854,2.02388229326674,1.1838501660094,2.0651581567616,1.02351743754857,1.44835710795128,17.0563718616237,5.41508093991272,7.68122055885208,10.0798423165938,0.90870287624205,1.03019620132008,21.1512296217327,0.855123349846747,1.26541843884525,0.505879440436233,1.16684682517381,1.01039534213981,21.018218226843,1.78234618361742,9.44246815454264,11.3937098081339,0.904167440425458,8.40337803194033,4.24865443551076,3.60145167607836,2.13988776327474,20.5768940138998,2.0628664379001,10.3059281853452,17.2884773797062,2.43501838722347,4.9642015094778,0.68234396932116,1.33006733068694,5.43038503018651,65.4447203094414,1.82926567171543,1.21597644896204,0.547056569763549,0.971394648298404,1.33951200244803,30.5717256619344,2.66274224695328,1.03229378380582,32.9636867038602,0.915331521038934,1.0220555207068,13.9905152976388,1.34517394180205,6.89606826480616,2.0241952117409,2.15094802647467,6.68103815215305,62.6137448852648,3.41706118649146,1.0050759934009,0.78888141991856,0.90445391987828,1.00722459924298,2.3642984331737,1.88368001904055,7.53000244480313,55.1363107075264,0.901698906312853,4.69383631073231,28.1670975966719,1.25813898549196,2.41326942902127,0.522827699082354,4.76072090943674,1.35055867958407,9.6984583416157,3.2639515749176,13.8619777837337,1.78917999204558,1.0322178042432,10.7145669773467,7.2796297474904,2.66823142074829,9.95027735130048,22.7649361500653,1.41092068893256,11.4237036938418,10.4077466396621,6.82942568706844,7.13721293419862,2.55974525874551,4.72095844999679,4.91030368075005,64.9259047485022,0.851260512960738,1.00492013959324,0.502307066096023,0.900940811642638,1.00823492288175,26.422046967681,0.943305987797862,12.6720600823816,1.38682060270502,0.909484447823649,7.71219746541765,49.4390222927276,2.24239118101102,1.03154534064388,0.515685057181218,1.29011730269847,1.07501078134437,23.1349264129183,3.22451124047944,3.43908274866827,2.54090044009721,1.87813390300878,11.7365414935592,7.43805621710316,2.1407169687281,13.5903994466529,4.35962552519894,1.19144046083409,3.61306782744831,35.6967566312096,1.21869608395238,5.71703947938125,1.9396493434699,0.902908631612035,2.27605086368582,18.9264751796078,3.10550424238921,1.00133012925044,1.76518581621053,0.901379830778423,1.00567252694268,39.3249628195087,3.12961400151045,1.67690985002397,0.517911797918271,2.86644478928446,1.02975056570289
9.75742866253182,1.24009362538939,30.5719762519718,3.07868779897306,2.03844526585357,1.00646290544073,38.4619549199074,16.3836385145913,1.02171097320614,0.53858599039092,0.607126133740332,1.15078782734884,16.5927607185208,2.84771969462325,1.20740382849974,0.660121995834788,1.11780052301951,1.34290572247545,16.3059606385975,1.10947608103548,4.08570686131775,0.691264239117852,0.999507687329567,1.00117358872376,30.9748327548618,1.25657882993365,1.04755590980916,5.98600119305717,6.52281266886266,1.11234294325009,21.6205736924585,1.52905520094899,3.01469043558694,2.02697219329932,0.74582144375435,1.01583751451293,38.6070777761634,1.65229757350728,1.00193272669886,0.501556311448574,0.502338793723315,1.01028262068911,18.0470743452146,1.06130855197831,1.00230554383107,0.501722114587288,2.32963321714098,1.01232509664367,59.7726399232005,0.580974902882838,1.5544419878572,1.93291822758473,1.53265434060068,1.15330490406641,15.3116842146935,1.22288682936665,12.585361134697,4.95708214545213,0.920584469251542,5.28646167107951,72.0001250406321,2.02878627131117,1.19261853081376,2.10586074997086,1.02985393691569,1.46853610002224,17.1352734443073,5.58631154247727,7.31542035999486,8.4636029398391,0.900227862080246,1.0007914689433,18.0525445849467,0.853098262569524,1.33150819822593,0.50336570551093,1.13969217921864,1.00467229104901,21.4198013431371,1.61922611289274,8.35891411745433,10.0299173046608,0.933067627848836,6.96406283553739,4.0815943406382,3.50550875361855,1.80167635902333,18.6311686079075,1.91852488499991,10.4745370442353,15.0848397122423,2.35811799098718,5.12033448472697,0.675103958744509,1.25573151199111,5.66025835303418,64.3276583897225,1.78959650099715,1.21904087483022,0.547544245553106,0.972618557429495,1.34578185649561,32.0248119460662,2.36152127375295,1.1185849317042,32.173024265878,0.956485726507394,1.08337597796802,11.8674383050581,1.22123404450178,7.31164559273596,1.90823279305027,2.0973745747734,6.92051603422324,60.5117002309695,3.47622585545184,1.04407586087094,0.576678599190555,0.940926003770912,1.06354008461604,2.4451315378677,1.67613287612433,7.55545717420658,53.3279548548385,0.901399508185321,5.07588689493542,25.5763449491465,1.15820169789342,2.35160637642652,0.51324805992549,4.86968616624441,1.12027735784989,8.0642003452345,3.20109203427074,14.6087483404605,1.68063274807044,0.939136074024615,10.9081272208585,8.12285434455914,2.56297823378784,8.49367527991581,20.6932592861132,1.34181404836383,11.2116817740932,8.67255803586352,7.09367045475266,7.22263075512759,2.42972321377483,4.52551589738203,4.78266803375168,62.5712059400078,0.86834977312309,1.06547414979454,0.531982967849758,0.912061106242221,1.11247928890006,26.0395442610977,0.858069021478834,11.9014640781897,1.14534177687082,0.906418388193805,6.94025230572537,48.6839818457907,2.08064097240755,1.00482644347228,0.502026965397208,1.16234954151705,1.01147628134825,21.5527078250516,3.27514580942774,3.05005471738046,2.40549004881152,1.7754968928855,11.2175352187133,5.96660610019034,2.01031580302786,14.3457864904078,4.40352927782027,1.23551524599513,3.67524919619142,34.5519071087373,1.29989593385629,5.2339609612297,1.77806016580274,0.906608380368242,2.01313463238914,16.2884662719632,3.18179543339443,1.00431433661474,1.6896816518181,0.906988112798489,1.02460289884757,37.2095522230866,3.0866355986019,1.47219938010402,0.510149504738822,2.99850675976984,1.01598425231527
9.49937671211981,1.09453646861359,30.3570453657687,2.82110779975257,2.03269375459677,1.03402206899843,36.566808045594,17.1077319898078,1.01090458827178,0.520997965867315,0.561401647844536,1.08003148826783,14.3167597572445,2.83066157202753,1.16501529296267,0.64250140121017,1.03179266918865,1.36800864709833,14.1904307160773,1.03189097498294,4.27794136794592,0.56733148423663,0.89754722935534,1.00049537009186,30.4008544614657,1.20089670196686,1.03009094947359,6.31303534976335,6.73464308675125,1.07041568101283,19.6756966899068,1.4061193946283,2.89727800365241,1.77373378758602,0.647587635044118,1.01260182652717,35.3123980051853,1.55806055096851,1.00107581393252,0.501058485163531,0.501697258660289,1.00684509045421,15.3442833108667,0.992769285947987,0.999937142828816,0.504936895407547,2.19572586729554,1.03461324157977,60.0526905210069,0.550289687264775,1.22898542855031,1.7199081976298,1.45583870150443,1.02946970675072,14.5471287956921,1.04657624390936,12.1099815656608,4.67940568193372,0.901715559309136,4.80121560337154,71.330807621268,2.03348437786885,1.20167522651496,2.15244575713773,1.03624443288104,1.48904354794702,17.1524739418811,5.78075239121913,7.10963002697219,7.08479352817196,0.909789129647794,1.03322275662984,15.4040099576284,0.870936099397335,1.42995373719938,0.521348104959683,1.12223820655092,1.0212148681895,21.3888278659553,1.4818267153301,7.56039324097749,8.73449573578901,0.947792681252181,5.78300130104478,3.90792346209009,3.43171605382492,1.55848695454508,16.8802056654998,1.79316116693707,10.6904033717918,13.188745502946,2.28346895961937,5.35461210585908,0.674683401851259,1.19051748167662,5.99863000207263,63.3428524660993,1.75104745463348,1.22232447694453,0.548089131308106,0.97389995651678,1.35231296798157,33.3614696960313,2.10101029763437,1.01202236406171,31.3409635678617,0.905750699572677,1.00865886731577,10.0562779383265,1.10692115105918,7.84999349176542,1.82176253195612,2.05486200387778,7.28752358263532,58.4496171160835,3.53508740157109,1.02747435611744,0.517774940876584,0.926736989022754,1.04040012267902,2.52004248278047,1.49926801643351,7.60444889042713,51.6365126783179,0.901218168176875,5.49424787296386,23.2379669503026,1.0673698824081,2.33346226695721,0.502718580732396,5.00476750915334,1.0062577628314,6.6775519431845,3.13143881368021,15.5250542121499,1.60054782770623,0.902772379541617,11.2480111683697,8.96225064049761,2.48819628253127,7.44037018109821,18.5450678295064,1.28093656416445,10.9771397985681,7.20877573661763,7.3291994037166,7.38883565294228,2.31838702278566,4.35661589861255,4.72330170094764,60.3324456123859,0.863407584166904,1.04425995264493,0.522436558196808,0.907861364568423,1.07787705838601,25.6207518868162,0.857260241110544,11.2464679747542,0.945436144328566,0.90577329439858,6.27956477028603,47.9879967057615,1.93195122155184,1.0628048968414,0.526660527263689,1.05167264900149,1.15157371959874,20.0452918489226,3.32851694752356,2.74024242663664,2.28935387994232,1.68822284540942,10.8837501720485,4.76433857206746,1.88393630762479,15.2680425426804,4.47708292475792,1.28485153516051,3.77987733326565,33.4626124045708,1.38843406695055,4.84202558808028,1.63506408192772,0.946383962705247,1.80051705661185,14.0248923945377,3.25842697062225,1.00278104960342,1.63204985865464,0.912631201884492,1.0357904083359,35.2672119458503,3.04845901928404,1.31306268301946,0.503493235271622,3.14189792561259,1.00520376984861
9.25070890229887,0.968284814506418,30.3119656304275,2.59196615250297,2.02945710380375,1.0599310281433,34.8706823617193,17.7189879566565,1.00214869389638,0.504505215436648,0.513794576366014,1.0167555813292,12.3638593523123,2.81488748688352,1.14253137690891,0.6310939956817,0.958186255860535,1.42429648718922,12.3290027812177,0.957015822912014,4.54794392141185,0.5001932836379,0.81087980577896,1.00001398954503,29.9200650746963,1.147600639517,1.10923173161276,6.65999940145518,6.94499547304181,1.25271609642325,17.9137851534346,1.29542120973978,2.82634482675561,1.5658283887764,0.565550475856957,1.06951535389002,32.3005748405367,1.47041974648195,1.00022841238893,0.50029978203049,0.500514484072379,1.00189033228992,13.0429015261778,0.928605919441442,1.00591641512162,0.500608226558686,2.08590623331923,1.00412754422775,60.3820280938351,0.523199178949815,1.00496044374771,1.52480206717796,1.38414993242227,1.02536920752884,13.7551390239527,0.900462026515152,11.7853749473062,4.41980388621457,0.929023363002967,4.42955001356741,70.7618962216305,2.0379530976167,1.21101330867051,2.20426551313791,1.04268637456846,1.50982648105668,17.1049887827717,5.99293087213677,7.0305234322931,5.92129023194255,0.909939820145336,1.03238687045134,13.1371542138849,0.869039012396407,1.56240426940983,0.518378556795255,1.11267604354072,1.01208195741509,20.9890675213811,1.36413801997361,6.98916882170239,7.55634667443615,0.913892931817222,4.84128783878618,3.73126881103715,3.37563950336976,1.38127321059172,15.3123179011224,1.68323913205666,10.9531219711706,11.5575555842745,2.21022993933461,5.66237025508618,0.680902851151128,1.13244340243788,6.44485140122459,62.471683893277,1.71357600552781,1.00444992658777,0.500960600992462,0.901481327494445,1.00706703545931,34.5652991136718,1.87491431025603,1.23561837159584,30.487024355809,1.01347591675723,1.17475920405553,8.51546732554107,1.00108380318657,8.50610420270305,1.76159011954664,2.02060832453654,7.77890210674078,56.4563732217622,3.59260847432413,1.05420464088077,0.536552402210718,0.955475633832129,1.08070460561628,2.5898674303786,1.34729105001567,7.67515040330796,50.056687724539,0.900993700577269,5.95112654141265,21.1496646933327,0.984412450329479,2.35287415325515,0.500526106389544,5.16243024521285,1.0011248768048,5.50784203317065,3.05389514346412,16.5909589842471,1.54683267199779,0.901879432447071,11.721884467419,9.75408791914809,2.43713962871584,6.68488308595325,16.4383101396392,1.22743997107941,10.7259380978687,5.97779085547911,7.53424845132744,7.62418083435566,2.22235898868345,4.20868051390484,4.71919185172361,58.201793886739,0.858465395808933,1.02578962788637,0.513604772289536,0.904390762736681,1.04657668919864,25.1748352102235,0.85947571057607,10.6898170078714,0.780314169416457,0.907507365279752,5.71263684219393,47.3480479166288,1.79507424460036,1.02279355068114,0.509754401488224,0.955117736597776,1.05563197881065,18.632060394595,3.3835338039647,2.49154772699101,2.19026127454744,1.61330311177068,10.7052977779851,3.78388464992433,1.76040346546004,16.3489047952667,4.5782743271638,1.33902462689042,3.92084757422596,32.4217092148386,1.4843724747702,4.5227769198202,1.50827201668687,0.914184645896261,1.62725982599673,12.0811218612294,3.33521572743175,1.00042743030285,1.58839605595598,0.908424028795188,1.01817420927026,33.4742235375006,3.01439339054474,1.18809057976007,0.52006199515906,3.2957253405439,1.02805007051332
9.00403301716705,0.857437372080196,30.4120525173921,2.39029857621583,2.02850276527748,1.02495223015628,33.3439299131896,18.227331867735,1.01313435441994,0.530689890958833,0.598550097399516,1.11096186181781,10.6886164602998,2.79974964148491,1.13612862827136,0.624784099305208,0.894406618445076,1.51072913867983,10.6909550440278,0.884030687159998,4.89491180786471,0.504126578900961,0.736383209842254,1.00755161079114,29.5256598357809,1.09653343264566,1.13587058043017,7.02485530480672,7.15159530286394,1.31106300361999,16.3169757707686,1.19489199796113,2.79415459368347,1.39329581177084,0.514792956416516,1.03745292403582,29.5462669063318,1.38878417202902,1.00096439684583,0.502075425383626,0.503846333845959,1.01280592981657,11.0834366390083,0.868443496242652,1.02744265945504,0.500305572727282,1.99492303848679,1.00151527401919,60.6423511983601,0.503375994492748,1.03192182541829,1.34963814881395,1.31715185607347,1.16511373097242,12.9553161337455,0.777563007209352,11.5924559434018,4.1811705171239,0.909921098975164,4.15127485658948,70.2801760442306,2.04217150049799,1.22064249909281,2.26075302965363,1.04918141169765,1.53090813681292,16.9924089862418,6.21781394260047,7.05627545839323,4.94722873077046,0.910182546821276,1.0313451984718,11.1947571355659,0.880727202662771,1.73211012104137,0.528016060880412,1.10964903106354,1.00895546141265,20.3008337888274,1.26170851982714,6.60125828192658,6.51634253315509,0.927804557309256,4.10567456330191,3.55519713915994,3.33392883216633,1.25115923370627,13.9119140952691,1.58595066264677,11.2624621071364,10.1548272082699,2.13770677063972,6.04090172102847,0.693857336481189,1.07994731719851,7.00161067235063,61.6987557304689,1.6771416619812,1.0109441448714,0.502354597627835,0.903651509571382,1.01744323940675,35.6251775081049,1.6779855709443,1.17864819123463,29.6290877274869,0.986605521675293,1.13550569620992,7.20795573894946,0.902836479589304,9.27512017041794,1.72578626341009,1.9923323143591,8.39562843808569,54.5347289973856,3.6485958620297,1.06535490725173,0.545988873698064,0.970409727404346,1.09859620310665,2.65569180235514,1.21570376101445,7.76595670442079,48.5842391699697,0.901497169481691,6.4485764917381,19.2786931959906,0.908553472111516,2.40667773272414,0.513946880868207,5.34021339349967,1.02781917206657,4.52719932410647,2.9682125742335,17.7850786983277,1.5184364353574,0.901822855941849,12.3212581357503,10.4626655809608,2.40480991998239,6.15207888731907,14.448184880153,1.18048079063721,10.4651123694993,4.94546917622568,7.70809156508874,7.91979008476206,2.13901106688984,4.0774650644262,4.76113117056513,56.1721410666868,0.895337630171418,1.12307632906583,0.568944206939489,0.919517354649146,1.23134694883884,24.7090071639453,0.861247317793324,10.2177780572726,0.644162493477139,0.908854047483347,5.22490746265264,46.7708282784244,1.66883483839665,1.00236164112027,0.501020116894205,0.900993460008905,1.00573454185248,17.3241883726455,3.43932721827664,2.29042703525254,2.10612417450508,1.54834844574238,10.6599576402645,2.98670588473817,1.63896561528171,17.5817411150062,4.70604818642229,1.39766860631214,4.09359446318098,31.4224256896766,1.58772712640715,4.26254925742778,1.39557538137321,0.939109326205423,1.48521312743491,10.4105151946357,3.41183920004813,1.01002400151935,1.55586413243088,0.90504197915228,1.00710992325216,31.8115276537638,2.98392910064465,1.08928409870999,0.501159580600268,3.45907738724539,1.00153231410918
8.75443695398162,0.759164175541429,30.6382186037177,2.21469130294481,2.02965077834641,1.022759972722,31.9624606974593,18.6448451034072,1.00677882579606,0.517553026803265,0.558454137266461,1.06195586533944,9.25186088278234,2.78473166776608,1.14319752987927,0.622740083941263,0.83849193693868,1.62794797430009,9.25016696877766,0.812492470722251,5.3230693597781,0.516945863992585,0.671729106623811,1.03985602950182,29.2116731204676,1.04755328952414,1.0456468604332,7.4051847080833,7.35228202018948,1.10363961561046,14.8635130953929,1.10300263434926,2.79536943142606,1.24869905090104,0.507965046037327,1.01696226090133,27.0266648651199,1.31262625502119,1.00029365598633,0.502253649814042,0.504515557396637,1.01347265200101,9.41505101173246,0.811904180502274,1.06292985916369,0.500369964462351,1.91881296289841,1.00494050693348,60.8389913389621,0.503087987308667,1.02892118890927,1.19429888292383,1.25451568963308,1.15090577740091,12.161968011937,0.672859995533783,11.5165640011154,3.96488598223094,0.933025350929709,3.95089522112701,69.8745300028331,2.04612100094007,1.006701493418,2.32140144634894,0.904528045748928,1.01607422456246,16.8155515640315,6.45060153378926,7.1728285822838,4.1365925599319,0.910487014153455,1.0300866751605,9.52880788763617,0.855074774445427,1.94377202392498,0.504416229967522,1.11211985354301,1.00025499864657,19.4038027377821,1.17121397651909,6.36420930365946,5.61683384614939,0.939606649811538,3.53963233234543,3.38288877717469,3.30399522870549,1.15560344705775,12.6623861964583,1.49905078689322,11.6183491255682,8.94943905006207,2.0653263606957,6.48848079358056,0.713916705314652,1.03178184817074,7.67374575558199,61.0111790263756,1.6417059095004,1.01729114589002,0.50370955606325,0.905780475874545,1.0276427144555,36.5355352213035,1.50586127793397,1.12225483524251,28.7828131285008,0.959702521671694,1.09470552127052,6.1011781820042,0.853496460366281,10.1503718928051,1.71346503391148,1.96803524778864,9.14140294323317,52.6818544431608,3.70301759892232,1.02609075345511,0.519093718274256,0.929457572336651,1.03985497705172,2.71881144214997,1.10096058920854,7.87539764402811,47.2153376749325,0.900718007946895,6.98838643517819,17.595572215838,0.852595564651734,2.49331241794897,0.502144464768516,5.53615333884145,1.00399901479538,3.70825513014816,2.87300070863149,19.0835062685865,1.51454991575601,0.910318432918067,13.0403207494501,11.0634328162204,2.38737185008664,5.78937741648467,12.6180933702066,1.13928005939455,10.2023312341027,4.0820038460033,7.85088206019996,8.26847167885164,2.06629526701654,3.95969960460799,4.84248449281479,54.2369648682274,0.884867017181337,1.08707454440573,0.551048178868442,0.912996212513889,1.16879991858586,24.2295717479179,0.863257056131849,9.81896862750722,0.532024954469251,0.910815025618554,4.80443622164941,46.23338842851,1.55273255996511,1.02683594080031,0.511660283562273,0.911302173496577,1.06699320212885,16.1269633904374,3.49519906245175,2.12665242543358,2.03506771636815,1.49143541755391,10.7311031342779,2.34117612226747,1.51922602607526,18.9600873953818,4.86010862428455,1.4604509914564,4.29446256935953,30.4604521568163,1.69856428136576,4.05104584298836,1.29521362366346,0.909131635342486,1.36830567496608,8.97307794434668,3.48770078412953,1.03068342622926,1.53234480107131,0.902324143423595,1.00137073084098,30.2639875137293,2.95667566071909,1.01091959763728,0.516965310143267,3.63097165191623,1.02092607437019
8.4987509320157,0.671385254763499,30.9753875734582,2.06351525745415,2.03276064459045,1.08021985841929,30.7065837153353,18.9842766217631,1.00175500003352,0.505088012447752,0.5175034200681,1.01753921791163,8.02001476813928,2.76941078327048,1.16196438522697,0.624340925514258,0.78893653276837,1.77796070487846,7.98399830084103,0.742160903044687,5.83969517822018,0.514101345018225,0.615107625294511,1.09679429280302,28.9727805510368,1.0005330988196,1.13790592909556,7.79817813957431,7.5450405834656,1.3095683027054,13.5390775199724,1.01854234804013,2.82654211779898,1.12647290343214,0.517408581278044,1.02996008504186,24.723033070123,1.24146805161405,1.00310751679206,0.502304335107416,0.505010415084735,1.01327093660278,7.99627168109191,0.758680374316979,1.111482860126,0.50362166556898,1.85444407696407,1.03195522440288,60.9817621243055,0.507024076592344,1.06553932096367,1.05668045803525,1.19595162384201,1.34503522945385,11.3852617555875,0.58271565366713,11.546637780207,3.77133058416472,0.95505471677242,3.81684912397826,69.5355340239539,2.0497851721031,1.01698768634729,2.38574643250907,0.911459116141935,1.04054804158892,16.5757188962422,6.68661113708251,7.37168942795777,3.46497066346302,0.910825197575106,1.02860908214367,8.09909735537778,0.906175228950487,2.20346606172196,0.545651447019292,1.11926178135621,1.00689639164204,18.3676944255536,1.09015062906124,6.25488354448239,4.84948923623596,0.912411681280291,3.10957467854294,3.21700452866016,3.28379908401094,1.08611989032869,11.5475612489713,1.42073236410088,12.0208331968429,7.91481848585743,1.99262198644999,7.00355811973543,0.741741419353819,0.986937995796837,8.46720156995291,60.3980907399367,1.60723210384804,1.02351561204986,0.505031790459005,0.907874734238286,1.03769618314148,37.2959486688997,1.35488873095657,1.06667908538762,27.9613508013518,0.932819449996059,1.05267590403966,5.16681877365583,0.866649416834545,11.1217940036622,1.7246467823458,1.94585943396338,10.0215349887302,50.8950582317182,3.75584857340796,1.13354708388045,0.603864832630269,1.06204633603725,1.2081247447455,2.78070508859981,1.00024208763504,8.00207271331553,45.946335630284,0.900236694146332,7.57195828761736,16.0716767544076,0.859111648477109,2.61262998878522,0.507049599057696,5.74835006826833,1.01205733179259,3.02873586155822,2.76898298390778,20.4586301053816,1.53592652420378,0.923756485990614,13.874874964136,11.5438469521201,2.38178869735828,5.56033410222121,10.9686969579729,1.10314212024768,9.94512927586747,3.36158834842197,7.96348129482987,8.6640625416738,2.00260880159777,3.85284187158961,4.95842542033299,52.3902588791619,0.874396363675248,1.05583925227337,0.534393517765298,0.907741974794926,1.11198659836606,23.7417343695884,0.853232103617814,9.48397140219915,0.502071112644918,0.90251999385738,4.44079270646298,45.7441038074852,1.44576273138022,1.04354672613341,0.519051963390588,0.918421792092444,1.10985963127633,15.041561480023,3.55058649204355,1.99243183712358,1.97544819689347,1.44099899595675,10.906142768989,1.8211393485651,1.40109406139612,20.476573727094,5.04077861823672,1.52705413076804,4.52030880034592,29.5317829311547,1.81689912926083,3.8804139563149,1.20564707372013,0.904088093773319,1.27188815892528,7.73513409835971,3.56221225119097,1.06112333817372,1.5162288021457,0.900138904735405,1.00082854320901,28.8160523522541,2.93197282424919,1.00085011453309,0.501701734942223,3.8102640672216,1.00197055518894
8.23505873634544,0.59255446923655,31.4113723914833,1.9350975800816,2.03772183024595,1.05124909004446,29.5600344574247,19.257943521523,1.01430422606871,0.548513471926127,0.672916045225928,1.16250680548291,6.96423902732503,2.75342876755911,1.19121497098666,0.629117340886718,0.74456238467588,1.96392952209813,6.87225984856036,0.672943837934595,6.45370677458124,0.52426570651285,0.565104821247834,1.17902103941154,28.804118338104,0.955359807795829,1.04782376059396,8.2006523670645,7.72804023461026,1.10651224348123,12.3310442472708,0.940496516821303,2.88541854459481,1.02227887165168,0.510267518262394,1.01411614107983,22.6150806870671,1.1747660986517,1.0215823447066,0.501139056867515,0.50269877830889,1.00628294587541,6.79200416269821,0.708495149884781,1.17263336038622,0.509650274151721,1.79930543388215,1.08065297192009,61.0793120071876,0.501556695840513,1.01447119591609,0.934874337753078,1.14120076341501,1.07670333945404,10.632397636199,0.538983348403513,11.674329109696,3.60032753921971,0.976000410314505,3.74079603774293,69.2551000144196,2.05314961457968,1.29059045779634,2.45335336762572,1.09538093242027,1.68901412667252,16.2742862647134,6.92121355462588,7.64863072113564,2.91034015167391,0.903831159501823,1.00930987608108,6.87346139881518,0.853171504454442,2.51819568836909,0.502458720562925,1.1300470476942,1.03642136366111,17.2488894062294,1.01661441084418,6.25749939562565,4.20086384136158,0.923658673629317,2.78745853345298,3.05966014759608,3.27170373269323,1.03685990810298,10.5524088978751,1.34953045874853,12.4700514515703,7.02826368668809,1.91922767148134,7.58407765244846,0.778314367468756,0.944591363663689,9.38804458746593,59.8502758087389,1.57368535003892,1.02963762529267,0.50632657126418,0.909939715324667,1.04762768666067,37.9104738339843,1.22200114439512,1.29934701557918,27.1752645740062,1.0488801398932,1.24185717145414,4.38036701214362,0.875768428625546,12.1753710896996,1.76042748354271,1.92431277573831,11.0419658342672,49.1717709682612,3.80707054861813,1.09479194549707,0.577100714491447,1.02122546417779,1.14999774417092,2.84303673003122,0.911290232508193,8.14459033413713,44.7739766242817,0.899987291193753,8.20016400315273,14.6856237082717,0.850958557170405,2.76572462134348,0.500697180177088,5.97493545733629,1.00109367915274,2.46821899861239,2.65686845228018,21.8791673832469,1.58409259587874,0.918150132637251,14.8215437809859,11.9021325642692,2.38557430458083,5.43991352621451,9.50494637321068,1.07145392892885,9.70021942133685,2.76201208755201,8.04729287074143,9.10094670628136,1.94669362767547,3.75489572938441,5.10540102647469,50.6265487873558,0.863925734893351,1.02908829968276,0.51890676334914,0.903679141037082,1.0605703473607,23.2541462288001,0.910891307790468,9.20388756590965,0.539127233521798,0.947136658077142,4.1252451730209,45.2979108520442,1.34706825283065,1.05493063115288,0.52418738543454,0.923333957933258,1.13994120492242,14.0663792364465,3.60503602898301,1.88178058262086,1.92584390063943,1.39575445730896,11.1753288474493,1.40481340051568,1.28474393900619,22.1221271431372,5.2488935894915,1.59716112230418,4.76824022562262,28.6330434980874,1.94270374458486,3.74464097915521,1.1255511598073,0.946926197914958,1.19239506436709,6.66906135013961,3.63482793051397,1.10044175106355,1.50628014279939,0.907411825890728,1.01756448059075,27.4487848726238,2.9092967225119,1.00515339130199,0.512240488843463,3.99604114496769,1.01315560751452
7.9623836654659,0.521515442966654,31.936079796178,1.82784589386313,2.04444658656253,1.02395505494898,28.509211890784,19.4771071580154,1.00918724187403,0.536030557025986,0.631754689422705,1.11796835821911,6.05980526137252,2.73647493382459,1.2301344769973,0.636716125021375,0.70443892344772,2.19009048696267,5.89709306658219,0.604895929439805,7.17544540847037,0.521959513334116,0.520600495862993,1.28852889345237,28.7011529787339,0.911933992113078,1.14104420674594,8.60908534492295,7.89966969235567,1.31084958118442,11.2272513720503,0.868049327846975,2.97069339109857,0.932755059310455,0.513045099702103,1.01316439545781,20.6837173960958,1.11196540761719,1.05594090442172,0.500199091490857,0.500518969846684,1.00103765420906,5.77118259262639,0.661109309705877,1.24623831075717,0.518143795825722,1.75143170195406,1.15052291534229,61.2084484098566,0.500982971047426,1.0091228505102,0.854231459850986,1.08974228449207,1.04857835545617,9.90896407266623,0.500511022341475,11.8896309284052,3.45116054209246,0.900945743320608,3.71746538330678,69.0262808875645,2.0562018782346,1.20888188530736,2.52380938119494,1.04004369310438,1.49290318337636,15.9199750973541,7.15098895491141,8.00242737987525,2.45362792498642,0.903986368614173,1.00876288193632,5.82345568807516,0.858760726405681,2.89756414978798,0.506416227164776,1.1443657817551,1.08743268297595,16.0905855489394,0.949142723492698,6.36202651784837,3.65589017064617,0.900537507273981,2.55121471434317,2.91246434335318,3.26637411714011,1.00374024170082,9.66331003161749,1.28425002168937,12.966185537725,6.27036874515996,1.84487921894344,8.22688381989854,0.824991127213218,0.917525895036575,10.4414671133935,59.3598835627092,1.5410324030765,1.25667979792596,0.554639820505156,0.986225739361089,1.41365071430435,38.3868623052079,1.10462564873458,1.11870080479837,26.4325993247494,0.959485677112745,1.09730743971649,3.72065383406553,0.882540974515368,13.2925734043109,1.8229675858582,1.9021783542464,12.2083268298061,47.5095402495099,3.85667188731576,1.19140960466018,0.667291791539811,1.16610725411249,1.31068642416006,2.90763205599751,0.878597100373062,8.3013990864869,43.6938666442072,0.900492890429657,8.87319300279467,13.4187011391189,0.873569474425198,2.95480363118267,0.51573564160005,6.21449777292615,1.02161861181299,2.00867924287612,2.53782319857847,23.3107263903508,1.66163168814,0.912535728752063,15.8770940949387,12.1446951678038,2.39663281152425,5.41112717513842,8.22147324055565,1.04367677511669,9.4730523068833,2.2642491855346,8.10411042977208,9.57375027850623,1.89755595080204,3.66427568514422,5.28076483812524,48.940809664976,0.853455148775115,1.00655332486141,0.504518088378444,0.900736376761247,1.01422951590515,22.7699923395203,0.860149408052809,8.97203142985027,0.50650525318868,0.907875631885205,3.85092746223474,44.8903331863246,1.25588702362087,1.06597544364046,0.529226474456095,0.928134497715458,1.16962710126869,13.1980456389579,3.65818326102234,1.79004045432557,1.88503844679904,1.35463524334734,11.5307859589411,1.10943045976908,1.17057433542733,23.8851347281505,5.48568083737699,1.67043925506774,5.03537589986402,27.7613402684585,2.07589388869342,3.6390840494814,1.05378321976911,0.917943268645127,1.12705958744613,5.75233153825332,3.70502473480142,1.14797607569158,1.50155346924892,0.905208658628086,1.05330131130619,26.1586692948449,2.88854437210094,1.00400381997952,0.511528352785075,4.18708586373008,1.01148664963925
7.68312885687843,0.50059656698918,32.5378507356608,1.74024890652263,2.05233315220327,1.00160232480501,27.5426837831171,19.6516791293111,1.0162791699149,0.578918058772954,0.79695921045679,1.25125867211088,5.28557453969245,2.71827497498124,1.27820765845015,0.646876977789868,0.667828820714291,2.46172170193894,5.0430478359792,0.538223753815615,8.01568004258483,0.501287632513017,0.500745843344455,1.42850247374657,28.6595687022429,0.870169147063349,1.05037406834307,9.01967906867905,8.05856587918349,1.11024040271414,10.2171553817267,0.800540829750937,3.08178952519567,0.85528059837585,0.508864790729425,1.00599891256511,18.9122331917006,1.05259511598599,1.10634385463143,0.5135001280539,0.539789863056419,1.06473849591888,4.90686928428283,0.616313488229003,1.33237139884076,0.528865683760826,1.70924783410396,1.24209366531536,61.2425237044866,0.504607554795971,1.04270226411928,0.869819230956371,1.04155019816536,1.22736733270813,9.21741752422595,0.514508141481523,12.1867540875916,3.32279664682443,0.925870230697789,3.74171068134714,68.8430896094479,2.05893140863409,1.12698588321343,2.59671704739121,0.984856862600837,1.29817872952912,15.4984603954446,7.36890020885106,8.43508753764706,2.07800817617326,0.906145836207704,1.01202020680621,4.92502614646155,0.86218526781829,3.35120436411776,0.508342438025073,1.16135091454899,1.15978192755048,14.9245753668056,0.886600861469473,6.56291948798832,3.19985366787293,0.926952399472034,2.3841852369132,2.77643305497397,3.26659135849005,1.00124502747925,8.86874760714764,1.22391045425279,13.5094168657629,5.62477626662722,1.76950410722904,8.92718102535194,0.883603460292461,0.900360405081243,11.6311931908433,58.9201334373979,1.50924152280709,1.16230509458243,0.534489212948425,0.954577084878415,1.26202548546447,38.7356460243518,1.00059990778096,1.34495847043657,25.73907472401,1.07475867242967,1.2880858659057,3.16945880255401,0.873522043949068,14.449968158013,1.91550998664046,1.87837796068712,13.5249656545649,45.9060213565326,3.90464700779155,1.04258793176601,0.538291475453308,0.961173134821306,1.06984514750587,2.97644474622328,0.852152246193529,8.47076699919425,42.7003496270119,0.901596061813313,9.59043576752433,12.2553371253412,0.867830914427895,3.18306243620022,0.511004878997111,6.46561099961905,1.01316460070697,1.6342546033739,2.41338239771875,24.7168606194088,1.77229976562726,0.930901023340097,17.0378667503335,12.2831237825987,2.41314512060879,5.46272847570306,7.10660945490654,1.01933697560432,9.26765751428861,1.85205479458355,8.13598852013926,10.0771706470182,1.85440879761147,3.57971454916071,5.48254731123894,47.328400419119,0.914160511595077,1.10221858238827,0.578827422064068,0.908499423760204,1.24080774876169,22.2856527267475,0.862704005739784,8.78427600774217,0.50815847424126,0.909709606279296,3.61202885914182,44.5174836721933,1.17154678755001,1.07673048246514,0.534183067787699,0.932839183046626,1.19897613131185,12.4321628983342,3.70973810184581,1.71354837606464,1.8519945730849,1.3167514464597,11.9657578637671,1.00047777446176,1.05919165955575,25.7362839556888,5.75088840759969,1.74623777895734,5.31505361127724,26.9166278139175,2.2165196361423,3.56017220383371,0.989442265717208,0.904698097179551,1.0738298363983,4.96497390429588,3.77230441772432,1.20321834130289,1.50129773460303,0.903371416042894,1.10717772771746,24.9410363892573,2.86968283543176,1.00238801884342,0.508684608344299,4.38215438121154,1.00798359034934
7.39593512838655,0.507987455945468,33.2050166930672,1.67092687930143,2.06145321347744,1.02074911699775,26.6507674288835,19.7901367163984,1.00719746489421,0.541766891431943,0.660101949077835,1.13039275229562,4.62342382889537,2.69858065499441,1.33512426652901,0.659410574805181,0.634134847798176,2.78512998396907,4.29629326067222,0.500983241826491,8.98784610419128,0.500918971969655,0.500563127402705,1.60336390838301,28.675175148128,0.829990788924795,1.14511378724129,9.42844198563021,8.20363316079198,1.31470102326406,9.29154282219485,0.737430193248631,3.21868118458188,0.78778008279989,0.521145868108705,1.00645417567478,17.2857835869504,0.996248283282686,1.17358351154038,0.518579626570969,0.562141168491459,1.08006580835085,4.1757399807681,0.573923766266071,1.43125729349765,0.54163903351076,1.67147688165261,1.35672646076247,61.2658785137552,0.502421544103767,1.02241077716844,0.860407000390687,0.996275969069291,1.11933503129738,8.56072373665258,0.504715478089235,12.5617968007433,3.21470539206893,0.908126622970752,3.81230469044327,68.7003003873348,2.0613294966692,1.04471099192625,2.67168904680658,0.929767914479481,1.10446349074922,15.0182102938296,7.57154232013951,8.95127207920119,1.76979443749826,0.900635694436718,1.00110234013607,4.15678660686765,0.852019852830057,3.89037980080303,0.501290187552641,1.18047152749573,1.25436450776323,13.7739204399886,0.851404528676065,6.85804443803872,2.81937277211275,0.901882207155848,2.27443572559935,2.65230880243629,3.2713498996549,1.00036979415964,8.15825273208073,1.16770271305359,14.0998809449594,5.07743454210206,1.69310796099126,9.67805229384775,0.956520977450729,0.902968826543475,12.9577505463144,58.52518364133,1.47828249972905,1.06922600005812,0.5146862769842,0.923299490556617,1.11194129600916,38.9691640558829,0.908097914782312,1.16798795648379,25.0983713325441,0.985758147708613,1.14195793443279,2.71109018307781,0.863679020944341,15.6197013521235,2.04249177853305,1.85195744072942,14.9939619575446,44.3589747097922,3.95099623822835,1.12906175000633,0.62587303991614,1.10344652845763,1.21827574435742,3.05156928791827,0.865243774242947,8.65091591462451,41.788692404919,0.90298035530725,10.3502913588938,11.1826479724324,0.862304781965607,3.45465391050996,0.506957923415517,6.72680644114741,1.00692413529356,1.33105528094,2.28533972542745,26.0603853685458,1.92116986415845,0.912185951335351,18.2993285535606,12.3314668076788,2.43349015561633,5.58764653373626,6.14530426784858,0.998017797520748,9.08671058154204,1.51159694961165,8.14513708077953,10.6058803045936,1.81662712583173,3.50019184867911,5.70928635284244,45.7850278542996,0.856347101547683,1.00950163823337,0.507639105214662,0.900678479757105,1.02308890699386,21.8030165110276,0.90654884790159,8.63625823433428,0.536188162314888,0.942824214750433,3.40392975749103,44.1759491212264,1.09344868793297,1.14883833104632,0.566713444664528,0.963948815355292,1.38956284386005,11.7638394798255,3.75947329217911,1.64938952625542,1.82582711821585,1.28135741336938,12.4739845095621,1.01103948216095,0.95142896242536,27.6327961312394,6.04307130987548,1.82371496488202,5.59814118074663,26.091830800168,2.36395844700115,3.50519140842503,0.931509504321675,0.902954600737151,1.03086274624332,4.28935222952697,3.83619307011078,1.26575906581176,1.50491413663162,0.90180456242016,1.17919940931848,23.7914616473546,2.8526740376652,1.00121370739042,0.505965874059668,4.57994547360124,1.00502837741
7.23428422448427,0.505761430840975,33.9186876932765,1.6201852737572,2.05004595171788,1.01754135692484,25.8252213647499,19.8995767777945,1.00081188721187,0.50583988717467,0.522773638736123,1.01788205359153,4.05781699806237,2.67716429145727,1.40072610149167,0.674186245311019,0.602867371616718,3.16765112048517,3.6448686876257,0.525291045731474,10.1025484802501,0.518896520199493,0.512675351384694,1.81870923893464,28.7438201982473,0.791335346841244,1.05326255104861,9.83129360589682,8.33405659878306,1.11483051041714,8.44236304917388,0.678274296496134,3.38178618308542,0.728605668889515,0.508776046973375,1.00018470174449,15.7910677087777,0.942565112168796,1.25904810196325,0.511938038230401,0.544514470459696,1.04589284237319,3.55778347308948,0.533778391304044,1.54321326099223,0.556334715349144,1.63706175575336,1.49650258339227,61.2799990885195,0.507469138099323,1.06900107816231,0.882061684760843,0.953702635691333,1.36747373453764,7.9404505814746,0.514493330876123,13.0124091054146,3.1263809477303,0.923988843707224,3.92869469489818,68.5933007496584,2.06338925031378,1.32211087356513,2.74834570584688,1.11318669315441,1.74685720963335,14.479816710607,7.7542721435263,9.55794302530903,1.51736141862729,0.903493446187581,1.00522886380863,3.50027694472169,0.879211256299705,4.52732191352046,0.516935543033302,1.20123562529917,1.37294242781382,12.6533413253536,0.851853869029678,7.24784637098653,2.50251347244622,0.902325082991205,2.21311006466004,2.5408111407057,3.2799798839366,1.00176209536204,7.52147087866778,1.11495881915943,14.7376103416041,4.61621930727162,1.61575069703639,10.4701248814529,1.04675370505557,0.900395971398065,14.417498167199,58.1700131685149,1.44812653057595,1.29132478382843,0.561670123627915,0.99815851837017,1.47208014977651,39.110053126643,0.853700001988221,1.02558816710668,24.542630146488,0.913312821929845,1.02195226274841,2.33203233046066,0.880650638604366,16.7705126254864,2.20970446944761,1.82208649730268,16.6140964584861,42.8662622986835,3.99572561632108,1.00259068978467,0.502622622966499,0.904260119388813,1.00444593208663,3.1352404079451,0.857441305073679,8.84014556874548,40.956325024737,0.904403738292044,11.1500111845683,10.1900353180726,0.85697356265225,3.77472845859864,0.50357935587842,6.99655803696699,1.00274044492368,1.13603346493069,2.15566144203492,27.3038002154484,2.11476711661675,0.956167486632508,19.655194016047,12.30412277948,2.45618672791362,5.78189918818656,5.32119176192165,0.979352928504964,8.93173388744044,1.2311270184346,8.13383630518096,11.1544874395461,1.78371086512128,3.42487573209511,5.95989461220636,44.3067264771228,0.869709602433696,1.02544736446074,0.52266465725156,0.901029002462149,1.06680997647509,21.3242227491459,0.874614230853969,8.52414753199807,0.515646712456804,0.918644988408701,3.22271481517927,43.86272815492,1.02105885685595,1.12634407445754,0.556883231298146,0.954437559032443,1.3329258889317,11.1880734600195,3.80721511045753,1.59520976628474,1.80577814892285,1.24782669935123,13.0491773917215,1.05797283196612,0.869695498183956,29.5530769656926,6.36345693472843,1.90248881941853,5.88146145526707,25.2873989442811,2.51806838787785,3.47210531665685,0.879339908606183,0.918023323235296,1.00379184522391,3.71008499367024,3.89624240462143,1.33524538349659,1.51192779840981,0.900425954175023,1.27005550384768,22.7057651550878,2.83747425140416,1.00454165262032,0.537525424662662,4.77912523027555,1.02831754096248
7.56119004258593,0.506010723982332,34.6013331614586,1.58730400496745,1.95489370239099,1.02005440764062,25.0589642081832,19.9858450587352,1.00440473319253,0.547189059910716,0.688119047998823,1.14067500375128,3.57549129193575,2.65381612534762,1.47497858542235,0.691125941638599,0.5736253651916,3.61763974886565,3.07814894962522,0.50202848616934,11.3711760329743,0.501266156599015,0.500924744310596,2.08144245952478,28.861325214284,0.754148873024034,1.08480758898825,10.224183062943,8.44930447324401,1.18163304971326,7.66311270998407,0.622726857541758,3.57186781741253,0.676465150335389,0.502133823298131,1.0058382667372,14.4161553861705,0.891224795593578,1.36472339095631,0.506583881873516,0.527637796250456,1.02161034796491,3.03587140225719,0.519957513856948,1.66857857409785,0.572860853681566,1.60510655264081,1.66416510181482,61.2862517741231,0.501422886871359,1.01312387925678,0.856100906783642,0.913624678367196,1.06990490386754,7.35756938930689,0.521936818300619,13.5364155861041,3.05747106626276,0.934861586637469,4.09158067851704,68.5180093409166,2.06510557724852,1.24002802639053,2.8263143890043,1.05816275494535,1.55359830019159,13.8854768936301,7.91299707821773,10.2645703696738,1.31112383040863,0.916921731273766,1.02072442916738,2.93962338595599,0.860932718496487,5.27488368348359,0.505788395649002,1.22316691155777,1.51806662128403,11.5738637666859,0.853162412301081,7.73489728449372,2.23947213185857,0.903703679419297,2.19491306907771,2.44234423456777,3.2918563558565,1.01180016338835,6.94985361451683,1.06512627930357,15.4224772162656,4.23079528041088,1.53758705143182,11.2913358893558,1.15810275117096,0.902431150040394,16.0015926697491,57.8502397679691,1.41874603119991,1.19898981347425,0.542065003405401,0.967091344900563,1.32288952239182,39.1568540721584,0.859521146743615,1.06705424090408,24.0052706604067,0.934816353871612,1.05793033361699,2.02067265883412,0.928068312618716,17.8691087907293,2.42447536270852,1.78806668661735,18.3798741728586,41.4258242162085,4.03884521139408,1.07931556733645,0.587696104362606,1.04402636176922,1.14109445101778,3.22986058458627,0.907005798350522,9.03655089738182,40.2003461380948,0.905635146761301,11.9855216162662,9.26882643159384,0.851775864457229,4.14944471536674,0.50082057068712,7.27327857152777,1.00041452341332,1.00195389716763,2.02641226178248,28.4021650488401,2.36072088785345,0.900859905980586,21.0889751895854,12.2144852785313,2.47985247005998,6.04388957029846,4.6179049693989,0.963021411364528,8.80336718564491,1.13558562966751,8.10437327265753,11.7170540087884,1.75521831864115,3.35303895249483,6.23324855466333,42.8898341546948,0.883072099007231,1.03620780865774,0.536339633028105,0.900001508029465,1.10429104505139,20.8445895095127,0.854924474953013,8.44633239667022,0.503119725343141,0.903682641677974,3.06504464904458,43.5751372221102,0.953894425206272,1.10444963944864,0.547223382051793,0.945123691223681,1.27698665655006,10.7000184975154,3.85283606052181,1.54908503517237,1.79119230548244,1.21563546018733,13.6845991954977,1.03571442813873,0.86241706982122,31.4816919615166,6.71353151462701,1.9820285118927,6.16397871454067,24.5050603020221,2.6784271896199,3.45934081619513,0.832311682482627,0.933148175506055,1.00530952584639,3.21379753345221,3.9520326029073,1.4113495436331,1.52196428594212,0.909695376973788,1.38101139928416,21.6799829495968,2.82403431222635,1.0010536416493,0.518369888764055,4.97835823411025,1.01260677794375
8.50734432389208,0.56531689560572,35.1007495378539,1.56101623081817,1.74112631518166,1.22329486164667,24.3458815607837,20.0537033265865,1.0007701947736,0.512489046524764,0.550517273191779,1.03653684426897,3.16514309830314,2.62834169279548,1.55793893788551,0.71019847041887,0.546077080451565,4.14442498531836,2.58682160272397,0.505851796196403,12.8042199159822,0.502865848336009,0.502387860864854,2.39983526984619,29.0234417156521,0.718385753026366,1.11708241591028,10.6032013242125,8.54912318256351,1.24934096176921,6.94846261908482,0.57044769320143,3.78990817315129,0.630241714962115,0.50609340643366,1.02678776371354,13.1503009921398,0.841937604321558,1.49321569997644,0.502390592897715,0.511434059810596,1.00618939616016,2.59540655840339,0.502893603616158,1.80737708189637,0.591129542829404,1.57477308971525,1.8630984365261,61.2858346834419,0.513756500373915,1.12662406010205,0.908900740883673,0.875856051847336,1.67469643973612,6.81264698048368,0.530061253156549,14.1315312761867,3.00782659089275,0.94586293685595,4.30274717109972,68.4708217036033,2.06647516251885,1.15727680698832,2.90522922758623,1.00315742176256,1.36082745219154,13.233556967043,8.04218523954077,11.0831141888337,1.14316999587434,0.901328883916092,1.0013583519502,2.46127399334426,0.889858326969202,6.14598647999492,0.518494579001249,1.24578847963738,1.69306865861271,10.5424676267979,0.854381027304622,8.32326168821054,2.0221294205123,0.904783824617687,2.21673612633945,2.35710115935359,3.30638186008767,1.03009964414764,6.43617210044892,1.01774757679433,16.1541328323352,3.91244954333306,1.4588840878539,12.1268537001004,1.29533196498483,0.904550492505424,17.6953940769188,57.5620238904965,1.39011464917925,1.10761076607849,0.522718588572235,0.936303305729212,1.17483123168074,39.1275756729485,0.877421398790545,1.19280916012388,23.5196685776056,1.00110869697732,1.16840618016046,1.76708667564615,0.889869062364435,18.8816742686491,2.69583385660411,1.74934330340383,20.2806878689584,40.0357093600003,4.08037113363606,1.13680886688561,0.667822548292941,1.17884704450237,1.25450324327592,3.33800632196253,0.920525832600789,9.23800323505574,39.5174140957021,0.906457121250842,12.8513141123564,8.436240589532,0.852357168835903,4.58501546551224,0.501151418455889,7.55302343838135,1.0006685853674,1.06054395639685,1.89939488261075,29.3095159386899,2.667283085146,0.929058599892123,22.5741700000611,12.0741919666298,2.50317275704694,6.37389630965543,4.01991985806448,0.948743336269634,8.70162808049863,1.00077532990519,8.05920332604493,12.2771273534501,1.72995955026909,3.28325418496573,6.52146349313268,41.5309756756398,0.896435177001344,1.04213909458538,0.548757188906467,0.900551917240627,1.13596326246879,20.3653208751591,0.872727315663349,8.40040873368206,0.514303275765915,0.91676338387956,2.92821563399103,43.3107941010903,0.891521664176676,1.08309265585527,0.53771633497755,0.935987066208343,1.22167121799491,10.2951623803268,3.89624884718401,1.50941855999309,1.78149437565266,1.18434889500981,14.3727183848024,1.07117800468529,0.875745897846443,33.4005423159669,7.09440655993374,2.06172508254411,6.44416061244545,23.7441384633936,2.84451914701801,3.46575443980489,0.78987605902142,0.93158471686294,1.00356943219815,2.7889088952138,4.00317595188877,1.49374508497589,1.53473222906839,0.905912519854537,1.51384547530483,20.7103537857266,2.81230016346518,1.00000530484465,0.580833322525573,5.17633992465398,1.04753327100137
8.30177156122782,0.511463485303793,35.4487345203444,1.51046388087535,1.68841144479309,1.06431502034561,23.6806779729192,20.1069935126632,1.00043737906503,0.518172862147563,0.57473794409438,1.05197773492255,2.81714463634371,2.60056004608405,1.64972871121076,0.731415300375169,0.51994366106457,4.75821134751742,2.18318129071097,0.550774410999175,14.4096531093426,0.51787244378704,0.518408315349559,2.78356296377055,29.225824268428,0.684007406781852,1.15013881391906,10.9646866271459,8.63352470780803,1.31824616106519,6.29438792857753,0.521195280466357,4.03703151229792,0.589069342964942,0.504566628202665,1.0627460932776,11.9837758420161,0.794438312732946,1.6478022395974,0.509442295951652,0.556006548127514,1.01179089776133,2.2239704480578,0.50322093562394,1.95979379800119,0.61110626767433,1.54538406804101,2.09732871436501,61.4942119764062,0.507091721692745,1.05848264582256,0.880553393929618,0.859702216128466,1.12360860185894,6.30598274320377,0.538976310399205,14.7950196061043,2.97754745416161,0.957128425522923,4.56499027789823,68.4485362904078,2.0674964359049,1.07374772286043,2.9847313510444,0.94813962436696,1.16830901129226,12.5251837354078,8.13703283441013,12.0287282427339,1.00712265699449,0.900844344871252,1.00064320767304,2.05365055917147,0.850698259579992,7.15279256350826,0.50028782734587,1.26860817875935,1.90206004733137,9.56334227510605,0.868658195846711,9.01776650691669,1.84380901196435,0.918814218712844,2.27749122105814,2.28520669807489,3.32303001442047,1.05620021511641,5.9740903074686,0.972445363286019,16.9319472848199,3.65391983039368,1.38001074961992,12.9591583170966,1.46434382483097,0.900077941512926,19.4781973982102,57.3019913098748,1.36220723229982,1.01706929871665,0.503599383306909,0.905761725398779,1.02776342616259,39.0345550675322,0.863149046783301,1.09226702662279,23.0854154463584,0.94875835133743,1.08120908906438,1.56285973853408,0.940453444701576,19.7754117986064,3.03464089468431,1.70552022301447,22.3001184603199,38.6940249982009,4.12032196577086,1.04101088192466,0.55246299780818,0.987548849240322,1.07774130948441,3.46244309206705,0.906258038822002,9.44213419700167,38.9036875742422,0.906669781524384,13.7403773926641,7.66176259496004,0.869340142961184,5.08985058932996,0.508605122577447,7.83654431631034,1.00318746666526,1.01476985420003,1.77657226225474,29.9977316483366,3.04427316100586,0.907665635861087,24.0942226192971,11.8928168783275,2.52487816067293,6.77371665386236,3.51303413407161,0.936276004972634,8.626141559295,1.05695705802692,8.00082928355339,12.8291477321024,1.70768601531106,3.21520486591315,6.82342973838927,40.2271265246646,0.909784295802993,1.04356737402008,0.559995802315875,0.903645155973634,1.16220612113556,19.886039816748,0.92655444923068,8.38481708349514,0.547687779775806,0.955771543933465,2.8099894987293,43.1337713971883,0.893277445352042,1.12682180968995,0.558822076837616,0.957513240543461,1.2799893984491,9.96944277001376,3.93740129860422,1.47486304766202,1.77616863138961,1.15361110758802,15.1049443884525,1.01411638413654,0.855270014544312,35.2902964297627,7.50722343953804,2.14116906903303,6.71992801590678,23.001381777629,3.01571058426467,3.49058021739441,0.751533494474568,0.915853474813295,1.00108783215474,2.42543141421598,4.04932070372093,1.58209000855553,1.55001074450691,0.902251154973791,1.6708207355172,19.7930936087943,2.80219140411838,1.0039767613783,0.561760256739227,5.37183199285954,1.03220717110706
7.76897203472141,0.507782129189932,35.9302965706697,1.47050103810269,1.69746894303425,1.01807868519533,23.05874248836,20.1487885645755,0.999704624081623,0.523686558702401,0.598921977674417,1.06625926015089,2.52333639955116,2.57030367832064,1.75051753733572,0.754829645115798,0.500316199576548,5.46993375680932,2.03330418946374,0.510263658850246,16.184010339461,0.50278729802867,0.503450356871227,3.24025940101861,29.4640076364094,0.650980647490535,1.18400386011736,11.3053489050693,8.70276617261485,1.38858801371972,5.69715624057793,0.501602920932507,4.31410450502944,0.552239386245319,0.501639966041652,1.1139224986716,10.9077552246956,0.748482560785688,1.83250522421242,0.505662143685057,0.540048863326021,0.999627984206024,1.91102246263776,0.500226859246501,2.12591419365375,0.632783481959945,1.51633464395898,2.37153558739665,61.4720900392202,0.500650242514157,1.00600989366343,0.852794906040795,0.850945263716818,1.03196254948767,5.83773556323132,0.548780241679761,15.5233516491199,2.96700996460785,0.968806561419609,4.88195797526437,68.4482670762786,2.06816953193157,1.35772692795025,3.06446987340079,1.1318382268024,1.81015920183683,11.7639084758551,8.19342166796661,13.1194035801023,0.8978950859613,0.903018366934884,1.001459954009,1.70689984162651,0.890546277589379,8.30565388652127,0.513727275575766,1.2911064975373,2.14997613648725,8.63915919323719,0.867908501160614,9.82330133422106,1.6991576689853,0.916779575507403,2.37788560696798,2.22676561530409,3.34132323003955,1.08982718699259,5.55805527173381,0.928909218691856,17.7549405690049,3.44926383950377,1.3014196647512,13.7682823710721,1.67234504246006,0.901836982102034,21.3234017361848,57.0671749146239,1.33499971941228,1.23538219588286,0.549554264744835,0.979499407539808,1.38341564073083,38.8898235574234,0.880708984102307,1.21481362035826,22.7010495929382,1.01453664229358,1.19062983204122,1.40096213214626,0.899566265732306,20.5197873198629,3.4535915623445,1.65637416042101,24.4155742073692,37.3989731050592,4.15872129952749,1.09016611195659,0.630444744221349,1.12022483982669,1.18107595238075,3.60613853758021,1.50282194338696,9.64630736084145,38.354514603212,0.906089664135822,14.6441852799241,6.9390654806566,0.868549342827163,5.67297772441156,0.507547443775192,8.12171692755838,1.00129968403913,1.03622963033622,1.65945918952567,30.45124191128,3.50270372857478,0.921065179175344,25.6379608512328,11.6778794797191,2.54372978589606,7.2464277524207,3.08456539048575,0.92541046071838,8.57633065751246,1.0083104770425,7.93165291188598,13.3665870624331,1.68806445007622,3.14853189963517,7.13707321864259,38.9755237924444,0.851984341489977,1.00128464411423,0.50194910124087,0.909162430166771,1.0051896334891,19.4061203150711,0.87036818428126,8.39846228475011,0.512587207076266,0.914707826077824,2.70851194300304,42.9239577721922,0.850532628647762,1.00157479846484,0.500718941201338,0.900685245963923,1.00423461265341,9.71931366855542,3.97627210021314,1.44426207881935,1.77473930091423,1.12313758010887,15.8714495481288,1.06892225437843,0.876630670320834,37.1332491253793,7.95293376707402,2.21996819115894,6.98953338943137,22.273927074923,3.19126074426714,3.53341811763637,0.716855150540392,0.900371060171265,1.00000993374628,2.11476922469925,4.09015539034014,1.676013331966,1.5676389745886,0.909196979485195,1.85467408965985,18.924192833309,2.79358114114792,1.0144821020549,0.543352076032922,5.56369420120999,1.01976096911516
7.27614355204198,0.516599363480393,36.5209295231744,1.44688844691866,1.70846754810685,1.03494520650625,22.4759095161463,20.1814054318267,1.00242480700442,0.529048645802378,0.623051773286887,1.07949061495398,2.2769943056514,2.53751625518999,1.86050586657339,0.78057912287579,0.500474829282437,6.2913335802451,2.00428665420223,0.501421564462107,18.0993302914517,0.500268538564041,0.500443139909343,3.76723469903629,29.7334057004403,0.619276101142892,1.21868106501325,11.6223737895056,8.75732337261925,1.46055802227699,5.1528647879645,0.503767889636693,4.62121395228778,0.519126484988301,0.503670631464411,1.1809666724746,9.91494789820213,0.703868780355233,2.05214654724204,0.502808529717019,0.521946693081294,1.00444823607987,1.64763094874735,0.502642814828486,2.30576985920487,0.656186477959894,1.48708832248011,2.69106789679666,61.4455997434043,0.51288858183811,1.11902399230564,0.905360945902405,0.868698713545789,1.63321579930999,5.40799795177212,0.544419011799066,16.3118691087718,2.97689855560692,0.960599535799141,5.25801370074646,68.4673883363007,2.06849624215732,1.27427751051145,3.14410368123546,1.07685865734233,1.61791854544601,10.9529938858924,8.20676524367023,14.3763333975271,0.811479011937302,0.90276605559588,1.00047295529894,1.41264961588009,0.934025632323561,9.61188121190088,0.521949330129501,1.3127259577767,2.44262505230025,7.77150542614009,0.867160885783691,10.7440640666026,1.58396979323582,0.914986266246039,2.52027933159144,2.18192024145343,3.36083071253396,1.13085269398497,5.18318712883942,0.900455530743664,18.6218326973776,3.29379042210652,1.22363238841159,14.5322008589521,1.92797216976858,0.901972736233264,23.1993777731341,56.8549611683601,1.30846906819865,1.14528625358364,0.530554993366522,0.949087731665921,1.2368825402028,38.7043029782232,0.854653510645106,1.0324572451785,22.3645021237316,0.917415142127178,1.02895051812706,1.27567069835745,0.856768194218215,21.0873476082218,3.96698445899683,1.60186437767813,26.5983694410157,36.148819238271,4.19559527558481,1.01307761718393,0.519898389069013,0.933739059179734,1.02692222775796,3.77227158155752,1.66768144357007,9.84764304902985,37.8645774244493,0.904560742123875,15.5527599189084,6.26307382842133,0.891305369793674,6.34468162997754,0.5149993087504,8.4069980468518,1.00001423478872,1.05323661792173,1.54920229119362,30.6574211639502,4.05394504424268,0.935524480065525,27.192416876392,11.435019859035,2.55851068028037,7.79619818611094,2.72340421972078,0.915968202406888,8.55156026524231,1.12417042638848,7.85387770932393,13.8869057884816,1.67103707775312,3.08317308959673,7.46264585159493,37.7736015072067,0.865332935486486,1.00740822104762,0.514409977796677,0.917002562914427,1.03707989590575,18.924846392988,0.902337830397796,8.44059117616994,0.531950553701123,0.937309052485247,2.62220590414056,42.7112883755214,0.866399323754705,1.04798035667507,0.522003693057995,0.92096385042117,1.12975876467343,9.54175385536872,4.01286736066767,1.41661000583881,1.77675282647395,1.09270975670398,16.661105612478,1.24578195187021,0.948473116305952,38.9124804079313,8.4320106012225,2.29771410141422,7.25127186200841,21.5593172063162,3.37031915129894,3.59420960733831,0.685476827283567,0.921578239780575,1.00070675175836,1.84952627089719,4.12541335524694,1.77510488039794,1.58750747494671,0.905612299975322,2.06861794210045,18.0997410013115,2.7863205998642,1.03133223046153,0.525568619392786,5.75091406375634,1.0099969152089
6.81588188699234,0.508752113641434,37.2008419488656,1.43925838788139,1.72101941436274,1.01680444326509,21.928198740471,20.2063606293957,1.00866359738759,0.534255482390718,0.647121815907461,1.09176051397875,2.07234583287959,2.5020359954477,1.97990775925675,0.808797750377108,0.500846035881404,7.23387852060621,2.17175024677715,0.562330210934252,20.1400199075957,0.506216883608257,0.517844457403563,4.3700006856802,30.0293347887344,0.588866853135399,1.25415226885588,11.9134920097892,8.79786068630729,1.53430291500848,4.65760484359145,0.502246993979945,4.95892637497874,0.501269407495646,0.502088867122133,1.26509545058896,8.99892763912922,0.660345216453652,2.31253051783758,0.500105147999475,0.501170902523177,1.02620948871616,1.42624168607407,0.501007088580666,2.49923304315126,0.681366344784376,1.45714729034914,3.06195491933899,61.4218633667874,0.503101246895271,1.02862552215026,0.863314930537135,0.854493826707274,1.15231979690219,5.01684682710596,0.539572673326107,17.1544548235476,3.00823988837391,0.952366364657132,5.69808572195792,68.5035266646632,2.06847996201563,1.18988917283856,3.22330362559841,1.02181957217049,1.42560123170573,10.0973828714104,8.17258777132885,15.8239477597408,0.744838940064291,0.904524912316327,1.00164055415859,1.16375894594212,0.891715596989722,11.0742174434789,0.508554514436672,1.33286123548457,2.78674945284325,6.96137317550285,0.866357044426897,11.7826147728477,1.49504466989434,0.913328557446746,2.70864495493689,2.15104612185869,3.38142696206807,1.17926074324959,4.84549503047618,0.90039750773242,19.5319128278227,3.18397840321062,1.14719587236535,15.2273526836813,2.24127550942104,0.900690053122842,25.0707124135868,56.6630372013457,1.28259322288407,1.05581772048774,0.511727611579802,0.918865046021762,1.09108865053753,38.4878032882964,0.879284916821685,1.20342391237269,22.0733096856812,1.0100329511499,1.1825716298816,1.1825097007123,0.909230891534948,21.4543483565604,4.59011608020733,1.54213737202241,28.8142363978767,34.9419044019045,4.23097334113482,1.05419709539268,0.595811861258281,1.06434631660425,1.12054564430095,3.96423454520638,1.74791369187804,10.0430162595019,37.4276557316751,0.901955483226452,16.4548098645879,5.62967578300006,0.863760637086283,7.1163179487015,0.504573022945397,8.69088442646112,1.00353256122338,1.01548254601002,1.44661616867649,30.6065588771852,4.70870175839422,0.911834522975215,28.7429339795866,11.1682551435199,2.56802334573618,8.42814018847223,2.41996645939535,0.907798042317632,8.55124206553357,1.07513212702751,7.76946707912066,14.3879054650272,1.65654425367972,3.01905465290039,7.80038712401397,36.6189651336516,0.87867318202105,1.00926172126284,0.525754872212889,0.927083696949399,1.06382369049339,18.4414802646932,0.934469712902105,8.5108043983014,0.550856703930092,0.959395233134012,2.54979200209796,42.5451512000321,0.874860617656786,1.06847326090759,0.531925575941269,0.931063800987382,1.15841431721559,9.43424055601479,4.04721762511659,1.3910211558119,1.78176169382241,1.06217012357189,17.4615249302709,1.15953609088552,0.915439964918276,40.6122883220876,8.94435474274685,2.37398764186635,7.50351039772639,20.855820824534,3.55193188763101,3.67318179314471,0.657086686313948,0.978485085713367,1.00682640773614,1.62335866660244,4.15487654892565,1.87891039746122,1.60955291539317,0.901820153435305,2.31635177942317,17.3161918471335,2.78026269968441,1.05447458308934,0.508371926918313,5.93262416931272,1.00273647322318
6.38181891941523,0.500435023757279,37.9529491617793,1.44767525322899,1.73500483588545,1.00075979634662,21.4119956038153,20.224752596146,1.01828540683356,0.539328592318273,0.671135863577871,1.10314823950799,2.02382392588234,2.46376173356675,2.10845463727835,0.83957200788949,0.504027073834464,8.30595391203565,2.21087888245291,0.582626501665126,22.2919019015456,0.502803458277619,0.522169464401502,5.05613126202707,30.347053994958,0.559727312280334,1.29038047099713,12.1770176452069,8.82519911680802,1.60991767855427,4.2080861225154,0.502642681282512,5.32791986491689,0.501381479355456,0.50234437821911,1.36789680438792,8.15531666477675,0.617737484995759,2.6204300652691,0.500066426384121,0.501063093372662,1.06464268453864,1.24048089236139,0.537458132815947,2.70582677303585,0.708388900433395,1.42602368325138,3.49090545875924,61.4006006433874,0.518618183591548,1.1717358557378,0.929885161240911,0.876933073044898,1.9141002731808,4.66438652015815,0.534162491156076,18.0432501049786,3.06243252272219,0.94400950354713,6.20747692945757,68.5545430505252,2.06812561935433,1.10451078101576,3.30175452104022,0.966703739263043,1.23306963901187,9.20513064022081,8.0877269636225,17.4897209870112,0.695850526337516,0.901894370090604,1.01617343293678,1.00390189203382,0.852712736372429,12.6857465979069,0.500422550421983,1.35017400397688,3.18857305825285,6.2094284293894,0.865470339403929,12.938868581682,1.43008256777461,0.911803880473893,2.94859189938875,2.13300426713896,3.39992956667625,1.23514185795816,4.53795595887013,0.899650531745546,20.4829666105112,3.11751802588905,1.07267332705849,15.8292962009545,2.62352163777451,0.914548966803403,26.9000421206592,56.4893440106178,1.25735106283491,1.17954111346266,0.537679069412477,0.960701990430942,1.29328923084847,38.2490387627324,0.853604678852217,1.02495923666789,21.8247445237876,0.913572085772093,1.02248082270438,1.11821982860969,0.864686118144698,21.6013379645235,5.33814906744113,1.47752523708733,31.0243024671796,33.7766389361977,4.26488780517356,1.07931685757706,0.667606822744642,1.19083352285794,1.19483499243152,4.18562037317806,1.64922555073811,10.2290846135655,37.0365763821761,0.900649231620315,17.3379625332084,5.03565925898855,0.886296430448276,8.00011985674838,0.510503923092936,8.97187937384262,1.01301065587634,1.02884974764817,1.35222832039503,30.2924497891403,5.47551187250729,0.926967876572042,30.273436770938,10.8802650180464,2.57109366811178,9.14817934729735,2.16608934965491,0.90159349910654,8.57491047785832,1.02573367581398,7.68013455613796,14.8677802932972,1.64452593392298,2.95609296990484,8.15052169224114,35.5093410130004,0.891999163088967,1.00712313073165,0.536053755102029,0.939346654030234,1.08575232970446,17.9552765730769,0.878113000869648,8.60902722228873,0.516740601223796,0.919562921766529,2.490245077633,42.3688246499899,0.860595319216627,1.03055669309008,0.514100927195351,0.913426758063882,1.08330217955141,9.39469622926134,4.07937517629538,1.36670487266956,1.78930973738394,1.0314171721367,18.2592031703837,1.06972711461094,0.879241391356908,42.2186762813047,9.4891627184674,2.44836474416115,7.74472403718305,20.1624173168988,3.73504661230401,3.77081896015576,0.631417785338502,0.940576697262397,1.01917767490236,1.43084450417633,4.17837876176718,1.98692952118594,1.63375416666123,0.918630427814346,2.60207556348038,16.5703462785205,2.77526343601584,1.08397269814775,0.565624941990699,6.10811103602116,1.01545459629751
5.96984336442377,0.543517570076295,38.7615902768294,1.47266910407333,1.75031968225009,1.0669648157802,20.9241541482578,20.2375131116905,1.03120629602364,0.544287274480074,0.695095880369713,1.11373299197707,2.00848275438519,2.4226235524377,2.2445129994042,0.872721886714538,0.501730451626957,9.50599384462074,2.02602492815536,0.510788044202965,24.5365528749791,0.499902826390427,0.502773567637993,5.83286463759686,30.6818135029914,0.5318322373394,1.32731290548684,12.4118625516384,8.84028391421462,1.68743531213379,3.80095018369,0.50284773971941,5.72846890363238,0.501372744657087,0.502414291154016,1.49149899502124,7.37930429562184,0.575884192430382,2.98372512411392,0.50023121738658,0.506917956847117,1.12018961745353,1.08499228364406,0.809913952528648,2.92212672249593,0.737149137241485,1.39293638931395,3.98528267330735,61.3815517852038,0.519432477822355,1.17916200391649,0.93334239067008,0.878077906498044,1.95382090242091,4.3508011421547,0.528120670427921,18.968358896316,3.14128215911871,0.935421179120682,6.79157975502591,68.6184853850563,2.06743958971132,1.01810553527502,3.37915706076426,0.911496972376657,1.04018825264312,8.28896622173879,7.95647772541084,19.403187428018,0.663339825522543,0.900775685513031,1.04657416950148,1.0199136607107,0.864042314957499,14.4292153413572,0.501142218664818,1.36482874591026,3.65128990056799,5.51613696908633,0.86446864842699,14.2090734142724,1.38762101497879,0.910399098423677,3.24744341764509,2.12794529232183,3.41557418180775,1.29877725549829,4.25693470924592,0.901599764932371,21.4731190936635,3.0932357599085,1.00056193138992,16.3135452711661,3.08651585605744,0.906413825234359,28.6498998450065,56.3320540143262,1.23272235868046,1.30246040375643,0.563407635024985,1.00228875074178,1.49453987465577,37.9955763584965,0.877998417137714,1.19295017566373,21.6159093004418,1.00563568009345,1.17448323939905,1.08076773497685,0.918326883483526,21.5138949307393,6.22426440686896,1.40853624705404,33.1865623735282,32.6514927506077,4.29737249396492,1.02793527151154,0.563675224530837,1.01096342865727,1.0717438589224,4.43933556112781,3.31808339495796,10.3802364361823,36.5124264666962,0.901036939027502,18.191419717881,4.47857633494944,0.856761322557035,9.00905151461692,0.501751816637522,9.24854907686704,1.02824848971058,1.01148347941579,1.26635871712084,29.7119783017353,6.35867088422159,0.913382257968528,31.7651132321415,10.5727077373701,2.56659102388873,9.96291673441475,1.9549168700266,0.901035578270956,8.6222947622681,1.14241525740019,7.5873618888336,15.3251298120276,1.63492362142083,2.89419796520117,8.51325679524457,34.4425888021823,0.905303890096991,1.00125093344922,0.545370442242472,0.953747036910958,1.10316982150982,17.4654984273026,0.910425981666854,8.73546701386335,0.53538861661017,0.941416020020647,2.44274838882741,42.1991814141943,0.874857212511691,1.07108923523564,0.532925726476721,0.931340956723857,1.19471096799225,9.42139837534841,4.10941168067712,1.34294820670626,1.7989193208739,1.00040037968232,19.0397710745908,1.25640640561946,0.960737908164607,43.7197455734794,10.0648284463429,2.52042489891041,7.97352975876777,19.4782602475323,3.91851651296435,3.88785544515074,0.608240743049749,0.903151251732764,1.03786369474269,1.26736034244297,4.19580821833124,2.09861556205533,1.6601288937358,0.901744292232053,2.93049864391949,15.8592700232981,2.77117721022619,1.11999251525706,0.548470059131276,6.27681740342717,1.00839721145729
5.57743022256393,0.543566317269513,39.6115941902942,1.51523413603866,1.76686696742587,1.06044017652166,20.4619485284262,20.2454493795403,1.04738410098016,0.549131104761625,0.718990071699591,1.12358440207988,2.02638177103366,2.37860313023009,2.38810866840605,0.908504360571577,0.507200985338814,10.8379774253299,2.06253711096508,0.527997439819013,26.850845999749,0.505759356131894,0.506851496762477,6.70667951170612,31.028906320038,0.50515590142817,1.01976424192371,12.6175313044641,8.8441528730468,1.04152203530141,3.43297471951045,0.502971208171244,6.16054348813875,0.501320376271996,0.502411582353929,1.63852168125468,6.66596816624532,0.5346433213673,3.41142936660267,0.500022479639177,0.503087580285065,1.19394750382922,1.00051242142732,0.774545843472294,3.14592273585969,0.767677976919313,1.35739194449288,4.55242158717169,61.3644814416453,0.520246770494459,1.18658964857986,0.936800310667231,0.879223339647367,1.99354097271343,4.07641933962377,0.521396030113186,19.9175812004445,3.24703573378459,0.926480205243511,7.4554827376373,68.693542456906,2.06642959644972,1.31096634363301,3.45523004517198,1.09600978162978,1.68526020966837,7.36524555038302,7.79101451771621,21.5941062213799,0.647121544598776,0.906405504590088,1.09434521111702,1.04412280292886,0.881945506326463,16.2763017358187,0.500497866435567,1.37537087524143,4.17809608187999,4.88182766923643,0.887412256868102,15.5847894423005,1.36699831989906,0.925345887009628,3.61433260586194,2.14190792544432,3.43790487541691,1.37023749423407,4.01043191026618,0.903091297613062,22.497472359176,3.11112659965853,0.93128340915794,16.6565904115948,3.641529942328,0.912759031032982,30.2846872097727,56.1895430650298,1.20868771629092,1.42470954980036,0.588948184662663,1.0436620403383,1.69501043182634,37.7339260379308,0.852590388015064,1.01779043040102,21.4438349285528,0.909782300227811,1.01612206116981,1.06939834990219,0.872697927136586,21.1837962524456,7.25703825614492,1.33583877461432,35.2577286484535,31.5650059967918,4.3284641318959,1.04618336749848,0.633700998712523,1.13567949861216,1.13773236405669,4.72770855470637,2.98766006417618,10.5185863691631,36.016891296438,0.900287701675404,19.0055178348088,3.95663555859782,0.880972978264822,10.1564413914066,0.506755458273611,9.5195588069381,1.04914796108957,1.00381522094359,1.18902966664126,28.8741831825546,7.35615540108986,0.905972470198268,33.2039786870899,10.2465257926953,2.55345548429081,10.8794722458087,1.78078228782478,0.902415280503657,8.69336018730703,1.09274494469477,7.49242597586943,15.7589423752285,1.62768211151617,2.83327645236964,8.8887803274057,33.4183483455036,0.918378917448432,1.00008821686967,0.553549672976399,0.970231929914812,1.11585309479705,16.9714324237002,0.853682553880472,8.89061114867677,0.502128979401427,0.9024955943779,2.40668272363652,42.0425056275535,0.875454060311522,1.07230081849273,0.533587267656915,0.931961762819152,1.19879151723799,9.51284645933439,4.13741614412424,1.31910638879072,1.81008106228291,0.969115082770338,19.788352718721,1.16389294123933,0.922160267167144,45.1059284407614,10.6689027567219,2.58976142046237,8.1887165254684,18.8025020204996,4.10111436026971,4.02526293835464,0.587357099612571,0.959021776938191,1.0631103216106,1.1289773987364,4.20710939770167,2.21337748321736,1.68873128693354,0.906557197329494,3.30684198278504,15.1802572553296,2.76785539014427,1.16279774498039,0.531838867937108,6.43833982839349,1.0035557139193
5.20329150297222,0.543562704172054,40.4876345639093,1.5768764369022,1.78455052664413,1.05441308060922,20.0229564491348,20.2491962290869,1.06681035799401,0.553855550856676,0.742797831119009,1.13274935786078,2.01997272998511,2.33169631629017,2.53950056643956,0.947282079482742,0.507909245229721,12.304652421827,2.09922202330359,0.548048873100061,29.206233947965,0.521351426289425,0.511292332280732,7.68273218453401,31.5108783987836,0.501969272756834,1.00435864245072,12.7960279381546,8.8157412149232,1.00536664805294,3.10121822343947,0.523718901838706,6.62365427142822,0.509585735769184,0.518349585059587,1.81211976255793,6.01057897484986,0.502633829459548,3.91378664460914,0.500451884256666,0.504358185986975,1.28770425631264,1.03269970526749,0.703775718302261,3.37969634314925,0.800258227827233,1.31938630750924,5.19401164984901,61.3491783466678,0.521061059220174,1.19401920170423,0.940259104563954,0.880369556163763,2.03326160516036,3.84179357399053,0.513953627430306,20.876257480907,3.38240200450743,0.917054972193582,8.20347957773113,68.77804496183,2.06510461111258,1.22451249959348,3.52971254634523,1.04080853585103,1.49244717586734,6.45333215965178,7.61013887106826,24.0895941061047,0.648129429398475,0.917682139078681,1.16149769115449,1.10299741420876,0.927067644069122,18.1998762303079,0.501796583783681,1.38119436625954,4.7766843898734,4.30664479550388,0.866242899654993,17.0520804352609,1.3683596652109,0.910592344016847,4.06030298277959,2.17245947969384,3.46003839491671,1.44968636027048,3.78813930000541,0.901781019219398,23.5513247188684,3.17266321319556,0.865206503668972,16.8373585433995,4.29753519126383,0.901619960022549,31.7717331462483,56.060363351833,1.18522852381723,1.03361480985958,0.507037175430192,0.911372158273134,1.05502599681709,37.4696334456437,0.854211727290269,1.02880633073404,21.3055473644825,0.915914224253099,1.02615518767184,1.08474385725489,0.926358472391413,20.6106803169555,8.43716310641948,1.26023956919384,37.195338931766,30.5157702868352,4.35819999914607,1.01050082824714,0.533810323758386,0.95985259714265,1.03360995115562,5.05467205285436,2.6988107888993,10.6440071717449,35.5674407647759,0.901713068441021,19.7664152356077,3.46866301643449,0.908002802954539,11.4554309080172,0.510360205645184,9.78367843580732,1.0756899321025,1.00525039318093,1.12019402976752,27.7912267176667,8.45706392953256,0.912884556368031,34.5715575657339,9.90193787274576,2.53064983521793,11.9052868855878,1.63904934314324,0.900709918859032,8.78818771539043,1.04304804379375,7.39642482027033,16.168561739974,1.62275061543447,2.77323448223407,9.27725948948137,32.452067142128,0.863297363507847,1.00602073155841,0.510180030007238,0.98851141062997,1.02149299411408,16.472403890288,0.886189171943136,9.075207244082,0.520513565065731,0.92411376956234,2.38160452610846,41.8977368020603,0.875130161005236,1.07093183952475,0.533042916439177,0.931435681135634,1.19572331139042,9.66758986680074,4.16349301461908,1.29459883433071,1.82224681278154,0.937596869244779,20.4900118207771,1.06882021385609,0.880860416673652,46.3701467489804,11.2980612102782,2.65599047488039,8.38927051774164,18.1343380194749,4.28154721622705,4.18424637407345,0.568595612923573,0.922040242238494,1.09526318089204,1.05603071242494,4.21240891831376,2.33008587854792,1.71952313301304,0.911899986714744,3.73526419217437,14.5308136249901,2.76514629535267,1.21274839035524,0.515702787047528,6.59242131069732,1.00079688285741
4.84703076663378,0.543476106515683,41.3736598275411,1.65964775282924,1.803268816652,1.0488594851454,19.6049773192565,20.2492101857301,1.08950792493449,0.558469305828868,0.766512091118026,1.14126210134292,2.01202566875428,2.28191404558255,2.69892734387927,0.989460456565103,0.508682649606086,13.9055000576891,2.13505980679424,0.57093367729873,31.5707335708159,0.547768141939933,0.516156876882257,8.76431468823388,31.8671516020745,0.503272035138096,1.03958231839698,12.9368116946395,8.79825415887796,1.08332370123352,2.80299903907241,0.503131401558637,7.11679049533369,0.501181940020281,0.50234571115642,2.01601272181553,5.40855917077269,0.501079294417328,4.50143351432368,0.502589194685841,0.501664223050358,1.40383512742085,1.03107774583307,0.637659492182211,3.62196429988492,0.835031797049588,1.2786133816416,5.91527571043956,61.3354551002978,0.521875348143306,1.20145111701033,0.943718915938576,0.881516688668911,2.07298813132181,3.64781113903276,0.505773969288568,21.8272145799911,3.55055330671638,0.907007557385398,9.03844937003099,68.8704772636343,2.06347474083551,1.13699479378156,3.60236581574889,0.985497368184842,1.29914523085324,5.57475775355736,7.43714992632851,26.9098777118287,0.668690372053459,0.939679514130813,1.25054417310537,1.09809397293673,0.925910255245623,20.1663775665235,0.512671862750333,1.38166399915928,5.45523163452081,3.79046220099447,0.919766706103233,18.5910046306069,1.39269766568653,0.943784380101792,4.59838320126365,2.2208547139025,3.48168490561258,1.53734568998919,3.58766433672637,0.907178329343588,24.6289404635759,3.28228735676109,0.852101384105715,16.8383958586649,5.05983389485369,0.902622713430385,33.0833464549938,55.9432246362621,1.16232692011108,1.15622398162727,0.532676238543919,0.952854855645914,1.25593246510931,37.2073420612691,0.855826652909961,1.03969398911837,21.1980984918992,0.922018245194356,1.03608767059969,1.12900918714144,0.880371466691364,19.8039912755071,9.75393025220582,1.18265669067692,38.9599644641745,29.5024390869454,4.38661931271159,1.02212601333745,0.602131562995822,1.08286191203246,1.09159926869621,5.42396026778113,2.44484796113366,10.7520992346828,35.1496377568218,0.902277153851944,20.4605121141286,3.01407820600254,0.874889922832595,12.9182534708972,0.503768533862803,10.0397840957077,1.10791906091631,1.00026924525973,1.05968419657063,26.487068011097,9.64009800109782,0.901319280129819,35.8520579336894,9.53889269705735,2.49725306024036,13.0478843222266,1.52606340810349,0.901311439627624,8.90707124134785,1.15890343177556,7.3002838158797,16.553683146739,1.62008402465544,2.71397903125356,9.67883752015725,31.499877872811,0.852391254693042,1.01909601967764,0.501768107799489,1.0091067284185,1.00356905495844,15.9677922000985,0.876642593213143,9.29025331292265,0.514826353965233,0.917483693472976,2.3672346271827,41.7638887647146,0.874806251764464,1.06960765803852,0.532510244764428,0.930921550364624,1.19270789452468,9.88402068917711,4.18776029485083,1.26890915736234,1.83482664086378,0.905915364767063,21.130261176121,1.26167000702487,0.970252683062792,47.5078947655792,11.9481099278178,2.71876125928306,8.57439840519186,17.4730368629362,4.45847039786532,4.36624902484326,0.551810032662447,0.97695970304426,1.13479395512394,1.00508736283048,4.21159046744076,2.44812293657408,1.75257666584217,0.901199522856066,4.22095081438869,13.9086417385743,2.76289525581006,1.27030109432534,0.538074242724017,6.7389380466197,0.999072561074351
4.50889462665845,0.528508855077797,42.2524612957469,1.76618973089351,1.82290979201498,1.0290439963973,19.2060094255432,20.2458246136166,1.11553144811618,0.562986454052205,0.790152694809102,1.14916190590303,2.00246688075946,2.22928449048305,2.86660276472409,1.0354922025246,0.509524485769826,15.636067072788,2.16883311334021,0.596566030937515,33.9105346109676,0.586668357947204,0.521508640692648,9.95225845597938,32.2156696874066,0.506616020483575,1.08037942722834,13.0500119650419,8.7738669140882,1.16941957528776,2.53587457647063,0.525960430951352,7.63835324198709,0.50890492992657,0.518673655135837,2.25452871766809,4.85597141282379,0.520157058300272,5.18568507967532,0.506449566249069,0.527592152234378,1.54562462974561,1.02884167241443,0.576046737198996,3.87158086132177,0.872255385678081,1.23490011687439,6.72312522169717,61.3231466588257,0.522689639483995,1.20888553683355,0.947179775426295,0.882664773910641,2.1127256214427,3.49585525836792,0.626782379970221,22.7507956120078,3.75509844203745,1.05391669529528,9.9610731521358,68.969459549395,2.0615511039265,1.04841590870029,3.67297455793087,0.930070619376056,1.10527628372261,4.751833782099,7.29720469892133,30.0625820776088,0.713011867046475,0.909733863965186,1.36445302810971,1.09241159026008,0.924371940754043,22.1374739218979,0.53394196759909,1.37612923839591,6.22227574740173,3.33277929620827,0.897076601959647,20.1755934307327,1.44193695136119,0.929094419528533,5.24359214411684,2.28869780596357,3.50260657917566,1.63342489119385,3.40689064198525,0.913215085445629,25.7235211647877,3.4450454055672,0.855512294655451,16.6480817907233,5.92466495501773,0.907132954618444,34.1961289617473,55.8369633158406,1.13996574383141,1.27828063662405,0.558158804675746,0.99415710616158,1.45619512584656,36.9508731741848,0.857438257448504,1.05047582576627,21.1185958072711,0.928097355732866,1.04592046749507,1.20624591841786,0.932948903144781,18.7846611750123,11.1822965510454,1.10408736922898,40.5172826229111,28.5237168500079,4.41376190006786,1.00108666117877,0.506010793758691,0.910808545091069,1.00516808144545,5.83889498221722,2.22053188082211,10.8386506454487,34.7487711398926,0.900144698742424,21.0749671655538,2.59282646577054,0.904714923027222,14.5553485887728,0.506325633791674,10.2868590603121,1.14593180075226,0.999945520059384,1.00711675823354,24.9996693972367,10.8728125465365,0.909015442412285,37.0339550049869,9.15722269059051,2.45247754762593,14.3145379683715,1.43907747450895,0.900921903039808,9.05054372499364,1.10908075373842,7.2047709548452,16.9143238064092,1.61964407031274,2.65541985080694,10.0936303108076,30.5781017136692,0.85856444937764,1.03924160303067,0.506057143011693,1.03178876607476,1.01152016438708,15.4570439365546,0.867003738365413,9.53697953095557,0.50927668398943,0.910981131228773,2.363444728797,41.6400676927982,0.87448234073555,1.06832135489323,0.531987446393476,0.930417492689415,1.18973728522718,10.160647016168,4.21058021794848,1.24158652455551,1.847271690884,0.903416492721458,21.6964700296416,1.16468342105905,0.926917057205871,48.5172019450111,12.6140523236848,2.77776576734043,8.74354307069389,16.8179390236292,4.6305028598681,4.57295691241329,0.536876961127469,0.940400591519722,1.18231141691522,1.01286617704987,4.2048623510594,2.5658680738007,1.78776419624284,0.903753436506209,4.76563655513316,13.3138679633473,2.76069700690407,1.33588586314009,0.552335360213791,6.87729441686333,1.00256344100446
4.18960050029971,0.512568574185905,43.1053382175306,1.89978342094249,1.84334600852771,1.01161340362061,18.8242485164063,20.2393085692905,1.14496719741404,0.567410334776611,0.813741374480177,1.156493026272,2.00694757034881,2.17385539557426,3.04266590840201,1.0858701139744,0.510439313276581,17.4871078701225,2.19917746461554,0.624762694143404,36.1911221257692,0.640404888206698,0.527407355849126,11.244335271162,32.5586530091278,0.508024343047913,1.097905512365,13.1375238989696,8.7427945849175,1.2067143125231,2.29762576200629,0.503299576620555,8.18611312389385,0.50105663665329,0.502312031831294,2.5326475949234,4.34890414186043,0.502917250586273,5.97954230244905,0.512031025242682,0.503753235431794,1.71693292206564,1.02591202892001,0.51879348081433,4.12723000049293,0.912223565078917,1.18812006124379,7.62421447970245,61.3121077464903,0.523503932070282,1.21632240644774,0.950641669759959,0.883813806592597,2.15247551945212,3.38802875001474,0.621688473587371,23.6249946634248,4.00000467666957,1.04884151398816,10.9688822697191,69.0737070686523,2.05934569460409,1.34931441512875,3.74134800852558,1.11548548181091,1.75495670831879,4.00580725961607,7.21468152971873,33.5356256923621,0.788004098279469,0.939420707625031,1.50654406273973,1.0859083206398,0.922393813695083,24.0731883339325,0.566881532928302,1.36395742056441,7.08658183186485,2.9326375186196,0.871760974152246,21.7743718931184,1.51906263562073,0.913384862151251,6.0128311142019,2.37793452478161,3.52252376691521,1.73809755124644,3.24386267219635,0.904644727912196,26.8270408957591,3.66757418429593,0.871447222527911,16.2643021280763,6.87740838971752,0.929070163743695,35.0929144486007,55.7405305474901,1.11812852681496,1.3998631102562,0.58350670350147,1.03530213424008,1.65588925970232,36.7033221767168,0.859049227606177,1.06117371795944,21.064230834954,0.934155064536194,1.05565724925935,1.32273325143963,0.887333417814476,17.5857431358056,12.6816233476752,1.02556977048688,41.8397286248491,27.5783574127587,4.4396681573393,1.00633167591387,0.572689156062466,1.0321724471409,1.05544984622493,6.3021625932722,2.02170853192452,10.8997389686234,34.3501321931996,0.901695013550536,21.5982536990819,2.20525969943275,0.867445966887316,16.3742117756911,0.501595518800866,10.5239922327051,1.18986295529559,1.01363363236167,0.961761206196791,23.3743865287426,12.110314109939,0.910766035208083,38.1067140926958,8.7569042222407,2.39573383482849,15.7118309284648,1.37622436959583,0.900562330694802,9.21931001951533,1.05958562210194,7.11052795121747,17.2507546822271,1.62139939190202,2.59747047051459,10.5217266210584,29.6858438297788,0.852805938519607,1.06657160727494,0.50189870461537,1.05654783872752,1.00340452077801,14.9396913206808,0.857251094035521,9.81684336291653,0.503872621342239,0.904604791708347,2.37025595500903,41.5254673532202,0.874158418748599,1.06707106524278,0.531474041834007,0.92992305180649,1.18680910871226,10.4948310520516,4.2320357839688,1.21225368288961,1.85890364196891,0.902624597571935,22.1765070788309,1.06627253665646,0.881434284987826,49.398511808428,13.2902031698967,2.83274713340521,8.89639142329293,16.1684582309711,4.79624371331706,4.80630170749685,0.523693773519156,0.961654392619433,1.23857537592666,1.00683581286206,4.19249562354203,2.68251870416103,1.82523512581703,0.902490153462728,5.3738140189807,12.7415774803527,2.75878010480366,1.41031958652521,0.501396957152797,7.00848357396765,1.01149496766539
3.89019471734891,0.588516105092625,43.9118653931445,2.06437782439833,1.86443024723768,1.07127062369618,18.4580710611058,20.2298835867285,1.17793169945037,0.571735502065677,0.837258793561673,1.16328783525878,2.04978847641405,2.11570157551548,3.2267434591372,1.14103546479027,0.511446249672076,19.4407755869891,2.01614176223555,0.510867064175231,38.3784122633883,0.712206774940124,0.502375378390334,12.6347441786741,32.8925701909124,0.51088970257297,1.13345449610911,13.2011864370816,8.7061649867483,1.28236376951427,2.08624424291774,0.528412010677222,8.75719477042187,0.508263171586661,0.519303944782565,2.8560379099556,3.88395886591304,0.513212380741242,6.89620984363472,0.519373012952805,0.515370937787898,1.92257114380976,1.00242614687162,0.501911683186783,4.3865319785915,0.955195715889082,1.13813940575581,8.62341496794479,61.3022092474812,0.524318224402781,1.22376163913611,0.954104581671661,0.884963766901513,2.19223545663974,3.3274537199806,0.615609118855956,24.4257258681464,4.2894386601553,1.04329953723454,12.0551537162811,69.1820221685327,2.0568712505175,1.26063504519933,3.80732078169449,1.06005366419737,1.56107752781246,3.35480209958976,7.21065005495572,37.2891395809302,0.904630719566417,0.989924458991267,1.68030449670941,1.07859137302835,0.919931636745951,25.9347192919287,0.613311771639761,1.34456369035749,8.05689820885041,2.58860392634382,0.934962831263086,23.3514235742978,1.62829491460161,0.952930902749682,6.92459485987461,2.49094435605763,3.54120413171179,1.85147408267658,3.09682725610211,0.925371127019169,27.9301323516474,3.95906736355395,0.853826839346532,15.6953543888928,7.89127476842435,0.905400983177989,35.761759260263,55.6529828769427,1.09679946852246,1.01195957025327,0.502496814795299,0.904046505730607,1.01962214629265,36.4671474052434,0.86066185046356,1.07181431921412,21.0322967384033,0.94019622868848,1.065311150599,1.48746152501698,0.937929334910454,16.2512833866041,14.1969685472482,0.948138790211459,42.9074372032572,26.6651681881761,4.46437942422513,0.998954269237905,0.636114922462676,1.15027784648074,1.09047949293942,6.81540386023735,1.84501460443803,10.9318629096844,33.9387518876199,0.900880530617741,22.0205656843869,1.8519817737397,0.90053499734759,18.3781792532871,0.503053018746196,10.7503757308806,1.23987369930905,1.05366334952034,0.922508345087234,21.6639318443805,13.2978428803156,0.899750759189229,39.0596102718706,8.33818285420118,2.32665701117525,17.2450879407816,1.33651559220945,0.900282969680749,9.41422446132213,1.01058157592574,7.01807341928382,17.5634854000345,1.62532662607957,2.54004943826435,10.9631836192276,28.8208210961437,0.850270812068429,1.10134175487067,0.500175388466564,1.08339501813699,1.00029326478653,14.4153762047924,0.988862750995261,10.1315339073054,0.571598623882843,0.985849557189469,2.38784775658269,41.4193570576158,0.873834498333809,1.06585534228878,0.530969637549285,0.92943778863311,1.18392263364569,10.8833912181701,4.25239214516803,1.18061740457937,1.86908400664833,0.90548538838532,22.5608432870925,1.26173410099881,0.976747546280023,50.1544831790105,13.9703589390398,2.8835073726661,9.03287617575033,15.5240917654956,4.95428758461567,5.06846280603178,0.512177103332329,0.982606199909999,1.30451287396303,1.01150363556866,4.17494667286968,2.79680783549821,1.86506485558473,0.905542181167927,6.04796038315069,12.1909161036253,2.75693994142479,1.49435943886469,0.509728765687749,7.13250174467057,1.02578428164931
3.61191606648962,0.572765620301651,44.6497238430217,2.26459210810218,1.88599067376378,1.05349373030261,18.1059993107388,20.2177056611902,1.21457063057674,0.575961411446391,0.860648035912261,1.16956138569563,2.13534183655313,2.05494195039159,3.41780572473891,1.20134151039521,0.512534231045377,21.4689431644381,2.04739775431389,0.535442654570076,40.4396345138736,0.806413440006609,0.507743377762343,14.1137586201708,33.214331509873,0.504418321470923,1.05434930927012,13.2430469148126,8.66504383145957,1.11522756064915,2.00188376705982,0.501157458038858,9.34284101776353,0.500607035629945,0.501148596917605,3.22732075920445,3.45821900122993,0.528870252182937,7.94826728570194,0.528550197415033,0.530251850835588,2.16851498363291,1.00311121788668,0.503226745865729,4.64761060288001,1.00158367799303,1.08499357702445,9.7285431993924,61.2933347346479,0.525132516159243,1.23120316650763,0.957568490380981,0.886114626392781,2.23200166140615,3.31866970796279,0.608530181020343,25.1272515108567,4.62748414232843,1.03710132436462,13.2076720007851,69.2933172598088,2.05414112648445,1.17091997704652,3.87075372946292,1.00450053986136,1.36656803107235,2.73519158183828,6.96735435862659,41.2543739760452,1.07594047299136,1.04893091730864,1.89042467505666,1.0705317578374,0.91696207048578,27.686696506509,0.675717022282807,1.31744699199141,9.14165194090707,2.29885953795456,0.907767567617548,24.8678349767679,1.7753079712912,0.936788413880081,7.99842031412547,2.63055335072543,3.55842950875407,1.9735712312467,2.96417168159368,0.920998583286553,29.0219945571324,4.33077608485293,0.871583684609898,14.9608320240811,8.92681923271486,0.932325613621159,36.1959329976611,55.5734721327443,1.07596338662283,1.133770177658,0.527909900118585,0.945265907216691,1.21957010744698,36.2442482787969,0.862278009562851,1.08242520821442,21.0201983413666,0.946225838551494,1.07489997796559,1.71278878889755,0.889382459061563,14.8326372574536,15.6632367675629,0.921500843296187,43.709670102681,25.7829966214309,4.48793659849792,0.998061500941875,0.545182414759917,0.98342063837538,1.02838546352346,7.3787897728447,1.68769414233735,10.9321162060025,33.4997648805027,0.89993946990036,22.3343800446594,1.53364549505005,0.857905379787674,20.5651062964578,0.500315214730241,10.9653026307205,1.29613972737304,1.12182604711097,0.888261292443311,19.9256685626851,14.3790426868937,0.952670712262618,39.8869069900073,7.90178617578408,2.24516489813881,18.9176364190554,1.31990370293971,0.900061781981864,9.63623440293988,1.12346937866105,6.92781693732765,17.8532231127987,1.63141112309175,2.48308141352892,11.4180236494951,27.9798330051104,0.854822374010919,1.14394875874677,0.50297421244586,1.11236769516218,1.00457296427781,13.8838697601677,0.980024614059735,10.482951020194,0.565350839971015,0.978876732611645,2.41655608993053,41.3210711455064,0.873510585158982,1.06467162287704,0.530473557588532,0.928960998937332,1.18107551448312,11.3217556382271,4.27179987582378,1.14647886369184,1.87713225299724,0.900044398213367,22.8418372648155,1.16228889502369,0.929672607204153,50.7897278458474,14.6480096534555,2.92991255657547,9.15316840243316,14.8858354159225,5.10367584613207,5.36184138981219,0.507062258248661,0.99747956159429,1.3813404102202,1.00258594886267,4.15220070664411,2.90969947187159,1.90784853127953,0.901687494458293,6.79950070669041,11.6615681682848,2.75489464395126,1.58880629719225,0.527492467043998,7.24925950452971,1.04540097817103
3.35609305032799,0.556063325447228,45.2946812741566,2.50565804923987,1.90782662639452,1.03781083535319,17.7666680723445,20.2028526088292,1.25505910897269,0.58009451544704,0.883885247738588,1.17532870890112,2.27017414492716,1.99175016082342,3.61440593283366,1.2670862702593,0.513707523430182,23.53545616094,2.07406745018043,0.56225335032651,42.3438035127834,0.928773181422308,0.513688268114593,15.6676031813942,33.5212593782139,0.518111620383575,1.22391614232963,13.2652697447741,8.6204323337552,1.47615197783535,2.00011366163277,0.500051079666952,9.9364957595315,0.500013227615044,0.500033358525867,3.6470846758876,3.06910303980655,0.5260824423408,9.14734297967323,0.539673690604633,0.524970045216026,2.46183027409842,1.00823819908962,0.513479025196364,4.90813669598994,1.05176558631479,1.02875324282702,10.9425421445586,61.2853783560085,0.500642529938613,1.00591100045265,0.852750113638722,0.850923347532393,1.03149936058214,3.36814877546642,0.600469365307392,25.7027751126865,5.01769133369467,1.03005113617307,14.4074098960508,69.4066201512987,2.0511691578439,1.08019921778064,3.93153375940198,0.948826405987627,1.17139864578624,2.09718720080398,6.19455507143433,45.3968823125542,1.3249025152319,1.04183202761611,2.1462492825755,1.06185434004922,0.91348095195546,29.29887385923,0.757392828511076,1.28223176367855,10.3485582058419,2.06140347522719,0.877963612916096,26.2833095710262,1.96748728032328,0.91840339409069,9.25399202816584,2.80007077821262,3.57400048828666,2.10427288339067,2.84440016432453,0.907342406400767,30.0902604113059,4.79573485625441,0.877499677496801,14.0906941396941,9.93490848366228,0.943753953470881,36.3932669777038,55.5012391044862,1.05560568237032,1.25520047427734,0.553211707093932,0.986352892853576,1.41909319494533,36.0360356708244,0.863899183002785,1.0930277541903,21.0254585610019,0.952247778291671,1.08443737530929,2.0151381649386,0.861306055254053,13.3846185549902,17.0148462253213,0.906824473067295,44.2427850422008,24.9499163379532,4.51112205004734,1.00256770914017,0.596436077192967,1.07846804624686,1.05498879278923,7.99065905990859,1.54747870851006,10.89835333429,33.0192166664854,0.902667051017578,22.5348502750579,1.25072588910277,0.894678228361718,22.9262131299715,0.500632952326562,11.1681677456331,1.35884096805472,1.22140520179882,0.857896414358206,18.2158442986079,15.3032683962991,1.14010471505287,40.594050072289,7.44910905818781,2.15151232904214,20.7298701645008,1.32740859501723,0.900071809457725,9.88630572582545,1.0746922919469,6.84007966315407,18.1208194611189,1.639646771818,2.42649744899006,11.8862338178278,27.1609114423683,0.875563300110288,1.19492185740431,0.514887694346363,1.14348709131803,1.02045944044275,13.3450932457892,0.971118934246928,10.8731816604595,0.55923236839526,0.972032855387658,2.45687543589326,41.2300013080792,0.873186675003248,1.06351693171908,0.529985032671173,0.928491911396133,1.17826389068654,11.803857432682,4.2903914500917,1.10974726478876,1.88238302552758,0.910745548857446,23.0147920084565,1.06244648522838,0.881057362580143,51.3105308434517,15.3165668621222,2.97189580858581,9.25766487138411,14.2520705189991,5.2425408370773,5.68901058749304,0.500517193356707,0.908323975165799,1.47025831533006,1.01182758953631,4.12472041658861,3.02005835864782,1.95374865946787,0.912652089541495,7.63151145335964,11.1522746006553,2.75246610184477,1.69462546612691,0.516813980715254,7.35899460079361,1.07042352640044
3.12408504187806,0.538516114618455,45.8207970153545,2.7932574246587,1.92970537978217,1.0239841558236,17.4388082389289,20.1853441455991,1.29960319929293,0.584137608648659,0.907032635679676,1.18060944236562,2.46350004992356,1.92635942689743,3.81456615825816,1.33846363122586,0.514960084244808,25.5964881239576,2.09480512830398,0.590947031476343,44.0617134583244,1.08681290530144,0.520249551722217,17.2786217570623,33.8111361735837,0.511609374535613,1.14402587940024,13.2700950874719,8.57325653853926,1.30695122913252,2.03840741586498,0.520110942439187,10.5295775431145,0.504806272139703,0.513168540760534,4.11733928568122,2.71440373438623,0.52245114340599,10.5029307832484,0.552893981132053,0.51966457153465,2.81086398175158,1.0001214280944,0.500381063767868,5.16640797041705,1.10623977928453,0.969653388764157,12.2680048140603,61.2782438598641,0.501456821887439,1.0133986162688,0.856233885027608,0.852092154585056,1.0714052280322,3.48557329526228,0.57882915282392,26.116572977483,5.46249343634475,1.0092416863536,15.6350964635558,69.521042703492,2.04796952434688,1.38852358268566,3.98957321779294,1.13515394065746,1.82630257558854,1.56932065352396,5.43133579058405,49.5903616104428,1.70223146476106,1.04583914818527,2.45276192189084,1.05273876303603,0.909500089911775,30.7469640019245,0.862628768354701,1.23871430469821,11.6841449198545,1.87440236349358,0.949547574279701,27.557700397929,2.21420962577208,0.969912083861096,10.7097609783918,3.00328602933695,3.5877384338297,2.24328944076057,2.73610516178894,0.940398245093376,31.1209372027766,5.36812818105404,0.882749361583409,13.1224526285684,10.8623253911692,0.955626104191046,36.3553361053773,55.4356075295368,1.03571228313015,1.37631418842251,0.578418156294156,1.02732469219631,1.61829085402428,35.843495899997,0.865526472018034,1.10363588999953,21.0457230220051,0.958264971821459,1.09393113754734,2.41551425628565,0.85162198697068,11.957486027742,18.1888308445617,0.901043768127018,44.5056467976125,24.1395556112818,4.53286344065615,1.01317811472285,0.509740891576268,0.918197672700954,1.00609877093309,8.64701020681301,1.42245467692493,10.8293609372984,32.4843035151332,0.900694204195537,22.6201760471027,1.13176577726169,0.93694747681238,25.4448221018642,0.500005433044075,11.3583837861195,1.42812800796084,1.35734616611527,0.858169142079965,16.5832971812855,16.031135018354,1.49375899355248,41.1938126996728,6.98236158834379,2.04633321623123,22.6780710239219,1.36133006495323,0.900689167272989,10.1653252362559,1.02674938187296,6.75510321695945,18.3672408868715,1.65003653001815,2.37023564571542,12.3677631462616,26.3618812564824,0.871138002300295,1.25494957231852,0.511724018613014,1.17678762335104,1.01442649298407,12.7991429838943,0.962123725003227,11.3044742517293,0.553252022960592,0.965317709724194,2.50946755301152,41.145590595498,0.87286276364665,1.06238856647991,0.529503365911554,0.928029825323087,1.17548386794121,12.3220146405779,4.30828806136868,1.07044715915972,1.88421971660768,0.909782460585953,23.0781738941944,1.25763500506782,0.980374536826841,51.7245057833606,15.9696183318242,3.00945745289977,9.34696483089655,13.6214983238706,5.36909830798053,6.05290672493163,0.500727787323319,0.914438662615824,1.57273857573142,1.01131697110112,4.09285923609506,3.12740090493797,2.00308252277639,0.928865193287328,8.54903621820957,10.6618391783488,2.74946618818848,1.81289801550906,0.530867289417963,7.46198791275894,1.1010065687533
2.91725335139191,0.520274228113391,46.2008959509829,3.13321038047379,1.95136002154589,1.01175472196858,17.1212417994948,20.1651806888072,1.34844180923364,0.588085498417611,0.930169577053729,1.18542143213601,2.72775337059872,1.85906868836562,4.01561450165704,1.41549223837935,0.528070374321744,27.6010742818623,2.10836136625734,0.621103536632066,45.5654396378642,1.29027231002995,0.527454227324336,18.9257585645736,34.082219368869,0.505083943633316,1.06328221821616,13.259776146906,8.52436015320387,1.13517830786769,2.05882726074226,0.535244005204349,11.1176512045161,0.507836733781235,0.523010676878698,4.64293560075696,2.39227050692109,0.517777256196994,12.021060254611,0.568405964491594,0.514286110945457,3.22543389556327,1.00002625419193,0.527976817302259,5.42076532479373,1.16557454897013,0.908044549772836,13.7055924464694,61.2718469169295,0.515050930411426,1.13839156369072,0.914389745980184,0.871601456755459,1.73758768616556,3.68347592709119,0.506598742779241,26.355779607228,5.96167236895135,0.909028685137146,16.8424372138775,69.6357576577592,2.04455661652198,1.29766221648844,4.04480927920094,1.07946620316753,1.63106148577666,1.14822052825087,4.69589375772905,53.6198326822382,2.28001510194079,1.05966614734008,2.81440558212732,1.04341179676013,0.905045205144942,32.0125731870775,0.996930296100615,1.18691020155051,13.1531989804973,1.73669983268166,0.917795274479195,28.6521585572459,2.52709703502401,0.950361382087442,12.3809558947676,3.24442829648033,3.59948819003634,2.39011542309646,2.63794285591054,0.926204516032192,32.0983951176251,6.0621726087609,0.855991951087729,12.0969231123088,11.6589709840669,0.910710012570395,36.0865707614275,55.3759695559526,1.01626963953907,1.49715175727848,0.603542176297074,1.06819505892212,1.81718317409676,35.6672486266675,0.867160663309479,1.11426113403039,21.078763930129,0.964280219759574,1.10338876454684,2.93982314511079,0.88639567853641,10.5937120485434,19.1317243565642,0.925203815441853,44.4966730624394,23.3398301470494,4.5527420660605,1.03041669280164,0.510415467584069,0.919698644092142,1.0044578365305,9.34119034141302,1.31099690530298,10.7250140172377,31.8842860893506,0.901144299793421,22.5918668295775,1.0110386334682,0.856758763370832,28.068736740646,0.501478403977584,11.5317061170713,1.50233674483081,1.53765284325761,0.85345740162759,15.0650993667554,16.5581507935932,1.89325611336143,41.7015404331538,6.50470267473029,1.93067667344796,24.7529836936402,1.42557125807503,0.901858550174509,10.4739713047508,1.13534310212305,6.67305874782809,18.5935371361548,1.66259297660224,2.31424177260877,12.8625187319436,25.5806548177338,0.854432654500578,1.3248742078464,0.502350615024928,1.21230809799272,1.00257226133113,12.2463172748819,0.953015001296933,11.7792085555258,0.547419378120259,0.958730964060115,2.57517560808613,41.0673332061938,0.909773874234869,1.1623496372527,0.576936770571006,0.973080227921627,1.45787784170282,12.8668968401527,4.32560494962197,1.02872254079754,1.88210781818908,0.917167557429549,23.0337196630002,1.15754381521647,0.930632128511093,52.0402609907531,16.6011672977335,3.04266258687326,9.4218429606858,12.9954061899071,5.48250364917016,6.45657364585036,0.50021401405025,0.905530471136527,1.69071120216982,1.00064663556021,4.05707002209766,3.23130244265478,2.05624363303227,0.922624039441868,9.55762755112275,10.1891254896415,2.74569937133069,1.94482371681587,0.511439296262607,7.55854985059155,1.13738175548237
2.73694935851671,0.501534500986507,46.4073619948092,3.53096129318883,1.97248854666513,1.00083797854451,16.8133674257017,20.1439587629769,1.40184197759793,0.59187306583309,0.950962809623858,1.18960503133892,3.0791959705136,1.79024898995254,4.21401868273686,1.49792681357837,0.518603192780813,29.4921606723295,2.11361457804107,0.652236284278176,46.8274039103835,1.55157807951478,0.535315870347317,20.5853283168289,34.3332226025195,0.518823553697686,1.23537111704675,13.23651692245,8.47450283403571,1.50449955163536,2.07301526964722,0.551560853179576,11.6965643829963,0.510653525104014,0.53376597622247,5.22896596016565,2.10115239576122,0.511857180450222,13.7029414831364,0.586452583769856,0.508778201181843,3.71693527086197,1.01219840798754,0.526404291285345,5.66947843510942,1.23038612765366,0.844386086486742,15.252619183509,61.2661086269897,0.528645053126279,1.26333939725134,0.972526032662441,0.891093023798109,2.4036314369265,3.97769279163431,0.517467479438116,26.3953321079687,6.51214125072989,0.924871966421432,17.9816239308033,69.7500177037673,2.040944925397,1.20586257437513,4.09720331967037,1.02366080148609,1.43514222084626,1.00551101539476,4.00658629799185,57.151046948987,3.17261886001583,1.08156864167639,3.23011556167008,1.06950106232454,0.954277218590102,33.0823674070466,1.16727704408583,1.12709832031094,14.7581471112716,1.64851663962922,0.883972522852197,29.529813256599,2.92016783229966,0.926912409120307,14.2768907966496,3.52807366075528,3.60912181144325,2.54398058585053,2.54860935231281,0.911145486536447,33.0054084667767,6.89041851917204,0.861408021026447,11.0535027054334,12.2846164150055,0.921932931791923,35.5934854909031,55.3217716188024,0.997264722474936,1.1118732766003,0.523293748990349,0.937845596920773,1.18394405826763,35.5075987814274,0.868802284611286,1.12491661988675,21.1224839008783,0.970296491489195,1.11282166108128,3.61843565963577,0.855108531712909,9.32498427752765,19.8042156249538,0.903675818133215,44.2111916874423,22.5633403810077,4.57123348322228,1.0537855075489,0.52314546344899,0.944217975694905,1.00808817472115,10.0636299255284,1.2116937423499,10.586382449908,31.2109771277312,0.905219088846814,22.4548268836697,1.08502045805595,0.901534994406592,30.7580798947802,0.505441913391823,11.6890576491623,1.58106537004557,1.77697784696318,0.850262143762757,13.6694703835861,16.9792469696025,1.59502766079414,42.0752087132791,6.02031179891258,1.80602052450069,26.9380496184964,1.52614084704244,0.903502932553345,10.8125374082616,1.08778805387381,6.59405853768547,18.8008083501095,1.6773384731302,2.25846949043049,13.3703637996139,24.8152048754818,0.879405925885058,1.40570593975014,0.514573978876904,1.25009121141958,1.01287082123279,11.6871440050817,0.94376642358379,12.2998527047441,0.541744550488624,0.952272447149128,2.65504073216729,40.9947587369844,0.852694297606381,1.0073165945743,0.50346760391711,0.903293820078719,1.02063629860659,13.4271109949297,4.34238283959498,1.00489587891709,1.87567263785163,0.904466504087684,22.8866958260809,1.0578187983405,0.879908225936139,52.2670834377161,17.2058340956407,3.07163635610561,9.48321911221115,12.3742527992913,5.58171427023961,6.90328335470053,0.501223093615594,0.953018829136115,1.82635291522213,1.00516411235344,4.01757725845864,3.33137708734319,2.11356452764738,0.90229361607364,10.6602863753518,9.7330505263595,2.74096188624502,2.0917211108583,0.548817464692453,7.64900838542819,1.17985332351827
2.58454079128285,0.583832287882303,46.4134042810077,3.99079929587387,1.9927562530972,1.04285765056609,16.5493046593234,20.1953159099319,1.45895955238063,0.50135870324575,0.506525334620501,1.00277209346218,3.53837709281155,1.72034845397541,4.40521249342269,1.58515463998497,0.508277187310024,31.2077282873531,2.00408627157383,0.506428429454623,47.819143558926,1.88629422876801,0.501521235698755,22.2320065626077,34.5632763186444,0.512281769827656,1.15402639835841,13.2024305042955,8.42436209349627,1.33091442686603,2.01556563886845,0.512711753259025,12.2624320003115,0.502486397343889,0.508369393064373,5.88062067984262,1.83972694731332,0.57314583242971,15.543626826076,0.607330042037268,0.549012402044376,4.29842268578053,1.04823940523797,0.524699584838035,5.91034632068857,1.30128176367306,0.779238097641639,16.8996180071725,61.2609619343245,0.504155062731481,1.03819711350212,0.867772279939457,0.855960185895074,1.20359609503626,4.38998636728719,0.53313759413728,26.2101251958784,7.10580246525142,0.949338103702767,18.9991117346761,69.86317580687,2.03714892618813,1.11317080448254,4.1467396245691,0.967741942182157,1.23855570261022,1.00202984961829,3.38081544885814,59.6962088128584,4.55078769027079,1.10904088456971,3.68779091103527,1.02551116308457,0.895408220930936,33.9466851277574,1.38240763158674,1.0598558563362,16.4983938788937,1.61260865558537,0.853920310420288,30.15499578577,3.40970485822308,0.903340379166939,16.4009669032474,3.85896125034145,3.61654309785335,2.70380082242825,2.46681923157025,0.94744959286407,33.8233135640396,7.86146518228844,0.866088040450542,10.0263381556341,12.7132492382263,0.933396877999919,34.8843852017288,55.2725048070065,0.978685002160744,1.23285899204768,0.548464029007288,0.978770093116363,1.38294037779207,35.3645826934314,0.870451620561075,1.13561552146318,21.17491954358,0.97631651016095,1.12224304052391,4.48469602665594,0.856534326512342,8.17072961138499,20.1823319913238,0.904920325537499,43.6405193069229,21.8090731002042,4.5882851965073,1.08343684186967,0.528229866145808,0.954477864871466,1.00773008178466,10.8019326377763,1.12331607642032,10.415792019141,30.4596719856527,0.900169772789199,22.2174152729333,1.03842434056481,0.873132680670087,33.4681977773835,0.511870004324072,11.8297452088883,1.66400044456509,2.07999975958234,0.850053461173711,12.4040359328557,17.182035786808,1.34441230017548,42.2880500144636,5.53439361726047,1.67425711259569,29.2073209854358,1.67186096801199,0.905519909080595,11.1807226730912,1.04138528042387,6.51816766466497,18.9901782704714,1.69430489021548,2.20288012212789,13.8911182050642,24.0635406599401,0.862611871715934,1.49864162990313,0.50594455518806,1.2901831794157,1.004283501035,11.1224075499445,0.934349771267888,12.8689052465367,0.536238239537289,0.945941289711952,2.7503207205072,40.9274405647052,0.889605479336798,1.10695744709834,0.550817539543768,0.948258834467627,1.30264936795677,13.9878136361717,4.35818521573954,1.00167260319419,1.86468418920105,0.901429252379584,22.6450981510467,1.25082617316101,0.981576124787456,52.4146132165651,17.779034860114,3.09655677858862,9.5321232041456,11.7587087106452,5.66575411869144,7.39639378666053,0.500454119889346,0.944342098393879,1.9821850813956,1.03045204158428,3.9747282204172,3.42695077422248,2.17534680981391,0.905326165857349,11.856762777432,9.29259188590133,2.73504041163009,2.25504220132617,0.529744468454288,7.73370139496715,1.22880732731576
2.46147800845011,0.564593596691259,46.1948196916681,4.51480360697195,2.01180184844003,1.03218039965803,16.2548963037764,20.1501358624256,1.5216801028204,0.504314041454815,0.521576002238387,1.00867196598344,4.13031481808188,1.64989749172077,4.58341354568307,1.67606437281585,0.536086755319506,32.6822650791218,2.01702720067256,0.535218077934041,48.5100280516066,2.31341986907432,0.50859874411734,23.839931918103,34.7719021740561,0.505732926846526,1.07209554532419,13.1595128944779,8.37453413308771,1.15524336022923,2.02741365914787,0.529016619522952,12.8117189120445,0.505254844682507,0.519358398466801,6.60308323229559,1.60682274444141,0.551530129418286,17.53092996074,0.631394209567583,0.532443394188254,4.98464016812037,1.11236694282476,0.522862452751591,6.14096973727078,1.37886851182046,0.713283807788868,18.6304761589964,61.2563444821273,0.517749172283048,1.16313635389808,0.925904967017553,0.875448561734204,1.86961679969469,4.94696318986923,0.54823807091389,25.7846424513609,7.72795566400327,0.975350978890995,19.8273032421168,69.9746692988359,2.033182971389,1.01963580274389,4.1934235696153,0.911714411394144,1.04129330680015,1.03044993413534,2.83221515976062,60.745078900182,6.65193987937106,1.13950072495343,4.18080224579061,1.06053987951,1.00201542993808,34.5979877411514,1.65308087418887,0.986076286573985,18.3697053869784,1.63520980616651,0.873271124506442,30.4970918868185,4.01379967918033,0.921790067817184,18.731983938278,4.24168508575818,3.62169244853535,2.86813931901179,2.39129033742585,0.931819699753934,34.532341827303,8.97715926652617,0.869974460862037,9.04196410301449,12.9346444576109,0.944939240713847,33.96972802276,55.2276977747836,0.960518437140242,1.35361099556049,0.573564771741494,1.01960651627425,1.58162085638311,35.2380087155692,0.872108706986235,1.14636693080286,21.2342440868798,0.982342350718453,1.13166332895145,5.57157388939875,0.857065379863736,7.13938588162398,20.2557368679055,0.905536445389032,42.7726600890227,21.0755270519314,4.60382920589045,1.11964128776346,0.552116972489147,1.00176427133519,1.00983181259891,11.5409893200488,1.04475389123346,10.216794553476,29.6290749463041,0.90314663178155,21.8910581215404,1.11059564809427,0.91611952603294,36.160844290511,0.52083666534574,11.954794380002,1.75128619111708,2.45842415931624,0.850913524470425,11.2767129675612,17.1720648290881,1.13398915463349,42.3415045611154,5.05310385395413,1.53765041026415,31.5230373955576,1.87536578148708,0.907774004384621,11.577387732143,1.14425058878984,6.44540867095502,19.1627750619416,1.71353433855781,2.14744315604377,14.4245535846117,23.3236934307035,0.887912247642986,1.6050926525759,0.516568272876192,1.33263345912461,1.00773154156005,10.5531737427008,0.924734247150946,13.4888198891947,0.530911593235326,0.939736391520363,2.86251158555832,40.8649681150712,0.926516611429796,1.20584661574138,0.59797173870844,0.993024313516482,1.58375759462178,14.5340757889055,4.37290476819251,1.012513643958,1.84912761876267,0.90996078337252,22.3207319255572,1.15142148802277,0.930148433074419,52.4925619183226,18.317095527363,3.117646124215,9.56966018682378,11.1497340955584,5.73374423745255,7.93926502938182,0.49998303956324,0.935589082819131,2.16112036510293,1.07995743176502,3.92892757288632,3.51715953163721,2.24184873677297,0.903115357418148,13.1433892265789,8.86678805967191,2.72771179629579,2.43637063091387,0.5461720000966,7.81296671843845,1.28471385414098
2.36939899515675,0.545223195389626,45.732307348173,5.10150933975707,2.02924877031384,1.02235502890873,15.9668522376056,20.1056499749252,1.59005974963805,0.540240900089424,0.703343386299701,1.07902448543604,4.88413169537208,1.5795361399476,4.74148255331625,1.7689396432035,0.503275664727098,33.8496107420615,2.02107028146858,0.564459818403976,48.8662959542888,2.85531483628996,0.516316709900683,25.3838020066806,34.958991164403,0.530624616160885,1.3867270376164,13.1096192900781,8.3255346557726,1.83584240802422,2.03006150752708,0.546399617040423,13.3413282967916,0.507754634628673,0.531535363738459,7.40139785296146,1.40133641041545,0.525229234479107,19.6448617254614,0.659067873053784,0.515031389397403,5.79194418925487,1.21105490792806,0.520894436254529,6.35888523801232,1.46374108040612,0.647320101713615,20.4222400712051,61.2522024319544,0.531343266509417,1.28804370667894,0.984024083090956,0.894924686480264,2.53553747919071,5.6792216005467,0.505681161261131,25.1109668305091,8.35583255840155,0.909251955730895,20.3911377858774,70.0839853528014,2.02906118728855,1.33502822492088,4.23727978604559,1.09895542453993,1.70191124944694,1.00272239816871,2.36884475406566,59.7155955208978,9.74586064538957,1.16940666875096,4.69682443280898,1.02395346417593,0.929819114762253,35.0246218405229,1.99206613872562,0.930785768992278,20.3606887859619,1.72900721167145,0.851600164000837,30.5244987181039,4.75068755919902,0.901634750704611,21.2389888921671,4.68048657855491,3.62471936556019,3.03517897068628,2.32081974238188,0.913845289588786,35.1132967046219,10.2296258519662,0.873047175755036,8.11870822072051,12.9531743792013,0.956408043102536,32.8632308316935,55.1869291129477,0.942753404071969,1.47418100880778,0.598605371885517,1.06036601273776,1.78014374485835,35.127492939965,0.873773346689513,1.15717472300189,21.2987688286495,0.988375492598478,1.14108900102352,6.90556074696536,0.851102501658636,6.23073805568496,20.026419852627,0.900893237641011,41.5934813069193,20.3649782260623,4.61807226682325,1.16245133951374,0.544028223454162,0.986049708752741,1.00546140315991,12.2638654886044,0.975025806420322,9.99405194060168,28.722270928262,0.90177367093052,21.489960872246,1.05783468181119,0.884414148988207,38.7986677680852,0.532421111384413,12.0652439608536,1.84306460205311,2.92490265584926,0.855460408191773,10.2869693660215,16.9624375469391,0.95742212206432,42.2331753396134,4.58338334374848,1.39875610166128,33.8328270556079,2.15446307240896,0.910086165391858,12.0002669203118,1.09839029563207,6.37576850160768,19.3197112806192,1.73507971594551,2.09213649036507,14.97039019307,22.5936995702232,0.871002833802148,1.7267036946886,0.508669588051286,1.37749424182725,1.00231544259176,9.98081131941715,0.914886975021186,14.1619123970873,0.525776241672671,0.933655442296473,2.99337214692032,40.8069845349862,0.869437016327194,1.05222608980709,0.52487047890471,0.923613335922692,1.14821337678259,15.052235054548,4.38665239413837,1.00422445113568,1.82910552424214,0.903181050173652,21.9273847202837,1.05283376904036,0.878198176022456,52.5104768903364,18.8173090698243,3.13516174559078,9.59697755693965,10.5485774894489,5.78491679620726,8.53515897228741,0.50093768172886,0.92627670665184,2.36652032649792,1.15892108886926,3.88045032196199,3.60107033324859,2.31320497306745,0.911357724138373,14.5107119951426,8.45473897314813,2.71874302020877,2.63741796438602,0.56204398854692,7.88713555657118,1.3481301350526
2.3102643850913,0.526052259113996,45.0141719638808,5.74443577344926,2.04472243756686,1.0130324487035,15.6843408553109,20.0610739890143,1.66452364282607,0.50013094457442,0.500665890503429,1.00025420489537,5.83025132233761,1.50989484356009,4.87098233346457,1.86115073656661,0.502102117683504,34.64079948968,2.01507670930067,0.571598336908954,48.8444417451108,3.5366532584677,0.522992832833872,26.8371564108024,35.1247631499949,0.503787128617558,1.04788446289635,13.0544473702695,8.27780239539458,1.10362008430262,2.00134864871525,0.50316556140475,13.8486584672303,0.500497687850397,0.50218485878746,8.28030242459948,1.22214357164048,0.6079138129477,21.8575949502018,0.690850823944654,0.560258613348432,6.73808415598435,1.35384870989635,0.518798731008288,6.56145010030326,1.55642350749326,0.582219691367079,22.2437028450426,61.2484864492199,0.506853283413796,1.06297818814056,0.879303337404447,0.859821672551561,1.33574107251581,6.61760164627652,0.520257483175835,24.1911233439001,8.9580184363027,0.934748112231611,20.6139471434842,70.1906644706457,2.02479739392405,1.24137027564863,4.27835056943108,1.04291257841536,1.50455220036179,1.02606397796333,1.99298639599856,56.1329497382226,14.0078723936226,1.1944348757123,5.21944541067097,1.00238305850624,0.866738504032472,35.2267105813369,2.41511050221353,0.906690876969707,22.4690949943748,1.91658757729434,0.866013043777385,30.2094150296771,5.6360494032715,0.918123923137191,23.8606949561849,5.17787553780337,3.62532904662778,3.2027198272308,2.25394709127408,0.90105799734737,35.5437689928609,11.5987005396464,0.853242437989222,7.26748267986982,12.784947122645,0.908465520976265,31.5834552949856,55.1498322722349,0.925378674414739,1.09029011175353,0.518773147500644,0.930534858772124,1.14853085327213,35.032490820487,0.875445158244787,1.16804031378773,21.3669438933046,0.994417117621422,1.150525311857,8.49789625257414,0.887330314468628,5.43868420036531,19.5070369248272,0.931285648296298,40.0926706416594,19.6716092172215,4.63060417581817,1.21263645421073,0.501944536473748,0.903861472160751,1.00013637611996,12.9524835524775,0.91322889250227,9.75313440151992,27.7459897143944,0.900579965154693,21.0303424796854,1.13875722870104,0.932185438621266,41.347222798162,0.546707267148798,12.1621221038913,1.93947441050027,3.49238170979884,0.863727731585529,9.42809137052351,16.5721586567052,0.910003592728432,41.9594686826202,4.13270112746501,1.26030739043104,36.0666190646259,2.53386939169201,0.912222751444639,12.4456474005939,1.05396820926316,6.30920824489782,19.4620716444739,1.75900384596453,2.03694550454171,15.528300635902,21.8715899125461,0.853911700076187,1.86537652696267,0.501519754488701,1.42482018540847,1.00007165235956,9.40700729218642,0.904772326513272,14.8902464504114,0.520844119267735,0.927695407420721,3.14495126689537,40.7531517381911,0.906348058829729,1.1508802615266,0.571963579901483,0.968316729621126,1.42902989836273,15.5294606909277,4.39954016737173,1.01198392353877,1.80487583749644,0.908511622940528,21.4800659834507,1.24271222018591,0.980936384821367,52.4775260529076,19.277944771108,3.14938577375794,9.61523260525506,9.95682862195607,5.81861397048457,9.18707663976958,0.503700738061515,0.915849936685848,2.60223029140978,1.27541976135962,3.83043411256851,3.67760533596014,2.38981956142088,0.917725414286511,15.943513068004,8.05560812175406,2.70789129491731,2.86001895152995,0.577358690287439,7.95652760185104,1.41970694952499
2.28651795376999,0.50743602872254,44.0391236276651,6.43071425518659,2.05787361325405,1.00384399380026,15.4064896763139,20.0155511184113,1.74555342892072,0.504993818099692,0.525631867702249,1.00946533805914,6.99722794836471,1.44177200873054,4.96244537982193,1.94936648932275,0.50208979847258,34.9954418857424,2.00032805354801,0.523665736423356,48.4179723992817,4.38314340807763,0.506221472773248,28.1833118811093,35.2697266249049,0.508386714962569,1.10631377087957,12.995531272542,8.23170330762497,1.2306482042144,2.00179290214979,0.520526139396335,14.3316310818874,0.502952716060486,0.514579263576142,9.24403623370317,1.06804600314093,0.578979705922829,24.1344632148026,0.727331447911324,0.542582905315597,7.84177764132427,1.5545347768104,0.516580418944017,6.74571401617427,1.65728441033502,0.518886752281127,24.0539465377168,61.2451528940232,0.520447385992862,1.18788155456569,0.937420676484872,0.879296141152058,2.00164425718567,7.78561459810517,0.533499769823528,23.0395703655536,9.49534164804831,0.960581493478993,20.4275584605178,70.2943266461614,2.02040503302693,1.14696344111885,4.31669430637484,0.986771710087739,1.30657231945207,1.03603088034138,1.70140977071532,49.9403762685764,19.2768513627734,1.21001697682908,5.72572631185849,1.00013540032947,0.914094293207894,35.191903542318,2.94010831107754,0.929472206167882,24.6862203877163,2.23674647781833,0.866034601439406,29.5283590710706,6.67814731883082,0.920052360110963,26.4996450310558,5.73469871325583,3.62372145042608,3.36823979473063,2.18944074038208,0.907465918021407,35.805881911867,13.0505372692552,0.856888490845416,6.49331537224613,12.4543854201468,0.919695317315202,30.1553331757741,55.1160903913488,0.908383398889511,1.21098265034736,0.543846320113161,0.971335074905389,1.34731914827956,34.9523297785461,0.922008053091113,1.47501792677776,21.4373588357346,1.16659088098838,1.42436712179192,10.3341070670557,0.874740808564957,4.7537822242419,18.7205341899908,0.92121168644798,38.2716738350183,18.9919885651564,4.64117860041721,1.27103932864404,0.500218757844625,0.900439359599673,1.00004458477588,13.5889768411734,0.85854665060756,9.50024000475675,26.7106727356349,0.901400854711705,20.5297265845801,1.07992151091768,0.897196974045159,43.7767161066551,0.56378377629914,12.2464282039336,2.04065007494563,4.17301551784201,0.875728210462818,8.68933819815432,16.0231861360346,0.908266941267515,41.5158797058414,3.7087251252823,1.12507182471096,38.1334512101447,3.04723163884228,0.913883139538504,12.9080269065834,1.09083911406323,6.245664555311,19.5908980443946,1.78538130034719,1.98186407012451,16.0979010446894,21.1555101022101,0.879718579385408,2.0233021290806,0.510516842540642,1.47466604105703,1.00194507446038,8.83377350662803,0.894352701576679,15.6754988892274,0.516127346130038,0.921851577652222,3.31961700948338,40.7031670781239,0.94325910519883,1.24896673521966,0.618908847797769,1.01286921767781,1.70915692043421,15.9541470225521,4.41166500532768,1.03351572004564,1.77685145982269,0.922471978614225,20.9945983368952,1.14476625861481,0.928624660926725,52.4023419905801,19.698202659014,3.16061556350513,9.62556511960423,9.37638773230595,5.83431366023733,9.89758793007389,0.508381203497808,0.903670690566382,2.87261656984857,1.44126726847486,3.78033173570229,3.74545055664787,2.47205534310065,0.928358054138298,17.4181040190816,7.66862594949099,2.69490456526786,3.10612127799664,0.50691533866696,8.02144572733735,1.50019778366007
2.3015039734761,0.57981448633642,42.8172853507702,7.14011455286275,2.06824150792398,1.04564862377341,15.1324601027914,19.9683542340989,1.83369085383223,0.559780592623907,0.810539047831863,1.11027859058121,8.40409731870635,1.3759743517881,5.00613024821616,2.02941841716885,0.511657689979389,34.8635807421607,2.02276972820421,0.544878198073562,47.5439481821659,5.4172033895095,0.511659667402058,29.3998550011718,35.3946323141172,0.512978269985009,1.16488800487767,12.934237638185,8.18753563884553,1.35856961308336,2.00742066126631,0.500314178890812,14.7864251141207,0.500042305507294,0.500230172273586,10.2973068454583,1.02429118355365,0.531098920068729,26.4192848218594,0.7690130348023,0.519355884839172,9.11633296365035,1.83281195351063,0.502998266439381,6.90782402327735,1.76645881641225,0.502711647309961,25.8041088291312,61.2421619862082,0.534041502632081,1.31276341491902,0.995528595693236,0.898762065593172,2.66747628918276,9.1872929263061,0.545001295098495,21.6853712010981,9.92417498476355,0.985798655569579,19.7873338803465,70.394673773422,2.01589710319631,1.05186081003761,4.35238317873108,0.93053936446702,1.10798573369656,1.00823051396342,1.48596289072275,41.8392214960907,24.8579231811899,1.21293192658755,6.19410561961372,1.02686633821266,0.850120071881327,34.9033149314711,3.58599079504925,0.900061151830512,26.9885611070563,2.75475894800712,0.86592897939056,28.4650683025529,7.8703284741096,0.922009566486494,29.0102996487225,6.34885248362652,3.62005682905122,3.52894949386366,2.12604926084254,0.906873989830691,35.8837899805362,14.5382128417973,0.859774082468169,5.79705487399354,11.9909439463482,0.930718484636945,28.6109553068561,55.1587025595037,0.891149613108221,1.26283272132604,0.563813078750604,1.00201136982469,1.37721390935484,34.8862248931089,0.968775718488394,1.78294559513136,21.508742793722,1.33881435323914,1.69766862874777,12.363883418155,0.86296796835524,4.1654099357718,17.7006073488257,0.911323396685853,36.1529024823562,18.3281786572486,4.64993944596804,1.33808835087189,0.522679596586744,0.946284234076417,1.00395749891175,14.1568887102113,0.850044667831738,9.24170049722302,25.6286118843003,0.900009063706348,20.0060419837644,1.01563906794727,0.859214185740086,46.0631239114875,0.58374421258295,12.3191201700024,2.14672074433879,4.97480832653507,0.891231956355151,8.05854686879573,15.3339249714036,0.905601815871948,40.8888792879387,3.31896493922058,0.995691221381241,39.9187629355521,3.73899959118984,0.914685743524175,13.3797708063715,1.12564824133762,6.18505815275943,19.7071890164947,1.81429667657072,1.92689292623574,16.6787594076222,20.4441740135257,0.862425214281997,2.20298683962073,0.50409034030729,1.52707716323361,1.01018144617136,8.26344117430808,0.88358868906493,16.5188046836149,0.51163802941271,0.916117521194066,3.52008680917156,40.6567452685143,0.886179568467012,1.09647840908922,0.546102396495966,0.943758876447265,1.27498145625484,16.3167986503779,4.42311291921781,1.01206039855607,1.74556066218894,0.907790502587801,20.4865738875098,1.04781514064416,0.876127711134935,52.29291038062,20.0781342257505,3.16915507848854,9.62907503981981,8.80944150049242,5.83165173274142,10.6686244188191,0.515115015145011,0.976695215409627,3.18259242308252,1.67356430675061,3.7319453696417,3.80294430039955,2.56014298654733,0.945950543623583,18.8998491382939,7.29309312584346,2.67952250117563,3.37777047978606,0.522745157012822,8.08217288743678,1.59046741361234
2.35967692884423,0.500982072533009,41.3727472064795,7.84461828164102,2.07530781880842,1.00058629548392,14.8614351064839,19.9188395391411,1.92954248231261,0.545602684813789,0.7388998253101,1.08253839019705,10.05113558336,1.31332926912993,4.99316730648534,2.09657115378374,0.522924703720463,34.2152480494587,2.10786784615305,0.579970309349357,46.1783968056097,6.65085937949188,0.520600105088895,30.4494124889472,35.5004218986782,0.517560008975446,1.22353014149635,12.8717657141628,8.14553595337784,1.48716132317464,2.05096933747626,0.501058408667502,15.2138686204278,0.500128824842226,0.500798411670456,11.4346628374996,1.01245402672912,0.51967921640991,28.6787050670299,0.816590481435767,0.510187518007126,10.5687184732161,2.21643824974358,0.504229630707743,7.04437159554215,1.88375894010689,0.504046838750666,27.4333841308415,61.2394780938084,0.509551525611434,1.08775349153835,0.890831737501504,0.86368064746676,1.46785648094387,10.7924314213407,0.508058031813278,20.1732471968178,10.2025777820805,0.916040309112837,18.6900142099852,70.4914547104465,2.01128610022236,1.37227719629184,4.38550082503987,1.11844171513412,1.77316047849575,0.999813884765327,1.33489066266323,33.1811224923868,29.6845811048237,1.20284907517252,6.61248385509091,1.10266054722066,0.87150287560711,34.3394905463265,4.37094682933756,0.912399084314923,29.3282716808913,3.57810387881501,0.890674294963652,27.0145627668734,9.18051856512044,0.96247183352046,31.1835181426883,7.01433635430709,3.61454202205588,3.68195129216817,2.06258856671165,0.910201984144419,35.7659328629541,16.0048227529992,0.861944453377577,5.17684475979221,11.4263003396897,0.941409609676084,26.9890422207782,55.1463784263375,0.874629095960997,1.01221124784835,0.502537528417858,0.904126432621489,1.02009740973672,34.8333180424692,0.893628122602319,1.28752529318365,21.5799634106769,1.06106409552896,1.25597320953781,14.4967066099359,0.852024850508901,3.66312469900824,16.4920609952563,0.90179153842329,33.7863597669845,17.6798137375948,4.65679184333385,1.41458714867159,0.51273294671633,0.926312680695461,1.01365711216951,14.6421106581549,0.853691267950144,8.98381437594993,24.5135110641417,0.900440094468345,19.4768110706326,1.10829599441116,0.913680425843689,48.1889323495403,0.60668775211972,12.3811039493494,2.25780881119057,5.900505817057,0.910221763253918,7.52310617845866,14.5258202506402,0.916056279107592,40.0646458128762,2.97046237433786,0.874523376636497,41.2835137755611,4.66504091944314,0.914155031814432,13.8508099571213,1.15826173097335,6.12729583933635,19.8118900415189,1.84584584670411,1.87204008901375,17.2703903546063,19.7366180105752,0.888918303016855,2.40727398838077,0.511441596384965,1.58208887233073,1.02487985844401,7.69864028487184,0.872439593741777,17.4205852947734,0.507388055745987,0.910484698195556,3.74945740764055,40.6136309069645,0.923090713131816,1.1944054532577,0.593006012744921,0.988268604926339,1.55492588722499,16.6103578515423,4.43395993113138,1.03472905250789,1.71161232620654,0.921462253822101,19.9708243453939,1.09329367485148,0.901316134695034,52.1564864753689,20.4185227153531,3.17530620283601,9.6268021557385,8.25843537335726,5.81044047436631,11.501244635314,0.524067924003401,0.968161065073425,3.53761800114119,1.99669315944795,3.6875534323643,3.84793327167693,2.65406993308871,0.973975809618631,20.340017119248,6.92838500501102,2.66147797999134,3.67708799841935,0.538005244869224,8.13896785981041,1.69150337975291
2.46411994461229,0.510455247946333,39.7530184015506,8.51144389108308,2.08008115020846,1.0069670133157,14.5926131952315,19.8664193412434,2.03378809401001,0.531713901771476,0.667582794251334,1.05629442659354,11.9089113306408,1.25463032155614,4.91733538208781,2.14604155835688,0.51455067574604,33.0515662895213,2.26630593354169,0.503202940144163,44.2962957359609,8.07700188661581,0.50082288743068,31.2903737893155,35.5881911828511,0.522130983053803,1.28217265731207,12.8091533057043,8.10588412881128,1.6162326063285,2.13937185670647,0.537370268628804,15.6069828758966,0.504111949835891,0.529421847077807,12.6467127503873,1.01388543942781,0.526612513045688,30.8596308016621,0.870828944637177,0.513680360091745,12.206061007917,2.74324737823646,0.512180853924899,7.14957828948555,2.00813141214177,0.512287103133159,28.86086214698,61.2370700747231,0.523145642124469,1.21263227449924,0.948938305981881,0.883145380015666,2.13368243560925,12.5254487829812,0.51911424600075,18.5623108537162,10.2985552642174,0.940051523044068,17.1880223163899,70.5844477917249,2.00658397269869,1.27704790329247,4.41614057352037,1.06219208377123,1.57445129522136,1.0329102637039,1.23507676328634,25.3205601629946,32.8659925561035,1.18254543439715,6.9822706062799,1.24178990777044,0.894782912033352,33.4779927876975,5.30867413542165,0.928989806176847,31.6427343563283,4.8768211430094,0.88918819124173,25.1875410660908,10.5384381208078,0.963509182974645,32.7341191804706,7.72042374452183,3.60738996808903,3.82445679839602,1.99798865334294,0.919205811115168,35.4468773987074,17.3889346568653,0.863464691199111,4.62920489429872,10.7920398170252,0.951651640457539,25.3328870735386,55.1129604783776,0.858729199760419,1.06700212185263,0.513918356061866,0.922638457335169,1.11029938348146,34.7926560323917,0.940469059066229,1.59602249937808,21.6500262468529,1.23336566178437,1.52935769249557,16.6070700026236,0.88278146668473,3.23744515395916,15.1495729682947,0.92923401517533,31.2505570335504,17.0465362836384,4.66162992340655,1.50145907611458,0.524924471345129,0.952320508043116,1.02915740881296,15.0341237557207,0.867514185941073,8.73282483428631,23.3816645458975,0.901120106261321,18.9584308891775,1.20762669039576,0.971951594924235,50.1429023227027,0.632719606839791,12.4332304168429,2.37402908805912,6.94337740159716,0.932685757763371,7.07093803995195,13.6204038708888,0.911238921132518,39.0330264022578,2.66955368533002,0.855669261752407,42.0661623911397,5.88919567333205,0.911603710605225,14.3084700372463,1.18854840125015,6.0722732341385,19.9058874722055,1.88013682174466,1.8173208667981,17.8722522851873,19.0317325004408,0.871374105564408,2.63936676461138,0.505748253920539,1.63973154901802,1.04627556935754,7.14226113341822,0.860864216905653,18.3803670264228,0.503388859702976,0.904942069237377,4.01123285649385,40.5735810969888,0.866011190393801,1.04254388939346,0.520362781382352,0.9193247691278,1.12150743306851,16.8307453430701,4.44427054947996,1.01161803161063,1.67566937414939,0.906982932844246,19.4608232800139,1.13821131278731,0.926462295612933,51.9995653459278,20.7207749724794,3.17936322619514,9.6197150363392,7.72602777957594,5.77068940517504,12.3953781804838,0.535439286013543,0.956997169867391,3.94367237290749,2.44470962523779,3.64989084426148,3.87759409381255,2.75335109305813,0.911504016606455,21.6719312204895,6.57395754790184,2.64049976833385,4.00623580770162,0.552682097301434,8.19206318013118,1.80443009605672
2.6215284929399,0.500905327610525,38.003872536945,9.10364124198262,2.08194274336938,1.00068382868084,14.325205551676,19.8105439672282,2.14719350448296,0.518121079510565,0.596608472253758,1.03153116915281,13.9105232324266,1.2005794209521,4.7768991154393,2.17372919538423,0.505743163828032,31.4136855787891,2.51543578160917,0.668792130875323,41.9067797490552,9.65979856317329,0.543740017697047,31.882058466723,35.6591560282321,0.526690816998206,1.34075924117638,12.7472854182166,8.0687084265205,1.74559872674688,2.28196604597827,0.539115796652148,15.9603979675895,0.503958864547856,0.532039312577761,13.915249634566,1.00356915900206,0.508653656233641,32.9258242885172,0.932766726785637,0.504459498670824,14.0364853570836,3.46247109941491,0.512637290142718,7.21660347066385,2.13742439875671,0.513314775344471,29.9848989418241,61.234910344706,0.556382763504384,1.51792781822476,1.09099464931278,0.930725010260162,3.76152751920758,14.2670589467833,0.528163740706657,16.9212909750273,10.1981376646422,0.962037623506644,15.3908404022485,70.6734832734437,2.00180209406966,1.18121964325137,4.44440403353097,1.00586362934967,1.3751957878353,1.13961170378544,1.17446228635258,19.0077547844882,34.1089509333223,1.15634876422115,7.31062640211689,1.46915367820083,0.882982448859208,32.3019204891292,6.40331388569581,0.923624459601593,33.8478061350667,6.89630079720787,0.851299731648098,23.0163578208641,11.8224166633075,0.902351701371311,33.2741638551899,8.45124451565885,3.59887128025932,3.95401785882151,1.93138008317315,0.92493203913535,34.9289758699121,18.6314930097594,0.851315688537351,4.14972595453739,10.117778108211,0.905447769547873,23.6870631477665,55.1280368580387,0.85056606080362,1.01279863549643,0.502952619637031,0.904744062062142,1.01780064350631,34.7632676806587,0.865074335675382,1.09930560744765,21.7180711282182,0.955516076232907,1.08813659280136,18.5513616047727,0.871934608534067,2.88008113305471,13.7339874299997,0.919523375052146,28.6453848983537,16.4279114917246,4.66433585680369,1.5997543904801,0.50632792381259,0.91346222440929,1.05056962533097,15.3262592769463,0.85160599565768,8.49438982488094,22.2487383473808,0.899988425714243,18.4655311503678,1.05645693507763,0.883148969930048,51.9200499880408,0.661952153256076,12.4762884897067,2.49548689631123,8.08451524937635,0.958622543549647,6.69116899539737,12.6393455750427,0.900264375495221,37.7929785116109,2.4218240857804,0.864492548555805,42.0984427396977,7.473352293759,0.906270820701311,14.7375969991299,1.02207875586026,6.01987805473341,19.9900065272846,1.91729022160629,1.76275748045465,18.4837470047544,18.328259710906,0.853451925440064,2.90284862003731,0.500841449776382,1.70003083926849,1.07474311780353,6.59739592756611,1.02434924041979,19.3965993239352,0.549967498076372,0.976316060214699,4.3093483528453,40.5363752986672,0.902922348322194,1.14030894690619,0.567224178946437,0.963791424566741,1.40126704987673,16.9767531739568,4.45409874665886,1.03478490434454,1.63840282967365,0.92022029652449,18.9683136216959,1.18259494624493,0.951523224068381,51.8278714298212,20.9867944647784,3.18160759514295,9.60870200299693,7.21502140972651,5.71262588810114,13.3495671402025,0.549466569172872,0.942376395088279,4.40718034224443,3.06342563545104,3.62197375215187,3.88825032913248,2.85665045610354,0.932835711580159,22.8071700436118,6.22966717782056,2.61624264197956,4.36725900360602,0.564973242753024,8.24144221806234,1.93047549874554
2.83832981736211,0.507144261411271,36.1832123249285,9.58457060726303,2.08104637089757,1.00628448295583,14.0584304157886,19.7506790383651,2.27061745141761,0.504832650622317,0.526000301831896,1.00823825982749,15.9512064902667,1.15172330226404,4.57607370073005,2.17707056955795,0.523814465699878,29.3863348940368,2.88079630212785,0.595668452505051,39.0629098605953,11.3279498305415,0.525246292352726,32.1845402758776,35.7146134949698,0.531239579585799,1.39924717076774,12.6869043328957,8.03409119617724,1.87506543214693,2.49186183783895,0.500317784075445,16.2681820565802,0.500030136568623,0.500269456993087,15.2122154694457,1.02363827709399,0.588714308014704,34.8492835598667,1.00363058830601,0.546472146014779,16.0642504060275,4.43338770695134,0.51304810299217,7.23691073996825,2.2679891403373,0.514251508774678,30.6851486359197,61.2329735173325,0.531892780817786,1.29295768646998,0.98631500251619,0.89565916047156,2.56203261807951,15.8746384817212,0.535261786165964,15.3202045829047,9.90985376503795,0.981539832840336,13.4470097986135,70.7584617101801,1.99695123992849,1.08484319295269,4.47039918004725,0.949463469543097,1.17542871499353,1.31686613197207,1.14350958759322,14.3372111519402,33.6716768810424,1.12841023663467,7.60701574164063,1.82628762922041,0.876569101235718,30.8041596549045,7.6422205176812,0.920938922129671,35.8326760591658,9.92313575603176,0.8528021684629,20.5603831922972,12.85570133077,0.90548019967879,32.3742850041946,9.18599182493394,3.58928524700718,4.06880353602156,1.86215718515201,0.902769982356889,34.223277815796,19.682695358943,0.853440363779946,3.73347570074664,9.42971030579882,0.915825535918923,22.0936267742362,55.0977373903356,0.850354921557008,1.0088010371761,0.501819584178956,0.902960348315966,1.01455409225951,34.7441372580725,0.911983171383537,1.40832932790963,21.7833689948836,1.12788812397508,1.36158551741726,20.1929394064034,0.861903050325188,2.58382294131941,12.306330101583,0.910480745356048,26.0780565233645,15.8234475645444,4.66477858968115,1.71065560413488,0.53871217371881,0.984117880319696,1.07809605522398,15.5158585291393,0.851442244512278,8.27344089404482,21.1289316539923,0.901324671673339,18.0106851979575,1.15829441756926,0.942950646568629,53.5207740882398,0.694505807240374,12.5110039627263,2.62227613817224,9.29069327632731,0.988022487090868,6.37456764417783,11.6050682485953,0.905338811526849,36.3553700653893,2.23220488992007,0.863578002002875,41.2347125895194,9.45728443479394,0.901515476459081,15.1212328810248,1.05474589528898,5.969992288982,20.0650110860017,1.95743956092961,1.70837865147988,19.1042199085253,17.6248862926444,0.880972322158858,3.201696909737,0.506431237844776,1.76300620445848,1.11080661338463,6.06725907349862,1.01541509639292,20.4664861672063,0.544607994859397,0.970586284053806,4.64818701865225,40.5018076034196,0.939833443757074,1.23767190077208,0.613980912102216,1.00815150688899,1.68054166577632,17.0498492393533,4.46348912987456,1.01076140267477,1.60045731300135,0.906134666568932,18.5031022793687,1.22648389738403,0.976468554183945,51.6463689697138,21.2188379888078,3.18230310960002,9.59456443065715,6.72827135719432,5.63671282110095,14.3607299669332,0.56643059411282,0.923466743176634,4.93487869808862,3.90079655587938,3.57175032925895,3.87604930704714,2.94600947024862,0.931517827537273,23.6515597435413,5.89516578331501,2.58842409820683,4.76220234044759,0.512870144033498,8.28729359595994,2.07104672215391
3.12115755274794,0.512443825932121,34.3508628104738,9.9219851367416,2.07765763765773,1.01300500173384,13.7915075981518,19.6862880221219,2.40502225028932,0.55623656438916,0.806806231270675,1.09294707523121,17.8997942450119,1.10840111391205,4.32527350796852,2.15571262226057,0.514678843612999,27.0911912386002,3.39745954975561,0.51956802368782,35.864303038322,12.9746897540143,0.505326131772285,32.1582148702539,35.755902703314,0.504554665098245,1.05823300704865,12.6286206461457,8.00207485044642,1.12774454882478,2.78708503558341,0.501416396846769,16.5233683308075,0.500126829000963,0.501251117510874,16.4970746965289,1.01002445244609,0.570940885304875,36.6098004362159,1.08486397916506,0.537949287175122,18.2880495242538,5.7175206477973,0.513396629530364,7.20044784317896,2.39428280642,0.51504057952321,30.8297221707392,61.2312384033709,0.507402798201469,1.06799823218048,0.881639960582116,0.86059746609493,1.3625686027943,17.2159729516446,0.508067128268731,13.8204976635814,9.46310308175373,0.919396020486531,11.5109946676261,70.8393276214118,1.99204156651277,1.33192851183405,4.4942377675084,1.09302259337811,1.68523783147812,1.56690688595223,1.1354269048146,11.0405837900504,32.0521724718056,1.10166451035825,7.8782884251079,2.38034021270745,0.898986479935518,28.9925638022279,8.98764990954417,0.942358423337967,37.4511685385984,14.1357580050261,0.851849826824259,17.9162483703596,13.4280022779353,0.903844405827328,29.7121891005936,9.8998022666472,3.57894296934065,4.16786134393475,1.79003952110325,0.943775008873783,33.3499738315805,20.5072938730276,0.855015823197705,3.37523770558753,8.74962654935449,0.925662327241089,20.5887103817377,55.0737662786267,0.857261321006393,1.18130219347572,0.537255763054004,0.960629923569666,1.30162219614076,34.7342507344883,0.959061253125839,1.71862058576055,21.8453172602172,1.30042678096985,1.63514891463462,21.4271828018845,0.852624548814161,2.34230492964,10.9211065169674,0.902263234105568,23.6467330851078,15.2326042297598,4.66281129869004,1.83549666690926,0.520683784496157,0.945672324512962,1.11203920734769,15.6040518134979,0.85883251656685,8.07406731772708,20.0340195132621,0.906506015031635,17.6043603858711,1.26454240662907,1.00545334446595,54.949753530639,0.730509874283973,12.5380422195128,2.75447824911415,10.5148394749687,1.020871544902,6.11380458800226,10.540729162042,0.948541495908546,34.7468534043487,2.10532396884277,0.863902197168642,39.3948193007443,11.8269522529939,0.903945974523602,15.4423149520881,1.08501350587507,5.92249557405038,20.1316049583143,2.00073152476952,1.65421886497922,19.7329619625094,16.9203002014415,0.86263209632559,3.54027915190833,0.502299844878293,1.8286695518189,1.15515723010293,5.55509251840251,1.00608588581959,21.5858554573893,0.53949393329452,0.964994534822426,5.0325856589952,40.4696854446928,0.88275389513381,1.08659157102805,0.541541189670155,0.939415366165763,1.24805737827725,17.0538756587395,4.47247775974701,1.0337923708109,1.56242843207537,0.91884881509372,18.0730167615437,1.26993488802912,1.00128037211329,51.4592966441815,21.4193913182101,3.18169302557393,9.57801478866529,6.26857246529446,5.54366084294392,15.4239737099034,0.586661694603227,1.05593190799093,5.5336076122032,5.02291772885936,3.52076239651589,3.83692623996162,3.02525571093627,0.90193494839935,24.0459403507367,5.56915576492556,2.55703733589528,5.19346600708565,0.500931867890315,8.33047087165926,2.22792061299115
3.47651617998743,0.503427602703243,32.5626134810244,10.0917172153993,2.07193086202329,1.00426762526833,13.5236545130846,19.6168184070241,2.55148766926257,0.54283178933831,0.73601975085681,1.06923350478932,19.6207283745401,1.07071663085262,4.03980234098686,2.11173703425153,0.505347715372321,24.669975178446,4.11009640665886,0.626161831821156,32.4484236716096,14.4678794966648,0.536420897868809,31.76343826891,35.7843727662704,0.509120835036361,1.1166923963413,12.5729247240829,7.97266729002019,1.25630392099912,3.19157778484873,0.511029874990356,16.7174964394701,0.50095794225053,0.510160062116564,17.7143155162553,1.00044887735446,0.551183699982946,38.1949735264829,1.17816787026497,0.528138412017014,20.699893168358,7.35948786790242,0.523295307642008,7.09675139517731,2.50875447547982,0.526650787300023,30.2950308823056,61.2296847318998,0.540639890929757,1.37327332179111,1.02368780417836,0.908169476954302,2.9903655301557,18.2006624245567,0.51533688889819,12.4671240076356,8.90085476366999,0.938589882887738,9.70958883341192,71.3099681041428,1.98894676934973,1.46399417385695,4.54797661863584,1.18850108249063,1.7538239694246,1.89575746766015,1.1456997804112,8.76459875193386,29.7341508493221,1.07769206908606,8.12551203262409,3.23582565110828,0.920027452251343,26.8941950131257,10.3686494073414,0.965662698592308,38.5104396197125,19.3147399769027,0.864586169034904,15.2290949529383,13.3625660393669,0.931797040136513,25.3617190095238,10.5656407154767,3.56814783261442,4.25128714015068,1.71509834723039,0.911747398690631,32.3374506979336,21.0872677144893,0.856128421369793,3.069680147872,8.09443799370653,0.934886937532802,19.2002334878273,55.0556157329011,0.853177152145212,1.07971255070982,0.516309198569261,0.926547871311229,1.13317021467322,34.7325890873918,0.883329686165287,1.2196420014157,21.9034320056482,1.02231285165142,1.19399227822346,22.1978407294168,0.878740845883536,2.14980792571329,9.6209469287047,0.923789936423114,21.4274699566687,14.6548084597452,4.6582699033776,1.97576950353674,0.531867762242238,0.971934339328275,1.15280461521572,15.5952340540876,0.91274210197504,7.89937240875445,18.9721627157122,0.916502573342342,17.2549627983246,1.10197910268015,0.909978924170903,56.2149775261352,0.770103255510673,12.5580089476332,2.89216015616787,11.6996919697942,1.05716142128213,5.903564177987,9.46973116465713,1.04069131608945,33.0097891315205,2.04603167977264,0.849727564103031,36.6143225396394,14.4805166966933,0.901650140048706,15.6858753019917,1.11278552332473,5.87726696272524,20.1904354373916,2.04732625595218,1.6003176700551,20.3692123763581,16.2132351500616,0.891514553739046,3.92332868498321,0.506046910650281,1.89702388011274,1.20867672765105,5.06405082285458,0.996312742640382,22.7490675462957,0.534637207645545,0.959528537849585,5.46782715879015,40.4398329576129,0.91966494601902,1.18383458952955,0.588266760135847,0.983743724282395,1.52717404342313,16.9946021834548,4.48109312322878,1.00959564301343,1.52484424066067,0.905291075774294,17.6839662599813,1.31300998281725,1.02594982104832,51.2702176301766,21.5910693353439,3.17999880621054,9.55967833511504,5.8358035594081,5.43370815620087,16.5326255047339,0.610555309686154,0.90968305744918,6.21045980851152,6.48364532000175,3.47350279410336,3.76552187670555,3.08957631617383,0.905366200175328,23.8715027678769,5.25219962290939,2.52166886536692,5.66254971474528,0.504430482358387,8.37055519618556,2.4028278237201
3.90750664618446,0.508006308394908,30.868519858356,10.0807330615265,2.06467909347481,1.01208800228605,13.2540830965656,19.5416902939928,2.71122684722893,0.529747866559611,0.665637240361064,1.04698287614789,20.9999091247522,1.03854290555477,3.73726668726127,2.04930637654093,0.523399135371316,22.2619068249101,5.06967281295467,0.549980850459894,28.9707794385953,15.6696711140972,0.515472331958896,30.9615074511905,35.801361844722,0.513676928453137,1.17506476311853,12.5201985024329,7.94584646063137,1.3849652359238,3.73567222668004,0.520753290737248,16.8401635390111,0.501832115828426,0.51988699455859,18.7914931291104,1.01238127750604,0.530377411443273,39.591884458358,1.28550094397452,0.51738722342621,23.2850294285469,9.35436178638557,0.505943519299192,6.91745170948601,2.60236389358099,0.506844258150093,29.0022602809099,61.2282940022257,0.516149912142542,1.14833209147574,0.919020584471929,0.873114828239353,1.79095141261273,18.794584891299,0.521169761217632,11.2852988061795,8.26990141657738,0.955589316364017,8.1224964303944,71.4831513667838,1.98563260168114,1.00416331235041,4.58124455778931,0.902391979648659,1.00866114132162,2.31219327580301,1.17145852900992,7.20523516644708,27.0845687258671,1.05705366728943,8.34364866903169,4.54399673286794,0.863040678144211,24.5569977623177,11.6759164585982,0.912924909047477,38.7618957444016,24.6478837079215,0.853000288069482,12.6841512287243,12.6173967408085,0.90673255945511,20.012392638734,11.1566294815695,3.55717666343143,4.32029560486298,1.63775219861376,0.924666068881194,31.220550835392,21.4216581745104,0.856863936425176,2.81150500857997,7.47620081746454,0.943455699419821,17.947034448596,55.0427464164497,0.86065289715935,1.26913565814533,0.554741808544602,0.989124880093505,1.45214519909844,34.7381549251663,0.930452389801563,1.53039193850723,21.9573442349751,1.19493146636826,1.46774946572856,22.5002570668441,0.869646473607718,2.00118202801189,8.43403336624458,0.915533615418997,19.4681125143242,14.0894659154025,4.65097217085049,2.13312682946808,0.542284055394582,0.997802183339044,1.20090460408423,15.4962874951541,1.03608906467409,7.75152480140226,17.947700624861,0.932492047461225,16.9690457841678,1.209414819462,0.973374224630278,57.3268014778005,0.813435075988994,12.5714523234809,3.03537236222516,12.7839802897521,1.09689557850919,5.7405008348345,8.41491224485994,1.18728879592908,31.1978334397308,2.05995135976144,0.908224974318493,33.0759080492516,17.2131864105773,0.905015864841476,15.8420353966848,1.13797600288246,5.83418558825093,20.2420936653801,2.09739813892907,1.54671931080167,21.0121581262267,15.5025387910318,0.87266212236729,4.35588857063624,0.502718605931203,1.96806142030776,1.27246756732829,4.59708041325045,0.986049216353521,23.9490009854145,0.530048433092726,0.954172407449869,5.95961294731134,40.4120843869105,0.86258539894932,1.03318767721726,0.515939917552308,0.915122747989265,1.0952106607759,16.8792272011865,4.48935730381876,1.03198583874826,1.48815477279095,0.917445198706703,17.340095029261,1.35575888542148,1.05047311233027,51.08207824107,21.7365346326453,3.17741985983941,9.54009719926853,5.3765099858488,5.28068632163062,17.6821255092217,0.636832590982417,0.970136321490795,6.97232374583756,8.29574224563955,3.43124818716556,3.65723503619328,3.13162915955747,0.913208264721309,23.0251185700266,4.94421013966747,2.48210854411784,6.17092891084556,0.506240467906799,8.40765243531538,2.59780639016356
4.4151449450594,0.501436811459873,29.3054418512309,9.88859068036767,2.05611286898607,1.0026205501652,12.9819970557009,19.4602869519787,2.88560461598568,0.517000614806526,0.595697977631393,1.02620721378496,21.9648758278932,1.01155860113336,3.43459326310064,1.97384084126763,0.513918661017026,19.983230057611,6.32390174992253,0.629057595395061,25.5802650002554,16.4607045422865,0.545658945982257,29.7193890677138,35.8081948606545,0.518223526606164,1.23332166328123,12.4707273692349,7.92156300993406,1.5136646451759,4.45491189690764,0.530454911132337,16.8787470499077,0.50289735584311,0.53024646218674,19.6392051949733,1.06390918782306,0.51468069164755,40.8072135973897,1.40907407930796,0.508656595519521,26.0035351509705,11.610033740989,0.516259172767045,6.66013321782366,2.66608327913124,0.518650176032884,26.9644113562408,61.2270504041503,0.549387015950504,1.45358454205903,1.0610585459209,0.920677888208525,3.41867261459496,19.0143458349292,0.501151116870724,10.2822413500668,7.61257775835897,0.903121996723961,6.78164445031535,71.5007793907137,1.98040226777262,1.04168490608802,4.5897548539056,0.92401715324727,1.08566266144281,2.82685679089633,1.21094751290828,6.13920003234464,24.3470711040987,1.03968800414501,8.52256374661127,6.49313412428639,0.854484124625619,22.0483430839306,12.763902686866,0.904656841788653,37.9147156702517,29.031407767279,0.86296188701354,10.4574879443547,11.3384993157096,0.929685546411049,14.7272849179817,11.648884020187,3.54626012757052,4.37716979988311,1.55872179730593,0.937004971071297,30.0378115827091,21.5240953605616,0.850366642784835,2.59559113411858,6.9025506612444,0.902509512563044,16.8393080308441,55.089206966452,0.864016261650474,1.32181993918882,0.571535262117647,1.01501391712082,1.50168411845758,34.7499680063115,0.854530103968324,1.02987215717174,22.0067865812494,0.916598800838519,1.02631886877127,22.3729551641331,0.861138328385329,1.89187885549784,7.37449645981886,0.908316848758861,17.7893083088082,13.5359715016928,4.64071663682405,2.30938622901175,0.551875645839257,1.02329524238052,1.25696711961209,15.3157421339056,1.25649453574683,7.63194911356699,16.9616934930286,0.955890783272198,16.7516472371097,1.04075894548153,0.874049281306698,58.2970186598392,0.860665183248949,12.5788664668067,3.18414699805958,13.7103723333749,1.14010120335022,5.62306476923662,7.3973825525373,1.39028211289334,29.3704857767869,2.15398479507884,1.09376206283433,29.0908438518498,19.7428121795385,0.900710964184891,15.90855253806,1.16050813583719,5.79313162953405,20.287116439153,2.1511365221834,1.49347221038025,21.6609350103086,14.7872551047782,0.8530648061022,4.84322004090453,0.500289073530829,2.041761282282,1.34788823004898,4.15679810070287,0.975253086662366,25.1771225507723,0.525736711173051,0.948906410706207,6.5140117786847,40.3862881670907,0.899496482482136,1.13031623725591,0.56263566678369,0.959420509702555,1.37418414921665,16.7158648867569,4.4972872001537,1.00825761509563,1.45272787917441,0.904485715568404,17.0439915520038,1.39822027612511,1.07485071350793,50.8972707908897,21.8584295732097,3.17413381718048,9.51973594874283,4.93056831250198,5.10375818784044,18.8703400708772,0.666943896796372,1.05491026283668,7.83168810151049,10.3907552892637,3.39534591535504,3.51022556075137,3.14437606915617,0.926977465483293,21.4825296712556,4.64524342001466,2.43817139419255,6.71965601899936,0.502075285040726,8.44180088882825,2.81512354997904
4.99485219300063,0.508779050445527,27.8994988770008,9.52691662349017,2.04663537354371,1.01978770494322,12.7065890794797,19.371943145287,3.076160531405,0.537423009809492,0.713718643629052,1.0558751490724,22.4926677856459,0.989304370324622,3.14566889638989,1.8910385633794,0.50462066570032,17.9152078668182,7.89878727208426,0.556089943209849,22.3982983499131,16.7619483206379,0.524099678078419,28.0210675105295,35.8061726909514,0.522761440290805,1.29144438392597,12.424710946447,7.89974361575939,1.64231018701937,5.38526415946516,0.539971015585244,16.8186833620852,0.504358197781314,0.540918003256719,20.1555554371848,1.16496680593872,0.564785131988281,41.8283783217439,1.55121371898299,0.53998241870362,28.8010205380476,13.928283700454,0.525890628454628,6.33238609021745,2.69335568248456,0.529180398596334,24.3218019198123,61.2259365411146,0.524897042450217,1.22865802251624,0.956397615149086,0.885628901426649,2.21929847392509,18.9099152971321,0.507228007900269,9.45197967104067,6.9620694852634,0.920295531474984,5.68298174419223,71.5183472631462,1.97518678563294,1.13015964126307,4.59770226857644,0.974929501332485,1.26735581936244,3.45122723956378,1.2631472305628,5.41359146827607,21.6694908039354,1.02521796887905,8.64851698791827,9.24129076319883,0.855655450012934,19.4542367930582,13.4657047253028,0.905949491680869,35.6890740404768,31.7282420110982,0.853548435194487,8.65115817641108,9.79090682702302,0.908210390378476,10.3388528876956,12.0238794934384,3.53556859307302,4.42507423130658,1.4789476746262,0.906297574195475,28.8284214350935,21.4189754552253,0.851516739109393,2.4171231937167,6.3774054150092,0.911512546002005,15.8799492392514,55.0985810471451,0.850108988420894,1.00268859287974,0.500558451893592,0.90090832308623,1.00442613332014,34.7670829170294,0.901694611504432,1.34104175094228,22.0515897039797,1.08929104222948,1.30026165904368,21.8828921896814,0.853106817481572,1.81803964973761,6.44492030701321,0.902167025107625,16.3902190234218,12.9937230723088,4.62728156781564,2.50653178915492,0.560575486478192,1.04843300309251,1.32174821918243,15.0629688015035,1.60613036205409,7.5414444518892,16.0122000057188,0.988347719187702,16.6066700665448,1.03498472844024,0.870688201724083,59.1381133413986,0.911964400713456,12.5806951531489,3.33849583426745,14.4332264601474,1.18684329928069,5.55122108515588,6.43536339062527,1.6457991822129,27.5864137273463,2.33643455542114,1.42910081029178,25.0268950743525,21.7822812114781,0.904822777718881,15.8913293242089,1.02506194406005,5.75398720821259,20.3259889968242,2.20874650597879,1.44062835063349,22.3146296723796,14.0667276762874,0.883916470176868,5.39065033669262,0.501976043805869,2.11808610624158,1.43660093789342,3.74537962903427,0.963888206810931,26.4236535965516,0.521709469932385,0.943706832849086,7.13737963113081,40.3623044167156,0.936407608089871,1.22716688355788,0.609258969544464,1.00364426157504,1.65283056297866,16.5130910383452,4.50489559634234,1.0296444311754,1.41885095355037,0.916091493473812,16.7969142962692,1.03405174248641,0.869241548738446,50.717696152349,21.9593193944725,3.17029711217823,9.49898766025122,4.53547472404295,4.93252676117943,20.0828756729292,0.704482911604896,0.925549773834196,8.78848666099101,12.5912288180227,3.36716799675765,3.32769538966718,3.12323669198005,0.915659711996601,19.3454421284141,4.3554582525477,2.38971793316533,7.30926645313679,0.503294650094116,8.4730059886914,3.05729862479194
5.63572284045355,0.514750060922686,26.665727016593,9.01800652848301,2.03660323389946,1.04100202821909,12.4270391499899,19.2759349385911,3.28462863411097,0.556982355605912,0.83048897903219,1.08221402191534,22.6049345696499,0.971244427190066,2.88017324107829,1.80605304023512,0.521575129363862,16.1023511918655,9.77244449160454,0.505997341369567,19.5082980481309,16.548746148405,0.503963659030384,25.8859872857685,35.7965402886332,0.52729168249349,1.34942489034054,12.3822727987206,7.88029641769732,1.77074063895205,6.55234296248836,0.549105538149402,16.6448893063955,0.506465135446234,0.551447385030052,20.2385412092208,1.33215113839256,0.526216613664368,42.6490623596306,1.71437636493183,0.516836807450818,31.6019716225397,16.0362110647685,0.509432797425961,5.9533059102951,2.68252954539937,0.510373872385993,21.3307374627871,61.2249376531021,0.500407068940202,1.00373765917161,0.851739335562998,0.850582313582801,1.0199437671218,18.5458026947603,0.512397252048981,8.7808240593957,6.34126348874935,0.935813348296275,4.80167587482862,71.5356803086067,1.96998802160749,1.20426944640595,4.60511094613345,1.01749919456014,1.41939313007925,4.19620708593954,1.32752245335895,4.92649663223534,19.1344836394969,1.0131471994101,8.70588007020154,12.7576385479318,0.849852379080628,16.8794883743145,13.6249995022056,0.90044799401393,31.9985472550725,32.6762831316696,0.861391121551823,7.27223158041887,8.22609505952381,0.926436111731481,7.11806948166933,12.2701207477986,3.52520277917558,4.46779294328595,1.39948893710995,0.918382269577137,27.6293380533491,21.1372871246911,0.857668884031585,2.27169124875721,5.90178377403432,0.966060935403374,15.0663225107665,55.0769370810033,0.85220368231623,1.05433456924927,0.511284237492423,0.918358254624368,1.08946206106742,34.7885947991074,0.94896660359785,1.65331297807583,22.091672703891,1.26216850207113,1.57464693983684,21.1100424615792,0.876492623017396,1.7765835202332,5.63972995024509,0.916749636571255,15.2558624989357,12.4621356294629,4.61042447577736,2.72670923453992,0.502659528952473,0.906610028673424,1.39614725746295,14.7474264071988,2.12147036234128,7.48028508322284,15.0944570279136,1.03176013076959,16.537264990085,1.02903223004631,0.867212446655231,59.8626993450932,0.967514569046243,12.577335350548,3.49840830786332,14.9239729483756,1.23723351406635,5.52612069785102,5.54345153116669,1.94206486965896,25.8973501643149,2.61654834577444,1.89844718147626,21.2105678025418,23.1233721395034,0.909783262330081,15.8022521995526,1.05044534580801,5.71663685481834,20.3591470271886,2.2704495030507,1.38824282178016,22.972281206201,13.3407066412848,0.863501278211588,6.00336876449451,0.500447532816802,2.19697802484927,1.54062525483996,3.36446868679306,0.951926231852057,27.6778336994319,0.51797239874114,0.938545959095857,7.83624598164843,40.3400039376005,0.879328071230411,1.07706251112719,0.537073402498622,0.935167440179405,1.22152604268763,16.279539135824,4.51219216174375,1.00686933473714,1.38673621683613,0.903739801773158,16.5990202123639,1.07770514445871,0.893975782551865,50.544823364847,22.0416459575904,3.16604583331182,9.47817992940329,4.17172520528319,4.74855327639536,21.3072265900751,0.748049423873261,0.912026099332689,9.84543110752055,14.6309074642268,3.34760199136412,3.11904701183669,3.06793536783297,0.903328081877716,16.8369588753894,4.07512106658924,2.33666213783278,7.93965791791584,0.501693502510428,8.50123568057627,3.32711818167265
6.32000791349807,0.501621166296764,25.6095302673243,8.39250724934296,2.02631889411628,1.00532509132286,12.1425132607999,19.1714670787767,3.51296572781679,0.575599435973764,0.945837734366319,1.1051101393786,22.3549853110956,0.956820493956695,2.64357652185517,1.7230048885721,0.512418574128953,14.558298102494,11.850746459433,0.503804585806958,16.9562779114788,15.8548766663252,0.525614852460486,23.3885937672213,35.7804520276546,0.500764394094653,1.0097855267004,12.343470329803,7.86311705156847,1.02163957558124,7.9535188334417,0.557642772704937,16.344903053336,0.509463066549428,0.561288383503152,19.8087995673544,1.59205764891357,0.562483669092166,43.2613463662223,1.90092476691332,0.542011216227207,34.307431095808,17.6682267551817,0.518479836899389,5.55047099954272,2.63784214981705,0.519493132018937,18.2958690265672,61.2240398235858,0.533644217729765,1.30897971384902,0.993772398799977,0.898140751605613,2.64759639374312,17.9870018128376,0.516936510744597,8.25191417354512,5.76390091184537,0.949972329333527,4.10465604192599,71.5526745339587,1.96480796455063,1.04765120678607,4.61200387826891,0.927393207193792,1.09780260129381,5.07017787934092,1.40385918814756,4.61024094253647,16.7833615242471,1.00297176851766,8.67907685635251,16.6465308214958,0.985059590469677,14.4479148464977,13.1615773137318,1.06413522680225,27.1519109812365,32.2570297764851,0.853847013945475,6.26484476939293,6.8025532532009,0.908875694029091,4.92293809606084,12.3838659366953,3.51518946427952,4.50943844412928,1.32141909987196,0.929683649021006,26.4729572896724,20.7128252003501,0.855422112062114,2.1553580124086,5.47460674879244,0.950786434255197,14.3920498685967,55.0497858823474,0.856436337617239,1.15858771432527,0.532930618391604,0.953591355848814,1.2611605656975,34.8136438003262,0.872819316149876,1.15066498857411,22.1270341475081,0.983491604718745,1.13249654056044,20.1349812661762,0.868618487799577,1.76526505527574,4.94846670553168,0.91076295073421,14.3638300216953,11.940655905132,4.58988236521517,2.972213015896,0.512532694164223,0.932328700025963,1.48122430491067,14.3779607056723,2.84290331152696,7.44833445469251,14.2011010759996,1.08831333689722,16.5462318255007,1.02294390695282,0.863642068689832,60.4831101020633,1.02750843761587,12.5691408725579,3.66384964405862,15.1731305841181,1.29142996129523,5.5497677641836,4.73253257543263,2.25762859610345,24.3437668065171,3.00334004889782,2.41808429128669,17.8576121553956,23.6868162606748,0.903251665979654,15.6552513418712,1.07314111568661,5.68096831864022,20.3869803020929,2.3364842591658,1.33637300814855,23.6328841265569,12.6094715128541,0.896866004758141,6.68614303276535,0.499932116763468,2.27835325520534,1.66240519389753,3.01511558980527,0.939348076782667,28.9282711575407,0.514529488640065,0.93339218142248,8.61716235679388,40.3192687982156,0.916239197704439,1.1738292360516,0.583674815571928,0.979368944882467,1.50008411162713,16.0235871054384,4.51918430600461,1.02703906147281,1.3565284324935,0.914848331460471,16.4495695316809,1.12105692707523,0.918583333990274,50.3797450488003,22.1076969572832,3.16149698396649,9.45758083956333,3.84088029865978,4.55489489329257,22.5303743835243,0.79868476914977,0.911114715317081,11.0036688405581,16.2377286548997,3.33728965371708,2.89856971994833,2.98357839618787,0.902861757984087,14.2485369691001,3.80459919599557,2.2789808761753,8.60997617977638,0.505154940880544,8.52640904577628,3.62764403179181
7.02417327857155,0.507203624988318,24.7290823666316,7.68589430977479,2.01603202415117,1.02862965330012,11.8521633596052,19.0576605792817,3.76338486306379,0.505939199235967,0.535292646865325,1.00811527268341,21.8127625844675,0.945491476951891,2.43788688493253,1.64483225651658,0.503732919473957,13.2750794695399,13.9620813770598,0.501508374089401,14.7582403253999,14.7663835021757,0.501289589467666,20.6654240047348,35.7589624294121,0.505310126448939,1.0679654040936,12.3083051089883,7.84809241060033,1.150014828117,9.53725573943595,0.50510124880653,15.9122246740148,0.501001806587966,0.505447656180335,18.8432196840658,1.98634262995782,0.606586915460514,43.6514349254204,2.11271895076297,0.574942169335601,36.7897909008553,18.6545068027832,0.503318031347324,5.15321727208056,2.56814344083764,0.503352036338056,15.4801251680664,61.2232287426514,0.509154238764991,1.08406967275271,0.889118612590665,0.86309826228844,1.44828349215055,17.2911278740532,0.502226811517975,7.84827837997196,5.23668527372422,0.90664652202337,3.55855055004009,71.5692425404553,1.95964846756795,1.5472927651751,4.6184048017263,1.21431239575705,2.12271108686899,6.07652035767702,1.49215433568098,4.41936734625559,14.6325692464447,0.994238614995901,8.55477437251611,20.1846225124869,1.46890901739732,12.2834653285066,12.1252499412006,1.61445711879191,21.8980991297206,30.9482204925846,0.860453198963617,5.55365312173217,5.58554952260303,0.923701045891225,3.47789728153182,12.3687650966892,3.50548286771551,4.5541763701784,1.24573511370681,0.901335672362527,25.3856678167144,20.1791286140993,0.853589017468987,2.06469395377008,5.09341095687031,0.936387930205557,13.8485869038063,55.0250550453601,0.851244497567367,1.03064787635801,0.506363221441074,0.91035799981922,1.050477356172,34.8414244417574,0.92011390325296,1.46329008492968,22.1577435968516,1.15643312895394,1.40707655665975,19.0307880928446,0.861036121228213,1.78269464729967,4.3584089291056,0.905788498253043,13.6893210331001,11.4287774490587,4.56537259778523,3.24546673751503,0.521459313119853,0.9577018916421,1.578218936135,13.9621829246501,3.8141777997372,7.44515409864452,13.3223211254004,1.16054713780019,16.6364247693988,1.01675444348848,0.859993423631446,61.0110164120505,1.0921493238958,12.5564266548664,3.83475859775746,15.1888678173404,1.34962554289448,5.62470918777477,4.01042221524545,2.55985294420347,22.9529298207022,3.50366853276767,2.80073059481977,15.0589847255649,23.5204709464123,0.90815401807814,15.462410213127,1.17401655845089,5.64687286946153,20.4098356784103,2.40710770975768,1.28507788845563,24.2953913618754,11.8739639250394,0.875465218359185,7.44295015420084,0.500496514605058,2.36209450707344,1.80488893500966,2.69775209333236,0.926144958781872,30.1633581339098,0.511383176711208,0.928210236437826,9.48651023712751,40.2999885779233,0.859159655524292,1.02402581822177,0.511567641230764,0.910972116329408,1.06914016326321,15.753117102042,4.5258779175182,1.00552495077673,1.32831385421677,0.903062203865666,16.3471070784394,1.16415796888685,0.94306909739911,50.223231026945,22.1595896673981,3.15675014384086,9.43740546563021,3.54309978566067,4.35380676504793,23.7389132954905,0.857476102210858,0.91303290901119,12.2600063052513,17.2311400783848,3.33623801344141,2.68179113946125,2.8791268037933,0.900693421061564,11.838178706219,3.54433925720796,2.21672586455257,9.31852536904362,0.502535082125693,8.54840850956775,3.96222618365334
7.72113465204348,0.504490678222161,24.0174508509881,6.93494648780925,2.00594706281734,1.02092408953385,11.5551283460444,18.9335417963296,4.0383907318246,0.524970464717967,0.651208202550558,1.03271706138645,21.0520890944611,0.936757799740051,2.26267415039213,1.57338271816382,0.519048677310006,12.2322401708242,15.8740753210733,0.532371293998539,12.9097031348179,13.3937345608265,0.518700506087861,17.8983890392354,35.9116780429143,0.507685736109264,1.06412478581891,12.2796687961188,7.8112996800682,1.02979382626722,11.1885992513462,0.504742937476312,15.358679822516,0.501147487021789,0.50506457762551,17.3906934801875,2.57817234611708,0.573513445573926,43.7953301354062,2.35039183867479,0.55359071078685,38.8854575658027,18.9608235973475,0.511923276056969,4.78588166953414,2.48412079093141,0.511317421644163,13.0459680990506,61.2224930472101,0.542391393364052,1.38929671552654,1.03114516381334,0.910650725216179,3.07584918935837,16.5053884619103,0.507001202859885,7.55455535818252,4.76144461768318,0.921026797256405,3.13367295108647,71.585317018174,1.95451123648947,1.01987564529562,4.62433819741791,0.91141131168307,1.04076644197432,7.21083461905298,1.59253821302767,4.32262889057915,12.6843580804206,0.986569711015268,8.32421044263331,22.6789059256998,2.40918833274318,10.4774814187217,10.6886143626602,2.64544262996402,17.0637658095241,29.1401202419964,0.854160973333981,5.07016522672566,4.58106631433826,0.909196115113947,2.53453547065417,12.2346737877049,3.49597019927697,4.60600855825428,1.17329161785191,0.912456255818489,24.3873174704786,19.5674434840764,0.852092723820118,1.99676783728245,4.75492294641524,0.922824236707047,13.4264327564722,55.0025433557554,0.862099337495285,1.29783233966203,0.56182948604782,1.00066704492775,1.4905948065956,34.8711889990112,0.967471300184032,1.77677987755116,22.1839315957782,1.329537593769,1.68214585761097,17.8589443646281,0.853661338679996,1.82832965026782,3.85639099380699,0.901731541384901,13.2083574054979,10.9287244865933,4.53716632971069,3.54778875482234,0.526875024286949,0.971803824041891,1.688712479792,13.5059035760007,5.08165625067366,7.4701079131466,12.4458768087037,1.25145544100065,16.8111681050298,1.01049098049539,0.856279252661444,61.4572067430649,1.16165043972096,12.5394728626874,4.01104544086773,14.9931155517977,1.41202320710267,5.75374073737985,3.38313247133748,2.80339475947725,21.7391013127569,4.11983605511703,2.76010743048298,12.8094261027257,22.7625737418316,0.906841863181186,15.2316940096896,1.0613492500747,5.61424554657443,20.4280203737502,2.48259610027169,1.23441721801952,24.9587177888416,11.1359465980001,0.852720229280848,8.27653997636883,0.503311916370205,2.44803700215664,1.97161175020312,2.41220488265675,0.912318911205254,31.3717182904271,0.508534578531082,0.922961574568329,10.4502671915024,40.2820605520835,0.896070753862072,1.12070999539351,0.558147585181175,0.955151815522099,1.34759837814336,15.4753566135743,4.53227795328463,1.02439674485987,1.30212938315333,0.913753462759662,16.2896093952641,1.20703905427363,0.967439022761968,50.0757833786016,22.1992643132417,3.1518892793049,9.4178235329536,3.27804413720361,4.14758550204713,24.9195821828525,0.925707460488338,0.90629272897881,13.6071686605067,17.5568188473285,3.34169161998385,2.48170121394344,2.76331873622905,0.901284925793611,9.7656498142974,3.29484772705805,2.15003200332914,10.0626982103368,0.501076538472305,8.56707357594827,4.3345022109489
8.38345681880996,0.509533218448925,23.4645567844183,6.17427241643354,1.99623363806208,1.05181838190802,11.2505359696832,18.7980279497377,4.34082778404865,0.542941677377211,0.765469653807584,1.053696717947,20.1420026299555,0.930172991916688,2.11603268218227,1.50962509755094,0.510696293216195,11.4039571734436,17.4099453227874,0.511977883250213,11.3928709229879,11.8922251715968,0.511908480736008,15.2704035192933,35.8700296212209,0.5066780754116,1.08561806133129,12.2431877219678,7.7984733733199,1.18942342201778,12.7432963999875,0.511191423082798,14.7074861372514,0.503310271063876,0.511840820314942,15.592967934527,3.45842990027539,0.540032217546703,43.6541998667288,2.6121628211039,0.530146303457082,40.3865420737492,18.6668883518938,0.519909615085948,4.46422187806755,2.39561781338125,0.517594860010144,11.050405077825,61.2218242089312,0.517901404695556,1.16439492540065,0.92649501658987,0.875611591837903,1.87658201301979,15.6664794107481,0.511485188434286,7.35776156112782,4.33693139239089,0.934410265669587,2.80541475116599,71.6008588472587,1.94939773305805,1.57007576498661,4.62982908996196,1.22699094278633,2.16873734338053,8.45839421473945,1.70521647059808,4.29784565974145,10.9334132873932,0.979664937709576,7.98535301645339,23.8313921345798,3.88718916049077,9.06201121024787,9.06793673052915,4.16037304190293,13.1588014525422,27.0987849669609,0.861650885293747,4.76152193483928,3.76728944989095,0.924732803131984,1.91444260212272,11.9959775780623,3.48647988411823,4.66863077915691,1.10476421878893,0.922747160710679,23.4914425843081,18.9055346716541,0.850865008491374,1.94911901081815,4.45547957808501,0.910064228447567,13.1159600494099,54.982061173807,0.862605665548525,1.31018053860098,0.564387177383964,1.00484946600626,1.51098522671973,34.902253434518,0.891172759851931,1.27234317492529,22.2057809576702,1.05053843575218,1.23910222675541,16.6681666816193,0.876007475861081,1.90244871291152,3.42991122335749,0.910757774699428,12.8995137201568,10.4356457593305,4.50397500744315,3.88355057844013,0.500444995383485,0.901298727606344,1.81411226377749,13.0246854197551,6.51930554088984,7.52249546244132,11.5770362201921,1.35554129284518,17.0746291495569,1.00417899409074,0.852511174375272,61.8315245383684,1.23623391967282,12.5185284532781,4.19259032889851,14.6166449651469,1.47879452259038,5.93957614295991,2.85653211885893,2.92837600330988,20.7051040778278,4.8469517549462,2.61193130345924,11.0461368178735,21.5799216308742,0.902876534912817,14.9662587457134,1.1513756883609,5.58298489741986,20.4418001247424,2.56324443716074,1.18445197800734,25.6217386112195,10.3980724071004,0.889478292146515,9.18791583878409,0.508491298339675,2.53595863364807,2.16680333728289,2.15774588428078,0.897882710367322,32.5426487962376,0.50598377991799,0.917604860376423,11.5137326793694,40.2653891837526,0.932981840601854,1.21719833282198,0.604676560648593,0.999279480631206,1.62581069471513,15.1967818605034,4.53838891195564,1.00428501068816,1.27797134162322,0.902451387824431,16.274602717458,1.24972672931352,0.991701084200358,49.9376796577202,22.2284811189334,3.14698432229322,9.39896515577777,3.04490402948146,3.9385131958475,26.0597983047057,1.00487866265126,0.958469365762938,15.0336268375618,17.3187600283027,3.35716826099584,2.30664706488602,2.6483188307498,0.905232405566274,8.08457324871257,3.05666150052169,2.07912558026605,10.8389501985201,0.500863617593456,8.58220253577006,4.74839348141064
8.98659615422882,0.513975504645117,23.0587084027059,5.43355064595644,1.98703597089344,1.0864375680345,10.9375079732777,18.6499169073225,4.67392825670715,0.559733634581001,0.877853231888819,1.07087498689195,19.1420831061135,0.925346309222673,1.9953292511134,1.45388889850915,0.502890373190137,10.7637455839328,18.422086720432,0.51406593340556,10.1770951293296,10.3705997849224,0.514770791055255,12.9192091616737,35.8242751652215,0.501004558113827,1.01287401085055,12.2112214648715,7.78813859278444,1.02849632397539,14.0289043725344,0.501056603015272,13.9981171792799,0.500366409056783,0.501101762366121,13.6413611822983,4.74648790901998,0.504554718036589,43.163465941147,2.89201101144915,0.503530476793189,41.0431290080798,17.9132541940522,0.506303663726994,4.19548564517725,2.31012028861865,0.505223774172501,9.47576758022748,61.2212140526755,0.551138493905842,1.46960777590758,1.06851610052714,0.923159286478064,3.50411363386436,14.8018738983477,0.526311383360177,7.24747800814638,3.96014996361078,0.97783232158952,2.55423987279881,71.6158036247975,1.94430963016972,1.04207391973196,4.634901920567,0.924128395825824,1.0862524981428,9.7926165286503,1.83042339027358,4.32869471085199,9.37076241292354,0.973291793653788,7.54441183202243,23.7707178987865,5.96860485113423,8.01387377435107,7.43865051346868,6.04204022209628,10.2848488355673,24.9889005094084,0.863798855028731,4.59030064959089,3.11368717224162,0.927756510986975,1.50115505919083,11.6697658740541,3.47679119322314,4.74536399792071,1.04063985878454,0.932236787797243,22.7060342330569,18.2170992962161,0.854433731148684,1.91972064775307,4.19132111362695,0.955338494002686,12.9079363819755,54.9634323988595,0.863112040028274,1.32253537257415,0.566945930837182,1.00903295767877,1.53138552798943,34.9340027263506,0.938533753850473,1.58598180101908,22.2235169532586,1.22368819608864,1.51437106008425,15.4950544362074,0.868738922558718,2.00611919793843,3.06770647005041,0.90693663288386,12.7446167036728,9.95027816258532,4.46569997987148,4.25506531540586,0.511699951404813,0.936340620419372,1.95644095917451,12.6776590934679,6.09305537445316,7.60414516040534,10.9726908083838,1.36475647914027,17.4106638122282,1.45545210055972,1.1253768640532,62.1428585771624,1.31612960568442,12.4938143498623,4.37924164207243,14.094329035708,1.55001257867634,6.18439862036429,2.43811806578358,2.85806359022307,19.844389462652,5.67061516086103,2.4988731774341,9.68455210232085,20.1155918954723,0.903545553592617,14.6668331429901,1.05047317581264,5.55299366066098,20.4514091206096,2.64936980600535,1.13524195853202,26.2833004468248,9.66388737919432,0.865284281028714,10.1758533826912,0.516181279321442,2.62557234398459,2.39549832521223,1.93342568691541,0.883937852997583,33.6627964853632,0.503900483025059,0.912656153379529,12.6818898941531,40.2498837676501,0.875902294916542,1.06777172797316,0.532667542545226,0.930982777331818,1.19531525582916,14.9230763010673,4.54421519576052,1.04107158959572,1.2558034926998,0.924159078095674,16.2992532271365,1.29226210184211,1.0158659900052,49.8090151664163,22.2488231976449,3.14209278174885,9.38092699628162,2.84247379091874,3.72878119404817,27.1482105183742,1.09674337741046,0.952255294184942,16.5235447888638,16.6423961098992,3.37924723926647,2.15991571500334,2.53890727758718,0.903017262199445,6.77259616265322,2.82996744356287,2.00445618613783,11.6435060761773,0.505120541129844,8.59357122148301,5.20810990805624
9.51165011009042,0.51807799947219,22.7878249022668,4.73560861487155,1.97847988037031,1.12382511429273,10.615166735779,18.487872496087,5.04136537816282,0.575204774710619,0.988081400260209,1.08404576244037,18.1008021330908,0.921939933322355,1.89770894603589,1.40607829661527,0.516591661720973,10.2871090143969,18.8705598318675,0.518655273252555,9.22900256648271,8.92094298363547,0.520403606348274,10.9215557751273,35.7765311660621,0.502139063117596,1.02739102896742,12.1836972678338,7.77985356334112,1.06063322700052,14.9172899677911,0.516530024797719,13.2769708466176,0.506606881461278,0.516878535328008,11.7254423728606,6.5666039200427,0.522549221923792,42.2666716174665,3.17765756163536,0.517838564097858,40.5629506871625,16.8518614900317,0.514122857776679,3.98057488162881,2.23245945493898,0.510768946328242,8.26715609046792,61.2206607769506,0.526648501357846,1.24471292464368,0.963868967782354,0.88812292861154,2.30488610341109,13.931562264707,0.506948301244871,7.21573201456976,3.62726401482903,0.920259211130682,2.36507334762583,71.6301427089511,1.93924806407357,1.59282269626442,4.63958144634194,1.2396576122404,2.21476683113187,11.1753854286626,1.96838172763753,4.40277699545098,7.98588263319295,0.96726789532758,7.01617197337629,22.8336195078085,8.68607235236458,7.28058208986826,5.90558466681544,8.03600286334094,8.29521213067777,22.9057082812676,0.855924871941537,4.53152465518938,2.59012327866464,0.910939206364847,1.22155568750786,11.274154499758,3.46664399536587,4.83914557140912,0.981227840573618,0.907356513523549,22.0345734204237,17.521646958855,0.853269208471187,1.90693365022423,3.95878342270325,0.941943340572722,12.7938100055346,54.9464851995644,0.863618421557104,1.33489066950522,0.569504571318459,1.01321633715824,1.55178824450939,34.9658905286483,0.862172198243309,1.08059516433378,22.2373953017055,0.944501666600239,1.07072043693293,14.3656535910879,0.893950486224006,2.14116325883306,2.75997076944225,0.914167183190246,12.7288109914456,9.47336862217063,4.42219829440874,4.66433943572548,0.512147678481092,0.940285803332075,2.1179913164487,12.3468267064352,5.7200343645337,7.71534817660841,10.4311266332926,1.37681485024244,17.8019398977277,1.71749281738032,1.28636339281521,62.3991370658423,1.40157358042455,12.4655266433074,4.57081430627336,13.4604050782398,1.62531865817804,6.4887638300125,2.13609273784844,2.50880811265024,19.1417275944735,6.56594501454308,2.41348704622174,8.64451638975098,18.4902274038828,0.909432138713952,14.3336214996443,1.12957486067891,5.5241780103636,20.4570417841318,2.74130875934166,1.08684772222785,26.9422128662674,8.93781737095394,0.906042689101213,11.2364110600006,0.526563930406565,2.71651324575742,2.66366059351763,1.7372267031067,0.856099267822694,34.7312937708653,0.500627992016536,0.902247127476315,13.956619710399,40.2354613079712,0.912813392977105,1.16420050844308,0.579181022689945,0.975094517102085,1.47344750519049,14.6591302944304,4.54976137081108,1.0404231015292,1.23556404160084,0.924344818021044,16.3604348740677,1.33469165410905,1.03994545756788,49.6897333784146,22.2617017932901,3.13726115062053,9.36377634448342,2.66924174072372,3.52042626693406,28.1750714687304,1.20334808947671,0.945869397410215,18.057173330736,15.675368920704,3.40671613455194,2.04164520037928,2.4390199546917,0.909505544744603,5.77493895406299,2.6151839901892,1.92645799895059,12.4712897304541,0.503729818510404,8.60085891887411,5.71804833118355
9.9466050680492,0.503426080191656,22.6401925649787,4.09588292961787,1.97067623082399,1.02485753139219,10.2826452580945,18.3104050002337,5.44731943858412,0.51375819691655,0.590385010836751,1.01493483821673,17.0557643586766,0.919663463651537,1.82039836288025,1.3658401458325,0.519248302535589,9.95274318153478,18.7992183138807,0.503542295898041,8.514088188569,7.60123465987977,0.503961774334456,9.29278331994056,35.7276712977367,0.503272054451194,1.0418682472025,12.1603596130436,7.77343688636054,1.09268739512268,15.3574518257015,0.534997549057548,12.5875317596141,0.515563795198693,0.53485410566383,9.98621163868489,8.98688103420104,0.50560438404897,40.8837617611776,3.44910678057051,0.50450736032463,38.719320084149,15.6161508619989,0.501357629200144,3.81660309791195,2.16523786167281,0.500964154820188,7.35985346283063,61.2201638413391,0.502158514197133,1.01982130878663,0.859223168760606,0.85308777112364,1.10566925923224,13.0696858457931,0.515244786681104,7.25675948125103,3.33415766539945,0.943240078691781,2.22655156083155,71.6438318661816,1.9342145144735,1.06430923227163,4.64389223537659,0.936841057992436,1.13178166047713,12.5597027243063,2.11926603422062,4.51054050226913,6.76764288414057,0.961441206009837,6.42280789856677,21.3630485619912,11.9438904957086,6.80477559078637,4.52351092636407,9.75203233112352,6.97115809962727,20.9004302252278,0.854245904787405,4.56958586929573,2.1703080367942,0.907175449548938,1.03015530072373,10.8269227519486,3.4557478497125,4.95256228627041,0.926684352131133,0.916777237858978,21.4771322574777,16.8346907792048,0.85227509021033,1.90945673537612,3.75441329646997,0.929256500617265,12.7658267597889,54.9310622306313,0.864124779901956,1.34724420476569,0.572063088387125,1.01739963787433,1.57218811013758,34.9974377987988,0.909537109098337,1.39436385907483,22.2476986986089,1.11769315006909,1.3461861223127,13.2973266310639,0.873496432390919,2.31012365674228,2.49836229459391,0.906889983459388,12.8402838343168,9.00496358676641,4.37315039400832,5.11357961540803,0.512346776337028,0.94420055458257,2.3013472856579,12.0371133630306,5.39002068070824,7.85420268810306,9.9456569755929,1.39117868781729,18.2438765850863,1.25383638551322,1.00474277105636,62.6073608042365,1.49280620713491,12.4338399242568,4.76708863892938,12.7319664758761,1.69918170458764,6.85640646032619,1.87971463692599,2.2088681390936,18.5892219071219,7.49841821618956,2.35022422025297,7.85858463115883,16.7993691431277,0.901502577120316,13.968230387423,1.04057562282945,5.49644832890798,20.4588682097149,2.83942269125003,1.0393267923069,27.5972668580413,8.22508049285194,0.880174292452446,12.362552572437,0.539857423473456,2.80832384344486,2.9783086816592,1.56750306531027,0.85656443971134,35.7379706127996,0.500607639587976,0.90244821466153,15.3396799634476,40.2220442805899,0.85573384950336,1.01498335595956,0.507226543865587,0.906853477336566,1.04320712450563,14.4090638428513,4.55503234324213,1.03980510965619,1.21717098781245,0.924588579363119,16.4547742096079,1.37704231110308,1.06395008475316,49.5796580305418,22.2683659948106,3.13252636849301,9.3475560726731,2.52350423450462,3.31527800177916,29.1324625184645,1.3270663317056,0.917774634877823,19.6117927197612,14.5449721513983,3.43840446629536,1.95000141543222,2.35053339850123,0.91467065898154,5.02970758526955,2.41288256997602,1.84557882502643,13.316026959327,0.51066446498894,8.60372668421262,6.28284624387408
10.2862917472538,0.507897362093101,22.6049411043279,3.52287703612837,1.96372239443962,1.06049304108619,9.93909931835931,18.1158536153398,5.89654697339645,0.52973282640429,0.701358637356909,1.02995200173202,16.0349391135723,0.918267339342811,1.76086173589895,1.33268416456156,0.502264503226417,9.74283703532888,18.302779236234,0.503530678327961,7.99970647587323,6.43889481895029,0.503994821364065,8.00651169712617,35.6784821848159,0.512170057645215,1.15559103505261,12.1409318371741,7.76870575544927,1.34446683050178,15.3737965875749,0.50916537396316,11.9630375828314,0.50432414805685,0.508936164631587,8.49811273467035,11.9109116711697,0.504807547953592,38.9861729215339,3.68031406265128,0.503891083206507,35.4643528966356,14.3096278772075,0.509064026057801,3.69892177851839,2.1094782438434,0.50589697676823,6.69401004938582,61.219723546042,0.535395561626964,1.32502726767369,1.00124175703269,0.900633399193564,2.73327532034969,12.2260283231402,0.523791706919248,7.36671950323537,3.07679755634332,0.965115354319615,2.13027335228928,71.6568766261182,1.92920987558836,1.61553396193166,4.64785781878611,1.25231087277035,2.2607864694838,13.8944980118422,2.28316739244123,4.64473176503872,5.70456624197206,0.955672215939719,5.79122870318785,19.6277124085065,15.3146728356666,6.53695351919106,3.33839193175681,10.693905804432,6.11149202885361,19.0422054965287,0.852784588325884,4.69547421256696,1.83591491379155,0.912357628259684,1.00374407329023,10.3445400532118,3.44378999455121,5.0879067494946,0.877043592173666,0.925536134269143,21.0313934196067,16.1681393424902,0.851407460012354,1.92627802458264,3.57501780418384,0.917523703048969,12.8170112312655,54.917022627665,0.864631120942175,1.35959773286051,0.574621996915505,1.02158329767422,1.59258577845481,35.0282316314647,0.956916031270923,1.70860443371485,22.2547267734451,1.29099273020333,1.62209336201353,12.3005939231121,0.853088172640354,2.51622404375013,2.27590400719892,0.900828371594986,13.069839715946,8.54528987239953,4.31825528024594,5.60463567186759,0.512275244005147,0.948090872849666,2.50946489825331,11.752235944047,5.09517562196871,8.01888797070308,9.51041574158206,1.40736650178668,18.7313811505705,1.51474478790528,1.16583118803712,62.7736229424592,1.59007038093078,12.398910350119,4.96780896961946,11.9404010046358,1.77058360212079,7.2940667491026,1.66244318038019,1.95484139370612,18.1840276607015,8.42722013133034,2.30485298073589,7.27340621398159,15.115330590794,0.907724130820721,13.5748857676702,1.10874384121133,5.46971847370695,20.4570241131834,2.94409453670137,0.992736083055888,28.2472237918441,7.53151091371993,0.852271093790715,13.5439748107944,0.556318674957733,2.90044061547094,3.34762794316622,1.42225740444254,0.851372533293792,36.6780077256649,0.500111820111449,0.900515168704022,16.8302157271295,40.2095618743437,0.892644960020172,1.11135424013303,0.553724914749428,0.950949800269143,1.32127502847097,14.1762717798025,4.56003352799231,1.03924028224779,1.20052699682087,0.924893473948547,16.5786895463207,1.02193612691989,0.862443663685973,49.4785168487682,22.2699133116134,3.12791708948109,9.33228817610949,2.4034608038417,3.11492162317891,30.01439868903,1.47064173574932,0.993711952167459,21.1628178810191,13.3480532979463,3.47322951792367,1.88228996877128,2.27392243977956,0.904659988539107,4.4814377837263,2.22353989406316,1.76233777664252,14.1707660304137,0.507037070405513,8.60181716422673,6.90724345073975
10.5314020532893,0.512351192308472,22.6723360159306,3.0192655505311,1.95770276921254,1.0972893067997,9.58372657164092,17.9023653379914,6.39446856524743,0.544173548223746,0.809721828560081,1.04067739823059,15.0582592679988,0.917534676133291,1.7168667367687,1.30606299318094,0.514674140764616,9.64290533455106,17.5434876463264,0.603650447139013,7.65649518703717,5.45115644277796,0.63401469293906,7.01489896734937,35.6296303831239,0.507301012428206,1.09327736635574,12.1251304659843,7.76548471274428,1.20650245837113,15.0397575066935,0.518351626272068,11.4239429788812,0.509059985687141,0.517417282502751,7.2785616159649,14.9913707174728,0.501448598849502,36.6384049156253,3.84612786866143,0.501170438982499,31.0774414049787,13.0057690198271,0.516624895889306,3.62241016248222,2.06521577255072,0.509917973238553,6.2202073783966,61.2193448164536,0.510905587206601,1.10014116055085,0.896598215706305,0.865600203947405,1.5340503182474,11.4071999043871,0.504515823970083,7.54341431864637,2.85143067244084,0.91198514324653,2.07017456665779,71.6692590582868,1.92423532609333,1.08657589370504,4.65150232098055,0.949547863174904,1.17734505990108,15.1304727103013,2.46005924603733,4.8001448126414,4.78476891550381,0.949821499715522,5.14959544310296,17.831641968158,17.7515088244142,6.43820395499136,2.42916930254319,10.2874700574455,5.55129229353603,17.4819911368406,0.852750728455782,4.89840325748738,1.58107729362547,0.904411825157716,1.00530363100231,9.84156425490593,3.43044210462797,5.24724151433274,0.8322500114457,0.903164051291099,20.6935097479411,15.5307275469828,0.850628897149884,1.95663198791507,3.41767825439563,0.907217039544482,12.9410867919434,54.9042401761847,0.86513746278797,1.37195361567639,0.577181555638056,1.02576759554987,1.61298508175737,35.0579126543748,0.880508397054442,1.20221602079141,22.2587931398878,1.01157834431296,1.17757504173755,11.3807695821453,0.877569209755518,2.76331710712766,2.08681642739671,0.906634110747473,13.4103941546186,8.09477841865017,4.25724302864789,6.13885284572503,0.511911114901207,0.951963822885968,2.74572896156747,11.4949164285667,4.8293276754952,8.20760042127233,9.12019496609336,1.42493850157901,19.2588325574682,1.05274616697775,0.882441874052719,62.9032282585079,1.69360862719643,12.3608785067186,5.17268349538736,11.1133635858973,1.83849283752945,7.80857051289459,1.47945730113606,1.73794691516112,17.9210963395599,9.31042150912119,2.27406010642854,6.84840395350993,13.4905972392151,0.908299627181861,13.1607405784633,1.03170396919898,5.44390591806718,20.4516229054498,3.05573340416198,0.94712879237115,28.8908321215264,6.86327581993443,0.897743359125657,14.7671847240827,0.576246920126007,2.99218046600936,3.78107447749957,1.29952684889071,0.851071661732835,37.5480694309541,0.500076711183749,0.900409737467378,18.4252903134418,40.1979492631484,0.929556069320685,1.20758792585654,0.60018752472613,0.995009720830361,1.59918824811514,13.9634832162698,4.56477094381336,1.03875235580657,1.18552379679196,0.925262693059083,16.7284265334358,1.06477209674731,0.886738989924865,49.3859679956835,22.2673025286865,3.12345496114245,9.31797827466489,2.30730118373354,2.92067804488753,30.8167892099336,1.63722849287288,0.965248714247246,22.6851206891662,12.1521454474549,3.51021412851292,1.83564230689153,2.20882547967103,0.911892370665709,4.08551208253838,2.04756135333074,1.67731924989531,15.0282516738954,0.501086994010089,8.59479303057408,7.59606669685764
10.6869020506405,0.516984475069065,22.8338867803989,2.58338472677476,1.95268930850852,1.13428823958436,9.21579036397891,17.667884312298,6.94726079440514,0.556868635007982,0.915093688098408,1.04684589984672,14.1391992814638,0.917275504495182,1.68649019729259,1.28542088436433,0.525908782973205,9.64136129833863,16.5253900121183,0.532488898441309,7.45901191885682,4.60200953294017,0.550793969303799,6.26541917617588,35.5816875659064,0.502436392553822,1.0311057326954,12.1126676844549,7.76360439526643,1.06885717300499,14.4468658175617,0.527017532823882,10.979303321554,0.513621131615618,0.52493685461134,6.30935441120339,17.6929864419854,0.507797758153212,34.0218426534297,3.932779496876,0.506247000335355,26.1578805574515,11.7528853950011,0.514811885031278,3.58216177827701,2.03193778500425,0.508185503999131,5.90012772088573,62.2315157772404,0.541063554064115,1.34379954093835,1.0272962998492,0.907881845950153,1.95610684661053,10.6174774948963,0.513386648460258,7.7860511884695,2.65466240203208,0.933856187226885,2.04207094482842,71.6809905196573,1.91929158461195,1.63821142421869,4.65484758866405,1.26495014480253,2.30678176996149,16.225680371942,2.64976211390242,4.97349071684386,3.99591072681755,0.943743472705672,4.52377451527723,16.1502920017426,17.4130338337781,6.4770791727669,1.93369953157355,7.84827798527015,5.14628972696502,15.8574454379637,0.852898587299693,5.18169042247848,1.3575619340994,0.904324151637087,1.00388794725014,9.33035454679159,3.4153658981328,5.43246078968162,0.79218845274014,0.911904881829439,20.4587795500503,14.9284538216783,0.853414396229864,1.99996122831565,3.27973937606012,0.929905461919807,13.1323609983735,54.8926014148223,0.875420747973007,1.62445984066466,0.629568482972592,1.11115940667366,2.02919286900002,35.0861816824221,0.927881634522784,1.51660227879562,22.2602154047096,1.18490058429551,1.45357514083767,10.5393122460283,0.857449399599275,3.05581222191183,1.92635266705469,0.901678050245342,13.8564909439285,7.6540788876745,4.18989001818792,6.71690953553015,0.511232507936841,0.95582798194757,3.01399401458107,11.2670000639167,4.58759657621165,8.418507039882,8.77037169993377,1.4434917975373,19.8200744880077,1.31267591090447,1.04370865252744,63.0007435041587,1.80366036488116,12.3198718688731,5.38138377991183,10.2739176863906,1.90178027781221,8.40670752539306,1.3263274610439,1.55131331181951,17.7945052417343,10.1105803933986,2.25517779659373,6.5535234695552,11.961260927391,0.91564714309584,12.7352892566081,1.08488939949488,5.4194315906646,20.4342252451137,3.17423009977697,0.95839516120727,29.5134190919737,6.22654823394419,0.867760718006854,16.0158990616962,0.599987626339994,3.08273157202046,4.28942951385449,1.19738901123341,0.869164153711327,38.3465049855726,0.50118057614743,0.907450928933984,20.1193182271533,40.1871461736493,0.872476525146044,1.0586332133587,0.528301390317115,0.926838438251974,1.16926636008604,13.772823840571,4.56925120408403,1.03836190154786,1.17204518330116,0.925697900398242,16.9000852352629,1.10748269307713,0.910954358702541,49.3016210046052,22.261366595054,3.11915572569829,9.30461925142122,2.23328943779148,2.73359595522086,31.5372890413434,1.83043626445598,0.935827754772427,24.154527731526,11.0009444216526,3.54848636046347,1.80736702397868,2.1544456141369,0.906044873047632,3.80808346073955,1.88518978507396,1.59115296235438,15.8808687899267,0.503509156834767,8.58220622832107,8.35400714317777
10.7603946818475,0.503208165587599,23.08235771346,2.2107021988841,1.94874258324442,1.02509414248237,8.83465068335606,17.4101445374093,7.56195740933448,0.50434346468448,0.532295898522113,1.00337402287216,13.2861759745597,0.917321434840227,1.66809310608552,1.27021936718988,0.510367442719605,9.7290078259641,15.3828639976394,0.503369776808331,7.3951782072826,3.89072928661366,0.503604184455499,5.71730331748969,35.5351321552312,0.538803513612722,1.49479688152769,12.1032542231278,7.76290252858462,2.09506762417252,13.6829697521177,0.503901152988928,10.6299638369426,0.50197139614131,0.503516563422851,5.55627178629104,19.5324476125424,0.512907809786693,31.3869154010145,3.94448009232823,0.510208026861628,21.3977094668991,10.5801430180537,0.523448023996247,3.57377669098831,2.00887355977795,0.511980688293809,5.70519101484463,62.336624831946,0.513844171584923,1.06292838309284,0.90735799149122,0.867299691161548,1.01534040579148,9.85950077296394,0.522956262243089,8.09502499820462,2.48350034976739,0.954983802811707,2.04329345999439,71.6920718571727,1.91437954398135,1.10886882242857,4.65791641817385,0.96224797340674,1.22293220468162,17.1495576647529,2.85190761033197,5.16325976598369,3.32520528017154,0.93728692811194,3.93455260476398,14.4801704570644,15.6477432607695,6.63388185469546,1.62958029287321,5.66238895660196,4.81098234100127,14.3516084086347,0.854136759022398,5.55021263658715,1.17610816789336,0.905700972307227,1.0033086159054,8.82102367977317,3.39821779955734,5.64534288617003,0.756710329303502,0.920168962404428,20.3221421613919,14.3650363990003,0.852724652159291,2.05588262334669,3.15882011568818,0.915710492189298,13.3856030440709,54.8820098040207,0.85988040124433,1.24268938724293,0.550354369796549,0.982066594130094,1.39999290931417,35.1127892374175,0.851468687115396,1.00975609344062,22.2593123420501,0.905371947852925,1.00855715404662,9.77490030520338,0.878346014856204,3.39856892727775,1.79064574050679,0.905928677631026,14.4038557339945,7.22406866789101,4.11603578087003,7.33864641588119,0.510218862171646,0.959693653079554,3.31862657927449,11.069579869317,4.36609531166563,8.649710150834,8.45683015598241,1.46265733720685,20.4084512011255,1.56989710553188,1.20571960412948,63.0700813528052,1.92045906197092,12.2760074762694,5.59354442410622,9.44044547993839,1.95924175422644,9.09501042477085,1.19913733731754,1.3895501401839,17.7982986659418,10.7992630649944,2.24597038807091,6.36697924311163,10.5500079112697,0.904783793251956,12.3092573751871,1.01653741011397,5.39619301081519,20.4160081812693,3.30067089826707,0.911863329456041,30.1308069910535,5.62712239592637,0.918066041447311,17.2717761898023,0.627937829916132,3.17114730454746,4.8847998621614,1.11410092738994,0.961048541430355,39.0716915612162,0.506059711300619,0.946610313912868,21.9044488485928,40.177097169722,0.909387626764224,1.15482428000747,0.574752899770094,0.970887087165468,1.4471316284766,13.6058741000032,4.57348149033786,1.03808411347206,1.15996890512439,0.92619841290331,17.0896444171437,1.15010705921922,0.935100675878743,49.2250505067054,22.2528241339265,3.11503010665419,9.29219352505308,2.17983324308948,2.55445895635412,32.1750519448042,2.05437533485838,0.905446737431257,25.5491958343038,9.92047466115614,3.58727104308191,1.79509202865371,2.1098074206997,0.901041557281942,3.6243522442992,1.73654003476726,1.50449303369216,16.7211048141124,0.505254428389328,8.5636371740797,9.18556308163391
10.7607127914928,0.508046164581529,23.411717713766,1.8950747840042,1.94591331690331,1.06097033935808,8.43980181337458,17.1266591737588,8.24655715510026,0.517736085772034,0.638870506430819,1.01169088317777,12.5037943242789,0.917517194859277,1.66028946624356,1.25994892915644,0.519735395413432,9.89856055983127,14.1856892435041,0.509177386634421,7.45162743121054,3.29873900430117,0.509129613754117,5.33280302478329,35.490362671575,0.512438963501338,1.15855688632561,12.0966045584083,7.76322505326031,1.35088415905827,12.8212075968501,0.512693946562223,10.3717749998809,0.506336693335464,0.511111923894029,4.98208336349686,20.3025888189657,0.517277005886566,28.9712466975061,3.90045946719196,0.51344759930867,17.2939190198902,9.50303159779163,0.501988816149129,3.59343615683414,1.99517168670396,0.500964341785796,5.61466759299582,62.2250710765071,0.500055336716951,1.00052100804658,0.850242141238591,0.850084305651261,1.00273514066362,9.13479009383894,0.502109825902007,8.47171795825103,2.33536123220875,0.904840396119506,2.07242362984451,71.7025188710648,1.90949977709321,1.6608561378773,4.66072889654304,1.27757570073547,2.35274313603539,17.8843284227374,3.06590434511644,5.36954448795071,2.75961146400566,0.93030109764075,3.39632594109265,12.8276074137853,13.7771421724541,6.90891042892138,1.38470621729868,4.30273238265793,4.56594418312127,12.9524333033063,0.857391894629157,6.00905672896477,1.02842296888205,0.909339266336562,1.0022676918195,8.3215507268401,3.37865293935698,5.88758992279048,0.72565530376733,0.943093294627077,20.2785193000742,13.8421058617862,0.851368949958507,2.12415970661637,3.05263095712083,0.903219472840158,13.6959956724789,54.8723644944705,0.870163712820516,1.49516091729975,0.602731774135401,1.06744872741397,1.81616103841088,35.175103042569,0.890019829220727,1.10499793443369,22.3591350732487,0.996437388440336,1.11248286962146,9.08426964203795,0.859589111757976,3.79674305566916,1.67656701736881,0.901924718978177,15.0489811054536,6.80585225519568,4.03560050570147,8.0029022352031,0.508851972818039,0.96357315973128,3.66454302197675,10.9031139558218,4.1617026511658,8.89922005247336,8.1758881575855,1.48209848440596,21.0168787307244,1.11258611148364,0.920486670911462,63.1146216663277,2.04422708262137,12.2293931613834,5.80876455100361,8.62711470488738,2.00963198169875,9.87941922413207,1.09452197823131,1.24836665001544,17.9270102008742,11.3592775327115,2.2444484999773,6.27331519460806,9.2686040035335,0.910202392073529,11.8933079151355,1.00064204760953,5.37374278207709,20.4012247634032,3.43604809239864,0.900531847538943,30.7503622440863,5.07004606471881,0.885884478772209,18.515436087492,0.660553108518604,3.25634639066615,5.58051902403076,1.04805314131037,0.860203505575916,39.7267406185251,0.500457743051352,0.904215809435657,23.7690327519643,40.1677495783547,0.852308081634579,1.00601545810709,0.502904774039625,0.902754559235664,1.01738157658408,13.4637226742259,4.57746957307941,1.03793106869904,1.14916819814491,0.926762055728085,17.2929918071891,1.19267703898918,0.959187794862032,49.1558041598884,22.2422898249445,3.11108453936753,9.28067419525891,2.14552612434,2.38380677009628,32.7304318042224,2.31369320517959,0.986468405938088,26.8505092891967,8.92447723334364,3.62587857333054,1.79679157842553,2.07390972645649,0.923209691914533,3.51653710083134,1.60160491759087,1.41799601323302,17.5418708067892,0.500534229441571,8.53866585731303,10.0948657565025
10.6968648525184,0.513299025266653,23.8170475520567,1.62971532098643,1.94424441310513,1.09601895266106,8.0309189973116,16.8147131530261,9.01013831698216,0.529069638965157,0.741912640035283,1.01512930104162,11.7938001925913,0.917715559131606,1.66190750971657,1.25413126439901,0.505964341675055,10.1441828291274,12.9871415662495,0.50163922382025,7.62024485818088,2.80842715381935,0.501597983519,5.08278839144294,35.4476952183266,0.527295315197447,1.34761391198517,12.0924361747978,7.7644260238315,1.76905437649565,11.917268849434,0.521289306289198,10.1980796723524,0.510360038851319,0.518087685134764,4.55310563714705,20.0948245820931,0.521124301002997,26.9304956936532,3.82539343366374,0.516139651829115,14.0392806092598,8.52770580654082,0.510545231373677,3.63785826993379,1.98999544459704,0.504819270760769,5.6138765370387,62.1190330503463,0.500058078453575,1.00054624805474,0.850253496554027,0.850087936001153,1.00290337755034,8.44410844458569,0.512062407189102,8.9183138213194,2.20805387704936,0.925984475061354,2.12912130327206,71.7123442608176,1.90465293310721,1.13118238235441,4.66330585125785,0.974941072053447,1.26853493855119,18.4242194828235,3.29090298150595,5.59384035481886,2.28621200184091,0.92264399617423,2.91706312784717,11.2576960135105,11.988249459693,7.30428848835031,1.1891339307993,3.41839311145206,4.41660573761164,11.6496849372905,0.871056689789585,6.56543002630337,0.908092608223649,0.924018983131513,1.00047808231062,7.83799142558838,3.35632854883941,6.16085300502476,0.698868564745601,0.937600441549827,20.3230292800332,13.3597474851928,0.850946053185606,2.20469049190758,2.95915567933923,0.901225835865129,14.0587548563708,54.8635849012225,0.854623361064437,1.11353013897822,0.523554111748581,0.938393106190341,1.18712965709001,35.2109473653104,0.853807355452409,1.02529277422168,22.3469229023022,0.91391168460592,1.02216423527606,8.46284119544174,0.869921836719302,4.2555739382177,1.58160517726937,0.903827351388028,15.7887562162579,6.40074859115236,3.94860212908281,8.70737200802807,0.507117066950061,0.96748113973139,4.05723761983368,10.767527596873,3.97186277540173,9.16493106896665,7.92422977238368,1.50151133368009,21.6379413620495,1.36856308883476,1.08260254681917,63.1372316601518,2.17517302962643,12.1801303274688,6.02660742257202,7.84442434209958,2.05170398126373,10.7648355216987,1.00967205275204,1.12433426837297,18.1758792857521,11.7844990371522,2.24872992624457,6.26192462403659,8.11986476033449,0.901573209319949,11.4969537521987,1.00192894537128,5.35227738916821,20.3836710848242,3.58068411971747,0.901844384262106,31.3621802940255,4.5593312379678,0.851451952321388,19.7275873848948,0.698356304379352,3.33712055007404,6.39092766600565,1.00346930384087,0.872048631546119,40.3140901852126,0.500763113530589,0.909126716662431,25.6987017530098,40.1590535196627,0.889219181234735,1.10216525291696,0.549345558025755,0.94679221272147,1.29518920126868,13.3470155217322,4.58122383939749,1.03791391459808,1.13951325555396,0.927386036969723,17.505963252071,1.49609289054456,1.13095482350915,49.0934142938529,22.2302856395413,3.10732191077182,9.27002725311027,2.1291834001572,2.22196064602399,33.2046729732627,2.61360767515479,0.955641007956019,28.0436934698196,8.01836048298744,3.66369386248415,1.81075509837597,2.04580079465524,0.912288835025819,3.47216799045238,1.48023556445611,1.33230381112416,18.3365773428795,0.501444909777943,8.5068838450908,11.0854878083717
10.5773622910324,0.519114044834871,24.2944288740319,1.40785391352797,1.94377300177352,1.12966418003873,7.60791821272408,16.4713531386728,9.86297557797037,0.538030379162519,0.840761470091117,1.01340270850793,11.1558256923604,0.917773024977414,1.67195172672428,1.25231583917448,0.511402171960173,10.4610651968612,11.822586087525,0.502838658194015,7.8967250602063,2.4033851334767,0.502597022059674,4.94562539803197,35.4073781362232,0.500941918262644,1.01199606137334,12.0904746970981,7.7663686094907,1.02654735997724,11.0109027773059,0.546165968377139,10.1013239131556,0.521587695442638,0.537950802537094,4.24158678844246,19.163796277553,0.500196453859635,25.3277682246081,3.74102170290882,0.500147178405079,11.5978088850484,7.65418660708807,0.518617036855044,3.70420919882084,1.99256926232813,0.508139386183574,5.69271274140489,62.0241627478155,0.500041115259129,1.0003851300872,0.850179066398134,0.850061874572377,1.00202526070819,7.7877388254958,0.523186458558198,9.43761007165699,2.09976022951794,0.946725923030425,2.21401195213853,71.7215682018309,1.89983945370399,1.68346809602178,4.66566561947332,1.29018805189588,2.39866940389421,18.7732385305416,3.52576395879791,5.83882355495866,1.8925660035538,0.914191969279198,2.49919005147094,9.80612018926834,10.355729950046,7.82325209848008,1.0334301256573,2.82069051477087,4.35866051680033,10.4356510221101,0.850618944993511,7.22815953379739,0.81017119111204,0.900658676351583,1.01557644173086,7.37472988802758,3.33090642142472,6.46674429083887,0.67621485354035,0.932374432416923,20.4511162342169,12.9165978589943,0.850569348442666,2.29747996974628,2.87646646052545,0.922436879370566,14.4697556822079,54.8555898373132,0.864906682438418,1.36596537566513,0.575921785742633,1.02376535161815,1.60325694099837,35.2401587891639,0.861966468680709,1.07955609197905,22.3294034965585,0.943768549078601,1.06979346020114,7.90516897966176,0.855015539942342,4.7800995230729,1.50376979516921,0.900935182965296,16.6201512407679,6.01026510269248,3.85517175055491,9.44850433356578,0.500243556850231,0.903088882173421,4.50279540430318,10.6622780203047,3.79449204982584,9.44461381881653,7.69885982360721,1.52062657249385,22.2640241191283,1.62100541402006,1.24520455011072,63.1403639612203,2.31348619285631,12.1283151142187,6.24660249312871,7.09980890552602,2.08425534080881,11.7546028628498,0.942315422652942,1.0147061295284,18.5408999851598,12.077576216757,2.25687604231175,6.32597915790029,7.09960054517614,0.90171444539795,11.1279442912369,1.00434490224174,5.33171982518946,20.3625502035961,3.735116081788,0.90487157144254,31.9638108935547,4.09774235945,0.906435207189618,20.8902755873432,0.741949545117359,3.41215124527832,7.33095907468367,1.00313516157481,0.879532220204123,40.8297078001408,0.500782576885997,0.912530925634946,27.672793056596,40.1509627858272,0.926130284513918,1.19821880809435,0.595761300388514,0.99080422942303,1.57287249723135,13.2559990969415,4.58475326792085,1.03804237923016,1.13087248770411,0.928066855997626,17.7243889327261,1.14346865377712,0.93122049552787,49.0374106153498,22.217252149371,3.10374227310423,9.26021415065317,2.12987154744779,2.06905252513008,33.5996022904012,2.95993103685608,0.923902875341757,29.1180609676262,7.20224298946007,3.7001586146498,1.8355409068649,2.02461776635723,0.902437799101272,3.48269730617054,1.37216578865214,1.2480232748329,19.0994223014662,0.500745632142039,8.46790924633035,12.1602233165589
10.4098523152976,0.503531438023159,24.8408241705441,1.22314759733252,1.94453240907314,1.02271769964815,7.17102319557352,16.0933970107483,10.8166450427913,0.544251863256776,0.934684251305316,1.00624285293064,10.5879578326241,0.917545183466822,1.68957061068168,1.25407300049323,0.501747073015806,10.8450684236593,10.7135981165814,0.500258349758717,8.27992101211977,2.06902995081902,0.500194353656247,4.90638779879648,35.3695987985912,0.515798358113178,1.20096368905533,12.0904567969101,7.7689258866165,1.4444183400207,10.1290041426739,0.510380967897935,10.0739608203186,0.504697806786004,0.50834508036236,4.02589163887508,17.78622917095,0.517165003168483,24.16016774267,3.66269201774178,0.512525036985849,9.83185734935248,6.87866940404465,0.525294917590097,3.79001251361461,2.00220123327099,0.510793835580003,5.84451587164333,61.939391757829,0.500086874061881,1.00081320598432,0.850377581417808,0.850130080082354,1.00432541203076,7.16568345455306,0.535777292058837,10.0328155499305,2.00901457117691,0.967271839968785,2.32862508695323,71.7302111661442,1.89505978539426,1.15351053378206,4.66782673720713,0.987626907081529,1.31414964517866,18.9422260032822,3.76902816864239,6.1081764357439,1.56703411805683,0.904848686753497,2.14099481579293,8.48909914380918,8.90018619544623,8.47025267459771,0.909704747950155,2.40341013689138,4.38627974562347,9.30620952368215,0.856492250964017,8.007099641214,0.730848303544782,0.906128424314431,1.05144203549944,6.93476701609427,3.30205338050107,6.8068356880754,0.657590579220889,0.927361953265413,20.6586118141744,12.5100187437823,0.850172953427486,2.40264381232938,2.80266500864938,0.974039751422835,14.9254927696658,54.8483074966512,0.875189993305352,1.61831413648472,0.628267078054834,1.10911476636491,2.01928164840779,35.2653277495924,0.856007195880305,1.03994971107642,22.3109826721739,0.921982226472193,1.03506608138902,7.40526418296354,0.850109079059586,5.3747991418429,1.44151280521297,0.900024158248784,17.5399521636748,5.63652284137272,3.75585827284266,10.2211677708774,0.500802228798833,0.918473476515557,5.00818585316874,10.5864037809163,3.62790181604634,9.73591860096921,7.49706519671595,1.53921112445167,22.8874618022649,1.17034572865572,0.958771052746138,63.1260813091127,2.45933186872404,12.0740406683779,6.46824821711313,6.39827065362059,2.10618662867279,12.8498390579374,0.890693513106885,0.960667726856217,19.0187673391245,12.2468036151569,2.26676050967597,6.46172932962766,6.19828027196101,0.902392005326134,10.7921089921358,1.02736496438234,5.31195207681981,20.3378414797229,3.89996977840128,0.938772251913343,32.5539064552072,3.68674348033975,0.869881338932481,21.987853968052,0.792027708651696,3.48003435546776,8.41555076048191,1.00049986132155,0.85940877688245,41.2753638385188,0.500178286898636,0.904089414159183,29.6702104058213,40.1434338385854,0.869050739412295,1.04959284311818,0.523960799664212,0.922720290712922,1.14334201464644,13.1905561758689,4.58806736107159,1.03832340279854,1.12311347817382,0.928799878386222,17.9441449993047,1.34352091307642,1.06026291748631,48.8789068623718,22.1708738597719,3.09682316647204,9.22823688331744,2.14693119185215,1.92505651173461,33.9173421967452,3.35907750359164,1.00907186177948,30.0668594764798,6.47298675691227,3.73475130890788,1.86992231152686,2.00959481381489,0.915998009249576,3.54247847412072,1.27703265149251,1.16571026315969,19.8254745002843,0.500039586912378,8.42140181202342,13.3208751699959
10.2009775443851,0.509434691814098,25.4539543897943,1.06989847487346,1.94655386232642,1.05595475510755,6.72084645170453,15.6774854666959,11.8841065722598,0.507735470938215,0.579624459686438,1.00022415706037,10.0871556311676,0.916882955125192,1.71402878875282,1.25898565458474,0.499861002188987,11.2924124476405,9.67933597431456,0.504127154913559,8.77102183173488,1.79406493651851,0.503506488941135,4.95517393557701,35.3344763745188,0.530653610779565,1.38962063702462,12.092126989433,7.77198000022489,1.86129334962997,9.28880240990227,0.521365545670591,10.1088896459212,0.509198007869692,0.516667894761045,3.88979255201263,16.1876134412545,0.533636329402635,23.390967976443,3.59966110626437,0.523816000845589,8.589806058882,6.19511327352324,0.505404735141486,3.89305769585604,2.01828637863795,0.502303632989741,6.06519716071049,61.8635044532,0.500005399122345,1.00005015700686,0.850023427943822,0.850008042400043,1.00025589503787,6.57780246629401,0.531100235527227,10.7073226049493,1.93468518068634,0.954986103482474,2.47537390897751,71.7382969601882,1.89031424903467,1.70604742813428,4.66980579589801,1.30278756748838,2.44456689803657,18.9460926098188,4.01903810794655,6.40646405767192,1.29904542775848,0.905073319660757,1.83813094237799,7.31059294951602,7.61800191064807,9.25043241989748,0.811715535016018,2.10398933812568,4.49515257143664,8.25694103173887,0.856226401784217,8.91222106954559,0.667146587156694,0.905223061163074,1.10871524272254,6.51987620835765,3.26944576199646,7.18264304065757,0.642928740992002,0.922438512450372,20.9417369623987,12.1363561945155,0.851480690547291,2.52040839800476,2.73592124896165,1.06342313696574,15.4228942377951,54.8416793484883,0.859649632257596,1.2368489112855,0.549132745786816,0.980103330948689,1.39044775739339,35.2865697715305,0.873310352441608,1.15505466972102,22.292034431735,0.985342766368157,1.13618263910752,6.95672803913422,0.869467816563419,6.04311895677315,1.39363176426591,0.903787151773109,18.5446116324164,5.2792076085252,3.64954858875583,11.0200077784603,0.500079127401684,0.910848489664659,5.58000444540393,10.5385736017676,3.47071588234335,10.0363883635683,7.31637465359457,1.55706970719678,23.5007245396035,1.42136953887326,1.12143440899561,63.0961380286614,2.61284683452876,12.0173986364707,6.69101293923595,5.74338385811266,2.11673707245607,14.0487317820926,0.853588998474445,0.928408824366178,19.6083742237062,12.3031215449855,2.27597951448587,6.66812564535676,5.40239762629437,0.925252711904832,10.4937052010118,1.02319634444326,5.29286242771253,20.3095055094114,4.07590781972416,0.940379727868344,33.1310954711924,3.32656274453248,0.928929363837058,23.0077910518415,0.849395797582488,3.53931692791664,9.6587664565712,0.999966053072883,0.96423693985942,41.6592943132716,0.501148312948862,0.951119726769708,31.6738688914323,40.1364268642865,0.905961845223349,1.1456160971935,0.570368643157331,0.966724249266545,1.42099006872464,13.1502342871052,4.59117608493237,1.03876092395816,1.11610378051155,0.929579354207198,18.1612107732346,1.00703547702784,0.853972286498958,48.7959429626389,22.1401180576913,3.0922336311799,9.21125145355112,2.17999676691002,1.78982021830532,34.1600609046873,3.81804601233965,0.976902777088611,30.8868093469552,5.82543955106955,3.76699515329738,1.91283864393202,2.000063853881,0.906939435755944,3.64805765198667,1.19441920234901,1.08585738603663,20.5108321798547,0.502320964389077,8.36706468542776,14.5680059395834
9.95638990840778,0.516089204227573,26.1321761717869,0.943138189069544,1.94986781527402,1.08722008086681,6.26226403980683,15.2951230894678,13.0753094503859,0.515557195799123,0.550789468593722,1.004789671531,9.64954137988636,0.915629472854023,1.74468443315426,1.26664029517811,0.50591638611701,11.7994824363313,8.72858602876461,0.501128798524994,9.37272444477341,1.56859570859467,0.500873688821349,5.08572495943961,35.3020911757103,0.504306307910626,1.05472352870222,12.0952474284506,7.77542407493203,1.12096289183754,8.50057988044493,0.532447594752647,10.1995987591832,0.51323466037242,0.524596677845882,3.82150217938821,14.5257247575326,0.538970143641056,22.9720096920054,3.55678523460802,0.52670860326644,7.74402159446092,5.59630849081368,0.510030369993316,4.01132289632745,2.04030191163566,0.504443102776885,6.35258545906248,61.7956161376543,0.500187992391888,1.0017531854169,0.850814292756261,0.850278971699455,1.009336411598,6.02391150944858,0.525813250763879,11.4644424975236,1.87596278199481,0.94289526402466,2.65756432674632,71.7458512647129,1.88560312102662,1.17584789473714,4.671618937561,1.00030505083718,1.35977673690942,18.8016036100173,4.274069612658,6.73906930874834,1.07921899597533,0.901921289604546,1.58486854804418,6.26718899067076,6.49571261243843,10.1687525762124,0.734667453471854,1.88412462191224,4.68336429501809,7.28382219605748,0.877028389883973,9.95292603841889,0.616797269855315,0.919099399448782,1.18908928616688,6.13095799237378,3.23276602167571,7.59559984700716,0.632210968216514,0.917648025521707,21.2970787518881,11.7910061067,0.851024087961523,2.65112133844526,2.67440824150463,1.19899555649023,15.959473385741,54.8356401560225,0.869932927245627,1.48917264644383,0.601471890908314,1.06544643711029,1.80644055416281,35.3040725124911,0.855357818597101,1.03564338067761,22.2729150419168,0.919623634424744,1.03132064272567,6.55270634209544,0.928713235477526,6.78688096649169,1.35914384641841,0.915325727728751,19.6302620765582,4.94045308012356,3.53694430610245,11.8373879903827,0.501502516153232,0.907075780252736,6.22629833946911,10.5171227361923,3.32181100959756,10.3434840770344,7.15452784124184,1.57404584939885,24.0966112106799,1.66816963123099,1.28440043728464,63.0520005335291,2.77413300214506,11.9584804932591,6.91433944596391,5.13741905580564,2.11547331652785,15.3457935388194,0.830281481539744,0.902801868584535,20.3082431643499,12.2577186239479,2.28180150324285,6.94671455968913,4.695547456135,0.982160640467601,10.2359383763076,1.018938238969,5.27434456801196,20.2774868142178,4.26362043550131,0.942014875924493,33.6939953669129,3.01638173659734,0.885785109924196,23.9404178723223,0.914935153272591,3.58828838173097,11.0726960978923,1.00721306462155,0.944211293429785,41.988300372425,0.500301003314008,0.943164307752313,33.6656449837186,40.1299056570618,0.942872949844864,1.24156434841261,0.616756928292506,1.01070832314098,1.69855595506773,13.1342681588541,4.59408983419206,1.03935651330284,1.10971176581647,0.930398794454722,18.3717315751816,1.13355104334287,0.925430101914531,48.7731575220304,22.126137385646,3.0897303913548,9.20643721338045,2.2290185361338,1.6630937146974,34.3297648763859,4.34437129032372,0.943908766804868,31.5774831441971,5.25342349645326,3.79642982103082,1.96335618685234,1.99544269457339,0.91827609290779,3.79764707185405,1.12387717784637,1.00888634724608,21.1525918501913,0.50753955790022,8.30464855734567,15.9006710418277
9.68084671179789,0.523619006091345,26.8743610723383,0.838630141747928,1.95450491353616,1.11618636086125,5.79046713583421,14.7808486879784,14.4101310683153,0.500247559566501,0.503252559391271,1.01547433871621,9.27056637605939,0.913618753738659,1.78097263930087,1.2766210526994,0.534104952018923,12.3631025402738,7.76309415944773,0.735217879586757,10.0906951201417,1.36832384499267,0.728311174202941,5.29808202215613,35.2724744514322,0.519162999323764,1.24333141967785,12.0995921738572,7.77916044031888,1.53761582842828,7.76975792171573,0.543520486801968,10.3401465640803,0.516788292794186,0.532110824677093,3.81275809471668,12.9007483718025,0.544654288216175,22.8552987555599,3.53623230246192,0.529547265401797,7.19904998402736,5.07458100680835,0.509352516503671,4.14291514551808,2.06779942261106,0.504890397487657,6.70593155490037,61.7348854789763,0.500034251212202,1.00031843977373,0.85014817050209,0.850050626417856,1.00167799182109,5.50384662659663,0.519777795563731,12.3070982898961,1.83235487345724,0.930903063992618,2.8794230262832,71.7529001193409,1.88092661222468,1.72859571333461,4.67328102046357,1.31537450815267,2.49044477076427,18.5251439290927,4.5317390888714,7.11222675009699,0.899373897621223,0.900593058262834,1.37486414192326,5.35135210322505,5.51693473591916,11.2288971318323,0.674955825146874,1.71935637356563,4.95148921756232,6.38306891946516,0.870031124443097,11.1369539508696,0.578097240669764,0.911695445115094,1.29538080194986,5.76824216368262,3.19170346298913,8.04701774543465,0.625475673926447,0.912948810683774,21.7216755839891,11.4685360143517,0.850006579973356,2.7952732444397,2.61629981476002,1.39010570646415,16.5334588420485,54.8301413318741,0.854392568600262,1.10779514950338,0.522360374560833,0.936458277671832,1.17771141914848,35.3180552358,0.940061833892754,1.59927148106371,22.2539343464268,1.23006263103556,1.52698642212504,6.18599609855534,1.04070828791173,7.60576923103994,1.3372733055144,0.937538102839893,20.7927281773274,4.62232266954848,3.41889520501046,12.6647506286429,0.507971501120429,0.927324174854224,6.95507434889458,10.5200831931451,3.1802733243481,10.6546215881528,7.00945116057843,1.5900222162506,24.6684451563103,1.22553786481472,0.997162138767534,62.9949151925276,2.94325219686964,11.8973791263267,7.13764933353728,4.58066383488838,2.10189735329703,16.7314961566446,0.82042528913743,0.913422048828148,21.1159203901062,12.1202300735083,2.28112291051086,7.30180863542579,4.05921448775822,1.08864707610587,10.021308208804,1.01459840715781,5.25629779727438,20.2417118686366,4.46383125797157,0.943676650574538,34.2412103710457,2.75462160413352,0.851149272951623,24.7814807058858,0.989813006601155,3.62599194997848,12.6660353194403,1.02990395089979,0.92396100722385,42.2659689396549,0.500089313147818,0.934684494708009,35.6248666737024,40.1238369163761,0.885793404400971,1.09308572772951,0.544994791111478,0.94266356093652,1.26920675859376,13.1415979373861,4.59681939807835,1.06313122417766,1.10380762151449,0.949266398131033,18.5720855048552,1.23053126636153,0.980157203466516,48.7535310124505,22.1128970929812,3.08736657770229,9.20210121733087,2.29428971718136,1.5445554819615,34.4281380632997,4.94602901643243,0.910119112556734,32.1405970419068,4.75038090234257,3.82259802522703,2.02063635179822,1.99522418784985,0.909759451673004,3.99073445066536,1.06496272323989,0.93514386597817,21.7488086915901,0.51574141610276,8.23399631761168,17.3162320353283
9.37835040919029,0.518522280844038,27.6797746450803,0.752825193135839,1.96049660036001,1.08329601501404,5.31162472731944,14.2195062911111,15.9064193179717,0.504784731049608,0.578905370544544,1.03492268690454,8.94502876815923,0.910675527598603,1.82239499122538,1.28850694431014,0.591620541243994,12.9805056924522,6.87267842321624,0.982979148387906,10.9309739933224,1.20024732026858,0.993796907630492,5.60332376771384,35.2456191008139,0.534022737494193,1.43174906129608,12.1049507738647,7.78310133640734,1.9535336785394,7.09843760886264,0.507498407034423,10.5250899894784,0.502776683126023,0.505431070419208,3.85807965067039,11.3712674936623,0.550807297049957,22.997354061703,3.53872232371224,0.532408785952668,6.88794809574397,4.62225637185501,0.500279866877166,4.28602485840028,2.1003944180087,0.500280431485237,7.12551582035452,61.6804409768143,0.500049185363471,1.00045677326505,0.850212482919158,0.850072455243174,1.00241310042925,5.01749679448665,0.512852955973667,13.2374654705639,1.80369020423892,0.918906010207385,3.14614082033639,71.7594719444653,1.8762848552173,1.19819073483272,4.67480582390169,1.01297499746031,1.40541795878917,18.1319043677998,4.78927359232657,7.53312087555922,0.752528996437855,0.903117584608962,1.20196926096362,4.5534575884239,4.66533384203681,12.432031031969,0.629934306737943,1.59359350612752,5.30239000388231,5.55122152626443,0.862499114887964,12.4691236075946,0.549820236209279,0.905453033866517,1.43159827881183,5.43117494439131,3.14594918284057,8.53803924285351,0.622818441923854,0.916699325726291,22.2128059948549,11.1627392079614,0.850814538031378,2.95352974881411,2.55973215937541,1.64691523377293,17.1440168590489,54.8251325628584,0.864675860780449,1.36009623187131,0.574693737037846,1.02179545833472,1.59367467720559,35.328764890048,0.863675883144961,1.09100109429686,22.2353533147801,0.950130471965058,1.08004577288311,5.84913904682787,1.220956347695,8.49687736558198,1.32744808504987,0.974034489032115,22.0275969662024,4.32696640598711,3.296408527655,13.4924322786766,0.519763768547373,0.913682995610295,7.7744058958866,10.5452109346315,3.04536374013896,10.9672160109769,6.87923988615698,1.60492005875109,25.2102508232762,1.4707216909567,1.16015271208,62.9259440753364,3.12022081627869,11.8341900811317,7.36034528255821,4.07276750517072,2.07589566945679,18.191928633749,0.82419136232251,0.930468144544612,22.0289077093354,11.8974917391311,2.27041975503478,7.74094075696302,3.47325444006813,1.26415003886375,9.85213810063273,1.01018523556867,5.23862630548934,20.2020900283286,4.67729814728445,0.945363990879735,34.7713326325111,2.53924924284157,0.850422980737898,25.5283702503527,1.07526555205869,3.65101352985438,14.4424492871215,1.06905009909832,0.903528717141506,42.4944512380885,0.501609355136989,0.925679844292841,37.5300735827086,40.1181903450158,0.92270450715358,1.18901195460537,0.591377325121334,0.986641821638844,1.54675230740579,13.1708840832323,4.59937595734384,1.02082506825265,1.09826456814981,0.916298241744844,18.7589511353788,1.1929725250867,0.958921091007083,48.7367301693336,22.100424129995,3.08513292758392,9.19820201227374,2.37648139647506,1.43383510026692,34.4564243040407,5.63128146299208,0.999482131511878,32.5793087801062,4.30972887977385,3.84504468722351,2.08390983559335,1.99896589069653,0.902488724188785,4.22780748266001,1.01813439435897,0.87911441389233,22.2970733523457,0.520680249287641,8.1550201691372,18.8101924027609
9.05230261503688,0.512749181721202,28.547953805617,0.682794651734768,1.96787534588076,1.05218745723786,4.82938366024193,13.6097161125264,17.5815827629793,0.502538895421636,0.556060314253893,1.06376622330532,8.66718599655119,0.906610331144495,1.86851523496626,1.30186397959037,0.687130650926214,13.649129813293,6.16115521585521,0.830702480803046,11.9021464608791,1.07645122742624,0.896258314438812,5.99335504798351,35.2214938917004,0.507672165798213,1.09733883492111,12.1111283557717,7.78716762399959,1.21493822724669,6.4865024191911,0.518209800736764,10.7493791151907,0.506389891178381,0.512887675862124,3.95417283995201,9.9682822547444,0.503392916019242,23.3598257061407,3.56431854261274,0.502098809958997,6.76574113487717,4.2318883727858,0.505276407227053,4.43885241826983,2.1377495491006,0.499920431608613,7.61233350898851,61.6317968255343,0.500066215196265,1.00061505160329,0.850285699284775,0.850097261198963,1.0032849493711,4.56481072520646,0.504891312618393,14.2565530560046,1.79013410234774,0.906786839847509,3.46392036938812,71.7655934982392,1.87167796292679,1.75111628438967,4.67620651746885,1.32794922789416,2.53630943422785,17.6355207672765,5.04371363980994,8.01002971956597,0.632808308828894,0.901417662206837,1.06055093642588,3.86309439526133,3.92602300038466,13.7755115833579,0.597734562858853,1.49573038171939,5.74097083248946,4.78510552365614,0.883759301555298,13.9499422920307,0.531159407236899,0.906626256034068,1.60309474390128,5.11905283111253,3.0952098955962,9.06957858470813,0.624416152320358,0.91225803974498,22.7673223803156,10.8666885827087,0.85008317232632,3.12677717108521,2.50278465394354,1.98021943826441,17.7914802524902,54.8205690637618,0.87495915635522,1.61234463884085,0.627013312999169,1.10711856823471,2.0095732076894,35.3364614788516,0.889907047287174,1.26555961608776,22.2173995911516,1.04634041597041,1.23370778850401,5.53431605513464,1.48776513787088,9.45433287229083,1.32922903513979,1.02922084237419,23.330490404474,4.05625116329804,3.17053227757814,14.3102520453302,0.537289049511318,0.90286471851076,8.69214224100248,10.5900168314636,2.91648536145909,11.2787365502891,6.76214327535959,1.61869771357593,25.7169240797665,1.03405094690431,0.87253303693309,62.8459897479781,3.30500327079985,11.7690117498272,7.58181741727532,3.61285662871087,2.0377796376327,19.7086408213115,0.842313533985647,0.908218407330372,23.0446459484134,11.5928542365304,2.24570528947045,8.27569364123756,2.91596036485292,1.53211724266055,9.73117210353999,1.0057082149213,5.22123839944779,20.1585146735861,4.90481151110488,0.947075930602205,35.2829442661299,2.36813037479939,0.871663298550509,26.181502870686,1.17272747620164,3.66221523700017,16.3990176927259,1.12623782101127,0.882953510088882,42.6753962606261,0.50480588300066,0.916161238889064,39.3604070613447,40.1129368725725,0.865624961684434,1.04061531895844,0.519636546883169,0.918618836007667,1.11749972929507,13.2205257554053,4.60177107837506,1.04503673755007,1.09295991085834,0.935349961932894,18.9293716654706,1.15542869258201,0.93770758002753,48.7224734828833,22.0887318009013,3.08302124514156,9.19470429383199,2.4766872707024,1.33053263981336,34.4153512413179,6.40844991190159,0.965351789315962,32.8975759347644,3.92507299079285,3.86331395954963,2.15245867492997,2.00627980885229,0.908572261532638,4.51015901658048,1.00079281628241,0.852048489166287,22.7914590544715,0.500682370694052,8.06767555003505,20.3757362114038
8.70565455261441,0.50621294196811,29.4785803478881,0.626158023729867,1.97667468154753,1.02305593083015,4.34772567953734,12.9486807605524,19.4539242040828,0.500945171697167,0.534361676587978,1.10272799261191,8.43072933995063,0.90121498315143,1.91896009859907,1.31623845408223,0.830881383835028,14.3668606687697,5.51841199894161,0.69276428479604,13.0112775663648,0.975718609230221,0.809134266105418,6.471217246023,35.2000343874709,0.522534171234993,1.28574508986355,12.1179447240403,7.79128926247354,1.63076212509857,5.93238227366634,0.528022135841752,11.0082522262389,0.509348892128487,0.519422166517583,4.09947727126013,8.70528887822075,0.509505827141413,23.9085544316265,3.61288598982438,0.505671934361522,6.8034737060439,3.89619207536553,0.538301990427466,4.59909953318752,2.1794781993793,0.506351374548305,8.16795616674656,61.5881644974831,0.500049228718056,1.00045591443515,0.850212207607317,0.850072096417308,1.00240367289261,4.14578981367952,0.580549379321758,15.3637434265577,1.79221514976172,1.00317096017314,3.84001047853749,71.7712932724751,1.86710594820323,1.22053713739531,4.67749464771576,1.0256363721876,1.45107325251474,17.0516999153348,5.29151038855472,8.55249942901987,0.535329464427904,0.900163924199704,1.00103732909344,3.26978774799804,3.28583790671708,15.2516794642823,0.577136520739436,1.41789176945021,6.2738958533419,4.08175602434757,0.861625214915915,15.5742586186237,0.521699346000537,0.899582457530105,1.81677613767366,4.83072112772258,3.03920891462616,9.64224997299223,0.630527729550472,0.907981406473507,23.3832880666087,10.5726703823299,0.849991785888345,3.31618745426929,2.44343826689028,2.40140562937463,18.4776129233493,54.8164143259912,0.859418805636982,1.23107223644998,0.547928996218951,0.978158179744083,1.38097170143159,35.3414175845732,0.916115199116258,1.43996268710639,22.2002630972511,1.14253204976138,1.38737243594629,5.23322178710308,1.8623161009987,10.46911580953,1.34225293170564,1.10834647376418,24.6974529298607,3.81190326824512,3.04239458159738,15.1079052092073,0.56110216137227,0.918939337332812,9.71550897594434,10.6518013877051,2.79315728414196,11.5867659283326,6.65655496536059,1.63134805886523,26.1843645396113,1.27774611312704,1.03557734033262,62.7558268701647,3.49750732236018,11.701946731629,7.8014470919385,3.19924326429507,1.98802945315127,21.2591239877901,0.876067278404968,0.902106015109989,24.1579673166211,11.2057201851185,2.20245969009255,8.92302496980961,2.3636849458604,1.91999102579865,9.66209624490891,1.00117717988621,5.20404597092196,20.1108643341197,5.14719201492367,0.948810735523353,35.7746214850406,2.23936625387775,0.877204168865275,26.7434594443197,1.28382639341275,3.65875300605135,18.5246990809313,1.20369351257994,0.862272546937881,42.8098682962225,0.509560954990055,0.906148167937711,41.0960539069972,40.1080494810243,0.902536064890325,1.13652007547092,0.566013502110742,0.962591367348687,1.39501493672851,13.2886754274991,4.60401678309123,1.00203591062799,1.08777643230524,0.901597553434329,19.0808159982674,1.11789202716513,0.916510115356278,48.7104723685503,22.0778233696686,3.08102276520453,9.1915711676832,2.59648126414829,1.23423466074104,34.305094972045,7.28559585173414,0.930449951166172,33.0996182868549,3.5903700458859,3.87694384899283,2.22560424143744,2.01682335699407,0.902638549262863,4.83972564868106,1.00042160220403,0.851861079222658,23.2355433845655,0.500559384780622,7.97120988849875,22.0004133988468
8.34104735277001,0.550306717857349,30.4713469561936,0.581011796022012,1.98692882312144,1.16064986040163,3.87121295377941,12.2348132712492,21.5414423687674,0.500095634506969,0.513939877808507,1.15272143504793,8.22868787079912,0.894258921322415,1.97342688581884,1.33115364886708,1.03478568940243,15.1323684142415,4.94094313234298,0.569023513413406,14.2642972531006,0.894706020820128,0.730772132122982,7.0428463655586,35.181157499418,0.5374016726669,1.47405617771622,12.1252353878698,7.7954044626714,2.04611280434994,5.4335855543366,0.535940683725456,11.2971515180398,0.511451736784343,0.524441736550263,4.29382748490625,7.58503824360893,0.515959902159359,24.6122444155077,3.68434999372934,0.509205570422332,6.98361927701002,3.608266367338,0.608344040084957,4.76386553975278,2.22513831762604,0.525284627890215,8.79471658106789,61.5490543957105,0.500162219942113,1.00150142691911,0.850698619398585,0.850236994981619,1.0079424569914,3.76046913597364,0.5757841512999,16.5562966221477,1.8108648576063,0.992385450345573,4.28271246028318,71.7765975092764,1.8625688385717,1.77361339958177,4.67868177605407,1.34051226584169,2.58216123436085,16.4101740773767,5.52850676196326,9.1692761591033,0.501880962678485,0.900443108543527,1.00235830670978,2.76341627828616,2.73334605042924,16.8469094191105,0.567486927400352,1.3542518229286,6.90931517161156,3.44623576962428,0.854881605041505,17.3298423145856,0.521702225601939,0.903614287304753,2.08134223261167,4.56475124828548,2.97767094989695,10.2562921133449,0.641512805168931,0.904071763855033,24.0583126125276,10.2721474569184,0.850616982813882,3.52330281159072,2.37953473322994,2.92220482923418,19.2059275054055,54.8126279785328,0.869702106920269,1.4833065201655,0.60024473566258,1.06347739383123,1.79685415637461,35.3439146842371,0.942302666077735,1.61420954108667,22.1840920056011,1.23870183321562,1.54101533919165,4.93692901384953,2.36863814826994,11.5291783010999,1.36618472761828,1.21747288662134,26.125450003821,3.59550526745122,2.91316753797353,15.8753340470218,0.591920674061716,0.909943157025155,10.8506101681772,10.7276947784947,2.67499316873407,11.8890591616397,6.56100710714045,1.64289522677268,26.6095648645221,1.51677296097787,1.19880550718303,62.6561322558561,3.69757836204841,11.6331024590192,8.01861210114818,2.83017792743674,1.92772610204765,22.8174149071019,0.927514611457566,0.922448728473676,25.3645198079235,10.7310710678343,2.13550439072514,9.70737166590853,1.78988036833153,2.45902575667013,9.65012245328861,1.00022871447179,5.1870800655248,20.0590011630251,5.40538183805491,0.949948338711909,36.2455451309276,2.15156726112461,0.864291064467317,27.21828853421,1.41039886149497,3.64012429189795,20.7991661406061,1.30438135071766,0.967579316983592,42.8980314549717,0.515743479313687,0.960685621322552,42.7186396042505,40.1035020351333,0.939447169619604,1.23237219843527,0.612376770323607,1.00654986636347,1.67245906158515,13.3732422079323,4.60611958929717,1.02660986076936,1.08260522154064,0.920802835249823,19.2112262169825,1.08035742387881,0.895324504988446,48.7004578829389,22.0676910094733,3.07912891829764,9.18876757421351,2.73799081920059,1.14452714557888,34.1252824409372,8.2700938978653,1.02364525102446,33.1895026629924,3.3000027835831,3.88546459508672,2.30269975117948,2.03029189989233,0.899992040681854,5.21896018231347,1.00036668987977,0.856393198900483,23.6303228034533,0.501558283453742,7.86613042948186,23.673720949644
7.96093543520387,0.544917612240913,31.5258128218591,0.545866781995189,1.99867200891217,1.12890351146836,3.40496050979213,11.4681636144707,23.8606863100743,0.501577372966106,0.626902560895111,1.21485297274112,8.05328384218603,0.885483607479788,2.03169840559017,1.34610624627773,1.31249833681466,15.9454926921322,4.42487088852065,0.510619619229374,15.6648218234074,0.830780014751457,0.659809047924579,7.71486919814119,35.1647604835196,0.511041770690725,1.13993027072635,12.1328508738117,7.7994596248531,1.30875866601762,4.9870644569746,0.503744234171888,11.6116589651093,0.501157062246678,0.502512643204703,4.53819275329044,6.60386030345703,0.553431501480333,25.4412546615098,3.77883489238431,0.529819896233151,7.29674546125925,3.36159485046447,0.726041728912966,4.9298824868583,2.27426723242846,0.560720905115108,9.49546896363497,61.5141276071734,0.500086488989168,1.00080035065086,0.850372163035678,0.850126083114801,1.00425808990621,3.40888906490934,0.569890635235857,17.8288433667938,1.84747345908868,0.981496915524417,4.80133981692875,71.7815324821762,1.85806655074271,1.24288632426325,4.6797774287996,1.03828902204116,1.49673907152228,15.72015727105,5.75005374101321,9.86399023977741,0.501405103312914,0.900377893518679,1.00165439600147,2.33442055855552,2.25863014707781,18.5411114426636,0.568658130361713,1.30032669942321,7.6565635649432,2.95417872646432,0.956121583002649,19.1798882850583,0.535132378199476,1.14551225466502,2.40288879293219,4.31954136562497,2.91034253306591,10.9114878589893,0.657853592190898,0.900812676953747,24.7902697894513,9.95561363721768,0.852911896646497,3.75014704165624,2.3087075297035,3.55452591793981,19.9820407355958,54.8091798505201,0.854161758136764,1.10208918353725,0.52117472159227,0.934531606306292,1.16831980875347,35.344233830195,0.866037395270402,1.10671434614906,22.1690011857952,0.958855490209061,1.0940120462816,4.63564529280522,3.03343963482699,12.619932344879,1.40063833919309,1.36338072056419,27.6130351436662,3.40850529237929,2.78402227480182,16.6030571053746,0.630647868614342,0.900915020933494,12.1018398254097,10.8147045156745,2.56168225660313,12.1836011271295,6.47416686466048,1.65339062607882,26.9906606554656,1.08967828057734,0.910773088787126,62.5474959086773,3.90499576965843,11.5625918706724,8.23269382690338,2.50347368392072,1.85820946711436,24.3549911010296,0.999550381801218,0.908854669566381,26.6581751064544,10.1588526475122,2.03881743265915,10.6639897735533,1.16340155751331,3.183746010175,9.70270390840408,1.00473549752262,5.17027614070803,20.0024738287655,5.68027495971231,0.907580509399964,36.6938887049979,2.10416406541653,0.855430240339278,27.6107778825183,1.55444825094006,3.60621609953611,23.1923673924508,1.4321373740833,0.856285700894446,42.9387569746035,0.523197694476336,0.90327896912223,44.2116650321135,40.0992700114222,0.882367624000468,1.08407834082522,0.540662767713754,0.938554180703682,1.24332767052898,13.4719330054782,4.60808733939607,1.05217526285072,1.07734546407734,0.94052167647465,19.3190727773388,1.04282316950052,0.874148884732319,48.6921904176621,22.0583174742996,3.07733169746932,9.18626161655732,2.90398842825952,1.06100587470124,33.8750287600373,9.36808305273892,0.988449076673234,33.1708485163603,3.04880960764375,3.88840069990476,2.38312690289067,2.04641375819515,0.903150138314909,5.65077669310903,1.00067047384351,0.886148992378762,23.9714299611371,0.506557067445935,7.75358377826953,25.3852311684074
7.5676923097626,0.538664656884884,32.6412471149454,0.519597425536189,2.01193770638375,1.09936419507926,2.95480196665741,10.6592464412873,26.4240962870736,0.510861393403616,0.501622236301395,1.2908866280596,7.8956938341309,0.874594902969016,2.09366653709387,1.36056259399238,1.67946623186865,16.8078315851191,3.96622249901932,0.500871673693385,17.2119963356911,0.781891955399934,0.595098125925607,8.49409242060891,35.1507185020991,0.525911617651044,1.32824881194784,12.1406568277567,7.80340950623838,1.72405566549616,4.58946449612815,0.525831015092339,11.947456929218,0.507669701570453,0.516970020691653,4.83447415149283,5.75439854787387,0.564559607588326,26.3667352272646,3.89673777651385,0.535119122355191,7.73910406254399,3.15002262304852,0.903632463859116,5.093402579153,2.32635109889544,0.617281703156325,10.2735986375653,61.4827534479183,0.500045629636535,1.00042142506801,0.850196201399058,0.850066380085127,1.00222364709102,3.0910647489825,0.562713113432136,19.1728911177543,1.90396462949932,0.970352448115787,5.40610335304878,71.7861231037968,1.8535990389696,1.79609102581818,4.68079166626666,1.35306426618403,2.62799508457157,14.9806613551712,5.95189639223199,10.6487639908002,0.507375897134934,0.902220963264609,1.00792262870044,1.97388616691904,1.85300019116157,20.3078476656285,0.581046009147228,1.25255395530857,8.52581040964598,2.47907658631071,0.868342088071711,21.1109395334141,0.557802089629659,1.08203621174281,2.80202043966922,4.09344032419928,2.83700206462376,11.6070679354229,0.680182997252764,0.907855385313362,25.5770153604755,9.61237336835809,0.857215962307262,3.99938071267917,2.22829944800978,4.31025170607856,20.8140926183088,54.8060389307567,0.864445059552215,1.35430930837193,0.573486746423149,1.01984704231471,1.5841866544062,35.3426548711742,0.89223235293413,1.28100096602098,22.1550727953009,1.05502794184652,1.24763991049756,4.31837151231622,3.88581522562042,13.7250826155244,1.44508958922548,1.55339210730595,29.1611546851715,3.25228668236737,2.65609370732076,17.2824317092659,0.678401168338071,0.920433183080244,13.4711858358833,10.9097717105709,2.45297260118535,12.4686597006146,6.39483477052121,1.66290835399036,27.3269353077793,1.32713733051616,1.07402015750716,62.4304505484891,4.11946852768372,11.490533916883,8.44308144349062,2.21666290097979,1.78107789046724,25.8419128969898,1.09610206908909,0.903810859968083,28.0313121784437,9.701265067145,1.9717735191648,11.8248682784255,0.817347595878246,3.64830021417059,9.82279496182482,1.01457322315125,5.15315990657959,19.9404796068747,5.97223608529049,0.900868639785821,37.1143319613481,2.09769268902863,0.850603941375887,27.9258782063016,1.71810443789102,3.55734943667414,25.6645059112599,1.59165358708308,0.855325364382621,42.9323725410167,0.531775519160554,0.902830564065193,45.5572817199728,40.095330679,1.00107927327308,1.39230004115243,0.689760204090478,1.07991711712814,2.13555193624413,13.5823551041311,4.60995145860019,1.00727207021798,1.07190203333709,0.90565757703427,19.4033570518814,1.18590717779179,0.954811763437334,48.68545806499,22.0496776453654,3.07562366308923,9.18402437122711,3.09800242798671,0.983284509793008,33.5530059082244,10.583797976181,0.952431923302837,33.0466350972349,2.83211260053818,3.88528513054629,2.46629499766591,2.06495227814726,0.918549764996168,6.13877063070639,1.00656802024975,0.990236939191388,24.2426293455657,0.522432373224191,7.63438216448666,27.1223595710001
7.16961705946226,0.529365920051295,33.8135439031236,0.505580768871389,2.02571876775932,1.06621627293377,2.52618823309357,9.79490369656171,29.2383820029469,0.528471937535117,0.552126694602053,1.38138260061025,7.74572454504456,0.861253269650305,2.15936633835538,1.37395511445575,2.15295135768607,17.7234901780846,3.56106398313477,0.507833614978017,18.9027686474496,0.746633758802054,0.535786358071978,9.38686823979616,35.1388929277974,0.540787926822053,1.51654123189154,12.1485337428417,7.8072165125235,2.13903662307411,4.23729534213713,0.513065069428076,12.3003131770185,0.503792131801235,0.508399646240261,5.18533842031599,5.02731627877832,0.576465886409354,27.3601754279368,4.03876757766064,0.540776678209324,8.31086701068994,2.96769580987395,1.15485327348006,5.25018245867427,2.38081496408324,0.700078466274623,11.1331099404799,61.4546160276683,0.500011470736587,1.00010589251095,0.850049289341999,0.850016657611315,1.00055998690612,2.80696498921786,0.554107193829875,20.5763823794049,1.98289055293429,0.95877332567917,6.10789002605172,71.7903922165229,1.84916614604257,1.26523774481526,4.68173226154004,1.05093295025229,1.54240910981936,14.1916255503003,6.12966737751314,11.5387378881078,0.527185227380514,0.90918892877352,1.02539708689732,1.67357711513857,1.50872538877468,22.1151538299096,0.605604818803857,1.20801855636092,9.52763905362192,2.06674403299457,0.862033577794305,23.0817748256537,0.59332319175528,1.0220421268855,3.28701312341027,3.88470895219852,2.75746439244785,12.3416083967859,0.709318175241446,0.903167882545935,26.4164293992445,9.23023999592219,0.863904616554191,4.2745096463716,2.13526049994805,5.20095640458662,21.7132561567216,54.8031774061996,0.874728357647472,1.60649574366286,0.625790065731353,1.10515359592753,2.00001378945269,35.3394488503703,0.918410139964125,1.45512615490064,22.1423603093588,1.15117516523643,1.40121831880334,3.97242382522253,4.95683662853623,14.8278126181452,1.49878060832274,1.79507144986986,30.7741244283847,3.1282773166215,2.53044957621009,17.9058000568505,0.736539581557062,0.910970292580635,14.9575263796046,11.0098349859395,2.34865678036299,12.7428290125436,6.32194421951991,1.67154023541845,27.6187750911836,1.55954903800513,1.23734916743788,62.3054844295892,4.34063253239452,11.4170540702655,8.64917914545213,1.96706825534248,1.69810032025867,27.2479376159664,1.22233692801713,0.946084517314269,29.474729558827,9.47300280443662,1.97265601664368,13.1187458985649,0.767976674379417,3.54985337889788,9.96334998502481,1.02979294008442,5.13594443914551,19.872232978601,6.28217180827918,0.901321128104816,37.5050646151229,2.13405266999864,0.8501977835172,28.1681570846138,1.90352822107077,3.49427715220052,28.1675579812932,1.78885444399139,0.898453352459645,42.8750776984185,0.541258450868966,0.92624916753621,46.7416968660871,40.0916632773813,0.943999727906974,1.24406331313569,0.618061075012791,1.01193662105015,1.70649111608829,13.7019385069867,4.61172908935777,1.03334679164038,1.06619370603447,0.925404797116293,19.463637665679,1.32900508583924,1.03544809418903,48.6800635110272,22.0417428449336,3.07399769348297,9.18202850442558,3.3244511236652,0.911000529953305,33.1575439740394,11.9187694787034,0.915543226597273,32.8191153879933,2.64563381466262,3.87566179463387,2.55164264272063,2.08570469106294,0.948993963532912,6.68730281326464,1.01789875591111,1.05277243083458,24.4382909358905,0.531154844331716,7.50862833226695,28.8711125004779
6.75914904486558,0.500107127126485,35.041823698092,0.500011977214777,2.04170266589232,1.00022064974658,2.12734618537792,8.89501797734391,32.3030279500249,0.556293895188221,0.579377589238416,1.48852619391512,7.59135764828399,0.84506047852304,2.22902401554568,1.38567725933769,2.75202023125448,18.7000173455755,3.20559093966103,0.508038927856242,20.7309903743374,0.724162225062526,0.50301129939139,10.3983836389582,35.1291354830714,0.51441547638289,1.18253949342836,12.1563764415488,7.81084992708165,1.40248298434794,3.9270554360891,0.503774305780529,12.6660841469972,0.501092046726286,0.50230968566706,5.59406786141896,4.41247134505033,0.589132332683252,28.393316779972,4.20596927161204,0.54689737440562,9.01465376935785,2.80898069458283,1.49471578783673,5.395469330614,2.43701024701899,0.814506119783585,12.0788049662769,61.4295053819522,0.500076870266752,1.00071027254512,0.850330078841601,0.850111468744147,1.00380019973514,2.55651096856971,0.543948662533573,22.0233429528219,2.08754948875066,0.946552444289535,6.91789708249568,71.7943629825898,1.84476776424102,1.81855210762753,4.68260789564042,1.3656058469355,2.67380443479952,13.3538229426525,6.27878587925144,12.5516550065864,0.518135601175743,0.90670234933165,1.01439412578801,1.425950464536,1.21879615446516,23.9270235283816,0.643920966357269,1.16430423007457,10.67252992914,1.71421341049073,0.855016026946587,25.0493133876029,0.64401058468923,0.963881745558008,3.87422484596268,3.6916152392709,2.67159905887125,13.1129189295357,0.746307696757979,0.899576895568175,27.3063718940125,8.79507002016235,0.873396255599143,4.58017366327786,2.02598735065505,6.23758574836233,22.6943941066232,54.8005724314369,0.859188008992991,1.22534383463511,0.546737106518608,0.976225206016925,1.37155788893691,35.3348746641093,0.944574168457499,1.62910243448438,22.1308930002913,1.24729772885387,1.55473570812561,3.58274105956488,6.2790510756869,15.9122230275867,1.56060117856376,2.09581555938604,32.4608318518569,3.03791526775642,2.40795462812209,18.4665390533728,0.806708464833777,0.901145902888235,16.5561027652557,11.1118930664519,2.24856083036433,13.0050571470411,6.25456108233106,1.67939121425038,27.8675896282482,1.1424949513686,0.949049713002558,62.1730750804875,4.56805138952269,11.3422853534291,8.8504152914109,1.75187700017336,1.61112501095261,28.5434306110541,1.38496624760611,0.941680585821874,30.9774872997532,9.19594135300516,1.96141068850217,14.5388440716997,0.731343572529937,3.45828048782153,10.1171557944838,1.05047651972204,5.1186327813952,19.7970147814162,6.61075995379975,0.902973636125644,37.8630538772454,2.2168149044709,0.857508908315769,28.3413339879765,2.11276441524935,3.41814125675871,30.6472498277117,2.03095432685123,0.880615405579097,42.7612499609153,0.551379223885916,0.920081640771904,47.7527235038173,40.0882478476212,0.886920182843258,1.09585227279329,0.546368627305693,0.943962964638142,1.27746411744517,13.8280110778305,4.61343391864789,1.0604790076714,1.06015261121758,0.945438016854507,19.50002516964,1.4721216674174,1.11606608393538,48.6758316695803,22.0344797990589,3.07244717595519,9.18024917480372,3.58892286048661,0.890724078468838,32.68655478325,13.3711847182349,1.01062116699755,32.4907956434083,2.48549413302077,3.85906317270344,2.63864228878126,2.10849359265383,0.997563010374745,7.30132086682002,1.05979843477158,0.958589613650342,24.682676082665,0.515443314322227,7.37587980403511,30.6124555297931
6.39957855591337,0.520095009459083,36.3116541848491,0.499991268184415,2.04873201965571,1.04366217001525,2.00296677222765,7.9693487849757,35.5876025383359,0.59616945840378,0.50164063067848,1.61173051997207,7.41808135216593,0.825541849002485,2.30312381155522,1.39507606145218,3.49748955818172,19.7496310831053,2.89636720309344,0.513788368056516,22.6861138177661,0.714190894832462,0.50489415251905,11.5317203269966,35.1212858135119,0.529293952398739,1.37085420183349,12.1640942600957,7.81428624456276,1.81744637176153,3.65531155514512,0.49994954456935,13.0407371729895,0.49999368947555,0.499938271926974,6.06441940697631,3.89966698957288,0.500679456759817,29.4383888067136,4.39973762653096,0.500355464813004,9.85428811709451,2.66836635051452,1.93922564700278,5.52405019437634,2.49420949176658,0.965944063599491,13.1165252238118,61.4069372555911,0.500102362779403,1.00094385990145,0.850439348054502,0.850148198367929,1.00499633586296,2.33960529557631,0.532142713485816,23.4936536954988,2.2221264891113,0.933452377724734,7.84708104763428,71.7980548935905,1.84040368145491,1.2875905679979,4.68342486640723,1.06356820540556,1.58807694336199,12.4691299630974,6.39453280078705,13.7081266181082,0.510281506037795,0.904154247162688,1.0063305236451,1.22417990045755,0.976753891063821,25.7053668928567,0.698329421850084,1.11941290266978,11.9702280318111,1.41753182420615,0.891109094501499,26.9686820594518,0.713132824188506,0.917660862245998,4.5823671107855,3.51245720895194,2.57934664769365,13.9179203256725,0.792491605125972,0.906567663386785,28.2447518824572,8.29009470169119,0.88614503178558,4.92254699125613,1.89609743010498,7.43008696659745,23.7769191422881,54.7981988584759,0.869471304095625,1.47752069434526,0.599038011754355,1.06152928697056,1.78737305114321,35.3291775766159,0.86839860073432,1.12237769099056,22.1206784583872,0.967567559224919,1.10792232386273,3.13085564280727,7.88587320520655,16.9649475085379,1.62895732901605,2.46233585045512,34.2362830225085,2.98343672638867,2.28962603715866,18.9590157452989,0.89084907373628,0.91095989390283,18.2570174426107,11.2130750080149,2.15253373380274,13.2546641359046,6.19188270674473,1.6865743683264,28.075694625175,1.25398473466745,1.04084502814435,61.8993788804623,4.79346320159059,11.2540748384133,9.02365582624702,1.56823994449404,1.52198184591007,29.6999909557413,1.59254079868768,0.937100315051524,32.5268547565437,8.87308792773202,1.93732351131551,16.0933255840785,0.706878305718254,3.37324167218305,10.2878954421137,1.07674761335021,5.10116525570198,19.7141624266441,6.95852526718961,0.901063367953141,38.1851091288566,2.35154470054771,0.884553264561853,28.4477265526039,2.3474985290696,3.33034510405126,33.045679148548,2.32629407986121,0.857490232042195,42.5891187170684,0.561876767492499,0.904186285252253,48.57201582977,40.0850662635963,1.00563182092252,1.40393234745035,0.695429254408795,1.08528819101668,2.16949386780616,13.9578840833459,4.61508280846826,1.01315531909095,1.05372400661031,0.909816966477257,19.5131366061747,1.12078321757172,0.918062953051677,48.6726048513711,22.0278530673245,3.07096594217465,9.1786635930051,3.898321467709,0.850660472853143,32.1367896006462,14.933466049441,0.901758918147873,32.0624253232054,2.3481957260601,3.83499575947983,2.72680506578789,2.13316360409848,1.06756157912079,7.98642032995403,1.11798280683964,0.872089442187795,24.8912122622207,0.501738490072872,7.24137034528491,32.3281124844102
5.97371096232687,0.500675882755954,37.6305927131068,0.503723858668847,2.06783665761006,1.00109577771037,2.03198814271402,6.98863795588238,39.0092882277054,0.647414050553755,0.499841883416928,1.74416184997969,7.20792142064659,0.802123084607611,2.38250174424954,1.4014417070565,4.4118162711981,20.8908320490213,2.62980658855591,0.502238913975908,24.7518048515871,0.716892060896998,0.500759851295793,12.7869945550445,35.1151877857668,0.50291249067119,1.03686866421397,12.1716096716745,7.81750693595942,1.08124774614302,3.41856336236435,0.517259892795603,13.4197873743183,0.504459323212812,0.512783128283236,6.60079029573608,3.47920552162809,0.621140560084922,30.4685532260278,4.62182654878562,0.563395635280987,10.8336067708792,2.54030955181391,2.50511657923436,5.63034784164498,2.55160198390527,1.1594011497735,14.2534792617552,61.3866768814135,0.500084258081788,1.00077663117168,0.850361465352993,0.850121830340583,1.00411654363558,2.15620355578684,0.518633222284089,24.9629693202936,2.3918547500502,0.919205019740179,8.90538060303934,71.8014892418523,1.83607373835507,1.84099867190604,4.68419060279812,1.37813754657211,2.7195860747878,11.5408690848629,6.47209439118456,15.0319942875627,0.503858441902563,0.901714443419274,1.0014507029077,1.06219429135232,0.857400882083193,27.4112144779706,0.772025917473444,1.07121887924675,13.4289698397757,1.17199412216567,0.858219163804906,28.7950572119756,0.805119946496085,0.903602432058895,5.43344682406337,3.34555283306858,2.4807210941392,14.7525064904943,0.849580349504082,0.929579999383421,29.2299606095876,7.69495040165482,0.902638860270584,5.30992183242772,1.74010229324829,8.78693316322346,24.985991268966,54.7960374221315,0.853930956343713,1.09640327351113,0.519994021691894,0.932610046369194,1.15895817158349,35.3225881459332,0.894569191009827,1.29640519294105,22.1117042194955,1.06369701688346,1.26144545367772,2.59342227167482,9.81079520233691,17.9768268583651,1.70164359764004,2.90006856512011,36.1236394557098,2.96769597478046,2.17637796764451,19.3783484017948,0.991234543738135,0.90367704390681,20.0456506261875,11.3107059195845,2.06043944732348,13.491342373835,6.1332357431846,1.69320640840461,28.2461687337419,1.00424108525621,0.853118710376625,61.7430761890198,5.02811528756239,11.176123179502,9.20790661471988,1.41337797839505,1.4323990786613,30.6906651462547,1.85575623967282,0.910766780327114,34.1082880211956,8.50777608544463,1.89991270601578,17.7893591730368,0.694491956152273,3.29439763602092,10.4789882918153,1.10877039386259,5.08345569737363,19.6230690184322,7.32581742814172,0.929343283400099,38.4681742965871,2.5462040026778,0.929589688033447,28.4881746543571,2.60878234558536,3.23253228899131,35.304216747643,2.68481251958566,0.851133800322743,42.3501860478159,0.572372062607471,0.900643111588128,49.1871234705715,40.0821024987849,0.948552277937767,1.25576744998024,0.623748806998335,1.01732681547092,1.74052789443448,14.0888778486722,4.61669139337212,1.04054728379706,1.04686778230805,0.929764161507101,19.5040946457303,1.26390231053095,0.998687782745664,48.6702417655934,22.0218250536569,3.06954823996384,9.17725088589306,4.26019694646201,0.856864335886112,31.5068969093209,16.5910322908398,0.918492370359582,31.5309753441452,2.23055536228014,3.80293034252044,2.81568770543288,2.15958126040057,1.16242248346437,8.74901748084503,1.19489740351187,0.854278448658667,25.0637519275998,0.500598104932448,7.10506788533626,33.9989732667385
5.54798285591743,0.504553210779358,38.9980117809777,0.515418425248384,2.08879315998519,1.00641181924698,2.0419895413012,6.03478666564496,42.526480641496,0.715772926555134,0.518172742128687,1.88558849520027,6.93795923406173,0.774100028426571,2.46848195503378,1.40399315117345,5.51891061622787,22.1506415691049,2.40254054411412,0.565049205961152,26.9064419118723,0.732997409785308,0.521093411058033,14.1606546673081,35.1106865762913,0.517792962874076,1.22519994642804,12.1788576174764,7.82049846169839,1.49621508866829,3.21279192526899,0.569981908966794,13.7966573634544,0.519227235194582,0.550168678033205,7.20903196318591,3.14237264091149,0.58369955444457,31.45840866683,4.8743529547888,0.54410514450771,11.9551844766166,2.41902225111142,3.20959495035528,5.70858327953448,2.60829469034251,1.39909665799836,15.4986561977703,61.3685818826249,0.500164322252246,1.00151572302595,0.850704578419598,0.850237349270261,1.00810762070481,2.00644278099226,0.503412402408921,26.4027942764963,2.6031889201761,0.903514022712371,10.1006771679962,71.8046831180858,1.8317776827582,1.30994378609298,4.68491017404177,1.07619483422257,1.63373895621746,10.5741814948364,6.50665038859021,16.5504855682568,0.513576642789439,0.906963073936621,0.999975235226546,1.00962032626464,0.866643829408642,29.0021429191988,0.869117311383821,1.01717411582258,15.0498349485097,1.0080415561685,0.856342905667707,30.4857125358271,0.925913394046983,0.902891399676442,6.45192560666249,3.1892644846976,2.37581120351118,15.6113965910432,0.919759014166713,0.971247875562977,30.2607049504036,6.98427946249813,0.923396612122222,5.75356468324421,1.55091575469879,10.3145158307075,26.3542128469023,54.7940696623143,0.881623934422928,1.77548947044804,0.660833521130731,1.16232715307638,2.27871633823734,35.3153191798222,0.920730206513058,1.47032039040378,22.1039424168248,1.15980496823991,1.41490754916477,1.94007452353034,12.0861932967119,18.9446202294328,1.77573333633366,3.41253837206578,38.157062850713,2.99419349259255,2.06880966744839,19.7202149336486,1.11051013646523,0.958742455528942,21.9016107320713,11.402367654145,1.97215054252927,13.7151418187221,6.07807223595609,1.69940354150121,28.3826919273266,1.0259757357601,0.868502476873336,61.610099137583,5.26895289236897,11.1002463807514,9.39083198088614,1.28468589159492,1.34394292418422,31.4897945160123,2.18772757110284,0.966378178930573,35.7054045009683,8.10375854436039,1.84898402335573,19.6324436917243,0.694643766440333,3.22140429861619,10.6935808684971,1.14670630269914,5.06517595586729,19.5231866909782,7.71258453077174,0.906562371396903,38.7092761412103,2.81157591199266,0.990219257571298,28.4620908969527,2.89672111949027,3.12657091583109,37.3662350990638,3.11781845116506,0.963662139327915,42.0359846283062,0.58242789034704,0.965592143326015,49.5832556221214,40.0793411173869,0.891472736528394,1.10762340844004,0.55207377794697,0.94937099704584,1.31159128381014,14.2184216538339,4.61828182845234,1.0687490096843,1.03955724131125,0.949474456005056,19.4744469628957,1.79074726779355,1.2954327795453,48.6686179031778,22.0163576561926,3.06818879918484,9.1759922467428,4.68454556746234,0.85621301270848,30.7953889464916,18.3254646935863,0.916914559999394,30.8989657448719,2.12966810398569,3.76228292092641,2.90489968414355,2.18763268561852,1.28561848404044,9.59644429082902,1.29368376475279,0.870962827421806,25.1993797777748,0.502582137624372,6.96684161822919,35.6055186132958
5.12619598834351,0.51531588719286,40.4066563295879,0.535787396718398,2.11138277594416,1.01855876666585,2.05928372887126,5.16504001571965,46.0802153935497,0.809038209435997,0.522420667489313,2.03698449012903,6.57802302990423,0.740600539476521,2.56307838563369,1.40186075569695,6.84383923937638,23.5678270111262,2.2114481511857,0.543400837342722,29.1228287592229,0.763887842506979,0.513655296343169,15.6445815732455,35.1076303253198,0.532679697879232,1.41356712513338,12.1857853876397,7.82325206372925,1.91113705446072,3.03391493323962,0.665334606581285,14.1639609988439,0.547256702103641,0.618088706840638,7.89627189014482,2.88184420837596,0.544097072818509,32.3844630207907,5.159788476474,0.523528147407412,13.2189669198241,2.29816437101744,4.07006058218534,5.75300116098682,2.66331974637295,1.68799391321613,16.8633435661171,61.3523612789193,0.500099880562709,1.00091987713487,0.850428145810757,0.850144101955048,1.00488021669032,1.89084505429979,0.637070671051586,27.7807121194733,2.86397050509838,1.04276070421256,11.437466094494,71.8076560282853,1.8275153131044,1.8634324662493,4.68558988306528,1.39065986949946,2.76534291296105,9.57695296019684,6.49360432761884,18.293514968661,0.50089148265832,0.900533791225476,1.0077125478169,1.01189043833015,0.875557173805578,30.428849528587,0.994726663041809,0.956469107149067,16.8112521502106,1.00060212079698,0.850521508673908,31.981855796254,1.08279380882543,0.900251306490061,7.65072741072543,3.04211219216084,2.26480798374693,16.4879509946866,1.00582192649625,1.03399657240866,31.3357177846372,6.12566743901758,0.948954232316135,6.26901749348464,1.31908865428109,12.0163494026509,27.9241063609107,54.7922787653458,0.866083585384776,1.39440063402754,0.581796987696092,1.03341551935375,1.65033560754442,35.3075658208397,0.999109900927353,1.99132099770823,22.0973515746304,1.44774136063189,1.87463282969347,1.13024204625606,14.740759666328,19.8728305312387,1.84755276930648,4.00062205045217,40.3860058345164,3.0676938755685,1.96740893030115,19.9805883736697,1.25165674202624,0.904586693259741,23.7990733037369,11.4859469970005,1.8875437308798,13.9264432339878,6.02596417415723,1.70527807823222,28.489387206274,1.13279806300627,0.945505840755901,61.4730237651854,5.51394255480632,11.0238931170953,9.5678012423774,1.17983221199088,1.25797843615564,32.0726440675661,2.60410497714861,0.939193204961525,37.2999911192269,7.66531823075906,1.78468253171213,21.6255558916617,0.708455099890981,3.15390692253914,10.9345154459485,1.19073488887612,5.04597067715356,19.4140365233015,8.11851216422114,0.922828542238451,38.9055309958185,3.16167812785294,1.06339591623415,28.3672656984144,3.210083047006,3.01444153812824,39.1790402168252,3.63781692142924,0.947523599923224,41.6367729562275,0.591530846523499,0.957035970464699,49.7445507390894,40.0767683865242,1.01018434663436,1.41559079636283,0.701105033101201,1.0906664603082,2.20349729940572,14.3441073645788,4.61988023101159,1.01934299609051,1.03177863665992,0.91382223014636,19.4260948811697,1.43934396971665,1.09747193891249,48.6676170440042,22.0114146075553,3.06688266120038,9.17486998961705,5.18291229926256,0.874833803974916,30.0016226127759,20.1105224507142,0.968718017045785,30.1660774188942,2.04283860342256,3.71238930255721,2.99411120284557,2.21722142361571,1.44054913961176,10.5370922937875,1.41827778697805,0.863989726530488,25.2982707045514,0.501552336067048,6.82764170668132,37.1283801535186
4.71262177307594,0.530339410183406,41.845857415338,0.565953737755615,2.13519043745991,1.03230812204987,2.0413824175147,4.34568891199674,49.6041025794323,0.931222448652229,0.513880280066463,2.19842119553597,6.08694834547127,0.700537225098067,2.66930952254166,1.39406962764385,8.41233667642389,25.197847924512,2.05374929266386,0.518184775277552,31.3688467322079,0.811713427357437,0.505582543912653,17.2256097263776,35.1058753037483,0.506284938995815,1.07953428328054,12.1923497915278,7.82576211116726,1.17521008154047,2.87785083761136,0.811382901278843,14.513858310409,0.592104615065705,0.723014032221933,8.67113514895351,2.69207615281067,0.502504039348227,33.2254826275576,5.4809301968929,0.501361154515806,14.6207408084861,2.17037506905715,5.10375999645301,5.75815932382282,2.71565163241113,2.02730889889128,18.3618036930364,61.3377659409066,0.500093309740837,1.00085894468679,0.850399830271317,0.850134495467356,1.00455383902079,1.81061546565807,0.624725377284164,29.06074621904,3.18354886711932,1.03223361778398,12.91524974787,71.8104236931232,1.82328634816215,1.33229666041978,4.68623376358009,1.08881291283459,1.67939578890125,8.56069653880497,6.42836442970991,20.2956292292963,0.502440846169825,0.902181805687957,1.03269363022958,1.00844403020197,0.874343184814853,31.666715593648,1.15572655733101,0.907928663241681,18.7061833000859,1.00378976126167,0.853721081740687,33.2415711266601,1.28497466856429,0.901923917378215,9.04268200857022,2.90282556262788,2.14802673197764,17.3739511344312,1.11134360897905,1.1198122460842,32.4537410674924,5.07658280171208,0.979837699426758,6.87815128954373,1.0315742211462,13.8918877694771,29.751846438385,54.7906457317319,0.850543234796613,1.0133238633624,0.502763613818493,0.904507108872749,1.02196934562751,35.2995047731288,0.922989493652392,1.48522746177448,22.0918814315732,1.16812361337172,1.42812245933627,1.57069228700689,12.7126092605144,20.680614835698,2.10061313720599,3.65506657087435,42.5391408842001,3.19508061189118,1.87287618495629,20.1553679292646,1.41780600498333,0.904208138892224,25.7051999190085,11.5596774389398,1.80649625769857,14.1259187599057,5.97659583654274,1.71093524958594,28.5706492840307,1.02338157519432,0.866939334435307,61.3278544774071,5.76209888304952,10.9467960359913,9.73766236823567,1.096864066882,1.17564638973407,32.4149888955638,3.12292521245624,0.910589825402707,38.8720351566618,7.19738723028076,1.70753917789884,23.7680854494914,0.737894977703793,3.09153302270926,11.2042719109085,1.24106061455172,5.02554492827891,19.2952121985741,8.54305423315264,0.903067528050555,39.0542002815587,3.61416484183952,1.14549891494817,28.1996718083219,3.54585659249524,2.89811987513706,40.694982218094,4.25808378719609,0.931452040678429,41.1415657544833,0.599086685598399,0.948265662876098,49.6544730011474,40.074371821819,0.953104808969576,1.26748417700976,0.629439733171453,1.0227205967107,1.77461094803282,14.4637520625344,4.62151903295892,1.04738349381686,1.02353122449569,0.933114362745817,19.3612511745717,1.08791691825749,0.899518971917569,48.6671464260473,22.0069551770118,3.06562541362404,9.17386910812577,5.76870945814757,0.864871401096347,29.125466379888,21.9126964640235,0.941864713683629,29.3319176795244,1.96748573062426,3.65247697908796,3.08306265241417,2.24826781720873,1.630391143284,11.5806292251915,1.57359474431369,0.850268889654505,25.3601602028401,0.500026329716524,6.68852981620787,38.5481161046605
4.30812095572574,0.503333207371043,43.3074202011761,0.607499617391036,2.16079845061692,1.00304779207191,2.02044947329895,3.593513042416,53.0291249713028,1.09111970289254,0.5061670343615,2.37021589842318,5.40628178577233,0.652552403080458,2.79170381601929,1.3795332321769,10.2500216978339,27.1207404132738,2.00173266164737,0.50343078364444,33.5994080098554,0.87945884896498,0.501033845722563,18.8765611811426,35.1052775429139,0.521173276237716,1.26792294393617,12.1985181211183,7.82802737136851,1.59017507454511,2.74050434592049,1.01700440709852,14.838133843259,0.657962769536913,0.87163960182861,9.54413903480828,2.56975227030248,0.635557573596234,33.9626019256676,5.84083465717963,0.576173874435582,16.1504318181942,2.02655704066553,6.32729361411809,5.71928117903719,2.76424041836314,2.41602275860659,20.0121901767758,61.3246774981603,0.500157857385277,1.00145257037502,0.850676209443132,0.850227341733795,1.00769957308334,1.76830507560373,0.597179510169043,30.194623198592,3.57278361105376,1.01114204314141,14.5322768302611,71.8130040171149,1.81909055245548,1.88585553822539,4.68684711232511,1.40317335784668,2.81108317219207,7.53980182726154,6.30718604992039,22.5912761525163,0.500005552672264,0.900925753665372,1.07623989350431,1.00143898171327,0.856534120121499,32.7019134333327,1.36109941678543,0.902405230462317,20.7360654945991,1.01688740146604,0.869795969747905,34.256500081173,1.54479486461904,0.911150810512112,10.6514768679354,2.77040717592172,2.02592620792233,18.2593281306716,1.2408954157454,1.22995528552776,33.6134345681233,3.77981843986924,1.0165103795343,7.61251291565725,0.669960244353725,15.9344796051481,31.913015545563,54.7891602906585,0.878236247361322,1.69236143724767,0.643589933687111,1.13421079093604,2.14166869682529,35.2912960366039,1.00135976575859,2.00603537614706,22.0874642116898,1.45601650623192,1.88768823562828,1.6685898199461,10.4808318777715,21.3571152387233,2.45035048400448,3.2466764783971,44.4651024340397,3.379163474477,1.78102675900251,20.2405082349246,1.61174160139253,0.913270155879212,27.583539399153,11.6221643861038,1.72888384209648,14.3144835647305,5.92975439236393,1.71647079838561,28.6309873743115,1.10412346539655,0.926142018943419,61.1755194046242,6.01259415050767,10.8691410536946,9.90007342428339,1.03432174115626,1.09788430073109,32.4930193713934,3.7639781472512,0.970284151449778,40.4003894022955,6.70568790729705,1.61852147150617,26.0543256536779,0.786097588307233,3.03388229150412,11.5048605198885,1.29790338367781,5.00364579893926,19.1663786056326,8.98542013540014,0.91345502808212,39.1527385793619,4.1905546397833,1.23244030097121,27.9534176302392,3.89882701426834,2.7794994795287,41.8718610348719,4.99196183281926,0.915497935801768,40.5385226347288,0.604424544444595,0.939322070278429,49.2963271962066,40.0721406273878,0.896025273509806,1.11939446966215,0.557778832208986,0.95477922566944,1.34574652017903,14.5754656686796,4.62323551686952,1.07512867975063,1.01482513356402,0.951336580096724,19.2823140922407,1.61484135998691,1.19625655986428,48.6671135641139,22.0029446195919,3.06441285731934,9.17297500753973,6.45729890056336,0.854937072281405,28.1674586371288,23.6911102638093,0.914200160841094,28.3962319590139,1.90105162564779,3.58163287124684,3.17157534652185,2.28070936631076,1.85792298858536,12.7382227567154,1.76568337260231,0.855345774319933,25.3840317555035,0.50049834199508,6.5505264170675,39.8452997987006
3.9162777777382,0.501796302025585,44.7781989203177,0.662668508563674,2.18807506726579,1.00139903978889,2.30847256228742,2.92091442024747,56.2813672907536,1.30051212030065,0.583364173573446,2.55263520539115,4.44908504484869,0.594967209884732,2.93718782455483,1.35710318634357,12.3805270854387,29.4548658469728,2.02776241111723,0.57701028968754,35.7612030193159,0.971080774226035,0.522857829691761,20.5510163237541,35.1056963138276,0.536067005314773,1.45636827237033,12.2042662741823,7.83004990708646,2.00515007150088,2.61771534005405,1.29178949088453,15.1282511843168,0.749692587236636,1.07049839238861,10.5282178939359,2.51432642922598,0.593250139657955,34.579190420094,6.24269503208925,0.553922907119052,17.7902516980065,1.85471200256576,7.75590767749742,5.63266809735464,2.80806995852891,2.8504473200009,21.8379042573338,61.31303266816,0.500080395839696,1.000740607137,0.850344257329978,0.850115712747309,1.00396712667623,1.76814012166979,0.50248866719848,31.1533289394066,4.04367900785109,0.902774149035411,16.2659792017776,71.8154117841592,1.81492762416249,1.35464906457042,4.68743307225725,1.10142259657463,1.72505145689827,6.53050154031617,6.12717988594232,25.2144085683159,0.506089358400044,0.90015927250415,1.14036126225773,1.00214367622948,0.880964891397779,33.5208724973913,1.62209708046527,0.912978140899775,22.8960501645828,1.000204154746,0.850298240547685,35.0100013680961,1.87756323195038,0.900182641005154,12.4938991624826,2.64424283466698,1.89913824066183,19.1318139882321,1.40031995474697,1.36459992042361,34.8131136517796,3.42923744740062,1.03890393455767,8.46735344124772,0.811878498481269,15.653859053019,34.3384324811171,54.7878066390071,0.862695892660551,1.31130591305472,0.564562166896949,1.00530809719393,1.51332794602802,35.283079772898,0.925254979539264,1.50017446989169,22.0840357733489,1.17644629120292,1.44133376563139,1.79419373495138,8.66472309236296,21.8781434128435,2.88955763549504,2.89994334841762,46.1591550147472,3.32032435587178,1.49150034001687,20.2547415668483,1.69844724607511,8.75089911130146,29.5300969996079,11.6723956076919,1.65457963424101,14.4932433370274,5.8853192817739,1.72196918842113,28.6748855809574,1.08897517731262,0.915606698260399,61.0169098967821,6.26455419056041,10.7911170421157,10.0547428206566,1.0004409895826,1.02540371512286,32.2836726014287,4.54724307678673,0.901634738691924,41.8616234049404,6.1967832665056,1.51903526968409,28.4719317288157,0.857777355991596,2.9805165775753,11.8376981638703,1.36149467819852,4.98002475407417,19.0272680805006,9.4446334501439,0.900511034275764,39.1988160640762,4.91607496017865,1.31982419776413,27.6208101838967,4.26122772005743,2.66033068164191,42.6727245435002,5.85195569346197,0.892435015711612,39.8146862958751,0.606803642979989,0.927572948427234,48.6556825511693,40.0700649185507,1.0147368807326,1.42727366393375,0.706786967624119,1.09605152584333,2.2375971082086,14.6776915482013,4.62507316757081,1.02507567723548,1.00567988456084,0.916974122064267,19.1918041867589,1.26336482480031,0.998311821743395,48.6674433384244,21.9993463962096,3.06324124963618,9.1721751578042,7.26579065574494,0.878864285023312,27.1289374051786,25.3983405199685,0.9859954855648,27.3591592970615,1.84087997345127,3.49876779238285,3.25956436120091,2.31450349933362,2.1253135868727,14.0227925081434,2.00187553645179,0.86045080519597,25.3680295445129,0.500926109930888,6.41460074426107,41.0004029562485
3.54064286222435,0.517773474441778,46.2418557779621,0.734424492189743,2.21679326100648,1.01163790830648,2.31534303521789,2.33519023839206,59.2844831947625,1.57505054000038,0.579797786317664,2.74588427195358,3.07971930345516,0.525762730623701,3.11665827205847,1.32575895689311,14.8214847493946,32.3810385786954,2.01847470925367,0.575418934512473,37.8119378892744,1.09195244570877,0.522194632615405,22.2206359546219,35.1069897858155,0.509660226941948,1.12223318124085,12.2095776556468,7.83183509938856,1.26922700383224,2.5051977136533,1.64592340369828,15.3754928735171,0.872831786427687,1.32543977904896,11.6393365951933,2.5287247179816,0.549455284244292,35.0604555601414,6.68962315224192,0.529532127376602,19.5126837153113,1.63795938634335,9.40243955077452,5.49616671912469,2.84625698747053,3.32388592791436,23.8697997109231,61.302536282212,0.500027643916156,1.00025415244778,0.850118367267261,0.850039753446323,1.00134450451341,1.81638917775415,0.50387588172698,31.8965654793232,4.60927736638538,0.904504904692487,18.0850464617198,71.8176634699352,1.8107973011271,1.90827034871623,4.6879960443584,1.41567861110671,2.85681658061395,5.5509959757341,5.88702276796855,28.1923289343682,0.527788754272838,0.900440608660323,1.22778429859742,1.00401676739768,0.864714106563196,34.1117446950406,1.95255552116585,0.906901002675813,25.1734430465009,1.00120774944191,0.852569901409798,35.4883125639899,2.30226981069874,0.901742055714019,14.5832587280342,2.5242237275871,1.76850832687473,19.9765219132396,1.59705975094847,1.52240207999794,36.0504241725187,3.91639915833392,1.04175818550057,9.32678190999863,0.94449111207564,13.9213686298135,36.4068312555004,54.7865717204385,0.89038890848503,1.99029339574816,0.705375114010476,1.23499817290595,2.63296785401646,35.2749798189533,1.00362152249467,2.02082380172789,22.0815104280477,1.46430295108692,1.90074838490184,1.9520012071586,7.17863937407938,22.2141625908839,3.43471567366853,2.60086014822773,47.6022002071028,2.81357708641719,0.965050733852844,20.3882999983207,1.5827832450484,25.8887331710786,32.8200558972377,11.70973833941,1.5834539340361,14.6634402086277,5.84325073846527,1.72750234540902,28.7066818328019,1.07406956152146,0.905067129148811,60.8528783147788,6.51708152921138,10.7129124008297,10.2014331145069,1.00228104063847,0.958651730506899,31.7631185634874,5.48926271407128,0.923161070863549,43.2213813482097,5.67809411902191,1.41091736320518,30.9999117799452,0.959890795750317,2.93094727846406,12.2034281390926,1.43205464604522,4.95447616391143,18.8776869535017,9.91938676166335,0.902471210666782,39.1903694949357,5.81888255092907,1.40313358953873,27.1925813999585,4.62255286062247,2.54217440670197,43.0655800235279,6.8475837788224,0.874932109271815,38.9606592280031,0.605488837475431,0.915370488411346,47.7166800662621,40.0681334340051,0.957657348242748,1.27921419975219,0.63513394681511,1.02811817054765,1.80876749298239,14.7692680102498,4.62708232674,1.05187911235209,0.99612318677525,0.934230295336947,19.0922822125832,1.79039784006494,1.29505493857497,48.6680768414629,21.9961224736043,3.06210728030268,9.17145896918019,8.21259464313776,0.858125438676971,26.0121692937476,26.9817821654582,0.924977063751294,26.2215365697137,1.78403662107246,3.40258254712805,3.34705464944084,2.3496355747279,2.43386449077662,15.4493153512727,2.29099736047496,0.893269409263699,25.309318552282,0.503792784952254,6.28165848695836,41.9936221854896
3.18414212949272,0.512286093025216,47.6792754575418,0.826697057865311,2.24683255487969,1.00685125501324,2.31900013722882,1.83834734906985,61.9616201164268,1.93529915486288,0.57743420121353,2.95009214353605,3.0567708744575,0.528501957678787,3.32923584128957,1.41245153561568,14.0687963593437,35.7909724502394,2.00993702406002,0.572981352050999,39.7152163786227,1.24919541388149,0.521378532690262,23.8616010685514,35.1090213703791,0.524555123338533,1.31070138963927,12.2144441554184,7.83339133870397,1.68419722900354,2.39840323491653,2.09009240783253,15.5711237816542,1.03359909893855,1.64102516385453,12.8972065604022,2.62028915749811,0.504531838811728,35.3928197710297,7.18429057911894,0.502802935508735,21.2783421196928,1.35104772856604,11.2755723495814,5.30968949987895,2.87822317849338,3.82635234328694,26.1500532994009,61.2930916293726,0.500031628012448,1.00029075900895,0.850135381618086,0.850045456817774,1.00154018121673,1.92384763400827,0.500468475578847,32.3746304482797,5.28208781987627,0.900569473327088,19.9524277101573,71.8197725594987,1.80669926800888,1.37700146013157,4.68853840160656,1.11402412775807,1.77071067846204,4.62057499656779,5.58744586672717,31.5412318581136,0.569019049474846,0.905368386716971,1.34199738364772,1.04135709863819,0.854041488783458,34.4584673875698,2.36893091410938,0.902113582812744,27.5441071213884,1.00122184772109,0.855484562577122,35.683582974267,2.84219948590155,0.904129480308746,16.9283988400997,2.41091095797058,1.63514711239463,20.7754331711457,1.84054192425371,1.69999344977849,37.3218769861353,4.50246870238437,1.03592619166247,10.1605536142571,1.10358033406555,12.3638150922464,38.0094673661687,54.7854468453718,0.874848551141623,1.60925537318119,0.626351966568156,1.10610018819848,2.00464819681545,35.267101617368,0.927525622041597,1.51514261522813,22.0798159954538,1.18477282581239,1.45454115748787,2.14807288063269,5.95832351154107,22.3389814016084,4.10253638155751,2.33955468923947,48.7782343565213,3.3328749849385,0.97852521881225,20.4264620643859,1.91378229175546,19.3812414823326,36.0590216061963,11.7339233914751,1.51537452085068,14.8263969790332,5.80357728184969,1.73312885412609,28.7304624489563,1.05940873867205,0.894525801616872,60.6842509732288,6.7692599685482,10.6347155147865,10.3399618898882,1.00089897881113,0.898046032952877,30.9206705020678,6.60071147446768,0.918423407145495,44.4586840772293,5.15783421221346,1.2963959411395,33.6061182830543,1.10265276559174,2.88461972449222,12.6016841986816,1.50977854068621,4.92682191361752,18.7175163985037,10.4080547206202,0.900953407161444,39.1256527103836,6.92826388479975,1.47793051660336,26.6584389285264,4.96964700867109,2.42638316405203,43.0236135584453,7.98379784827479,0.89683119253415,37.9668443002753,0.599750641050869,0.929309467837654,46.4726132575435,40.0663390904642,0.900577816435765,1.13116830211749,0.563484469999598,0.960188398845937,1.3799505605621,14.8494423628876,4.62932161364113,1.00290220077008,0.986187171571455,0.901903471084241,18.986254183473,1.43887196107571,1.09711123607509,48.668943505516,21.993245066479,3.06100764220611,9.17081504807579,9.31659024166271,0.880408132512294,24.8205105328938,28.3856814571804,0.99879919133769,24.9853019108536,1.72707393067314,3.29154047311061,3.43420141074337,2.3861353948906,2.78369777270665,17.0351715707446,2.64342095000512,0.881324619593215,25.2040320262925,0.502841070044683,6.15253812348349,42.8046608012606
2.84941996910151,0.547503967970823,49.0681784570911,0.944626077045218,2.27804574106914,1.02184254290942,2.31903837330968,1.42755086553127,64.236637893633,2.40788091552969,0.576318397335824,3.16529938920667,3.93386819688173,0.529943701341599,3.53244062948199,1.55909906794843,12.0913932876575,38.6623172980791,2.00227870898774,0.569707294397483,41.4351791957018,1.45203334846384,0.52040300647388,25.4510140782964,35.1116592949755,0.539454319014349,1.49923434300449,12.2188639945647,7.8347292073431,2.09922603939932,2.29225939572551,2.63542903823199,15.7066127940516,1.23889179668383,2.01985158275756,14.3261034274318,2.80205236328879,0.643705751308351,35.5630995270063,7.72835569401857,0.593782794719527,23.0337348180278,1.29463701234909,12.1924319130183,5.08019542530494,2.93095581045635,3.96332307047617,28.6996808437443,61.2846504343309,0.50023460044827,1.00215939115465,0.851003891206138,0.850337039037119,1.01156538195967,2.10713640887768,0.50735981639462,32.5450438142119,6.07207895744824,0.909395846596729,21.8110055696659,71.8217541533649,1.8026332422345,1.93067943062589,4.68906374992024,1.4281762354095,2.90254984369641,3.75835950628043,5.23215662577232,35.2601583434069,0.636333059467022,0.916098378322033,1.48725204604301,1.12469705657304,0.88245302985916,34.5403070235711,2.88987077335893,0.919009922114561,29.9610622953179,1.00079801200713,0.856931863750403,35.5763618646558,3.5243540525285,0.905830662057399,19.5279993609606,2.3057605933624,1.5004926146256,21.5068076084398,2.14258618919207,1.89144199646523,38.6221646929734,5.19261937162752,1.02223544207177,10.9377847120655,1.29326813269826,10.9690187625141,39.1257676034073,54.7844213082998,0.859308193907017,1.22822509954339,0.547330851546753,0.977204275403153,1.37633789654838,35.2595329787001,0.85143200495791,1.00953418329053,22.0788608942211,0.905259831269915,1.00840273936715,2.39045898528189,4.95423977847881,22.2306918510318,4.90767253849915,2.10888842786822,49.6735031797228,4.00965663293923,0.977497132371069,20.2869531413313,2.29260587055721,14.7461127704008,38.6744241630012,11.7450165564694,1.45020749807595,14.9834648689488,5.76638313373029,1.73889368362718,28.7499819014881,1.04498675294238,0.88398433509653,60.511829583501,7.02016396562048,10.5567137503512,10.4702072112674,1.01895739176091,0.855227284083681,29.7569143466191,7.88113703754457,0.913706236143945,45.5541238719421,4.64482955254118,1.17800694664125,36.2444195309241,1.30097516242439,2.84089538015733,13.0308233602379,1.59482110207552,4.89690536017698,18.5467273603647,10.9086653896237,0.918902568723023,39.0039061008765,8.27141302825298,1.54006264811121,26.008069962662,5.28719003948065,2.31410191748624,42.5265433582583,9.25895764344323,0.941842170503402,36.8279090523024,0.588961696596006,0.958437903669775,44.9237232851455,40.0646745312214,1.01928945518521,1.43897811815064,0.712474384987832,1.10144235500951,2.27176304431063,14.9178969713692,4.63185956799915,1.02866390619413,0.975906610388932,0.918097206517,18.8761116641994,1.0873219742345,0.899166114537853,48.6700044539066,21.9906788975962,3.05993971685043,9.1702354956422,10.5957221230091,0.860606529466187,23.5586259428317,29.5540866873978,0.936191813304762,23.6540480390884,1.66568561370286,3.16385578510262,3.52131698253624,2.424108380371,3.17337216712372,18.8005537236953,3.07105123066791,0.869378479961015,25.0472328265204,0.501891976739797,6.02801016348754,43.4125901546366
2.5387575040334,0.529155789029709,50.382520322337,1.09486373639963,2.31024297203435,1.01142786592156,2.31506843897143,1.09610292147371,66.0342001428619,3.02649324013122,0.576492432158642,3.39144026687687,5.16541506501952,0.52821755033075,3.71212888787288,1.7084602562426,10.3879133436582,40.7383683834479,2.00429390462739,0.565625958437275,42.9360296141069,1.71219296620297,0.519267063942646,26.967493101113,35.1147884627721,0.513037489557397,1.16497129942393,12.2228411719934,7.8358599474989,1.36320475530673,2.1806789976655,3.29346066157544,15.773915608119,1.49627446572072,2.46182459234302,15.9558078241084,3.09432971857199,0.598084348245725,35.5575711921596,8.32160700169775,0.56652337194152,24.7090184991476,1.69226080111638,10.4987922165908,4.89587530335274,3.05883135382571,3.2513706118086,31.1104742340291,61.2771353564833,0.500084944253912,1.00078127416998,0.850363455481223,0.850121968317168,1.00416720855625,2.39163165338635,0.501893426144719,32.368633285664,6.98351641031139,0.902566258116701,23.5853821079811,71.8236196223623,1.79859890118151,1.39935456149307,4.68957381484823,1.12661779109988,1.81637598912073,2.98155097149234,4.82805763855845,39.3225168371732,0.740472056331778,0.933053495652878,1.66846564087096,1.26837521775242,0.875958920189349,34.33275326852,3.53483626954687,0.916795848307305,32.3643672772663,1.03680415099196,0.87366571429796,35.1470594825959,4.37880273359078,0.922441645066929,22.3597573954467,2.21139545185925,1.36637806751546,22.1445759049431,2.51777188375579,2.08775411400807,39.943246292513,5.98761208565578,1.00175939863476,11.6263011938784,1.51729606175384,9.72464731989681,39.7597940009422,54.7834863014228,0.88700116109779,1.90717857295092,0.688135737642803,1.20688608970809,2.49593657446126,35.2523476103559,0.929800595086474,1.53012627069621,22.0785694363154,1.19310366095771,1.4677481083953,2.68971854819956,4.12730086335027,21.8733491990006,5.85927295136308,1.90357814198044,50.2756464352521,4.89458994451501,0.966648220288912,19.9624525985611,2.72001537904148,11.3366607843051,40.6126268287052,11.7433824098516,1.387818353305,15.1359787621323,5.73179653097783,1.74482832793229,28.7686079398665,1.03079369101285,0.873444017540608,60.3363961592489,7.2688729847373,10.4790922194121,10.5921052956895,1.06205109603989,0.853146355321374,28.2845463000377,9.3124749288021,0.90919639916419,46.4838051235238,4.14823635069466,1.05847823547821,38.8511947020311,1.57657155817703,2.79902932262186,13.4876088909377,1.68730337686032,4.86456501813594,18.3653773205774,11.4190095353398,0.958975169505431,38.8255268457112,9.86860685775542,1.58585084463389,25.2326707976487,5.55865396644174,2.20627926226407,41.5634820952167,10.6627281659379,0.887917093055196,35.5441356078643,0.572681008186889,0.9244717658775,43.0806675466635,40.0631278477579,0.962209922505131,1.29095639637935,0.640831234231629,1.03351896242615,1.84296552977352,14.9747735157072,4.63477580599718,1.05107889146624,0.965316218908361,0.930854524516348,18.7640499142425,1.6144401575135,1.19592688184179,48.6712107828001,21.9883963317446,3.05890085064518,9.1697116623061,12.0650659707565,0.879978641187242,22.2327665346433,30.4342992096655,1.01152522566289,22.2336803330907,1.59417171711438,3.01751616369124,3.60890731019093,2.46379201149759,3.59937609212071,20.7690028980873,3.58723203097806,0.854592195691296,24.8320924322017,0.500729636001579,5.90833497448677,43.7955436989238
2.25399014696687,0.509403759168256,51.592067021925,1.28592555415981,2.34318342276151,1.00313811233143,2.30672110980325,0.834717361545487,67.2790926792549,3.83236412085618,0.578009661039316,3.62832677732937,6.86161161323693,0.523801033695475,3.85245972515057,1.85427997187961,8.91579926812941,41.8384401533112,2.03594375700115,0.560778623682577,44.1772201158008,2.04414616202178,0.517976061356167,28.3856510603485,35.1183019322888,0.527937407153964,1.35352422831896,12.2263858702125,7.83679657430888,1.77831420703809,2.05564428970513,4.07600282144286,15.7658366025977,1.81395687961079,2.96340882316576,17.8227708852301,3.52649365145238,0.552142470346332,35.3610301293023,8.9607051250629,0.536758539534794,26.2159926830348,2.28898524871276,9.08589633999851,4.76783890913295,3.20064369900543,2.65578340680053,33.15614974474,61.270338319471,0.500094250386161,1.00086598219183,0.850403212264994,0.850135261706032,1.00458995377461,2.81526241654933,0.513357492100137,31.8133323801085,8.01031050199255,0.919304893964419,25.1789031381005,71.8253825750883,1.79459594733188,1.95308491338733,4.6900715012406,1.44066676491589,2.94828400037832,2.30350950969867,4.38540996140839,43.6663530129419,0.899012279063955,0.956574828601048,1.89105030412479,1.49627987471817,0.869370930181538,33.8099017855968,4.32143994288358,0.913765580737055,34.6719939510871,1.1372976354705,0.87286270532734,34.3627052641867,5.43474731830902,0.924372547364212,25.3722854735592,2.13191461515204,1.23508588489054,22.6578491560296,2.98362272742014,2.27657925981126,41.2731872347926,6.88270933038338,0.975738369646899,12.1954949057989,1.77840601492838,8.61815519079899,39.9348153542059,54.7826335946806,0.87146080880798,1.52616228400153,0.609118193510892,1.07799382420046,1.86764335026112,35.2456002129646,0.853708110137014,1.02463620103051,22.078853469981,0.913619653462063,1.02173745716583,3.05949854501796,3.44607769744718,21.2594723472754,6.95647084177467,1.7196410197215,50.5730518932832,6.04789590482858,0.949624307142981,19.4450516071619,3.1904806680127,8.77455740144305,41.8256693972682,11.7296411463037,1.32807308726705,15.2852164439041,5.6999780747937,1.750951257847,28.7892826229732,1.01682282779799,0.862906559052118,60.1587168520916,7.51448593286646,10.4020325792029,10.7056468400324,1.13459915251572,0.852274615002903,26.5371368121229,10.8558777563999,0.907455240120938,47.2278962989802,3.67717326932305,0.940583225743163,41.3409904662771,1.96092587750898,2.75814075698985,13.966848854899,1.7873017154518,4.82962784553395,18.1736221544826,11.9366302318073,1.02386103320851,38.5916307165957,11.7268339320865,1.61218457281242,24.327039895394,5.76778804037071,2.10368691181326,40.1374199081146,12.1745855907561,0.932417389639185,34.1227796457616,0.550741877574343,0.954172763738239,40.9672479558992,40.0616936000844,0.905130387959909,1.14294543357203,0.569190905822908,0.965598404516554,1.41417454278561,15.0206341799774,4.63816279764159,1.00732387486918,0.954447572376813,0.904334155121865,18.6520286199164,1.26284164080228,0.997975006767412,48.6725243399703,21.9863707262777,3.05788874467551,9.16923631207939,13.7343221558933,0.861849826783393,20.8511253141928,30.9808161012415,0.94760023876511,20.7331909102056,1.5045777236616,2.85036379812932,3.69772304097442,2.50565355189916,4.05545429106691,22.9681638711081,4.20590647833283,0.852092708384233,24.5538536088913,0.50039378834717,5.79509836654418,43.9319055306477
2.09690609911417,0.554172544399885,52.6486128118106,1.52797990728745,2.37617732842988,1.01532180649375,2.29365412350433,0.632841056342477,67.8957060782313,4.87349648233733,0.580932570309434,3.87563142209695,9.12683170220579,0.517289691055029,3.93427584047205,1.98738243221905,7.64154833623588,41.8138440856625,2.09992951997386,0.555224134134504,45.1130522732949,2.46506630464665,0.516527852297935,29.6760486058184,35.122113952549,0.501515113889184,1.01917253440085,12.229511576931,7.83755129381993,1.04218173904028,2.48940439575799,3.25347663624198,15.7150889846823,1.78348559674882,2.35765207535309,19.7504898962734,4.13948052080544,0.502258030564484,34.9404646128177,9.63716962060897,0.501654550927154,27.4557674346895,3.18212248467257,7.89395025051032,4.67223760625607,3.35042581467704,2.16025276699449,34.6692515332745,61.2642209201249,0.50000229946584,1.00002105597922,0.850009836937225,0.850003297825711,1.00010885663962,3.43368685953293,0.516839164138934,30.8563135933036,9.13064825607187,0.925773814668164,26.4724455762367,71.8270516207119,1.79062405608968,1.42170895253147,4.6905580225503,1.13920385216732,1.86204630447298,1.73198978072374,3.91764240257572,48.1831856663664,1.14096897746014,0.986858357436746,2.16062120807172,1.84725914373184,0.864925644128706,32.9459102502803,5.26051553344214,0.91158182141587,36.7744294960391,1.32858726884733,0.871926694714004,33.1930252183988,6.71486804100716,0.926307446227095,28.4768614588176,2.07320519476707,1.10935562996056,23.0107704185927,3.56040080966253,2.4423538242485,42.5947828690913,7.86706111932732,0.945497929238909,12.6193126109989,2.07758085356814,7.63699672679085,39.6886582673476,54.7818568164737,0.855920461975681,1.1451524873978,0.530102245272142,0.949103192995337,1.23935814597188,35.23933619883,0.932079573880086,1.5451457299339,22.0796391613679,1.20144066045201,1.48096677962358,3.51707798269264,2.88495500463314,20.3931133391152,8.18333691149562,1.55404157932016,50.5545799256188,7.53847333482931,0.929291014045524,18.7285305007386,3.68965756244185,6.82130734745896,42.2709755010875,11.7046260702062,1.27083978168325,15.4323675379998,5.6711116674388,1.75726859770545,28.8145036083934,1.00307047349164,0.852373972132739,59.9795413097626,7.75613372383574,10.3257118120755,10.8108745486987,1.24288865063626,0.852865965767852,24.5706234927569,12.4510019071217,0.910807869917493,47.7709553525961,3.24032167582804,0.890011401827641,43.6011160312761,2.49902476613951,2.71712028561323,14.4610092058234,1.89483912113892,4.79191048147615,17.9717092168461,12.4588472669889,1.11629036701834,38.3038337084401,13.8328708018547,1.61637332568186,23.2919965298022,5.90049545591089,2.00694317153205,38.2705518234036,13.7637241482417,0.974358489346837,32.5788547616117,0.523317254934103,0.983317425697873,38.621281107263,40.0603650429601,1.02384204900637,1.45069927350961,0.718166261883666,1.10683732763377,2.30590880557023,15.0564728753955,4.64212634919322,1.02741220319099,0.943327204301543,0.915030949598351,18.5417104468038,1.79006092790385,1.29476029120318,48.6739176371294,21.9845759596242,3.05690143697876,9.16880358462032,15.6049350093173,0.876863621293664,19.42422278649,31.1595205315979,1.02374283144209,19.1654394631926,1.38527220787422,2.66030357765132,3.78883474802777,2.55056768552223,4.53151088239947,25.4310202435145,4.94107930880988,0.856738753988339,24.2042500846051,0.50102858261855,5.68839801643293,43.7997946964057
2.00285112476911,0.501662212448423,53.4898472347524,1.83155199399693,2.40888066308977,1.00045693674448,2.04016070279091,0.508369813265832,67.7717639791447,6.20171396143529,0.512174099167671,4.12787781182448,12.0163058036258,0.509391891720011,3.93766765808362,2.09605405336205,6.5380648701561,40.577586249486,2.20009651361752,0.549045443696844,45.6965252691612,2.99435600412982,0.514926354839255,30.8107237301836,35.1261455106483,0.516415795533709,1.20774375836292,12.232234774785,7.83813696557845,1.45737917408706,3.10947903189924,2.55884266483602,15.7041237600168,1.74257813124104,1.82220076762368,21.435134704609,4.98316054410463,0.507213113993048,34.3080568664129,10.3379810714483,0.505504462457163,28.2843237247306,4.50316117457996,6.88046562248229,4.58729347781903,3.49873235454,1.75161757364676,35.4423313091736,61.2587754188914,0.500211464816691,1.00194511891797,0.850904331121398,0.850303294283001,1.01041993248543,4.32219699732787,0.644384195177347,29.485083601982,10.2932066978166,1.04516689341851,27.3284197603059,71.828638633103,1.78668291988015,1.97548825414731,4.6910356606903,1.45315061327392,2.99401507255506,1.26807610641185,3.44059649892811,52.7053820739257,1.51457680842516,1.02386282568167,2.48254537314137,2.38305843892574,0.889065177040382,31.7188820040424,6.34849368286089,0.93301726508637,38.5257511560638,1.65982592374387,0.870860870807273,31.6160599345148,8.22555188503814,0.928155255270007,31.5387052758624,2.04317643360303,0.992275921640154,23.1632217315731,4.27004192429248,2.56736087991637,43.8840894189887,8.92375200128538,0.912362904400608,12.8791407241378,2.41320381744495,6.76890655034134,39.069474630716,54.7811476083111,0.909305683837386,2.45394525086069,0.801525962911022,1.39185961734458,3.39758810909084,35.2335822730749,0.855984453948854,1.03973507401883,22.0808472863988,0.921978347006134,1.03506565840406,4.08367649549004,2.42285898326484,19.2927413253365,9.50451242043407,1.40445667279897,50.2097578837701,9.43877111819969,0.907916118779777,17.811598340159,4.19212205408358,5.31774010074053,41.9134733667617,11.6693398130217,1.21598946898923,15.578510045205,5.64539606310766,1.763775008639,28.8463209745682,1.34433778734068,1.1190735636177,59.7995986091036,7.99299046824127,10.2503009350156,10.9078806914271,1.3955043025776,0.857347988634356,22.4596097441353,14.019726242368,0.933162383066907,48.103237500393,2.84557377918512,0.855832589909127,45.4839543668154,3.25312977090914,2.67422729000829,14.9597920645871,2.00987034522337,4.75121143143591,17.7599880753608,12.9827626597552,1.23903903613942,37.964307278549,16.1474226756878,1.59544356345539,22.1367068728334,5.9468946843266,1.91653764722936,36.0091155050026,15.3917096705941,0.879911130154464,30.9334796048379,0.504681656013929,0.920455358835052,36.0950473817525,40.0591306815247,0.966762509795442,1.30270748783873,0.6465309615096,1.03892183387935,1.87713054508431,15.083675670718,4.64678676922143,1.04047963813334,0.931973944872964,0.919392460005052,18.4344260601844,1.43841545815855,1.0967984435916,48.6753566863857,21.9829892637807,3.05593689447509,9.1684070551142,17.6672320369913,0.861295070469452,17.9652252848472,30.9516000354029,0.958894600806023,17.5477526903745,1.21862005378381,2.44581274218559,3.8837461449204,2.60016823188675,5.01140749920362,28.1980106151899,5.80621059332969,0.856678411137998,23.7735853346181,0.501243626923965,5.58878953779596,43.378975177581
2.01603670231909,0.509536661733143,54.0469113948772,2.20748440273172,2.44047639435003,1.00262519603501,2.02732914155828,0.505898367920634,66.8994995518383,7.86389655950992,0.509662837955366,4.39410582392054,15.4740061401702,0.500896680483856,3.84721002662777,2.16775181898724,5.58335857320183,38.1519705500819,2.34220398275982,0.542349873756507,45.8802846841953,3.65225118812195,0.51317803503806,31.7633809004651,35.1303287185262,0.531319178163716,1.3963744174571,12.2345753165498,7.83856676606415,1.87271829240167,3.99623777184994,2.01472280005328,15.685724693266,1.70270408647973,1.39105178531157,22.7215288481939,6.10963622868687,0.503582797435633,33.4281522863833,11.034999312162,0.502838934486288,28.5741959483502,6.40334829362296,6.01452284771856,4.49095376807563,3.63147794911259,1.41851748665479,35.2372543756361,61.2539273023236,0.500067223705195,1.0006179215086,0.850287475645792,0.850096379595614,1.0032968463689,5.44280894377354,8.19841123718612,26.7363383725575,10.870938317924,9.17165028822255,29.0700139585621,71.8301494491762,1.78277221657564,1.4440648998611,4.69150515188754,1.15178252219613,1.90771770095548,1.00112434031733,2.97127173411225,56.9833627352362,2.1000226199914,1.06713241499174,2.86053591056871,3.19868871461428,0.912191111594483,30.1168279414772,7.55684841987562,0.956668995555574,39.7325425255086,2.22085990911546,0.869670247444969,29.6259557247822,9.94280366946122,0.929796983624358,34.3605621960839,2.0517636606073,0.886993300713082,23.0728790679167,5.13387109151473,2.63407166884992,45.1092173165144,10.0305827169463,0.877577357923712,12.9660863465997,2.78030548128277,6.0021787535312,38.1321377420508,54.7804988518112,0.893765348482236,2.07294665397287,0.722512711684609,1.26297174604589,2.76931716681144,35.2283596743609,0.934362200440314,1.56022661209665,22.0824082321799,1.20978541857589,1.49421031261649,4.78418549465371,2.04235149919886,17.9927977828164,10.8632397995336,1.269109631765,49.5294751921423,11.8132311437097,0.887305053204852,16.70191513229,4.66059630999373,4.15306527666817,40.7332359595622,11.6249045603312,1.16339732843333,15.7245859925448,5.62303576975624,1.77045478891007,28.8863384031812,1.32844296706759,1.1084491535355,59.6195946836564,8.22428365834184,10.1759638682196,10.9968043063819,1.603756633927,0.855087405072084,20.2895777609613,15.4748910068422,0.928026457642049,48.2208487263859,2.49974666292535,0.854243074362979,46.8077657388148,4.30591202492848,2.62777820295279,15.4497330200871,2.1322785636852,4.7073043343216,17.5389035681692,13.5053198467179,1.3949139201194,37.5757330091718,18.6029563575885,1.54447571090868,20.8801077337577,5.90310030363145,1.83285645402055,33.4253492470356,17.0125414294486,0.852322804585413,29.2173100499623,0.500435397888085,0.901605040338638,33.4449623338339,40.0579845026472,0.909682967743299,1.15472424481225,0.574897897437782,0.971008605970866,1.44835924157612,15.1039708429883,4.65227905206056,1.00826449662054,0.920397387770552,0.903632544223776,18.3311614947092,1.0867472509774,0.898830806248455,48.6768237848128,21.9815890816022,3.05499360673022,9.16804240306662,19.8982113225613,0.870601901116677,16.4900604830602,30.3565942141796,1.03507130884949,15.902107289521,1.40488203903198,2.34928746281124,3.97930334211326,2.72061248827155,4.65259382724928,31.1879663931773,6.81040848557667,0.854198876358131,23.256036253991,0.500960036329741,5.4967946360314,42.6529241301809
2.08664487398835,0.554456944048902,54.2849747298833,2.66840868810064,2.47034136221486,1.01507217328061,2.05004538429619,0.511241209120819,65.1846936936072,9.89417856306594,0.521594406951479,4.66890408317031,19.2790612470213,0.501376062299086,3.6588562601989,2.19232468051825,4.75974515299179,34.715621438237,2.53454320345001,0.520144924131801,45.6170574486234,4.45699150434163,0.506444710048738,32.5089460607854,35.1345931498367,0.504890532108562,1.06189561974724,12.2365536172392,7.83885455326733,1.13631287423849,5.23429573473829,1.58834189471503,15.6119886678316,1.6601776502243,1.05177403948202,23.4286195315578,7.56335050635719,0.528869710196076,32.2837292027446,11.6948074841378,0.523713718559388,28.1994386923249,8.99924624951388,5.27311987849417,4.3609415292027,3.72982209036569,1.15066044114044,33.8342620558232,61.2495242029897,0.50008145467063,1.00074797674105,0.850348298028669,0.850116740814694,1.00396397577919,7.66445766744051,6.01989907732443,23.6315792497337,11.7843580505229,6.22017014005499,30.1600583001451,71.8315939946051,1.77889163273783,1.99789027978377,4.69196827665824,1.46562808169355,3.03973747106022,1.01039015076578,2.52671407079649,60.5857675737043,3.02561054622494,1.11507841305149,3.28515808544089,4.43094694240676,0.85394953973361,28.1453477529125,8.82002006502513,0.903791213976448,40.1454518884694,3.17350717037934,0.887060361846419,27.2405997857686,11.7942192815012,0.961760080868706,36.6592917210985,2.16846653158815,0.856925083137416,22.6945551037462,6.17164488118976,2.43855893519862,46.214391592952,11.1615245348872,0.860491652253367,12.8819807786672,3.17019141126882,5.32585825063599,36.9353859137162,54.7799068842944,0.878225021926806,1.69195341344738,0.643500677214222,1.13408512390431,2.14105321419801,35.2236730181272,0.858261649276939,1.05485368497768,22.0842528173443,0.930337761502358,1.04839649412047,5.64581314137355,1.72896401425833,16.5427265798467,12.1835411312842,1.14664179810345,48.5071865027789,14.6989062171491,0.868898303361617,15.4201598135291,5.04830845500422,3.24729789365108,38.739899199327,11.5725072554565,1.1129437932501,15.8713834432534,5.60423231858834,1.77728335432559,28.9357318932846,1.31282477473757,1.09782368079465,59.4402101067056,8.44930368654399,10.1028563515406,11.0778275710309,1.8820541307916,0.853209205468015,18.1461678013976,16.7318527972637,0.922571356871432,48.1245945696353,2.20844365284013,0.869786481129493,47.3599012515188,5.75815004662053,2.57611151836729,15.9139398068679,2.26186473123256,4.6599298879144,17.3090021676398,14.0233409429048,1.58672446137513,37.1413224839654,21.107114114364,1.4539183129514,19.5507728905168,5.77222160382401,1.75621073774703,30.6147778581408,18.5741521567141,0.864918058042793,27.464379296252,0.503362443939158,0.910516094825016,30.7397851272829,40.0569190588166,0.852603422528373,1.00674892998916,0.503266904590615,0.903097490915734,1.01959589144456,15.1194116890174,4.6587540189851,1.01713847678724,0.908595662324886,0.904383785432653,18.2325159230673,1.61402747149211,1.19563445984509,48.6782970918246,21.9803551125411,3.05406998966332,9.16770490206577,22.2607188936381,0.858540245554553,15.0171625561938,29.3938964444629,0.969776399946422,14.2546203416119,2.13185363560812,2.35208097849001,4.04980794050268,2.89685201896632,3.7838482186002,33.7181425024556,7.95747224351114,0.851814674070086,22.6460434155813,0.500511936336009,5.41292528162431,41.6114661786175
2.02423661153649,0.516253987599104,54.1772179946539,3.22701027755396,2.4980037537995,1.0045668928261,2.0771020329338,0.518194460387429,62.6188452965136,12.2953725437205,0.542648363847661,4.95118067105055,23.0499394602128,0.500188438324903,3.38526720603388,2.16582288874003,4.05303796994244,30.6096232613763,2.78854106214772,0.526837535432395,44.8718127023749,5.42057480606424,0.508902094829758,33.0230260501641,35.1388727766043,0.519794331622293,1.25054151607444,12.2381924349945,7.83901481956204,1.55164469125131,6.89702247724692,1.25484535511037,15.4352177382683,1.61071460587709,0.7909188520849,23.3721058681792,9.35169730196046,0.513655416433089,30.8708905836741,12.2728342526273,0.511543020230212,27.0754280519496,12.2641566793781,4.63863001003696,4.17837922723487,3.77278979775101,0.93842660369414,31.1409835789502,61.2455562807259,0.500096684524329,1.00088793616333,0.85041337835356,0.850138535302289,1.00471384558064,10.9801569919765,4.54993283207752,20.7461217061742,12.3861430753368,4.21506575148107,29.0585729363494,71.8329761524222,1.7750408506207,1.46642238912946,4.69242576507311,1.16435396389978,1.95338587334074,1.00436138401206,2.12209772645499,63.0478996158795,4.49079832571251,1.16595169613509,3.75085855213259,6.2512124552994,0.874033194092288,25.8361617410708,10.0260739520466,0.923987560620245,39.4719688357181,4.79782577107852,0.871345427018109,24.5069213503864,13.6385821976662,0.940140654922189,38.0185829006641,2.35478298738493,0.850055430911651,21.9896057164403,7.37938100234679,2.18569495863107,47.1205558654063,12.2884479938991,0.851920416033142,12.6387869926965,3.57044483043522,4.72952989629576,35.5391989722308,54.7793680922519,0.862684706431975,1.31096548147314,0.564489795276231,1.005199688098,1.51279631041067,35.2195242467174,0.936647623159776,1.57536735153566,22.0863189476528,1.21813744790143,1.50748125203839,6.695009708251,1.47069039223565,15.0028630382489,13.3774427458753,1.03600209616936,47.1406880460789,18.0798538274311,0.853834224975698,14.0028148991717,5.30587782493485,2.5412703516498,35.9919619658391,11.5133699222792,1.06451522542808,16.019537912073,5.5891814870672,1.78422845055099,28.9952829276215,1.29747767133511,1.08719924198792,59.2620968164792,8.66741172948139,10.0311249120133,11.1511714094744,2.24809143377942,0.851753544694889,16.104276770291,17.7198844027271,0.916855007624943,47.8176518759745,1.97621918361188,0.851484012769035,46.9119247074213,7.713359781304,2.51721421277126,16.3322128823359,2.40786265713364,4.6613359229883,17.0692510798495,14.5899951160991,1.49937185279361,36.6525016300781,23.5524433077502,1.30604951476729,18.184807231134,5.56424298417469,1.68686935727943,27.6880751581881,20.0460306588797,0.87481532780494,25.7055450228604,0.506561687352544,0.917824383933381,28.0450029063517,40.0559267228576,0.971315069808855,1.31446403415516,0.652232375178925,1.04432584857842,1.91121814620015,15.1323043276671,4.66637802356663,1.01379055451221,0.896554319816186,0.899708370744416,18.1387116540689,1.26231698862518,0.99765447227613,48.6797606086018,21.9792690038825,3.05316470178334,9.16739069260299,24.7045208330811,0.850418339118126,13.5667641579266,28.1022761080977,0.904605918939341,12.6342517539246,3.35592075558869,2.34836532435133,4.08215998534112,3.0721964106991,3.06602527322125,35.4010958332466,9.24273002457135,0.873233047438466,21.9408700183503,0.508372018766029,5.3376806174315,40.2541628351567
2.00489941173257,0.503632039757185,53.691007421861,3.89294921277135,2.52268651821042,1.00104760025002,2.11518239559011,0.529112835528916,59.2451056180342,15.0232014939692,0.587379050463351,5.2398045050415,26.3376583533577,0.50087293721761,3.05498450460684,2.09274475278563,3.45138853131594,26.2710790103704,3.11970218083459,0.529714684951552,43.6174563154624,6.54188604472719,0.510300543271298,33.2812415532563,35.1431014264808,0.534699825604812,1.43923723218609,12.2395156217995,7.83906268300671,1.96703585943934,8.99665916925939,0.994895058988547,15.1131020401615,1.54994976249506,0.594740627586948,22.4190557850038,11.412740476669,0.50127430855763,29.2074277634933,12.7206698067964,0.501104345300639,25.2052934153339,15.9083127735214,4.0968230249353,3.93497187853778,3.74386955408699,0.77267045899503,27.3297609964908,61.2420407922204,0.500207080450345,1.00190396182521,0.850885226635635,0.850296685080069,1.01020113373808,15.3677447999032,3.54238849855193,17.9110769723075,12.5494046742683,2.88978873331932,25.8569030191504,71.8343038718765,1.77121955453213,2.02029154089358,4.69287896685148,1.47809941880287,3.08544805370239,1.00157745815898,1.76834489597729,63.8085889737479,6.77863392723365,1.21717106347169,4.25171377476686,8.81174605336766,0.858044652343961,23.2576516771953,11.0189145967336,0.908283389178776,37.4239547940445,7.52920697171672,0.852970614309826,21.5009788648369,15.2491863561927,0.906095102803671,37.869499972821,2.6019743732081,0.859955956008261,20.9507146623253,8.73918957035136,1.95344408177789,47.7896144251222,13.3829290608142,0.854612200814214,12.2578083170004,3.96615394789444,4.20413428706688,34.0024010391325,54.7788784371143,0.916069765699954,2.61969040218055,0.835899641730895,1.44794193083036,3.67092720282952,35.2159019201003,0.860539754048814,1.06999348769988,22.0885476970247,0.938698133604242,1.06173156510433,7.95212064882602,1.25758479473091,13.4377354583081,14.3564784252628,0.936349639757086,45.4346440133618,21.8629519164215,0.851863827648206,12.5018938680008,5.39243861231963,1.99032934089077,32.6139202443084,11.4487170755599,1.01800451150464,16.1695315662966,5.57806969538958,1.79125147133663,29.0654103671745,1.28239491281244,1.07657779537209,59.0858737539317,8.87804580286707,9.96090590085055,11.217090653964,2.72265098871236,0.850737019222855,14.2199959147532,18.3902341841013,0.910950043491492,47.3025474389568,1.80703722744951,0.856372977867143,45.2669348727447,10.2409968707084,2.44905684712362,16.6820773547177,2.5627144616569,4.66930834430731,16.8177471594026,15.1550421204705,1.3696114815416,36.0920660452107,25.8306840517458,1.07122828731774,16.8219994497853,5.29467729081875,1.62509765784287,24.7587316429937,21.3869092670742,0.915464112752046,23.9749718525701,0.520887193862524,0.948988317552778,25.4208764124676,40.0550003662478,0.914235521819571,1.1665030317959,0.580605098516112,0.976418570377182,1.48247623428529,15.1451303368165,4.67532594795125,1.00269608431523,0.884246036994963,0.902082978556897,18.0496106724699,1.78966471309593,1.29448186904124,48.6812039593398,21.9783142880408,3.05227663424711,9.1670967630097,27.1696538910714,0.853535844099405,12.1597039056793,26.5369664591021,0.980031485210666,11.0707144154954,5.37894283824223,2.34028614723087,4.06039741715943,3.23318760095767,2.47993812524224,35.8020118248077,10.6506313531931,0.870215716588273,21.1418375811537,0.508961010862897,5.27155056592024,38.5935014456512
