Cancer_Cells_009,Regulatory_T_Cells_009,Effector_T_Cells_009,Macrophages_009,Endothelial_Cells_009,Fibroblast_009,Regulatory_T_Cells_013,Effector_T_Cells_013,Macrophages_013,Endothelial_Cells_013,Fibroblast_013,Regulatory_T_Cells_022,Effector_T_Cells_022,Macrophages_022,Endothelial_Cells_022,Fibroblast_022,Regulatory_T_Cells_023,Effector_T_Cells_023,Macrophages_023,Endothelial_Cells_023,Fibroblast_023,Regulatory_T_Cells_042,Effector_T_Cells_042,Macrophages_042,Endothelial_Cells_042,Fibroblast_042,Regulatory_T_Cells_056,Effector_T_Cells_056,Macrophages_056,Endothelial_Cells_056,Fibroblast_056,Regulatory_T_Cells_079,Effector_T_Cells_079,Macrophages_079,Endothelial_Cells_079,Fibroblast_079,Regulatory_T_Cells_081,Effector_T_Cells_081,Macrophages_081,Endothelial_Cells_081,Fibroblast_081,Regulatory_T_Cells_084,Effector_T_Cells_084,Macrophages_084,Endothelial_Cells_084,Fibroblast_084,Regulatory_T_Cells_096,Effector_T_Cells_096,Macrophages_096,Endothelial_Cells_096,Fibroblast_096,Regulatory_T_Cells_097,Effector_T_Cells_097,Macrophages_097,Endothelial_Cells_097,Fibroblast_097,Regulatory_T_Cells_109,Effector_T_Cells_109,Macrophages_109,Endothelial_Cells_109,Fibroblast_109,Regulatory_T_Cells_112,Effector_T_Cells_112,Macrophages_112,Endothelial_Cells_112,Fibroblast_112,Regulatory_T_Cells_113,Effector_T_Cells_113,Macrophages_113,Endothelial_Cells_113,Fibroblast_113,Regulatory_T_Cells_121,Effector_T_Cells_121,Macrophages_121,Endothelial_Cells_121,Fibroblast_121,Regulatory_T_Cells_123,Effector_T_Cells_123,Macrophages_123,Endothelial_Cells_123,Fibroblast_123,Regulatory_T_Cells_152,Effector_T_Cells_152,Macrophages_152,Endothelial_Cells_152,Fibroblast_152,Regulatory_T_Cells_153,Effector_T_Cells_153,Macrophages_153,Endothelial_Cells_153,Fibroblast_153,Regulatory_T_Cells_158,Effector_T_Cells_158,Macrophages_158,Endothelial_Cells_158,Fibroblast_158,Regulatory_T_Cells_184,Effector_T_Cells_184,Macrophages_184,Endothelial_Cells_184,Fibroblast_184,Regulatory_T_Cells_187,Effector_T_Cells_187,Macrophages_187,Endothelial_Cells_187,Fibroblast_187,Regulatory_T_Cells_189,Effector_T_Cells_189,Macrophages_189,Endothelial_Cells_189,Fibroblast_189,Regulatory_T_Cells_192,Effector_T_Cells_192,Macrophages_192,Endothelial_Cells_192,Fibroblast_192,Regulatory_T_Cells_197,Effector_T_Cells_197,Macrophages_197,Endothelial_Cells_197,Fibroblast_197,Regulatory_T_Cells_200,Effector_T_Cells_200,Macrophages_200,Endothelial_Cells_200,Fibroblast_200,Regulatory_T_Cells_222,Effector_T_Cells_222,Macrophages_222,Endothelial_Cells_222,Fibroblast_222,Regulatory_T_Cells_227,Effector_T_Cells_227,Macrophages_227,Endothelial_Cells_227,Fibroblast_227,Regulatory_T_Cells_228,Effector_T_Cells_228,Macrophages_228,Endothelial_Cells_228,Fibroblast_228,Regulatory_T_Cells_242,Effector_T_Cells_242,Macrophages_242,Endothelial_Cells_242,Fibroblast_242,Regulatory_T_Cells_246,Effector_T_Cells_246,Macrophages_246,Endothelial_Cells_246,Fibroblast_246,Regulatory_T_Cells_247,Effector_T_Cells_247,Macrophages_247,Endothelial_Cells_247,Fibroblast_247,Regulatory_T_Cells_251,Effector_T_Cells_251,Macrophages_251,Endothelial_Cells_251,Fibroblast_251,Regulatory_T_Cells_252,Effector_T_Cells_252,Macrophages_252,Endothelial_Cells_252,Fibroblast_252,Regulatory_T_Cells_259,Effector_T_Cells_259,Macrophages_259,Endothelial_Cells_259,Fibroblast_259,Regulatory_T_Cells_260,Effector_T_Cells_260,Macrophages_260,Endothelial_Cells_260,Fibroblast_260,Regulatory_T_Cells_261,Effector_T_Cells_261,Macrophages_261,Endothelial_Cells_261,Fibroblast_261,Regulatory_T_Cells_264,Effector_T_Cells_264,Macrophages_264,Endothelial_Cells_264,Fibroblast_264,Regulatory_T_Cells_270,Effector_T_Cells_270,Macrophages_270,Endothelial_Cells_270,Fibroblast_270
73.5,2.78,6.31,6.99,5.49,10.94,4.03,6.17,2.21,3.57,9.82,7.46,8.18,13.17,7.26,16.63,7.88,4.16,12.52,3.06,9.99,6,36.58,33.76,2.56,18.14,2.41,4.41,3.87,4.6,13.79,2.34,7.62,6.19,2.54,14.39,2.55,5.66,1.74,7.54,45.219,2.24,32.77,18.84,2.51,10.8,6.88,16.76,2.21,3.71,25.39,4.87,6.92,11.19,1.085,9.34,7.52,59.24,2.88,1.39,13.51,5.85,15.49,7.93,6.83,24.92,1.91,4.56,2.74,4.94,14.82,10.21,37.09,3.95,2.24,12.15,4.68,20.37,5.99,1.94,9.87,4.52,7.56,8.18,4.09,19.98,0.86,4.59,1.51,1.91,11.14,6.57,20.87,11.54,2.04,21.32,6.26,33.4,11.83,2.68,15.58,4.64,17.75,16.14,2.67,18.71,10.89,15.53,13.86,3.39,6.25,4.38,27.59,8.03,3.87,20.75,4.64,7.13,8.47,3.87,10.13,1.26,12.25,2.83,1.04,32.98,5.54,30.25,12.66,5.13,29.92,12.63,43.73,31.97,2.52,7.55,13.79,33.58,9.08,4.23,11.86,15.54,20.09,9.38,5.14,17.31,4.6,23.41,6.54,5,19.89,1.81,11.03,3.2,5.22,65.7,11.69,47.83,4.62,6.78,22.63,3.54,12.48,7.64,3.15,16.91,5.42,19.69,10.66,4.42,17.92,1.59,10.14,6.63,2.28,37.89,1.54,3.25,1.14,5.04,53.99,3.29,14.96,2.48,2.62,20.04,15.43,32.29,8.37,1.98,15.4
72.4280868835239,2.36028232358699,3.98773490103422,4.55248601306873,4.13878681528791,3.29406713474606,4.17498496096755,1.35243467131557,1.80333628547304,2.65845254007304,2.20953314231526,6.84223165798507,5.51648893645938,11.0116802359406,5.50683453332771,8.22292410169841,6.30229374004667,2.92344984402255,8.70242215190635,1.84156958286164,3.82470323898946,4.03397574646696,20.4905014685337,34.344075438107,1.83773112660331,10.3872442118586,2.28152098510815,3.06709627203838,2.87278498550735,3.38948641859295,4.60939834496055,2.09639380115989,4.73633630703463,4.7740985564756,2.04691132453734,8.6509816872449,2.66218608164121,4.71518651809433,1.61457679850851,5.38247740936409,32.3478899502228,1.90784869457535,18.6896488110719,19.2586228752918,2.07952734331661,8.99234782802707,6.53944126080204,13.827028439406,1.90411093164693,2.9271656251446,19.9305400437856,4.60021796183735,4.32730242850313,8.85497349855445,0.9076561909908,6.1258611154914,5.50404034801973,54.9655884755158,4.09408952691246,1.4724672587764,13.6606686649397,5.41834533820602,12.4975028111889,6.79462359838135,5.01012848814957,20.0368904141307,1.79886994987249,2.88559938786118,1.90006956110159,4.07207366737394,8.72004392479744,8.44941928044982,24.3216700637915,4.4591560777261,1.86371670522222,8.57002428662545,4.1874629370022,13.2062022122784,4.88411701333538,1.59500059721841,6.61659555669138,4.41539511546712,5.57712285911037,6.19827545343305,3.28182938585137,13.5753033543479,0.936530102804186,3.05050437553763,1.18493370044331,1.71575880685695,6.54431500930331,5.78508204794804,14.1298874499733,10.2314320313771,1.67859915050385,15.9273651049689,5.28060250710354,28.4360087055399,9.94302731972037,2.48307736761192,12.0403963578061,4.25446356686315,14.6493808994084,13.2645180554225,2.62245303887352,14.3439648285817,8.93293417367071,10.3086950021613,9.74489880191987,2.97518272434641,4.62464653387763,3.7043410550167,20.6600791471639,7.29440559299805,3.13166558002442,16.0955784816171,4.2341799126897,5.01277523077262,6.09074267658061,2.69482177543087,6.36835190576917,1.20038627926616,8.70611770127709,2.24393709070431,0.986072299988588,21.5860391564018,4.46043275200111,24.5193338401925,11.5178998943909,4.17088249298078,26.1424428920606,9.05216892888967,40.3919286223149,29.5734674481839,2.09269978956497,7.89025368750894,11.2498376663971,28.5803702791229,7.90430149672659,3.67964604771951,11.2423963685463,15.2734106927692,18.1190093429317,7.9590664586193,4.38875950995166,14.00932616786,4.13286762350458,17.8361431336962,5.98639118472885,4.05628726627137,15.7137583990186,1.70652698875676,10.2445944255454,3.1797605008814,4.01625936219193,57.4567745692171,9.30042842561427,45.8361665894427,4.71207022153561,5.57505694570729,23.1611886434569,3.23561894819048,8.76781491248805,5.54066821727121,2.4213935848862,10.9276066423414,4.9271481563308,14.0849860895502,9.09365554750017,3.53132842776192,13.1305397265448,1.5904501832683,8.22725167502492,5.57463873796918,2.20254039834093,25.582440850516,1.48753587735645,2.52050063422712,1.01742157027819,4.67295077525666,38.8063164759279,2.92937199280836,11.1790166862204,1.94565528582868,2.0930568599325,13.7979941987605,12.0144164393179,25.5030379349361,7.02385565301388,1.66644983956827,12.860915604855
65.8822649486464,2.03695697252235,2.64248761446643,2.97715691787514,3.2611009854983,1.07756310845953,4.35930745962336,1.02524819880331,1.44353306869636,1.97684305485686,1.02507606277292,6.48968537389281,3.89943268364128,9.07405146574583,4.34974120926424,4.10154044190842,5.33188621114668,2.21114535054068,6.17145042690706,1.22046912932819,1.62625304579576,3.10919596958124,11.9422667798161,31.4922718488926,1.39443237220385,5.87564757663118,2.18879687730395,2.25367247727499,2.16005238434869,2.69459352052543,1.72159643929543,1.89956397465075,3.19438189344626,3.69305121487245,1.69749342270498,5.59470390757777,2.7775049028878,3.64167445210381,1.38603016354331,3.83936600421713,21.3912024271103,1.69909737634569,12.2843014958193,18.3274512060622,1.75098736809312,7.8251659131423,6.29122540834628,11.7707161510522,1.60676080317624,2.36701329517962,16.1525072383909,4.40845155507446,2.97851563993596,7.1264914488184,0.902258032497644,4.37796293573709,4.10642106446235,51.7980343447191,5.72174387605814,1.57112088095982,14.1912127618111,5.08899298019056,10.3463013627595,5.63912745915961,3.72636274478527,16.3474481317138,1.70392679218943,1.9573019451974,1.3305206494711,3.45932527420097,5.52240160329752,7.32930091583653,16.0703502431318,4.57911207423371,1.56940224161812,6.13207450329965,3.86301506537512,9.4788558840074,3.90082599355556,1.34798697374849,4.7753407900064,4.35481702535325,4.19335121382874,4.68073860834319,2.68391413686381,9.48390554994394,1.02420595065437,2.10662253013656,0.94103177073319,1.57265756851186,4.06251360644571,5.2371955342709,10.1973440013992,8.72788263634611,1.41512608807849,12.3979389137689,4.57770844778634,25.2477764878227,8.42385583495317,2.35207153188838,9.70814804531605,3.99061155232759,12.459631749362,10.9192946456865,2.62311631852748,11.3876833017618,7.51491092865046,7.03070947167447,6.78466769557149,2.65053285967403,3.4302484030351,3.21206585803694,16.4206969403981,6.67012503370049,2.6154465638426,13.1080241865145,3.90848955319037,3.61026985677445,4.40841069672409,1.90915240155659,4.08953941414933,1.15957278996238,6.47271165698991,1.77359264475683,0.959878653142821,14.6178014956987,3.71583764818964,20.5028122986877,10.469418555521,3.46235973028787,23.196615567214,6.78852488826758,38.0172287263564,27.4202816930598,1.769561732118,8.27839827056294,9.35379186760041,25.4544092804939,7.00699990976845,3.2793864310981,11.2167402099999,15.1609678709691,16.5444357140102,6.74249193362278,3.82211685690117,11.5613794675894,3.79889395807837,14.2567257293261,5.52170235015704,3.37367487634127,12.9765521790767,1.61322795856843,9.26389462271163,3.04654135463918,3.17086072390465,48.2288499813807,7.53644614481854,44.5899131529808,4.82726216462112,4.63960159326,23.8362100820028,3.00565110689273,6.58860659480059,4.07892575020244,1.91661834345924,7.52426728578272,4.59129311390095,10.701145087152,7.79100215576724,2.88518139200358,10.051602394669,1.60748493955954,6.44506329779558,4.52234490527426,2.15149960661399,16.7531136362584,1.44151573017644,1.85133613871093,0.859622722872449,4.39685043832729,26.2609245313823,2.654444295818,8.51370845910511,1.50273192776068,1.69188438012419,9.59690953778667,9.77047075734429,21.4641739711303,5.99721870271802,1.43967283180496,11.2602529474184
58.925697608292,1.77422363532587,1.86204867672068,1.9994269298369,2.64873988872902,1.01390108182451,4.5415904072712,1.17965623043791,1.16637222708022,1.49310935423904,1.17936461980206,6.28470189925495,2.92194456019989,7.51471200276839,3.54294098409984,2.18825170323786,4.6792930914439,1.7980728993595,4.50019730891795,0.868060176924363,1.00558181379167,2.59238097287726,7.39411617996184,27.4529558849314,1.10174600952554,3.38469417773254,2.11717415422313,1.77603942235895,1.67815809166208,2.24942188687306,1.01240202862881,1.73267374513914,2.32034854281704,2.90065938848678,1.44200977226789,3.88677981148472,2.90024056979419,2.67472342723781,1.12094449018727,2.74263551799456,13.4081084438332,1.55048646640581,8.8443999091011,16.8881515854871,1.4938549077219,7.02902961261868,6.10451047123153,10.358856333124,1.34376904954765,1.95384640920295,13.5547877370754,4.26337702779147,2.2173200213026,5.85746899154324,0.90725077260807,3.36476166052055,3.10681659587395,48.7574562055459,7.85961297283891,1.67918011222302,14.9626871731841,4.83154026323012,8.81875309840316,4.59075835514949,2.80737708331602,13.6033181474497,1.6192680903179,1.42174931186559,0.950815080763776,3.01529987502304,3.77085301158766,6.55881420793365,10.6233534083674,4.40142107645206,1.33032254510307,4.39115050254424,3.62864982910563,7.33247407295541,3.10449311932677,1.16327168183188,3.65541335524756,4.32396798893043,3.24468173826452,3.55686562437611,2.2334654220026,6.87588645113479,1.12228807583544,1.51463645186905,0.759809162088182,1.46650124354068,2.65960708801368,4.82738056621748,7.78970160129976,7.31207469222224,1.21695377715677,10.0259010917185,4.04349787901228,23.1954516241351,7.19866116168095,2.26637384132606,8.11100235467883,3.80573761407622,10.9203713841891,9.04334003981874,2.66323510694994,9.36108022984886,6.42811527767893,4.87056799380555,4.68791441307717,2.38632063936429,2.54274679628453,2.83014251302443,13.6598742498641,6.15115301784339,2.2366444445447,11.1118051787066,3.63716968419659,2.67211775357682,3.22560718705407,1.37264119772338,2.69828229850698,1.1302090248724,5.06284501799971,1.41691730750085,0.955857723598766,10.3876053685123,3.17282393609033,17.5777580090489,9.52939856988517,2.92243079166476,20.8775593595953,5.25418566433608,36.2959038568996,25.4641239237831,1.51584877197673,8.71409480499331,7.87377485455952,23.4252352739316,6.30170791200898,2.97298613687768,11.5935001985445,15.1631739573296,15.3172234340602,5.71858242085756,3.38299582102104,9.73185841610807,3.54582813476894,11.8457251835521,5.14127319515369,2.86061437439845,11.1270286826237,1.53130429585955,8.20957051263756,2.82233847000174,2.56162052725259,39.128319465397,6.18487965673889,43.8296342381295,4.96425597333734,3.89425288168732,24.6057031684437,2.82034796182984,5.25992172274073,3.0628544247034,1.55377759084091,5.51189244303034,4.34769152792033,8.53470626169469,6.72999516599934,2.40023415261525,8.01071630323204,1.63953274540404,4.98789901653964,3.60352889984677,2.1249958844215,10.8800819855874,1.40102202692086,1.32693254127636,0.702847559880156,4.20450502068626,17.3156962267781,2.43604008519116,6.61951189725086,1.15251033811456,1.38171935332724,6.77782719522537,8.1737768342399,18.8915868107408,5.19461891032059,1.26734057915935,10.2158279359538
52.705602325884,1.55358225577564,1.38687475194908,1.38123710623423,2.20049936741097,1.0182695377434,4.72076119422496,1.07533285719742,0.951936787815136,1.14445556245513,1.07553377115008,6.16569818482821,2.31739733497776,6.30180944820861,2.95601517355883,1.27209779687213,4.20699252940597,1.55550954833865,3.37069510324216,0.649858289194517,1.06113955358587,2.26612719397764,4.89204221252603,23.4237366844753,0.897545897687206,2.02871230858228,2.05828612155193,1.49174174829365,1.34851101045428,1.93978500388893,1.0199423936593,1.58692326336127,1.79790364642677,2.32223570659295,1.24992126570956,2.88231004844982,3.03150802511574,1.91671382907875,0.872299224692621,1.96592277082348,8.17854070663729,1.43698362325678,6.81606194151087,15.3243460510098,1.28895847820338,6.47971415169652,5.95876937470631,9.41933510916656,1.1224768049472,1.64104220447949,11.7807157988359,4.1481715677507,1.75969661193902,4.91503065181417,0.902952975122031,2.74873822141491,2.38034711326005,45.2598300555716,10.5527533608887,1.79038743745792,15.8807327409019,4.62509704640655,7.74688921179604,3.69981996339069,2.14015729029219,11.5832969137101,1.54182085095213,1.09889653902578,0.695317044455518,2.68589097286915,2.7608260014791,5.99475557130438,7.00058652964373,4.03423078969231,1.13153275568794,3.12229170104384,3.4483869905792,6.01178739564757,2.48002206810942,1.0206322244664,2.93788450014612,4.31308257432623,2.59418715696461,2.73356834365504,1.88796974311171,5.19199441687481,1.23043060048467,1.13144782846083,0.624211868801044,1.38761324054142,1.82780289817868,4.50449644901958,6.2546797256999,6.08392910185065,1.06398957374753,8.39782044772446,3.61865637855838,21.9157967890787,6.20462824824517,2.21348303403707,6.98258832792943,3.67388856922268,9.85086189154762,7.55338490882945,2.73698836022356,7.95781216350107,5.56058592965796,3.40559596259778,3.22042989925896,2.16494089128738,1.88136681636908,2.52079458472389,11.7810054475779,5.72264537858233,1.94816876317323,9.73995187278284,3.4044009756672,2.03377590031117,2.39033347850725,0.999568995540146,1.83333918531724,1.10802543391399,4.16252375002262,1.15097233738841,0.970286889271401,7.7732741216026,2.75983002976381,15.3865203535632,8.69736677199707,2.50055564614667,19.0407906478486,4.16173885747709,35.0271245276151,23.6724141463037,1.31082521318632,9.18800243719706,6.6827226511307,22.088872162001,5.73470700329406,2.72844095313775,12.2816443345137,15.2488564719218,14.3853235786533,4.86437862677046,3.03496636529013,8.3528343297553,3.34537290973949,10.1640192600694,4.8342305327705,2.46320080905217,9.85483595867978,1.46035722275193,7.20622598736804,2.54655528585641,2.11416056770004,31.0780638642933,5.12097480465936,43.396314837944,5.12265066191342,3.28885158438466,25.4357300992309,2.66380339525772,4.42717567810869,2.34734190258082,1.28464961578867,4.27295004654426,4.16257055194662,7.08785545148915,5.87077917744369,2.02677092349569,6.62198391949494,1.68429270397234,3.87684229350885,2.85753266079764,2.12111506588341,7.12356649675439,1.36487009194563,1.03613192902147,0.567670486508678,4.08774147171135,11.4731201476372,2.25653706642497,5.25723755408861,0.882622218154875,1.13870364284393,4.87476948395511,6.97348787239901,17.1849155878414,4.55355553030919,1.13146738591432,9.52734683849121
47.1394577352739,1.36470443430442,1.08421812711766,0.979000778621957,1.86436510810517,1.03312065871204,4.89640163397259,1.38635355459081,0.784457793574411,0.888595580844538,1.38920563426194,6.09891521612679,1.93334682017521,5.36188816615141,2.51401769895636,1.00264768192347,3.84468245613486,1.41529165724354,2.58427650776397,0.505366141225705,1.00691077907505,2.0413689875587,3.44951897010078,19.8618456024013,0.749051633087998,1.28080839917622,2.00744498457953,1.32178602201847,1.11590500059317,1.71511916287481,1.02049920532527,1.45727673013331,1.47194573433914,1.89531636717992,1.1018368114829,2.26349181886739,3.17077307132012,1.36607037538073,0.664654060268005,1.41589824090279,4.95506305076781,1.34623103050135,5.54674254961645,13.8091066692525,1.1231652035915,6.10846397686366,5.83998926286191,8.83272328178605,0.941138313980531,1.39875702982021,10.5890604095891,4.05329552891695,1.47174225464461,4.20272365179778,0.900849101076619,2.3633304263853,1.84852907359438,41.0209040190435,13.7314083029361,1.89863592896948,16.8677722403689,4.45518191631708,7.00979109121716,2.97104251856306,1.64920623092588,10.1092804636306,1.46967358792206,1.00237849323815,0.520140329826797,2.43638790774587,2.14989456801979,5.55962936356489,4.5891129274975,3.57055571384159,0.963802611649786,2.19411071319718,3.30323441163033,5.16403704926692,1.99478613658696,0.907638367404659,2.46022652771535,4.31565882645989,2.14453506344264,2.1294449744444,1.61835707901537,4.08369710239857,1.34829514794171,1.00114689044946,0.52141058288973,1.32934492123437,1.31188342422475,4.23967884547255,5.24353315604781,5.05804289324823,0.943234715022294,7.26198897544952,3.26810147277447,21.1919041538667,5.39183477028413,2.18539252742384,6.16520068093942,3.57850140091202,9.12799606124618,6.37003479246776,2.84032083099283,6.98187373903308,4.84708901786131,2.39458830610504,2.20269550699241,1.97533493826151,1.38886565690618,2.26243090530833,10.4610844943302,5.36888571828,1.7218228406817,8.77994033124643,3.2007023975827,1.59060583388341,1.79503802588857,0.907582186598204,1.28315255069452,1.09048835740447,3.58200863031819,0.952103629561476,1.00074109401152,6.11229122947911,2.43526081710057,13.7090355094673,7.96562321773385,2.16400426307727,17.5805965926888,3.35488525276935,34.0814347661442,22.0223916185434,1.14145504771892,9.69026278248823,5.70333474221472,21.215989545642,5.27097457183653,2.5261313311262,13.2334408991156,15.3931719573494,13.7024387858224,4.15435532892286,2.75383461172094,7.30500436473504,3.18092645793271,8.96089349443806,4.58900736930965,2.14773157144956,8.97586829375479,1.39903591187919,6.33931714643655,2.25901664327119,1.78019349748782,24.5287570634258,4.26658980616352,43.1867742678557,5.30253546021638,2.7899101037699,26.3010948610738,2.52692212733252,3.89924448909515,1.83388595349814,1.07955284431793,3.48231790691209,4.01663375424155,6.09122177373913,5.1734772868142,1.73284461323486,5.65643703523102,1.73963472208901,3.05657845919737,2.27351424331152,2.13799124528331,4.75020844208187,1.33111434860257,1.00150568702189,0.500540194646589,4.03813391746344,7.79838556907279,2.10487430008605,4.26372018125083,0.677298531096671,0.946062260174285,3.5751929550699,6.03453925792399,16.0282635963568,4.03184934473892,1.0211935280439,9.08039477286595
42.1582005588714,1.20067339109406,1.01247860724349,0.710236637210311,1.60686675341401,1.04209785974154,5.06804603927573,1.03380871518186,0.652405051440169,0.697867656936035,1.03417264899758,6.06476758630453,1.68382378377801,4.6275323979264,2.16904801697413,1.03161101485289,3.5539312419368,1.34203052306792,2.02359587034628,0.508235047765365,1.02619196278654,1.87627262016255,2.57648787081698,16.8679646801385,0.637369440687925,1.00539664000697,1.96188488024371,1.22496219418536,0.946913505962128,1.5476869399163,1.01874968693578,1.34059661840959,1.26239860298701,1.57477965673658,0.985068383804433,1.86744465801743,3.31690386102604,1.01207824743148,0.505820741272426,1.02534782179038,3.02189439114642,1.27124028763569,4.72166157029475,12.4143654253965,0.987136106870898,5.87318848294215,5.73826711139719,8.51918415376423,0.794542480318419,1.20723592199461,9.82045204405437,3.97292845507936,1.28540132180401,3.6540968422244,0.900284027423442,2.12113492669854,1.45794018636676,36.0643691380247,17.1600951053942,1.99845851641719,17.8556648808169,4.31158351614616,6.52364624121867,2.38792896940236,1.28331809262373,9.04630568299141,1.40107369175119,1.00191838214946,0.501803113377519,2.24379015408195,1.76578801336022,5.20890693005506,2.98844924552957,3.07825577268694,0.901421967958259,1.51981367973897,3.18250136738589,4.60776568314626,1.61752332930838,0.902014016393382,2.13367958980132,4.3273707455584,1.83082199133981,1.68241549317081,1.4044997498321,3.33964609981205,1.47470261724469,1.00516002038771,0.501939527791102,1.28710601342416,1.00632299564319,4.01570182575099,4.56145771703486,4.21556278359047,0.900634980914484,6.46125317813124,2.96986756914196,20.8888584486836,4.72164731515305,2.17674143090968,5.56139891002212,3.50856164277257,8.66877933960184,5.42635924944476,2.97022595681088,6.30717584412847,4.2473223298989,1.68938101370174,1.50171410210515,1.81022123929241,1.02295633591962,2.04175958998775,9.51264161423818,5.07590929070896,1.53976772567884,8.10253153698895,3.02054705049621,1.27640955095986,1.36603436066705,0.901571035265931,1.00187067208927,1.07604421986935,3.20856583552042,0.801555901032259,1.04568997380714,5.02653670625879,2.173335663579,12.4024280757645,7.3236390648634,1.89071382651897,16.417842397224,2.74179414251156,33.3830466619331,20.5023683711511,0.999220999626521,10.2203617891138,4.88538165314429,20.667637749832,4.88684392237695,2.3533680412035,14.4209556533361,15.575958366948,13.230726301227,3.56446401389531,2.52302463564733,6.50379568723555,3.04210837142272,8.08485493408143,4.39525154492572,1.89210148803636,8.37619219003478,1.3456310283631,5.64441265825087,1.98797259382854,1.52712222872016,19.4952150874236,3.57023700891122,43.1308337662158,5.50426813012569,2.37413505215607,27.1820797503856,2.40418807312694,3.56921664670302,1.45774935661519,0.919532543655217,2.9636688198501,3.89808384785558,5.38956866072126,4.60394145830632,1.49713968063332,4.9742398301558,1.80389087064433,2.4572651844586,1.82311723002938,2.17398064681714,3.24353982492763,1.30058327788767,1.00057561634301,0.500294810465979,4.04743658732317,5.49664443582426,1.97412923385621,3.52839880076923,0.521933876293205,0.9051120542767,2.67487192636577,5.27753423203652,15.2402053216227,3.60026041685237,0.929552304865455,8.80517773497508
37.6590276932683,1.05613157145586,1.01570009992801,0.526340581268392,1.40627577821804,1.05694026729849,5.23522545485302,1.07733150154868,0.547319978612418,0.553745230088733,1.07846989077732,6.05131748839015,1.52014069673514,4.04438606131826,1.89388784181981,1.02321376463025,3.31197376704604,1.31660680156023,1.61503609740026,0.525230513302533,1.06769772999796,1.74897255300432,2.02339029211396,14.4027550878245,0.550062399365587,1.01124446050966,1.9198484161547,1.17898355157334,0.820962436161279,1.42024653713917,1.09203927748574,1.23477802387442,1.12571798609158,1.32947650151271,0.91937914304417,1.60675490697573,3.46614972802662,1.02050872144908,0.50875401962381,0.918259763373561,1.8699352758212,1.20769563822492,4.17438119448334,11.1633915084492,0.909460986217206,5.74670974479966,5.646324576741,8.42695243118705,0.676776729078342,1.05305154333747,9.37098129657872,3.9033045091364,1.16382590169878,3.22374638457772,0.903023205342444,1.97389019865928,1.17020670900686,30.6959657298379,20.455096665084,2.08597867941433,18.7877775559575,4.18696746558464,6.23182614451693,1.92682427077984,1.0073830628708,8.29577518767503,1.33555271646757,1.01217419271712,0.514432886987627,2.09246884268675,1.51759655839234,4.91653780823143,1.93145108418642,2.60132473606046,0.901947468802678,1.03646679262996,3.07958648806203,4.24253358146468,1.32267768464561,0.90267864628862,1.9068452127502,4.34530203597346,1.6106879239688,1.34769453190968,1.23226367963339,2.83191260816872,1.60935456119899,1.00030769032154,0.500119714001216,1.25717473352546,1.00040316149172,3.82200666670825,4.09500704930772,3.52819293402863,0.902995142810282,5.89537417911187,2.70959220302194,20.919979443717,4.16443417980826,2.18380606253747,5.10872981284138,3.45643804667375,8.41764340706967,4.66905185685458,3.12426829965399,5.85189438704504,3.73511799757833,1.19406351559813,1.0215087733138,1.66411320128387,1.01399898466691,1.8501073202764,8.82088591040477,4.8321079937468,1.39022427629005,7.62594895436437,2.85889189682166,1.04880793594236,1.05285011935442,0.917784945036695,1.01993805875635,1.06370365886231,2.97473753736532,0.68570768642094,1.10420982743157,4.29935055279829,1.95735144792004,11.3704630654757,6.76031482339286,1.66536730831802,15.4924773162394,2.26524085162849,32.8822889627555,19.1046381890262,0.903477704946637,10.7817365799531,4.19450080140954,20.3553194252804,4.56584686458209,2.20162092448975,15.824437589551,15.78050667406,12.9408412919179,3.07368021752069,2.33088799954836,5.88915867231702,2.92210531618912,7.44034423378042,4.2442924357357,1.68127471984257,7.98305797916925,1.29847563361285,5.12065938671965,1.7477846023334,1.33242558634658,15.7535931043418,2.99635907600542,43.178804427095,5.72834271028216,2.02470410765725,28.0626931267529,2.29236570185124,3.37501697749238,1.17665311581729,0.903733546718862,2.61792705835913,3.79931108763325,4.88887950920057,4.1347206683887,1.30499442125814,4.48759038592679,1.87585554047155,2.01882769328397,1.47676789062854,2.22773885934424,2.27315230086551,1.26969200979977,1.00250387593556,0.500961466824177,4.10903846081337,4.0335306191306,1.8595878410588,2.97590828538662,0.507523521917979,0.909071102070828,2.04098577023604,4.65300413328301,14.7097283145232,3.23818705242175,0.903503183101783,8.65735312993805
33.6283515275351,0.928652373447412,1.00353525890062,0.504094840001143,1.24732833141606,1.0139850856027,5.39626693226956,1.00262550116453,0.500222243574105,0.500296889299011,1.00267209042729,6.05092229918086,1.41448510134053,3.57390308276519,1.67056982949301,1.03406008907433,3.10438524316639,1.32847633915459,1.31012975201527,0.501565599719236,1.003553661805,1.64706847703104,1.65870347295496,12.3802109411056,0.500739926823392,1.00296384204403,1.88013267531279,1.17152595069559,0.72494797169139,1.32159589169761,1.05572810665307,1.13843513523348,1.03710183616429,1.13820924574333,0.903807094624256,1.43249611524082,3.6150383820383,1.00020811925214,0.500095001165402,0.900194260912929,1.18044544750179,1.1529110879194,3.81084502051336,10.0575440505137,0.904030413342987,5.71153981035027,5.55857293770708,8.52383745552734,0.582410519553312,0.926848480275839,9.17377296235692,3.84193965973186,1.08598937408523,2.88044317823755,0.901373305192919,1.89391126543919,0.957033440657495,25.3750616352685,23.1961608219128,2.15970979761934,19.6231662660798,4.07631325179466,6.0969515599064,1.56424314249165,0.903916031963857,7.78796979795175,1.27307840116247,1.00042844594678,0.500654768715416,1.97185772506719,1.35519856063583,4.66520578550997,1.23802542060701,2.1645887591011,0.902233826764188,1.00611822108,2.98979457665124,4.00961808797928,1.09044361314199,0.901879768072096,1.74851916062839,4.36744650120981,1.4565838627324,1.09370968515535,1.09157246375092,2.48220987068405,1.75220804321707,1.00973398120142,0.50396724989092,1.23696619723034,1.01293776809509,3.6511108144777,3.77560858202103,2.96738296002939,0.905357672757345,5.49822025161826,2.47755373874713,21.2278889219658,3.69746662428554,2.20391241145772,4.76575605775458,3.41662558767556,8.33776086258058,4.05679462824564,3.30025453469521,5.5625316592927,3.29210200576169,1.01007126787858,0.693685326055277,1.53297008764041,1.00910083057936,1.68153992332707,8.31241675400147,4.6281110686628,1.26514026734873,7.29665493028628,2.71160086258744,1.00507545332141,0.820984982824219,0.907717563442796,1.00815559281105,1.05281055086636,2.83943134644079,0.594970697021159,1.17577940882431,3.80390408612099,1.77600836606052,10.5460780068924,6.26510974334498,1.47704207177378,14.7584229140849,1.88815786878745,32.538761104402,17.8228040544859,0.901364740577587,11.3805112376209,3.60610522817128,20.220089134474,4.29621254886156,2.06498851390216,17.4257697925755,15.9926584164581,12.8109681994889,2.6643362060268,2.16902803959668,5.41815461495791,2.81625849290816,6.96481649585865,4.12908290387788,1.50470360265245,7.74879836983478,1.25613286484736,4.74949736634674,1.54248178636368,1.1803381705244,13.0162918026287,2.51957270229864,43.2946372006861,5.97530587387207,1.72913980626456,28.9297507033926,2.18938137604484,3.27944634461695,0.962612882743599,0.909607190078851,2.38714340990521,3.71519383342385,4.52992168374572,3.74436243307488,1.14607420950652,4.13995875449813,1.95469475304234,1.69591877955052,1.20942377820867,2.29821050431614,1.6359480317117,1.24001549266933,1.00899922846749,0.503668520581734,4.21826593478298,3.08335775687254,1.75758997466032,2.55456929879652,0.50472047651072,0.905649791837195,1.58679200051294,4.12861629335674,14.365134211529,2.93086489963979,0.903315035264962,8.60785365787919
30.0231015910013,0.816351480319199,1.01349785312961,0.519566954899464,1.11960357933501,1.06064626619315,5.55336320028029,1.32268049892513,0.527801606889255,0.537769445515258,1.32938755182151,6.05844985929491,1.35029596609908,3.18874748299121,1.48651434382729,1.04479633788041,2.92173907813612,1.37206943670551,1.07743985290694,0.506572167791511,1.01171790379614,1.5631474126513,1.4106452088705,10.717677771815,0.500984144424593,1.00355697126182,1.84185362785991,1.19590752040768,0.650270665998518,1.24419136039657,1.02983720152201,1.0504285049903,1.0015400232638,0.986379926896727,0.902567349308863,1.31594109277219,3.76916817145441,1.07973618227049,0.537544071963598,0.978188735164826,1.12204158585564,1.1049197072513,3.57515509151532,9.08680367527534,0.900086949739915,5.75563511637853,5.47100385076194,8.79128150427863,0.506913224759045,0.900595070689241,9.18742029190923,3.78682876381543,1.03941708227929,2.60224281368624,0.905349893634435,1.86488476228251,0.892357308479026,20.5267993706742,25.0744088748082,2.22056260657057,20.337074814193,3.97667019825215,6.09501848550079,1.27975427735687,0.909332204904615,7.47487036335073,1.21357540505878,1.0080494097425,0.518003675771242,1.87443466604903,1.24964546116019,4.44232338855014,1.01113025637322,1.77993872642352,0.903687379415254,1.01033377734495,2.90986441492505,3.87317500927875,0.905963809565582,0.903478071352784,1.63913495857663,4.39238677005811,1.35047821949806,0.898335172053604,0.97513192507521,2.24180992035321,1.90315489441916,1.00272934945143,0.501171967335242,1.22482324548715,1.00366922569931,3.49773569762435,3.56040823551559,2.5083626492505,0.914782176774274,5.22562425328427,2.26703055006716,21.7736230057131,3.30323596166493,2.23508497094629,4.50421267512935,3.38499159636398,8.40525349737173,3.5579700212574,3.49600342281771,5.40407296935487,2.9030958654754,1.00848127075664,0.504712835579655,1.41446265671908,1.00769653531477,1.53182043089609,7.93829881635631,4.4564552174054,1.15884270904717,7.07845985697805,2.57513546066393,1.01128249430066,0.647103765525204,0.918895080840727,1.01872506980486,1.0429116943626,2.77709454171429,0.522639604172527,1.26013297540949,3.46384598179768,1.62143041872384,9.88140966787406,5.82852309514869,1.31778250858247,14.1800202413241,1.5852539979958,32.3219409418493,16.6495014510593,0.903789569544483,12.0198373504102,3.1019568598927,20.2212592081142,4.06932335834609,1.93932791137672,19.204637322633,16.2002000438839,12.8256312426848,2.32187364637637,2.03129834777968,5.06001255608803,2.72127625136903,6.61612324376147,4.04397434775575,1.35480603312933,7.64163701448359,1.2174390501203,4.50784778545408,1.3703206626917,1.05971738816374,11.0234137535683,2.12111113270839,43.4515959668685,6.24569349021381,1.47792832479878,29.772318713281,2.09338789251225,3.25973230383662,0.796690970028771,0.91700440160797,2.23599769639273,3.64215611678025,4.27404621516988,3.41629837127396,1.01293316686813,3.89402186237057,2.03984948030735,1.45609972746475,1.00155946026527,2.38457421622099,1.2084698005747,1.2118152681034,1.00347703837775,0.50151360495197,4.37080615380208,2.45009831670007,1.66572761209244,2.22921703584819,0.524398905037893,0.929048930705329,1.25582339447502,3.6817100373621,14.1580075311323,2.66715867442325,0.905527405542522,8.63612047520668
26.8056626220484,0.717463294982017,1.01708012178741,0.533196540724848,1.01561467096016,1.09227061490098,5.70479388140217,1.24599423729479,0.521520281250431,0.52964563345412,1.25175788699664,6.07031548406127,1.31740712394279,2.86923511973826,1.33272641757515,1.04765157911664,2.75776224174785,1.4448086331814,0.896715902491571,0.519351248132588,1.0248188148361,1.49236744785929,1.2381226695748,9.34378991920278,0.502894192080039,1.00925925867013,1.80431492439973,1.24889647588978,0.59114043412717,1.18280279627208,1.01228064788798,0.969662730423997,1.00125567078145,0.86398214305878,0.903786544597178,1.23958635291388,3.92526604534392,1.0611915268108,0.529624311074626,0.962743333935151,1.09483389213174,1.06221836118134,3.43282187736143,8.23693464316445,0.901616870344117,5.87083285938292,5.38032108853206,9.21712362391673,0.507006087993072,0.911927238468372,9.38706096136121,3.73678424283687,1.01646662674358,2.37373983698416,0.91452874218068,1.87727629324811,0.85066215618266,16.4066290534982,25.9728962245014,2.27063075095221,20.9158816086288,3.88453803761725,6.21168381775769,1.05616576797497,0.914702391646767,7.32203121111943,1.15694350221676,1.00632819700279,0.523820552616729,1.79475457023046,1.18362441538411,4.2358946095196,1.09063972930364,1.45270560985463,0.929931441222547,1.08572737181495,2.8373904831531,3.81059261877149,0.758156956269991,0.919635031220442,1.56606134568389,4.41909990057346,1.28047346103882,0.746014615938623,0.933237724129363,2.07986491374375,2.06177893575295,1.00942986627788,0.504307188114142,1.21942638477466,1.01280101429321,3.35811448328758,3.42177750480713,2.13086780197961,0.911254959087134,5.04755496072749,2.07330325646074,22.5298122144395,2.96816987344497,2.27582191166244,4.30424303908633,3.35829674533128,8.60522796927716,3.14845653720567,3.70918293234511,5.35370207188877,2.56054441544931,1.01290204350051,0.507023556167745,1.30683820420497,1.01198453785554,1.39783075326687,7.66505910250773,4.31122198069115,1.06724589018173,6.94632910347898,2.44814699867812,1.02360870339214,0.520595218804476,0.943776874568789,1.04056489060622,1.03368084362204,2.77152272244973,0.514612594109957,1.35712064712039,3.23176545573803,1.48795594801362,9.34148290265838,5.44224513042499,1.18167853981648,13.7294421099491,1.3387306051062,32.2070263889903,15.5760747470439,0.912218459047227,12.698897538824,2.66813058982265,20.3299465790852,3.87872558850761,1.82173379736321,21.1363335109818,16.3924213635472,12.9746044982361,2.03443978163155,1.91310964687639,4.79255669459777,2.63476267627165,6.36504976451988,3.9844682747474,1.22600817452628,7.64009794274146,1.18147757780639,4.3746144067495,1.22712295496287,0.962613910232634,9.57117045622631,1.78671971999677,43.6296247126362,6.53998028060771,1.26365714234831,30.5813899457567,2.00302175307898,3.30172636065643,0.66596210679392,0.916344277792407,2.14241099914839,3.57762852519214,4.09536192329636,3.13777107747778,0.911387759901923,3.72465531574532,2.13095736382623,1.27664117127152,0.838503053508778,2.48611515054601,1.02778369562092,1.18207159641331,1.06397919578888,0.523106617751624,4.56337917924106,2.01797741351684,1.58223607704731,1.97534457484647,0.515518445913537,0.918574055509772,1.02797961404759,3.29613068839484,14.0545282521188,2.43868069903198,0.905186625864472,8.72749531348134
23.9346512505309,0.630433639587947,1.0196375542938,0.559741438008528,0.929981725837414,1.14575810193737,5.85024957459463,1.1771071982535,0.515742434587071,0.521991905643053,1.18175048963717,6.08391874476041,1.30940794964014,2.60092949787699,1.2026286691447,1.01002009911948,2.60802054451696,1.54607281538928,0.754092632845081,0.510009028474669,1.00870057730095,1.4314453460637,1.11660118439248,8.20046854658907,0.501427531886422,1.00388280982309,1.76692976163949,1.32953287052041,0.543561798924992,1.13370723989057,1.00196715667196,0.895628412757432,1.00125147584954,0.763916454096869,0.921257431893816,1.19244228457021,4.08297202348591,1.12390283198186,0.562074719441283,1.03409356660889,1.1950382158026,1.02368423013345,3.36187396107712,7.49335185629298,0.92435423793321,6.05198814887582,5.28292950304435,9.79474943312679,0.501806628771172,0.903341293938501,9.75861520836086,3.69143194812607,1.01235613809276,2.18408245368057,0.909507221793993,1.92562878880834,0.872558465544401,13.0829674021236,25.9591701903024,2.31328340875568,21.3491671862318,3.7969000551285,6.43982604550423,0.87991053661804,0.907118910190349,7.30642982200397,1.10306858011335,1.00293575847308,0.52920303641972,1.72880474627958,1.146407029573,4.04301867274056,1.22747852153889,1.17813974769813,0.974858481120607,1.21857907937856,2.77029104449689,3.80724502696037,0.638679973194033,0.912410887705503,1.52093758889298,4.4475973089662,1.23864687308637,0.625802156612205,0.901386419557862,1.97674667505046,2.22774715257285,1.02602829225433,0.512762255876752,1.21985019104139,1.0360453998116,3.22950208428057,3.34145178061172,1.81875210950583,0.908910901134349,4.94323995133206,1.89305024066255,23.4763896238108,2.68165592031657,2.32494961540218,4.15153036484904,3.33390374872365,8.92919318630037,2.80984701991378,3.93721013131035,5.39701390992,2.26214412967062,1.02896968339501,0.514458056678051,1.20934866369268,1.02944277639969,1.27720148832431,7.46902871344681,4.18772219289771,0.987341021163064,6.88248375869243,2.32941926870587,1.0171693743283,0.516138958804844,0.935631381612274,1.03081953671161,1.02485922623766,2.8122259455154,0.510173351568847,1.46655973646376,3.07723078442615,1.37142560828244,8.90029804725809,5.09913181483993,1.06426929863602,13.3848104077148,1.13585962443022,32.1772883053666,14.5949466760168,0.901935679650739,13.4177587695719,2.29370821661598,20.5250613657383,3.71947034290155,1.71020288400977,23.1908078559315,16.559815656191,13.2519833885895,1.79242680265787,1.81099220069646,4.59982532307963,2.55493034440937,6.19084705045158,3.94699223263408,1.11413557726087,7.72957630803017,1.14753151648989,4.33285109464311,1.10816167085551,0.904089157588215,8.51021071927,1.50527906415149,43.8135703727733,6.858535557635,1.0804276601833,31.3496638526268,1.91725712434251,3.39662774074999,0.561454714526883,0.927647494651106,2.09223389710991,3.52022013537846,3.97596086935942,2.89927756571262,0.900989130018259,3.61491831352626,2.227792872517,1.14143162506965,0.709475653225726,2.60121752696737,1.00543772360083,1.15712259106131,1.00247779659045,0.50127525351379,4.79316602722029,1.71705780789848,1.50577709569485,1.77549973370893,0.500470273710291,0.900557811918857,1.000802231546,2.96008626376899,14.0302100810647,2.23904576974311,0.909432315310334,8.87138244308003
21.3728094317991,0.553873427275552,1.00185776786911,0.509241221529317,0.858723962429784,1.02038754409414,5.9894946474621,1.11532347584721,0.510421442539489,0.514764923848805,1.11868576042651,6.0973222207809,1.32225408113865,2.37311190601858,1.09134014729149,1.01396731058317,2.4692986066534,1.67665345146595,0.639960977332447,0.501600215554123,1.00076902635162,1.37807757679907,1.03088780312192,7.24146148142371,0.501265915766789,1.00279051637288,1.72917274478708,1.43849796523649,0.51430077283746,1.09419329826924,1.02887807561413,0.85407745709923,1.00539387763293,0.681281861484654,0.916682696253104,1.16740461772647,4.2419193129367,1.03492485698594,0.517958180234983,0.939351262938117,1.05563836674315,0.98846288668267,3.34800780997316,6.84248954004969,0.936362689380457,6.29618083738606,5.17601503992532,10.5266623524153,0.505581466171608,0.91167686794691,10.2969065728974,3.65126430658572,1.02408395070789,2.02573785474306,0.924325477132017,2.00715961460766,0.864228805512511,10.4908921373834,25.2031267504609,2.35167075810957,21.6229490809258,3.71127518261995,6.77774941421102,0.740489615103864,0.945089251598018,7.41366041804712,1.05182967049961,0.999971687499734,0.501186449078898,1.67358122036504,1.13114258398918,3.8622203527765,1.02781982090534,0.950025743816437,0.909132265112873,1.02697102718298,2.70643200154803,3.85355366742219,0.541138973101409,0.904453191321138,1.49814056016666,4.47727536928261,1.21972257240112,0.529762535911581,0.902251174455418,1.91953904288218,2.4004309057177,1.00929024499512,0.504876136456763,1.22532051336037,1.01313313633093,3.10984040829859,3.30704279610138,1.55926896596882,0.903944736777235,4.89803464611807,1.72397844055644,24.5978976842908,2.43533693480973,2.38152980365627,4.03560257795818,3.30957674801731,9.37317021127639,2.52805112262092,4.17719836737031,5.52542801306298,2.00347918467866,1.00559107716223,0.501546076606423,1.12115344018472,1.00809711939826,1.16809027213423,7.33313976375794,4.08223385308065,0.916875163407865,6.87406217473714,2.21791239472865,1.03951361479014,0.541511936016687,0.993637363513515,1.07482921556389,1.01619124604415,2.89217862031229,0.507701468608762,1.58837087401376,2.98047083532382,1.26871009059798,8.53817015352803,4.79310604756045,0.962133579363363,13.12878340637,0.967370175686292,32.2161145862141,13.6986110381031,0.907774505117505,14.1749218004956,1.96994222104628,20.7908298198338,3.5876688825943,1.60341045586848,25.3328178001958,16.6938636694616,13.6554479490553,1.58806200605423,1.72228308402509,4.47037900140082,2.48041949078337,6.07849145499801,3.92871113949138,1.01601305852641,7.90017143338673,1.11519486978365,4.36981117639337,1.00914698382477,0.900427003519708,7.7350263719948,1.26798440725113,43.9920435725506,7.20158261003446,0.941406823915869,32.0714203549136,1.8353040117264,3.53898075854662,0.505841783972362,0.909079804026514,2.07621865155422,3.46861183275771,3.90318429378278,2.69321994923884,0.906352072136607,3.55277526375069,2.33022664240919,1.03900459431029,0.606228653970048,2.72888562919279,1.00648442698427,1.13384537008203,1.01006791079057,0.505775543969192,5.05667716232163,1.50342981296421,1.43482532022422,1.61827038888115,0.535706306631824,0.920250912089698,1.04699913433108,2.6647790682734,14.0668692381379,2.06333046234762,0.923922716585687,9.05994114257327
19.096726867152,0.510846051382581,1.00050330401534,0.51703939933673,0.798718297801733,1.03208466046035,6.11780149523852,1.00601194193668,0.50055232998712,0.500793252900194,1.00620511176229,6.10904021605123,1.35342805879995,2.17771214153949,0.995180712212147,1.01248560603639,2.33919764935085,1.83844478711298,0.547530982460567,0.510975214155098,1.00079929474431,1.33054201554325,1.00327410848516,6.43162448509741,0.50302491004323,1.00506077502679,1.69050009705364,1.57764156418489,0.501179474138063,1.06202873945239,1.00168779300369,0.856425827605838,1.02094908097948,0.61067881532025,0.905127800122754,1.15968299098113,4.40173269435521,1.09398954841542,0.550211455080482,1.01224598295091,1.15243299435815,0.955887735981728,3.38172057413446,6.27229062465098,0.935918437174895,6.60215802297222,5.05708534928055,11.4183484579777,0.507934067845102,0.919700486693993,11.0030528881529,3.61732279689486,1.04975272757946,1.89342022201576,0.948832046335942,2.12084933813795,0.857243357271623,8.5049991077597,23.9004744294759,2.38823495559101,21.7167976966387,3.62554023887787,7.22797415511538,0.629862846129506,0.964136322525129,7.63565913801077,1.00308978616278,1.00817342806555,0.507151132743429,1.62680697818351,1.13337719330385,3.69224462370739,1.10925064407122,0.762181911436329,0.9357503655609,1.1070500307708,2.6460411230975,3.94221134020502,0.502391665334548,0.901853840924675,1.49379813804345,4.50747464666313,1.22018411872468,0.506112317736085,0.906166646687087,1.89980514518967,2.57919679401986,1.00867679581349,0.504956415793042,1.23527218536613,1.01254785008984,2.99755520900609,3.3099885235573,1.34238739287333,0.911137114631351,4.9014648398718,1.56453644773441,25.8814114918284,2.22257523417869,2.44478992117604,3.94855222556002,3.28335787851956,9.93634096821381,2.29221541635901,4.42595228626569,5.73457059006603,1.77880267267827,1.00341200091739,0.501905537379667,1.04119762230485,1.00346272242085,1.06907776857742,7.24473538686575,3.99193933966526,0.903194875017818,6.91185383778697,2.11304672593213,1.0229460328787,0.526720019652051,0.961335475405567,1.04578756542836,1.0074107768563,3.00648604722969,0.501022709650332,1.72237731536624,2.92812286365965,1.17746488046895,8.24001445098414,4.51916355054081,0.919747141760102,12.94790431085,0.853383956218523,32.3102065013787,12.8800863472111,0.903087957820597,14.9689183894223,1.68968565297988,21.1151472752369,3.48018760017284,1.5005480086961,27.5230796258027,16.7868834681885,14.1856630418956,1.41505162189785,1.64491505521628,4.39614479795194,2.41017539307614,6.0168479407306,3.92737994327918,0.929188900496011,8.14521930939653,1.08400943579614,4.47624020631638,0.926286738451802,0.905719307377026,7.17079074303827,1.06786181435258,44.1564657823164,7.57010135079913,0.903190973944299,32.7461588439687,1.75631991326391,3.72523403048312,0.51222829414588,0.915995602587821,2.08797946370276,3.42054089009838,3.86793851623723,2.51293389813771,0.912919064082129,3.52956596853827,2.43808243350548,1.00128272911752,0.522683343229205,2.86859677598015,1.00374822190738,1.11215165843974,1.00702660775135,0.504557805684759,5.35090148086599,1.35018044276758,1.36635516876054,1.51329316550892,0.841503035505346,1.14780936831922,1.50121022665734,2.4035011311908,14.1506791882654,1.90768257415536,0.915345136082149,9.28727821626523
17.0563751560221,0.500874103992988,1.00369948957582,0.501320969945609,0.747907581003636,1.00215541073545,6.24442263406266,1.00698400947971,0.500653593922807,0.500952700358198,1.00723219850849,6.11790206763588,1.40143902602592,2.00857813303413,0.911336970025573,1.0070437422577,2.2155876482634,2.03408840675655,0.500955580293791,0.500832373390699,1.00566220633578,1.28714623426719,1.00635153519247,5.74376538363289,0.508425549122818,1.00946001315413,1.65039384163876,1.74992086955011,0.502676173528492,1.03564161789029,1.00172222409116,0.866221880060058,1.04805731461759,0.550379665369519,0.912301718490275,1.1661421835986,4.56202838398396,1.01622278618504,0.508921271093239,0.920231811370862,1.02667395155418,0.925430366120472,3.45664030500463,5.77230986606317,0.935640850572284,6.96995805916816,4.92395623043939,12.477050829656,0.517632096117944,0.958842615996753,11.8828467028764,3.59091688183515,1.08819607504703,1.78345595253424,0.913565894206925,2.26695906134937,0.85138339073611,6.99171925769599,22.2269192910717,2.42460722310943,21.6051039114199,3.53782791327995,7.79636595478039,0.541887363062766,0.958942958906616,7.96913134448644,0.956682317390146,1.02736171440735,0.512765733124645,1.58673548363879,1.15017429881261,3.53203141234743,1.19299280153262,0.608714308213237,0.962955657899399,1.19071359481278,2.58980447044359,4.06661342634539,0.501158171724156,0.900877010808263,1.50501107531337,4.5371917212185,1.23767716344548,0.515319329124192,0.915467450356168,1.91201881204148,2.76317590029782,1.00461618700729,0.502897786976652,1.24921975361084,1.00685535386392,2.89142214214006,3.34429274721568,1.16020960295335,0.917823042788072,4.94596045460344,1.41374114727662,27.3152720574685,2.03804958338221,2.51407878178077,3.88432735714203,3.25349443716097,10.6200187471629,2.09394033289322,4.68000739093256,6.0232351278581,1.53992922902252,1.00700753998001,0.503841835930638,0.961004142829466,1.00645025117135,0.979057444588354,7.19427633730374,3.91476620134381,0.907390000385507,6.98913647804787,2.01430698554051,1.00983753666411,0.512849759266357,0.930008467190878,1.02087522671417,0.998519405808854,3.15238911078532,0.500936862080154,1.86835043917722,2.9111067077989,1.09593856757244,7.99408504326811,4.27329951375335,0.90153859700767,12.8320527039686,0.856050345952503,32.4467407006355,12.13097059228,0.90568013354569,15.797790999598,1.44701269175355,21.4885316417278,3.39443990206456,1.40119901902849,29.7201725729795,16.8319306715633,14.8457913634356,1.26828798467253,1.57727254213799,4.37164437882532,2.34352333937897,5.99751208625868,3.94142641427096,0.900917468658893,8.4607382382885,1.05358612113162,4.64551631935441,0.856461362362573,0.909422463930963,6.76471832530488,0.903634634918266,44.2992521438437,7.96488720737355,0.95039552829163,33.3725474640939,1.67981688642224,3.95340302231818,0.509910478790154,0.913082191978155,2.12331116280068,3.37434122212828,3.86358853562422,2.35330712901136,0.905134794979136,3.53908235535945,2.55068715685879,1.00328917671403,0.504058335983914,3.01952321687344,1.0111066214708,1.09202902718955,1.02376958571387,0.518379470234883,5.67266621034019,1.23996656552204,1.3055557998811,1.42554554166661,0.684487488675545,0.99788061663969,1.29346474119491,2.17103636921408,14.2709024743646,1.76904542762168,0.907086051298983,9.548894524397
15.2331103644953,0.50960388582562,1.02143717043229,0.513847971021513,0.704429553018894,1.01837390334403,6.36453227210316,1.07414625159351,0.507081353162542,0.510483941201593,1.07706186111974,6.12296013525671,1.46551218894061,1.86096901183329,0.837632200613629,0.999999198999567,2.09616952880262,2.26666614317033,0.508505099300158,0.507750779132845,1.0310687789165,1.24716474368111,1.00070545575411,5.15467896760484,0.50147928624308,1.00096570447257,1.6083856886735,1.95939276158833,0.503045146866607,1.01385860919116,1.00021435539432,0.851029364966624,1.08561240948457,0.500798080114101,0.900780512221626,1.1846045906258,4.72241754151877,1.06901913370903,0.539601523652729,0.991620545862488,1.11582967507154,0.896663384460874,3.56837416750753,5.33361694806332,0.935519384909638,7.40060722961306,4.77478715889521,13.7105065918071,0.50674649939923,0.93094288086447,12.9453206698352,3.57342256698762,1.13869586786507,1.69324231764083,0.968533756541542,2.44649460077003,0.872162094393287,5.83414194610038,20.3231882922058,2.46174853265917,21.2617626677305,3.44662912417971,8.48970403885781,0.501255757341274,0.90333039153734,8.41473037274362,0.912453848062188,1.05621523219563,0.518104337818986,1.5520126802478,1.17959145235668,3.37976565863256,1.00916839343956,0.502094231869739,0.902984312394257,1.0091049330618,2.53524205478043,4.22308923935451,0.517096297313096,0.912969731597637,1.52987540550296,4.56604875920868,1.27088592068718,0.505929817388382,0.905998696534678,1.95297137792235,2.95142258021421,1.02328179387961,0.516735382271876,1.26677842000408,1.03601487704172,2.7904683043617,3.40565229878193,1.00646638198138,0.924149286157889,5.02594157255951,1.27104244172964,28.888201838873,1.87746102866864,2.5888352944207,3.83824286331595,3.21839513243311,11.4267311374385,1.92669178063501,4.9357039558222,6.39258468089625,1.35675427435739,1.03982137001868,0.521735589974669,0.907632061700732,1.03685726281792,0.89700328332212,7.17442802831611,3.84877489063212,0.900697816736148,7.1004919970776,1.92123119095176,1.02932412737787,0.545269762952667,1.00800060358289,1.06844764718961,0.989422139014388,3.32781664694691,0.500813474824331,2.02584203726553,2.9230412168479,1.02266136705337,7.79113566222531,4.0518777787457,0.902753715196083,12.7724604004723,0.878264819122385,32.615814149904,11.4449326775979,0.927364769291535,16.6591862319353,1.2369384082102,21.9033606984021,3.32823901939309,1.30523317172975,31.8829064160964,16.8227352182468,15.6410575564374,1.14362002802318,1.5180791361709,4.39342146083538,2.27997535891194,6.01398266166607,3.96969965968903,0.908815779910535,8.84445660972582,1.02360223280804,4.87286091595837,0.797176032351957,0.920687892944529,6.47957755062119,0.851169069402361,44.4033586088504,8.38378278314584,0.901159323955153,33.9375129854651,1.60545535248645,4.22254271330088,0.520302316806598,0.927081722524195,2.17941510867441,3.32909857321916,3.88518643779356,2.21057299480803,0.901226211723871,3.57685780409223,2.66786388752737,1.00536319081788,0.508359102310844,3.18071541646387,1.02195805125401,1.07342893277524,1.00264089469013,0.502385407196459,6.01844040838279,1.16141033765823,1.24864202268371,1.35509510764534,0.558841653445544,0.921996273324209,1.12605256821187,1.96325686761373,14.4190489463575,1.64496217153837,0.925085203861902,9.84130798013472
13.6033618932295,0.507598247536997,1.05305737198883,0.510499749932709,0.666941162838765,1.01108630118908,6.4781471320884,1.08031782857192,0.507828211404236,0.511765681354086,1.08378719749174,6.12342565600515,1.54538788646574,1.73120469376426,0.77235268538848,1.00884503648839,1.99568659032805,2.55012902135146,0.523937772407009,0.518025606192461,1.07532785190808,1.21010585300862,1.00040437489408,4.64600091148621,0.502210829975551,1.00033543496322,1.56401364734776,2.21115792131831,0.502043721949489,0.995808508070819,1.01283450465453,0.857423578720076,1.13258548033895,0.505117841017494,0.905221520890888,1.21351233287056,4.88251094673672,1.10789227231318,0.564732803783971,1.05274159440203,1.1850846789521,0.869237272828623,3.71381499112117,4.9486374591717,0.93554591460376,7.89591046439334,4.60815450023125,15.1258033407412,0.500428876335067,0.903323276916698,14.2017046211958,3.56602265349499,1.20083396497832,1.62082493081687,0.934075842683799,2.66120654923574,0.865986187929919,4.9393185536069,18.2969898953605,2.50015975055886,20.6671268904683,3.35056937524703,9.30956643231396,0.50709079590333,0.929278154467497,8.97414198260717,0.870266112921856,1.09384671504159,0.533807813810748,1.52157741010048,1.22035413921723,3.23608125876533,1.0060840582465,0.501390792525314,0.901970142422886,1.00606407126296,2.48189982486671,4.40978249837958,0.507266403118461,0.905538138609017,1.56712698036178,4.59373006912705,1.31916403164693,0.507223490842259,0.907332638916572,2.02096371081128,3.14290026733331,1.00588514942921,0.504751090256121,1.28763420426154,1.00945286123377,2.69391362653738,3.49097313300124,0.876165781229861,0.948914847746674,5.13728649936433,1.13620462636659,30.5884195399581,1.73730386714813,2.66855909217843,3.80655826708892,3.17661510297001,12.3593802044539,1.78535204764828,5.18928667705145,6.84556697278266,1.19534131123449,1.0459987009039,0.525128614523773,0.908609585634274,1.04248072557371,0.852834254835834,7.17943218936312,3.79234386778795,0.902296518097751,7.24168108535952,1.8334004842269,1.00840049989061,0.514899330674046,0.936080400359872,1.02133262991804,0.980087620364957,3.53147099608459,0.500567876162208,2.19423051242334,2.95943603053824,0.956421321700655,7.62381206669265,3.85172072766103,0.918124600484035,12.76160442019,0.867771649576046,32.8107822911661,10.8172235174762,0.917677730782673,17.5504087655146,1.05522130107549,22.3533582752079,3.27969829411095,1.21271609761284,33.9727890361971,16.7536750476958,16.578305427791,1.03766591775628,1.46631371493394,4.4596230955228,2.21901882745285,6.06116019390113,4.01117728937616,0.916681448998977,9.29481990563615,0.993796826164265,5.15460962824055,0.746456328916802,0.910317742902341,6.28875872254944,0.8941198324641,44.4590666703612,8.82310479338687,0.943875895419204,34.433947945711,1.53295457278068,4.53223561170226,0.503298964743573,0.904440606584994,2.25443292245775,3.28442111034594,3.92896788441955,2.08195529979637,0.901797517443727,3.63965356956306,2.78972138602487,1.0023872981147,0.50498361159549,3.35129852307572,1.01256196152417,1.0563873823403,1.00200994854008,0.502296974808447,6.38445323571414,1.10684526914333,1.19542911012762,1.29965493056773,0.50263173792405,0.903169368492122,1.00329409187596,1.77687122599933,14.5839395730327,1.53319362374143,0.904254154214023,10.1580957070323
12.1453357627022,0.510017957670953,1.09824543376925,0.513269000056592,0.634389934844936,1.01040361824928,6.58533425417877,1.23154646494093,0.523118741297966,0.535348855712002,1.24263414043015,6.1186205021073,1.64116891001348,1.61640790779123,0.714097949984555,1.03467353781201,1.969251709687,2.92639991165184,0.864965573614539,0.795807680138923,1.13941275064497,1.17557423187956,1.0004370858935,4.20343677453745,0.50287946602043,1.00345673819848,1.51680259006989,2.51131686028722,0.507575384920238,0.980711167650785,1.04331486161033,0.854395836388049,1.1882402810504,0.502916191837794,0.90299891220906,1.25179511374264,5.04192230889722,1.14018433180535,0.588219513150351,1.11230001307041,1.24630837991922,0.851957917838791,3.89065504013517,4.61103098694191,0.906037421069064,8.45844914748831,4.42315172848168,16.7280786537797,0.499698045707803,0.940572583433806,15.6642979503797,3.5688760344079,1.27437882091811,1.56431481991562,1.0244743983774,2.91323151563417,0.860690411074021,4.2371631791597,16.2311968855777,2.54009126881786,19.8157250747636,3.2532666575965,10.2331849524326,0.502030891541223,0.91691388457015,9.65095897637505,0.851975821559476,1.13945498331838,0.503981308829046,1.49450397924754,1.27162417696101,3.09878316263104,1.01574396750359,0.503600982711985,0.905080790164082,1.01572978398468,2.42939230521277,4.62532570759396,0.528679508508588,0.922088425686609,1.61592647953465,4.61992806603929,1.38238956319812,0.527508500754286,0.928087307333254,2.11545865098901,3.33649639634526,1.01811176193353,0.51786904972,1.31152756284954,1.03124486247176,2.60112641352908,3.5980269370077,0.765312304973341,0.942915715250754,5.27694694911341,1.00927885079632,32.3757753567685,1.61393310133559,2.75211006241689,3.78234710220865,3.12686654198364,13.4204431079403,1.66589769934478,5.43702223771128,7.3864687651019,1.05318497068853,1.13327458851305,0.572696145459203,0.924842953169827,1.12321789062253,0.850494041560975,7.20439215401837,3.74382242898781,0.9003990594793,7.40940834458431,1.75043560349737,1.04423171565881,0.608122494968313,1.16898544722215,1.13882523856667,0.97279756599296,3.77090921003474,0.568428472932599,2.37252607413365,3.01716745938528,0.89622651263722,7.48624359654914,3.67011038897276,0.908953369722396,12.7933254462493,0.857334490471402,33.0258442391106,10.2432576217531,0.907494194925205,18.4682537641856,0.930365869805034,22.8332217658322,3.24716117190444,1.12383019718574,35.956227013317,16.6197954054719,17.6655147181557,0.947661593360022,1.42115679227496,4.5697449275063,2.16015222372076,6.13491924619518,4.06496915570386,0.913556853774582,9.81073443588205,0.963960872344171,5.48762186954803,0.702745152558632,0.900985598744924,6.1729905319557,0.881814648721522,44.4693382583419,9.28126428345182,0.931796251145025,34.8636369126423,1.46208633351029,4.88229604255601,0.537544648732542,0.951231601464114,2.34716423737503,3.24046489645284,3.99198937581542,1.96551810954248,0.91749861283907,3.72515332924268,2.91639988618817,1.00862248086343,0.532988066513191,3.53027744722356,1.07843397480188,1.04083919542868,1.00216324913149,0.503449988450171,6.76643868483071,1.07101814618535,1.14541861324485,1.25710030884275,0.506348443053812,0.907686085879289,1.0074726422396,1.60901464606911,14.7478913361106,1.43128520399259,0.900177384790154,10.4855474806243
10.8400327204164,0.521788304918801,1.15716681518118,0.527629623548308,0.605940958547924,1.01395607373137,6.68620610346011,1.10127847656102,0.510311720012625,0.515979963472242,1.10652201534535,6.10794826038996,1.75322655320656,1.51429736481359,0.661743335377818,1.07639067429836,1.84037086674886,3.2943640257944,0.766701355189663,0.700784052007326,1.22360987190876,1.14320693734079,1.00856319816857,3.81584896527143,0.503520157611833,1.0235845616514,1.46627346527956,2.86699104257131,0.503333734069811,0.96792348336405,1.09036665722166,0.870721495636434,1.25239146245992,0.513192782073441,0.913717142418526,1.29875770342075,5.2002714727792,1.16634587224463,0.610177853092638,1.17041241688024,1.30004364547863,0.851098114817773,4.09700337729783,4.31474004498685,0.903123888024497,9.09080603695547,4.21950621370579,18.5188232991382,0.5035645596847,0.912883572641503,17.3451585425124,3.57998736429398,1.35926264387832,1.52113761677732,0.960620489199362,3.20515373916667,0.856161994762514,3.6764805305707,14.1919605499324,2.58172281889919,18.7226320717112,3.14220718581957,11.3463419208663,0.502885917199433,0.911574763987215,10.4518307000445,0.85612706362597,1.19234780506589,0.515395668282331,1.47014905404657,1.33298087815785,2.9684932278552,1.04541441090003,0.510394734980252,0.914605541599861,1.04548754809545,2.37738999310973,4.86865645737269,0.538999215643598,0.930478571678897,1.67574549269919,4.64433368090177,1.46085701345324,0.512116925797723,0.912444801961579,2.23681626697844,3.53104987086475,1.00610476530275,0.507220429159948,1.33824009886074,1.01131893079149,2.51162153053202,3.72518559529107,0.670683020647422,0.936913527114535,5.44270183852554,0.890530379143381,34.2169361773759,1.50461604146078,2.83864953716928,3.76107345110029,3.06804512424005,14.6111563048779,1.5651552353861,5.67531966319514,8.02047520196245,0.92796608154523,1.06948208806955,0.537858311147635,0.912913795732848,1.06429014897439,0.8493897812638,7.24563074325682,3.70121661979999,0.899420622003507,7.60110265450471,1.67199185436567,1.00772891717267,0.521582481458868,0.954163232009335,1.0266595444765,0.962407040739472,4.02744752327053,0.526915344890416,2.55980610396066,3.09399609990965,0.852604204229578,7.37361969502038,3.50477366159059,0.903942029522587,12.8626810362132,0.854208743617759,33.2541684463451,9.71862549696287,0.904419709911451,19.4131042827545,0.852172683968899,23.3373251548134,3.22886222425327,1.03869569115997,37.8060563939717,16.4168726449442,18.9112268998189,0.871347168264731,1.38194209543617,4.72441199287729,2.10297126306106,6.23187680255712,4.13041292406444,0.915794268069351,10.3914960054141,0.933931495848612,5.86880646485325,0.664814533744958,0.911178468349596,6.11815324715305,0.871562393164909,44.4386172298052,9.75655587435598,0.921662240222023,35.2295475211688,1.39266934439478,5.2725374574734,0.519186482174813,0.926446239319277,2.45687641803505,3.19802920737384,4.07186989800963,1.86010167167862,0.935696689908154,3.83167191493322,3.04802957668541,1.00106857187739,0.509058260818361,3.7165111211749,1.02067926288404,1.0267442558775,1.00051343630044,0.501337134396297,7.15986957059209,1.05028929638486,1.09827197126739,1.22570369762804,0.530098730426322,0.93654531235625,1.03301833421636,1.45551613456958,14.9048549412826,1.336499405246,0.902013454980995,10.8188072173125
9.67078136213882,0.533729623571461,1.23039334089758,0.541016269329959,0.580926813343286,1.00981147449338,6.78091273401153,1.35982997328209,0.537723227621066,0.559600909169756,1.38060992169632,6.09087217735012,1.88213444956541,1.42304048654089,0.614393962765701,1.13361496166263,1.71678064509354,3.72029420711274,0.682319287710925,0.619567665418097,1.32559811806943,1.11263376671944,1.02579395577245,3.47453021492598,0.504124088425272,1.05969635864902,1.4119561365995,3.28634215526523,0.506382017344326,0.956917759887457,1.15352728789598,0.858939848266726,1.32499330254237,0.505513404137436,0.905794022178032,1.35394992812512,5.35718849886192,1.0173775482029,0.511792124801582,0.92919894814393,1.03174383738108,0.858109045944916,4.33124111979087,4.05469275633233,0.919595095560925,9.79638298173207,3.99784873214098,20.4926650921179,0.519446543523935,0.902208213582251,19.2552400068225,3.59345052456271,1.45567180509278,1.48701567734735,1.04454854716721,3.54021571007803,0.852305123960475,3.22068738103767,12.2339313815156,2.6253013308668,17.4260848794711,3.02260302892702,12.6240332816067,0.501997138109959,0.909899861733684,11.3856925556954,0.850440273872157,1.25170462013675,0.500855842386659,1.44783630777869,1.40410969936414,2.84432300124961,1.08316828530977,0.519045202293228,0.926661344739242,1.08348611384747,2.3256120911969,5.13887225972959,0.521180691570646,0.916802782801652,1.74629374669999,4.66662971400603,1.55521919297725,0.544339701454449,0.946037712309741,2.38615217515669,3.72538007098672,1.01108513275548,0.51856177393389,1.36758505644327,1.02411423318114,2.42497164880843,3.87124789995241,0.589643655587849,0.902915637600021,5.63287520313273,0.851938845846942,36.0911375016353,1.40738218824335,2.92754972632293,3.74083697596601,2.99927031244044,15.9307109731687,1.48061562851679,5.90084327495558,8.75322855369701,0.851074681101789,1.00338874023451,0.50182689153806,0.900674199035283,1.00317778567545,0.866251842641581,7.30028992839677,3.65913303417873,0.908739106304373,7.81509199481857,1.59805995383986,1.01223584694793,0.544685746911486,1.00424589263652,1.05408818049113,0.95157104129779,4.30902076845057,0.50112768596622,2.75496509862876,3.18830329224453,0.850721448968495,7.28186041365345,3.35348577749999,0.901096610255362,12.9651064538583,0.852596475602247,33.4910770246322,9.23870465973691,0.902802959689447,20.3666968723753,0.862878966053407,23.8602170449891,3.22310531946945,0.957438850122349,39.5027374158804,16.1415301828018,20.3238299810596,0.80687462166366,1.34812073364297,4.92521032470148,2.04714639618955,6.34916850535926,4.20702466804356,0.91809975486866,11.0365083840779,0.903588724052551,6.29474162832586,0.631693245025179,0.902674407631495,6.11375561549641,0.959175988998352,44.3711375198118,10.2469758022272,1.01046748213446,35.5351022644252,1.32459677308915,5.70243924772299,0.503900848031717,0.905443149616879,2.58323574735704,3.1587868183495,4.16658514910573,1.76539713744477,0.930560113094013,3.95777594157854,3.18472570742681,1.00038753912087,0.517801554226573,3.90872521155293,1.03823778225743,1.01405569251397,1.00075136490249,0.508713027255524,7.56002093789409,1.04212170224306,1.05372677955288,1.20417628112638,0.526278384056178,0.931988643234628,1.02700506379315,1.3117274641941,14.9964337467627,1.24314022861368,0.968595876509078,11.1042957181966
8.6228715171181,0.506494898999222,1.31884951641184,0.507666234126663,0.558806965013124,1.00040607628096,6.86963509259749,1.23721788899369,0.525406873587888,0.540690538868911,1.25198107135009,6.06689976361423,2.0286144417086,1.34116043195887,0.571323636137476,1.20653651832427,1.59750122349376,4.2094384866591,0.609687690043667,0.549544615809158,1.44531903669395,1.08354233397578,1.05142771247562,3.17245230857617,0.504716380554168,1.11124475295448,1.35340941260169,3.77858373613587,0.502877936231558,0.947253996903269,1.23295706410788,0.875438648361026,1.40610978150432,0.515109921013049,0.916123829428983,1.41710386559525,5.51231627572469,1.04883874760414,0.535077116483513,0.988575772357992,1.09194237929118,0.857605461729961,4.5917902762268,3.8269224739809,0.915114096579596,10.5787182319375,3.75650604841019,22.6362703688122,0.549096259446687,0.901816061859657,21.4003113779446,3.59714923967974,1.56433115775092,1.45467565540136,0.94718362621279,3.92306534395512,0.865573665440056,2.84409524248157,10.4020511217323,2.67122951995539,15.9846317868013,2.89382498474012,14.0769365695224,0.506109414410503,0.9425188994894,12.4602301626084,0.855695211191928,1.32035196797249,0.510845784349989,1.42726767510519,1.48505331935246,2.72593315563373,1.269735889321,0.561790650870786,0.986184011943497,1.27135188556431,2.27382122943021,5.43512393853912,0.50443745457335,0.903584154758717,1.82746832505924,4.68648543207432,1.66644122696551,0.529552000895172,0.930972194519541,2.56522898124957,3.91831698126893,1.0037296885252,0.50905805980224,1.39940058454187,1.00994366299272,2.34063729016809,4.03536637353961,0.520018680810946,0.907574667843408,5.84602106897986,0.863042654878241,37.9937358459774,1.3207786480936,3.01829076271009,3.72233658466304,2.91993466341446,17.3754970886565,1.41029725514548,6.11060895990819,9.59035144498098,0.861400085808823,1.03818039108011,0.520767388393108,0.907089867401237,1.03536579848674,0.85144003589381,7.36614603669557,3.62917089324298,0.901142726243733,8.04924104345245,1.52777210159891,1.00008467562173,0.500487530918999,0.901262103336482,1.00051633220019,0.940172795234118,4.61430895701234,0.500703077395262,2.95638720228287,3.29884712205127,0.851641743603757,7.20766620587282,3.21457903231165,0.902487912690613,13.0972757544177,0.855259905633752,33.7283871974646,8.79911646376795,0.90583623300886,21.3235151095252,0.858963221540091,24.3976859538175,3.22861967205046,0.904858950230103,41.0346347393905,15.791410953032,21.9106734461826,0.752732945231777,1.31923497211422,5.17455204643825,1.99241143816818,6.48430953965142,4.2944693652586,0.920494610730978,11.7450389665409,0.872853932814077,6.76139064237161,0.602609480182609,0.912104885615519,6.1518963749146,0.927861514945168,44.2707946690768,10.7502812056359,0.979182073366153,35.7839642168307,1.25771228594578,6.17161239660295,0.507136033613703,0.910076773620219,2.72605583092338,3.1256388789034,4.27427681675109,1.68210040450018,0.943844180248808,4.10206523398659,3.32653918286325,1.00795732884325,0.525603690223262,4.10551947771951,1.05141495067313,1.00271944016549,1.00089146186538,0.503954115114059,7.96210438529931,1.04473732060437,1.01155147372105,1.19154425999923,0.522605653670586,0.927590054559436,1.02166944216944,1.19031420369882,15.0612693448387,1.16166889781756,0.904186538516601,11.3707344572612
7.68345781850123,0.518522498341489,1.42378487865525,0.521008552128443,0.539135744411248,1.00415363615231,6.95258001784595,1.12651391150157,0.513855048056172,0.522494565063112,1.13499087641525,6.03557379849315,2.19349226393308,1.26745702335809,0.53194035778189,1.29582697426731,1.48183992870727,4.76170145641029,0.546769976203798,0.500117052503672,1.57781298698717,1.05567526634224,1.08503043275621,2.90388882379881,0.505306502216521,1.17826142667528,1.29024975806297,4.35391613996136,0.508442242410797,0.938556704394369,1.32929596779877,0.86246474793081,1.49589114281245,0.507187048770522,0.907778291009546,1.48809131522332,5.66531476474495,1.07453738758984,0.55692786454499,1.04660005917666,1.14510100364017,0.853213678418798,4.87692292469656,3.62835535232439,0.90578935234039,11.4414800730286,3.48230887874619,24.930654506793,0.593994132619919,1.05814827886979,23.7908938189019,3.57002170465224,1.68708973882201,1.41233524850288,0.900344184942588,4.36134176199509,0.865193433658008,2.52889154159809,8.73083899462885,2.72010077486443,14.4689360175689,2.75552505966348,15.7133487783446,0.500499680458011,0.905427937936519,13.6825021982381,0.858106639133122,1.3953999273767,0.518718903556259,1.40803997781566,1.57588060656571,2.61300751916487,1.01715019353226,0.503929307889559,0.905469272342061,1.01727354609513,2.22181907400617,5.75651718940276,0.531454477710839,0.926214856516114,1.91931016838961,4.703551798757,1.79577284479551,0.515542188615934,0.916469055829078,2.77638921851705,4.10873005257493,1.00238305806596,0.515748047387873,1.43354478165975,1.01281795893567,2.25797741270822,4.21606732245089,0.501314291817122,0.901122283216518,6.08122379580496,0.868682594108916,39.9129066249002,1.2435730038736,3.11059602223961,3.7051127833165,2.82975387254661,18.9384513508765,1.35264030884648,6.30205832930671,10.536906299243,0.854665661352265,1.01565053729209,0.508505775188325,0.902908278680039,1.01450367791807,0.850024045665322,7.44014540211145,3.60395130264945,0.900019068383753,8.30109540970829,1.4611103833972,1.00006187231061,0.500947619819609,0.902496766840892,1.00090562046562,0.928135254122542,4.94190500008642,0.505238861055234,3.16233640444574,3.42482385116747,0.897674528649267,7.14847172166517,3.07636303098987,1.00854525192164,13.2567424546671,0.877265947658782,33.9596235939237,8.39559451902919,0.931132994157806,22.2717783520013,0.877766485392875,24.9472721460449,3.24488090423981,0.915053052297629,42.3997524705549,15.3654012615804,23.677006536605,0.707692502388661,1.29489375127229,5.47552314813968,1.9385526288406,6.63507262158589,4.39252891891616,0.92299651847651,12.5159870291819,0.851619234352709,7.26389030662002,0.576949699904989,0.90214388735938,6.22662955246628,0.896366122906961,44.141211962988,11.2639986045495,0.947394168052128,35.979974548196,1.19199117795317,6.67872884918375,0.513955220100296,0.919996698329285,2.88547124961986,3.10304520546579,4.39307337494069,1.61197212151893,0.924340019774259,4.26346599774453,3.47340842124162,1.02484633186215,0.505121873844531,4.30541130946177,1.00974368599234,0.992660868206812,1.00794466651605,0.509911912383428,8.36142320183083,1.05690873997166,0.971543651666992,1.1871118235797,0.519071978791047,0.92333961812268,1.01696924682058,1.08063478914423,15.1619180470904,1.08814508337098,0.900557147417613,11.6762801003201
6.84227616262711,0.530812866834221,1.54675613815739,0.533592100623585,0.521519111786321,1.02456698916781,7.02997441722421,1.02690934440715,0.503016173555147,0.504964677238292,1.02884924151851,5.99646749836552,2.37765307396515,1.20095188717738,0.512649375165394,1.40254566334999,1.36943988580072,5.37959426161595,0.500799356610906,0.50090825949211,1.7218784478434,1.02881319376872,1.12637298631446,2.66415678717173,0.514490431823723,1.26125008589202,1.22218856191901,5.02341672669418,0.504264767967948,0.930499826358154,1.44359236063681,0.851763893894563,1.5943019992133,0.500987410075655,0.9010900706721,1.5669033566485,5.81586391329253,1.09484692422102,0.577439692615557,1.10336582793176,1.19167171278613,0.852335863320322,5.18454115404099,3.45903184622278,0.907663136612884,12.3881286706451,3.22070043338515,27.3418334621169,0.663672935799776,0.943536561891628,26.4168222070082,3.47967609428103,1.82796999067954,1.34212458499995,1.205424371535,4.86964398942618,0.864831641185808,2.26277741271579,7.24286885130944,2.77268351944499,12.9507897979951,2.60772596798536,17.5378629364929,0.500901163298113,0.938289296049224,15.0581107785814,0.852706984457168,1.47095321410534,0.508448442938874,1.38986843876108,1.67679144899761,2.50525054469291,1.23554617372869,0.553979300989349,0.974907547787913,1.23765679971069,2.16944416492883,6.10204003336289,0.515588487221379,0.913331323332951,2.02197676442062,4.7174571965695,1.94473063359995,0.502234476257988,0.902397828104226,3.02250966008382,4.29555067111641,0.999651242212465,0.521535212926209,1.46989162167198,1.01103976350348,2.17756611739128,4.41063470424868,0.515692504642728,0.913778294463014,6.33743975027723,0.874859536587775,41.839848019146,1.17474209172296,3.20433993708722,3.68910313549515,2.72881063563527,20.60859296535,1.30642642987012,6.47310820441746,11.5967961868845,0.885857814676329,1.12038141831677,0.565396723908121,0.922377237191519,1.11158731572105,0.895436783379956,7.51473431367551,3.58154426358182,0.936254034155676,8.5613052839437,1.39787576680085,1.00020530610214,0.542853438332512,1.01509027826258,1.03608510541331,0.915409435676927,5.29024923331747,0.500410456585997,3.37099060883377,3.56576132354428,0.854786941637184,7.10227913988547,2.95795992523323,0.94335468812597,13.4432420261343,0.873889230389863,34.1786205120557,8.02406593198064,0.927976779311996,23.1982623512643,0.867531468383681,25.5058446178288,3.27110590139638,0.909620420535275,43.6003494544575,14.863897448657,25.62474512039,0.670759363207928,1.2747534872664,5.83171411851753,1.88539979742256,6.79939229285155,4.50107196609733,0.978054248508117,13.3476744649652,0.852429640250355,7.79639847567156,0.554181019423845,0.90292329274592,6.3331356513387,0.864772105320714,43.9857460134291,11.7854288717572,0.915177582812239,36.1270998421572,1.12741698398036,7.22202422600045,0.507355681654251,0.910688720330993,3.06174570301248,3.07955531215522,4.52118349307804,1.54712355490338,0.921625135074418,4.4408183944594,3.62521177141002,1.0508743500195,0.512827896947478,4.50687506860618,1.02247493886808,0.983787383391508,1.02110611889631,0.505733573432152,8.7535360682068,1.07779723114036,0.93352430158496,1.19040376860148,0.51566916546739,0.919227990632878,1.01286486767114,0.981371842931838,15.2897481417365,1.02160872429004,0.902675641028537,12.0172941805569
6.09054220710054,0.502869829309901,1.68960894861897,0.503039643028277,0.505609185738348,1.06080019517855,7.10205978615773,1.2332847647249,0.527072995691025,0.545451767533936,1.25194131847128,5.94947311814483,2.58199664057325,1.14088924108668,0.502704506785529,1.52845860969195,1.25948655021774,6.06647071269806,0.500118744774631,0.500142406586881,1.87875455843971,1.0027680016686,1.17539041614722,2.44939604868871,0.506810786272409,1.36111669077763,1.14907548229632,5.79883913991144,0.500713910193786,0.922794947008823,1.57725944745048,0.853451480761995,1.70212611205304,0.501867508783496,0.902089182885879,1.65359806014659,5.96366546371885,1.11011495865635,0.596700789650158,1.15895903741959,1.23207492649719,0.850736885705519,5.51170334067482,3.31938484646867,0.902076579514766,13.4218139909947,2.95086331524584,29.8242285752024,0.763181864731501,0.901182854124036,29.2589616186165,3.42515282764054,1.99089247658928,1.29879547457834,1.27473297473807,5.46465637894399,0.864506715232854,2.03714802236094,5.94800763359892,2.82986755577868,11.4927342802073,2.45088884032664,19.5499302327995,0.501590113957275,0.900948101652719,16.590243326689,0.872979817197457,1.5356388980846,0.591666907524131,1.37250420432113,1.78802669630216,2.40238635036547,1.16972359106,0.538898349198672,0.953870339806576,1.1714424817434,2.1165707827659,6.47051103673683,0.5008066817569,0.900710319726983,2.13572441684659,4.7278043817369,2.11509264491018,0.552887899571278,0.958236923217439,3.30698138569797,4.47776408693629,1.00309745125886,0.526466987207281,1.50832475879922,1.00511814348528,2.09874288352102,4.61791914174495,0.500684923730763,0.900613191065901,6.61343927578968,0.881571082146108,43.7656678924617,1.1133867495262,3.29939287312222,3.67425263028811,2.6175835718054,22.3708339991375,1.27071740621804,6.62217693506516,12.7721218260354,0.955187437051629,1.35355313216625,0.691947787395895,0.965755027317293,1.32784168486325,0.871500276799331,7.58834280058263,3.56152845036156,0.917212779614316,8.8279131747742,1.33783356005665,1.00587611310446,0.513674755392941,0.937195829566916,1.01046799424734,0.901953099850664,5.65727969414682,0.510989239578339,3.58039169559198,3.7212337045596,0.851986542532273,7.06723015041054,2.84962452402349,0.903071692562836,13.6499622238298,0.918715118598777,34.3787505787811,7.68037818904281,0.982562005150177,24.0910666320773,0.856998851798068,26.0707329602814,3.30651014900109,0.903873796580363,44.6412225291848,14.2890885184035,27.7511502863711,0.641138124091666,1.25850213450049,6.24701799606613,1.83282788723253,6.97529801259537,4.62004161394807,0.993319865265408,14.2376864943489,0.8502360139052,8.35225360001346,0.533913181372493,0.900277072706081,6.46786112091968,0.952540333600201,43.807548219919,12.3117085631174,1.00616031684799,36.2293425685835,1.06401130164903,7.79899054808367,0.521421465950554,0.931705665423365,3.25524305412847,3.04024978050179,4.65895811594285,1.47790567505086,0.926131445941436,4.63597797894939,3.78178207295424,1.08611395178821,0.519732904355709,4.70837926271141,1.03148393036907,0.976006588294994,1.03977545746569,0.510926388869215,9.13439959552234,1.10685895921391,0.897333955245896,1.20112892404015,0.534169040058711,0.94206302542816,1.02540120270778,0.891350823454928,15.4372469060569,0.96117998436958,0.900767713435927,12.3897710160071
5.41981447822695,0.515270615268532,1.85447335459751,0.515553940974715,0.503077775231684,1.11277602377044,7.16908776248672,1.13949081192328,0.516607050160346,0.528270353366208,1.1514791844372,5.89428387227762,2.80726043210601,1.08659533036954,0.501897006199456,1.67528776356891,1.15178156687524,6.82523117949729,0.500564455063271,0.500713393172559,2.04944967662731,0.977377067954024,1.23215348935097,2.25641305966774,0.524435280315093,1.47912761677044,1.07095677674352,6.69225847601733,0.50491562392431,0.915179804451285,1.73204294911058,0.852828944400856,1.81942985960184,0.501486671510604,0.901712499145501,1.74832780233939,6.10844508623333,1.01209552655399,0.510999693601933,0.929715496516118,1.02602321389968,0.851255355394867,5.85548106746446,3.20081063636062,0.903486993692156,14.545026878016,2.67823624324005,32.3227750778697,0.903874030489757,0.904054741964756,32.2982014501734,3.38610324359868,2.17445796311834,1.27082544038892,1.22744789897596,6.14454643585376,0.864234887318391,1.84571343847223,4.84422497394994,2.89258840029802,10.1409404614314,2.28603035901145,21.7409010918965,0.514541679038157,0.908236284668378,18.2790079509564,0.863263363561846,1.5725887117861,0.559255691137353,1.35572953990727,1.90981520165903,2.30415597588265,1.10319203495805,0.523651053183943,0.932694505247717,1.1043448131985,2.06310800204399,6.86053779459784,0.524641615867867,0.92275263022197,2.26089363280504,4.7341719240006,2.30888895047705,0.560274458548101,0.967938407191755,3.63368915963842,4.6542876274982,1.01233415841795,0.502450251676094,1.54869670547245,1.00006756005068,2.02142693473823,4.83458193702486,0.515437346825235,0.914355753696597,6.90304844717552,0.888808936320189,45.6814985263977,1.05871401582123,3.39562065982791,3.66051247645653,2.49695401108628,24.2061252003713,1.24480774716696,6.74819145610658,14.0625276777879,0.955135060959552,1.35366020551476,0.691925947274302,0.965797670934996,1.32801921776464,0.898865386571233,7.66092291302955,3.5438742813646,0.939326104099718,9.10092161350295,1.28074583567967,1.01879701586844,0.530364821436815,0.984059738210624,1.02001574331835,0.887740833044348,6.03648131959601,0.500914582013482,3.78779659124025,3.88769921700045,0.853460678615106,7.04160425771869,2.74923263219151,0.905378569494501,13.8767617230942,0.86540317538266,34.5537717677258,7.36332935090627,0.919450836219751,24.9343755917713,0.917418627640671,26.6394859105336,3.35040319701057,0.93756666466105,45.5307757335654,13.6452188730103,30.0475344601917,0.618204577314549,1.24584422124609,6.72536765524919,1.78095239689136,7.16085545200394,4.74984976534299,0.919589924440189,15.1839892045037,0.925471317115585,8.9237882603245,0.517675773059113,1.00764739529083,6.62807396055596,0.920829834621042,43.6095973330298,12.8398643315716,0.973720809992485,36.2906838406247,1.00183869272661,8.40237986078458,0.502240870439154,0.903355190681396,3.46442182707159,3.00814014006091,4.80503641376483,1.41818873540254,0.902410393779521,4.84741162938363,3.94289123830537,1.13085679005183,0.502108877985383,4.90842621796593,1.0031143360449,0.969225556616725,1.06350205904501,0.503444920457492,9.50048379403941,1.14377424411916,0.862829590415532,1.21915437001078,0.511693191466707,0.914431273911226,1.00798318585587,0.863658444124159,15.5856673538381,0.905688730360877,0.910208596238577,12.7774679791806
4.82246287986352,0.501163528927349,2.04358035163114,0.501147448785377,0.500220744377621,1.18105305237016,7.23131613037101,1.05526405769738,0.506757288658593,0.511664410658192,1.06036739603273,5.83065144607223,3.05049311237684,1.03694598540431,0.501718146007602,1.83960498323222,1.04669730651627,7.65904057516111,0.500412410155211,0.500562608570041,2.23518377185518,0.952497816797818,1.29684534312176,2.08253912239461,0.516931449271216,1.61688235415042,0.988131907446894,7.71557629196906,0.501920835592473,0.907410950961618,1.91001190975242,0.850644989329571,1.9452238806393,0.500329906219139,0.900386267835899,1.84977551740181,6.24995357060386,1.03169890185594,0.531339129693132,0.986324407586292,1.07172399078085,0.855751557622707,6.21251890751171,3.10412917097838,0.91568175061203,15.7604091866346,2.40796855492243,34.7703365137668,1.10250106118382,0.922547901313638,35.5017345274834,3.34553081885484,2.38039304419192,1.24872839388069,1.18155470901047,6.91806472236009,0.864023042068495,1.68365617949175,3.92002102577777,2.96175512092871,8.92344034276547,2.1144633648311,24.0918612370332,0.541810373239765,0.907002666304893,20.1183024995399,0.866081736910233,1.66259569966585,0.66365148390774,1.33856531963978,2.04085247527635,2.21031775640377,1.03606538714635,0.508265567264956,0.911406880073543,1.03650282446854,2.00899889471931,7.27049120329127,0.510757328704771,0.910314316028309,2.3978985696861,4.73623804381094,2.52824273901227,0.50449671121932,0.906404537345199,4.00703760474929,4.82451004318251,1.027204244938,0.500204800166646,1.59101087827672,1.00198070287167,1.94558464694238,5.05881196286891,0.517343897765645,0.916656592285868,7.20366051872832,0.863440888518021,47.5786641265741,1.01002356271381,3.49288484716974,3.64783904915353,2.36818427428082,26.0919901482718,1.22818828223322,6.85057874259431,15.4645935133227,0.955082696638484,1.35373779127148,0.691896442812521,0.965832260909235,1.32816111401947,0.874779824623866,7.7324235395064,3.52855346061005,0.920018611804651,9.38032259715841,1.22639359661888,1.03882850865455,0.502812121846698,0.907881307136358,1.00164241331082,0.872781572663803,6.42301309256815,0.504656010868465,3.99096344000647,4.06331558289644,0.852797804492157,7.02205762372975,2.65571175158179,0.9043800759834,14.1178093252246,0.855501105288267,34.6982510716975,7.08024394852184,0.907162343756726,25.6972489153212,0.907244191460483,27.2098622986639,3.40218299212397,0.931972206327086,46.2799747916321,12.9387777675855,32.4981830711968,0.601483213831907,1.23648890324926,7.27042548930506,1.72925508440374,7.35414035424952,4.88955716502867,0.904449087722967,16.1794104743284,0.88355429299708,9.50307208354876,0.501395116201577,0.962738273840524,6.81193249044008,0.889194677104425,43.3947140581675,13.3668626293537,0.941013380845056,36.3150455378484,0.94100085517386,9.02198104161694,0.524983756399443,0.938104827040545,3.6865233825426,2.97561448086843,4.9582168725755,1.36273739312179,0.907222423763961,5.07499132575796,4.10824156521568,1.18560456145814,0.52071800894273,5.10559279901207,1.02659639388267,0.963351036630752,1.09195017232488,0.508059350808177,9.84885225613548,1.18839969286274,0.850693683811102,1.24437593940706,0.501727295961099,0.902136023363353,1.00106304542781,0.883039911460226,15.7278982630018,0.854378264165098,0.924820497123671,13.1744594451115
4.29049721003618,0.502522396088468,2.2599849838315,0.502395249584672,0.500455860785159,1.26667678358557,7.28900504808815,1.22194027592961,0.528253560220828,0.549760621435772,1.24465983722839,5.75855774106842,3.30987764482421,0.991295371080036,0.507995809373962,2.01970746423961,0.944674025411201,8.56980288974938,0.501293918349581,0.501905250067175,2.43709835935984,0.928004007836831,1.36974617004324,1.92552472607912,0.509437322697592,1.77630137159193,0.901224631223584,8.87413119402323,0.50010123535368,0.89903515445471,2.11022399462158,0.86967498032655,2.08441063293679,0.507427280899753,0.904580892819249,1.95682457674105,6.38796844644909,1.04654842806521,0.55050010049551,1.04183009635453,1.11160890368514,0.861320410123262,6.5789576110715,3.02811890454877,0.930349319791945,17.0696692956463,2.14511822931986,37.086769428687,1.38387514581212,0.907500672123298,38.8249707289868,3.30317521460346,2.61065727824934,1.23247315169565,1.13668328059664,7.79464213809536,0.863873551897229,1.54706470996594,3.15759903926702,3.03819297751536,7.85181117244696,1.93830624280878,26.5736575853172,0.586465810438309,0.93668195103598,22.0978864622173,0.852204380782035,1.76627934513507,0.572488756257137,1.32168451006682,2.18094260758859,2.12064585150479,1.45111611677444,0.603378888655178,1.04236703757582,1.45712136396201,1.95422047108769,7.69830660957008,0.531433373066853,0.932031177551945,2.54717414165292,4.7332457600354,2.77600151815925,0.50215953185622,0.902528552354415,4.43169112453348,4.98755167235196,1.04757564911649,0.502284964060734,1.63512288547316,1.01024850354104,1.87119366948972,5.29060677469591,0.519113413095622,0.918999270074602,7.51553058217203,0.973902698148911,49.4488207303751,0.966692917309713,3.59104336810762,3.63619297435639,2.23286656516942,28.0034182951237,1.22051793576627,6.92924678295966,16.9713425636182,0.955030338161591,1.353788054229,0.691859830085664,0.965859463753131,1.32827006393654,0.884023213043814,7.80279534775413,3.51554251301295,0.927624266555202,9.66609397826915,1.17457951566115,1.0659926292222,0.519018402540346,0.954240147387458,1.00905851780258,0.8570850628292,6.81400636637824,0.501538732718067,4.18815180687763,4.24797282343664,0.863436151653673,7.00513264558362,2.56789393743116,0.921219126678491,14.3648249916258,0.865086291959682,34.8019788427576,6.83749558640454,0.919916318079085,26.3639255767246,0.896761168460667,27.7798410106088,3.4613316713704,0.926119539628664,46.9013132367849,12.17855900667,35.0797201931397,0.590629438574142,1.23013993432536,7.88521361479372,1.67791446124197,7.55319873327793,5.03954759038662,0.921934965294142,17.2193770802381,0.852000492344916,10.0831461595967,0.500672188868991,0.920855926900553,7.01646273560779,0.928270755818787,43.1577259115082,13.8893022875358,0.982400755706097,36.3102635898436,0.881651297666963,9.65290367214758,0.52471528440816,0.938315329961982,3.92182100317276,2.94273443817657,5.11386873914631,1.31066669420119,0.908365417748952,5.31405191615216,4.27745864081508,1.25106653536467,0.515938859619613,5.2985678526638,1.01800119003435,0.958290093985352,1.1248696383009,0.501704961939792,10.1772117607204,1.24073036328557,0.85074048843188,1.27705039461842,0.501797496905771,0.902234127303782,1.00098305425299,0.870348158168131,15.8636576364718,0.806873462659709,0.915358608077909,13.5804612251606
3.81753655597941,0.501381235533211,2.5064984619072,0.501262524048008,0.500235785544224,1.37114620260498,7.34241386969121,1.14286236143613,0.518734787700256,0.53346387096658,1.15858068945406,5.67825287285492,3.58366141814738,0.949200688334187,0.502223084739094,2.21425744923059,0.846225514678133,9.55838547638606,0.505110343489003,0.508307004922297,2.65669050532061,0.903783338511807,1.45122430208165,1.78346649046443,0.501864396571364,1.95962547437378,0.811263734180584,10.1727281843535,0.500814464912093,0.889833266845885,2.33291668178324,0.853849066785024,2.22877318935491,0.501872334082087,0.902308480609926,2.065950799729,6.52229475295862,1.05693893325217,0.568556600252085,1.0963035022945,1.14603747890666,0.861613323033866,6.95056504105051,2.97184043443121,0.930718898181165,18.4736076038118,1.89445694164949,39.1769659959809,1.78462974895061,0.926765780363589,42.2128087781402,3.25877027147899,2.86732349516569,1.22215585416591,1.09250899961738,8.78382070684834,0.86378367631844,1.43262797270215,2.53602133418318,3.12260613485599,6.92505260416211,1.76007177369921,29.1465737747127,0.653232504582278,0.934674695759438,24.2010907312793,0.854182134843618,1.87809381936053,0.506969975311112,1.30493206969129,2.33045161544045,2.03492836648235,1.38430692749871,0.588060394553059,1.02111797323259,1.38969016757784,1.89882166764486,8.13555462650907,0.500747708575772,0.900789273551332,2.70708232805395,4.72480034275697,3.0548062500256,0.50036296880426,0.900444960514179,4.91288556512398,5.14280493340794,1.07343422757964,0.501462243182004,1.68092920128485,1.02474069157303,1.79823701122688,5.52993781698777,0.511225707959496,0.911532148710566,7.83892392424855,0.948837022562433,51.2841016919055,0.928169747403125,3.68995115889351,3.62553906131819,2.09284431239123,29.9140556229534,1.22160198859922,6.98455747679424,18.5719417974614,0.954977976343089,1.35381268994455,0.691816537788628,0.965879915540227,1.32834821903463,0.893328601132769,7.87199113138597,3.50482205108736,0.935364281735633,9.95820194726945,1.12512424346269,1.10045232514724,0.534367217080314,0.999706886776107,1.01270945403027,0.853727544447635,7.2055920170701,0.505975114921607,4.37754899695403,4.44096761276072,0.858314865127703,6.98986521820445,2.48524280940212,0.913228797864229,14.6161040610622,0.886025478059361,34.8544169048403,6.64136596155153,0.947822423368013,26.9077340695918,0.927958627262154,28.3476413006467,3.52741342583736,0.943448346527507,47.4080262120405,11.3755324560969,37.7611621063589,0.585416198049665,1.22648771631464,8.57170433124558,1.62692387376644,7.75600954150199,5.1997351551689,0.9109227799091,18.2969899611103,0.851839980855816,10.6537258224323,0.500554915383114,0.901630527743419,7.23836064223375,0.85399399819142,42.9158838660983,14.4049665221971,0.90421945986723,36.2726425621674,0.850897225257045,10.2886015715046,0.500883013533244,0.901387778271009,4.17008094501507,2.90948752488333,5.27044615855619,1.26159990611196,0.929560831253477,5.56332239120375,4.45008452514738,1.32816338249865,0.511541000025488,5.48617910984902,1.01117865038001,0.95395070015431,1.16207728562479,0.505820086009524,10.483913716294,1.30087758443396,0.859835189276817,1.31739263484717,0.523309969995348,0.92907117009093,1.01084891093985,0.852799101141538,15.9930729999162,0.762854267320763,0.9021235271601,13.9953606123749
3.39737347262415,0.50854081367657,2.78637093923886,0.507488210831693,0.501399941355595,1.49645893543966,7.39179876060307,1.0720923940513,0.509752694388893,0.517668140207362,1.0806208763263,5.58960193622939,3.87543743634732,0.910876831081842,0.505960247249241,2.42998562664197,0.751910333278042,10.6238007758886,0.503658086949787,0.506592263311286,2.89537199961954,0.879750734497183,1.54168652898794,1.65475435113206,0.553615476542226,2.16942168530504,0.719630016073822,11.6124206430112,0.500960868686923,0.879570658133254,2.57831141477481,0.851592148847724,2.37869568904234,0.500746560254048,0.900946962467106,2.18457320541178,6.65276519950921,1.06314490291037,0.585577093646638,1.149809432042,1.17534417281691,0.852159884931757,7.32214855636117,2.93453443812898,0.905575797464349,19.9705443750263,1.65827665733568,40.9275298788529,2.3563977298413,0.908978585162062,45.5968854791056,3.21204536404394,3.15254861774349,1.21800861913266,1.04875134897516,9.89492970325152,0.863747778166789,1.33749022988967,2.03378132387966,3.21556050059978,6.13399662473507,1.58261195795345,31.7603570956689,0.749178553352038,0.932649900419488,26.4048812949522,0.852920428207374,1.99752319563239,0.504783591510516,1.28817489621576,2.4899621945317,1.95296610764423,1.31702199534428,0.572633529526286,0.999785617426067,1.32165998102836,1.84285659347943,8.58033386491187,0.506033591987318,0.906747795051209,2.87736319202661,4.71501496399466,3.36148732634573,0.528956525817807,0.925395853600577,5.45591414693773,5.28979600314,1.10484775685937,0.500757578582414,1.72832836419229,1.04534936291693,1.72670373156042,5.77674812579003,0.503721186347391,0.903957709921639,8.174097052133,0.921645090153829,53.0772555328825,0.893967892787972,3.78946033190721,3.61584563893597,1.95011286091995,31.7975675134114,1.23137526921261,7.01729299889565,20.2516730214437,0.954925607975726,1.3538141502735,0.691767198824129,0.965894328741717,1.32839856766338,0.902695551069383,7.93996579140909,3.49637668660827,0.943244978813108,10.2566002132356,1.07786434766213,1.14250857057946,0.508672765432732,0.925472387140998,1.00254004759722,0.850889719985195,7.59806265404814,0.501350010438307,4.55836338789714,4.64465569010963,0.881131304570174,6.97613680634843,2.40740296672132,0.950000593205028,14.87155777321,1.10932806254934,34.8434749933196,6.49748990415353,1.24510355868889,27.2988449316561,0.884381042107808,28.9117432620173,3.60007215403766,0.919098376990669,47.813470112849,10.5425002767744,40.5047940258383,0.58572383843717,1.22520437817414,9.33040639102527,1.5762870598783,7.96044770492926,5.36991837026838,0.96260118036332,19.4038120819059,0.856624377776776,11.1971708411427,0.501811312149317,0.905659645096716,7.46800670626073,0.898067023374586,42.6669538440732,14.910846474386,0.951094696657213,36.208100336089,0.855949870655934,10.9281544610484,0.505540722193799,0.908872470394061,4.43367187608437,2.87587774566561,5.42768542087697,1.21536752343696,0.908854424016356,5.82308707069671,4.62556984691542,1.41803709720476,0.507498396694194,5.66742029300534,1.00600599064625,0.950242439778908,1.20344267810068,0.508143282765821,10.7679233557703,1.36905255578315,0.858947869246865,1.36578101827244,0.520726779097511,0.925942485632401,1.0081888471216,0.901124405475303,16.1162912237,0.722026414802013,0.939083715211147,14.4190245199476
3.0244633493438,0.538197765384945,3.10309072010837,0.531864378374838,0.506029050618311,1.64511943363079,7.43741019025319,1.21520964373812,0.530548642168026,0.556500757381304,1.24353915728818,5.49283709500154,4.18319406279332,0.875929015141314,0.501560672390406,2.6660646095948,0.662303627660156,11.7630211730045,0.515825211618638,0.533242199988167,3.1544774928614,0.855840288446282,1.64149301596636,1.53795879480858,0.517042831309062,2.40820314736226,0.628017714582647,13.1935369129081,0.500432618174961,0.868153570162149,2.84850329597187,0.854244330528663,2.53805450813662,0.501923059742518,0.902512815920589,2.31061011663232,6.77924009628092,1.00716810410079,0.510300798393575,0.930329468537527,1.02072722408996,0.852340969237408,7.6876784795154,2.91529432321344,0.906086718007752,21.5524416108139,1.43125859591204,42.2086208949844,3.16472514038891,1.198944589903,48.9220915220285,3.16272813074789,3.46852386108423,1.22040582847977,1.00517135925441,11.1366507815793,0.863758645005158,1.25917663731626,1.63055391952891,3.31748055559934,5.46507663195064,1.40893491733393,34.3547340701647,0.8847681707037,0.930589856013552,28.6801057181072,0.851711872576893,2.12410891805156,0.502747000436455,1.27130119296258,2.65990106158017,1.87457167447951,1.24934240382639,0.557117749533292,0.978388349015134,1.25313025085434,1.78646180332235,9.02747045904544,0.513342674421494,0.915936263743152,3.05775575936132,4.69534917563322,3.70782993246422,0.57471925606874,0.949398291627406,6.06550364777724,5.42818792491314,1.14196115804677,0.500164410108644,1.77721827574049,1.07207726175735,1.65658870973536,6.0309508618015,0.537953653505739,0.942601107212324,8.52129492642006,0.892392353236963,54.8217412991983,0.863657495894924,3.88942066305321,3.60708340585549,1.80671039199387,33.6290141305269,1.24988910125359,7.02861574473028,21.9922154096261,1.01628685349566,1.56103892821509,0.803995211127584,1.00451270687451,1.52082358550665,0.959672055236992,8.00667646058444,3.49019537300831,0.990670452907179,10.5612276558048,1.0327899795461,1.19249130291754,0.504899477531872,0.914486963158604,1.00098355477175,0.851953720083884,7.98818560511353,0.502719972655353,4.72933079310275,4.85888347411877,0.88153936074838,6.96383459995141,2.33404049242793,0.951045506870391,15.1310935641885,1.50406445748679,34.7558067450872,6.4106860513833,1.77130765839238,27.5052625716096,0.959485782611082,29.4708922925993,3.67902553844771,0.960444839042344,48.1306925764581,9.6935225935148,43.2679702206818,0.59153279726521,1.22594205525533,10.159983610664,1.52602859357514,8.16428069831639,5.54975894824237,0.936814326936454,20.5299950656991,0.869917854970204,11.7077914615913,0.504923883848601,0.916456894160743,7.70415315652826,0.864947584120071,42.4108213375705,15.4040927488487,0.915964162459304,36.1211115474793,0.865377157058185,11.5646750947486,0.513546091834473,0.922129703050377,4.71245642078443,2.84191402552304,5.58531385391243,1.17180778187708,0.952186327917701,6.09362904930592,4.80326655765876,1.52206750930254,0.503787627992133,5.84146946523181,1.00237043017731,0.947077186426737,1.2488758242642,0.510114313965056,11.0287677426531,1.44555298292045,0.858620753048338,1.42272062730621,0.519496937824367,0.924494598957739,1.00630787454316,0.883511056389295,16.2334726573701,0.684124637634237,0.925768317768452,14.8513029176756
2.69382606380579,0.504514388719761,3.46034556941981,0.503641248173483,0.500700024910987,1.8201677102623,7.47949189652359,1.33208701245533,0.549641495792082,0.593744503308077,1.38081402799633,5.38818468672438,4.5064385379946,0.844181383727302,0.502194114351941,2.92420808389816,0.577980522182425,12.9709708078453,0.505432212522641,0.512898116632037,3.43558050396601,0.831886546084451,1.75126498856418,1.43175029120495,0.501409444934802,2.67798397800233,0.538327855277851,14.9119197260887,0.500046074244118,0.855486250224737,3.14577477199752,0.872928534492427,2.70654454808956,0.50997293096494,0.913524446108912,2.44369748375613,6.90160697161134,1.01695950268527,0.528209749829844,0.984666382390305,1.05442079807047,0.857737311169461,8.04179859080883,2.91373789010797,0.920013517073148,23.2135825228319,1.24051880238677,42.8517341913162,4.3327579269449,1.01754503741504,52.079454125577,3.11054834495831,3.81740955355615,1.22987813685189,0.961571696932785,12.5164872295972,0.863808460785863,1.19555873559814,1.30818374097031,3.42865442051296,4.90312910105714,1.24198400789501,36.8602364482957,1.07534917952311,0.928478541071416,30.9922967117776,0.858776640842931,2.25816920912038,0.51373158782679,1.25428812634552,2.84082958258948,1.79956881024925,1.18132734098277,0.541529267463696,0.956941260568328,1.18417355416101,1.72977914694833,9.47479688112249,0.500798594730583,0.901008668229402,3.24878388125448,4.66708829949406,4.09656944890196,0.524530887563426,0.909320663605419,6.74832711758897,5.55776413607377,1.18499037848388,0.501726041906138,1.82749502165944,1.10502660021061,1.58789248456729,6.29242557113447,0.557295471577938,0.967775209942525,8.8807504276877,0.861153911422698,56.5117975593542,0.836855921049967,3.98968055579615,3.59922536254455,1.6646342020494,35.3760145897296,1.27709311206153,7.019471112502,23.7639915602425,0.908714985111031,1.19813515096601,0.607348264866038,0.936912187358189,1.18394250460728,0.882825131899824,8.07208253808275,3.48627167236129,0.927212862341972,10.8720056304908,0.990700907442235,1.25041011954183,0.504340109845923,0.956247248913186,1.00012099760358,0.857941962896598,8.37335023378095,0.510079232475428,4.88957335477631,5.08381841138026,0.881951226134392,6.95285460156509,2.26485038972104,0.952106440401244,15.3946191103733,1.72499805104309,34.5672806411919,6.30085696347214,2.03690944054771,27.5793634787361,0.914950492683717,30.0241365755578,3.76407010954063,0.935663013467026,48.3721028093216,8.84317529841429,46.0056315537994,0.602918741236392,1.228334288218,11.0569531354371,1.47619039840673,8.36515593495516,5.73874962150695,0.909919625527561,21.6643875463941,0.8696535074921,12.1827804509396,0.50446555699864,0.915841973391638,7.94693460002557,0.880952645955376,42.1496242052984,15.8822773554693,0.933238486552011,36.0148309807858,0.868553445552245,12.1936033962057,0.515529601459091,0.92587475975822,5.0070984918291,2.80760972515626,5.7430595575622,1.1307709792376,0.931399671026729,6.37522058930743,4.98242183384205,1.64189444924909,0.5003882147602,6.00769617993927,1.00017084162068,0.944369701714531,1.29831770128543,0.511786442317611,11.2664667182009,1.53075391117012,0.867911471137934,1.488843601312,0.539371057167797,0.949682973979065,1.00948894849763,0.865753660253759,16.344791356862,0.64891043735513,0.912188721078163,15.2920263831253
2.40099067656733,0.513617431949245,3.86196034106728,0.510455469766789,0.502080025135341,2.02520863558457,7.51827847973332,1.09818717870363,0.514994458601242,0.528548720439808,1.11322963085896,5.275932659116,4.84447983500974,0.815475995485983,0.510649968448908,3.20626833933514,0.537746008869031,14.2371219714802,0.510359979067327,0.52993660234653,3.73823197521771,0.807861503959148,1.87073763603399,1.33478612577598,0.506484520743739,2.97785638683178,0.507834791981367,16.7530742098758,0.500251219803408,0.841389279822852,3.47102924499596,0.879286267636311,2.88447194478416,0.512229910321597,0.917213154304786,2.584193962506,7.01977971297474,1.04394552460692,0.59240047184944,1.18430225869628,1.1680791419171,0.865054199140912,8.38050495206384,2.92985195249425,0.938843700908867,24.9500851289767,1.07186950267501,42.661368102069,5.9737490473251,0.919170102779751,54.9483437365233,3.05524319515344,4.20124679279056,1.24713640789357,0.925070915299767,14.0401214098289,0.86386154086306,1.14482808524052,1.05108264231951,3.54924230335772,4.43318689736434,1.08442351210636,39.1984644377855,1.34330293234499,0.926302355139831,33.302793036319,0.855396879862814,2.40007961956638,0.508251187947037,1.23712007981031,3.03338809891145,1.72779168983962,1.11302972629319,0.525882281076948,0.935457306212193,1.11485462503532,1.67295912900711,9.92014617002247,0.513341307002494,0.918210795416358,3.4509875593891,4.63122979572186,4.52974228494638,0.503777904223905,0.90532954727654,7.51060537776357,5.67842499176022,1.23422186375451,0.501119402317433,1.87905187977532,1.14439179171503,1.52062097006995,6.56101472528157,0.510856600641835,0.913132852209076,9.25268214651552,0.991820386611852,58.1424970013435,0.813222846650401,4.09008775052394,3.59224661058039,1.52580667866419,37.0069161411033,1.31289503586126,6.99119498387441,25.5315532778043,0.970076198071752,1.4053876311335,0.719583455505766,0.975538645154233,1.37640112702118,0.940044304739454,8.13614416072948,3.48460057568832,0.975237756182167,11.1888490987366,0.949127775308298,1.31785481846981,0.504275923344344,0.913127074496143,1.00005378766286,0.858755202381504,8.75136308896663,0.51027070880704,5.03850385361201,5.31987606558226,0.882367009623219,6.94310134294004,2.1995561351503,0.953183690745423,15.6620410328073,1.47372074161167,34.2825389391618,6.01630339588495,1.63669622815888,27.5533353353281,0.86935080235993,30.5708259326111,3.85507762322808,0.910560211216143,48.5492785956092,8.00570836947599,48.6732913670334,0.620049957887107,1.23200082775459,12.0155147903009,1.42683140145591,8.5605803237695,5.93615653197264,0.949571142445439,22.7945141787807,0.869269480236246,12.6205138502798,0.50403847118358,0.915214761205439,8.19648472626109,0.94590001199762,41.8854359516961,16.343148141739,1.00361580022961,35.8923277363075,0.876117963142249,12.8105301608224,0.520778089688294,0.935348934196387,5.31828854753149,2.77298239475717,5.90065084176837,1.09211770703064,0.910463856659993,6.66812350497856,5.16217237416818,1.77944547317054,0.52321482723848,6.16566067377594,1.00363863389377,0.942038150830417,1.35173326528365,0.513198108848237,11.4814499733559,1.62510192976506,0.860311086985847,1.56491320509688,0.522144821961102,0.928045791836257,1.00389172331332,0.914771713784873,16.4504320508504,0.616168100289868,0.950587559279618,15.7410051603695
2.14198978815797,0.523277751237575,4.3118290713697,0.516967387035185,0.503539816476002,2.26450724439004,7.54919656995475,1.1766727778229,0.532880340954325,0.559745201885997,1.2030927303703,5.15643742290874,5.19639573050951,0.78967049436245,0.519418789096451,3.5142074259826,0.500606509603439,15.5503231732038,0.500133154108379,0.500440970937032,4.0642383052156,0.783720277104158,2.00036234769727,1.24623030884118,0.50528505054604,3.30956874414272,0.508871617874766,18.6985711986408,0.500156185964071,0.825779705440091,3.82979303403563,0.854397964875391,3.0721365807743,0.50177384584145,0.902577312117603,2.73248798904949,7.13369766605445,1.00971929465908,0.522510526500622,0.96985495952431,1.04008296381881,0.855090479395138,8.70004232842415,2.96382072967284,0.913135242427566,26.7567627154298,0.926243187410663,41.4395109534859,8.21813025465097,0.91560678960838,57.4270326637328,2.99670654116325,4.62185340381037,1.27314719676194,0.916600374900056,15.7113535620835,0.850065423272897,1.10547076333298,0.846238845569877,3.67928497715667,4.04147893354734,0.938456265561739,41.2813155487138,1.72095702548323,0.924050573980213,35.5700741585159,0.851933159979538,2.55022272626099,0.502886334416368,1.21978147917086,3.23823847126048,1.65908413213202,1.04450275344004,0.510189048061669,0.913947573934386,1.04523874015952,1.61615847934707,10.3613883474082,0.502171598588586,0.903151699475617,3.66492301708668,4.58707981826824,5.01077261784807,0.513388878460496,0.920040792089307,8.35781158223464,5.79014905316764,1.2900066111131,0.501988052636946,1.93177838931701,1.19045504468636,1.45478320731152,6.8365349497428,0.52996208365568,0.938401536240121,9.63729753942471,0.960757024562336,59.7097744303496,0.792456143205684,4.19048995754248,3.58612404940928,1.39192654291524,38.5016265221579,1.3573413863334,6.94591750044616,27.2633135954227,0.86250434488961,1.04221488422713,0.522866479807372,0.907866356248068,1.03919622733653,0.862717050368105,8.19882421118673,3.48518252491705,0.91065722224788,11.51165066315,0.909199045523262,1.39539152865373,0.50365217069924,0.911384485699999,1.00203026195793,0.856265782205015,9.12021033340087,0.506848708361999,5.17576245553715,5.56746558839732,0.882786791518559,6.93448719627466,2.13790658071263,0.954277471520214,15.9332648908451,1.26339804010402,33.9317714479858,5.72500066651534,1.3253230789824,27.2102897224938,0.947152887209201,31.1106070241593,3.95199275542275,0.952502725573336,48.6728512013956,7.19429801396635,51.2150431145668,0.643083161403542,1.23644780585174,13.0228910869266,1.37802587302292,8.74791199120444,6.14096986701071,0.921502131583517,23.9067048305424,0.86877368697833,13.0204713945855,0.503641243410566,0.914574637523238,8.45293627229884,0.902505960361664,41.6201403940271,16.7847571301491,0.956970661044667,35.7564098000469,0.91657312260516,13.4113666705945,0.549931418689655,0.987189866651006,5.64672213984431,2.73805353950356,6.05781744959197,1.05571819890961,1.00368816269719,6.97258722118227,5.3415393035036,1.93696662581113,0.519272820202827,6.31510698979024,0.999730302002974,0.940004483997813,1.40910607780263,0.501886335528378,11.6744692048106,1.72911183230217,0.852595230029781,1.65182779569498,0.50544135553623,0.906917103703306,1.00059748074774,0.896952717064968,16.5505876665303,0.585702299787012,0.936923846790093,16.1980285113346
1.9132883924186,0.533597459820447,4.81379847630651,0.52316463288514,0.505138767611029,2.54303004052486,7.5800958459771,1.00092169321967,0.500151922073052,0.500298039825979,1.0010865543516,5.03013000880601,5.56102232411963,0.766637753201219,0.520043125541187,3.85010114841187,0.507700590318328,16.9059164258686,0.501253903508821,0.505257973146058,4.42102861439448,0.75941589017266,2.14087651425129,1.16541422633036,0.513333017791494,3.67602556295784,0.559994181789452,20.7214592298056,0.500192076552407,0.808500562533166,4.22341921818438,0.854552036695464,3.26981252531283,0.501756043718939,0.90265786095152,2.88898090455196,7.24332459680992,1.02542898395657,0.583907473845416,1.16687848279405,1.13994001168708,0.876891122907732,8.99698318507814,3.01601952244435,0.96966716385008,28.6270986799009,0.850603397698756,39.030547446928,11.1530119296127,0.900887217179275,59.3959627100056,2.93480345409555,5.08065367906948,1.30912158932924,0.902953718287862,17.5305267547981,0.850511227740081,1.07624124405528,0.683007511513911,3.81871078758765,3.71588141630243,0.871682279420004,43.0076455707452,2.25424623273795,0.936639517648483,37.7528016297968,0.892059287504394,2.70898784088855,0.560378566108103,1.20225684357949,3.45606454658288,1.59329865608164,1.24227985320674,0.555455971279828,0.975846147066147,1.24639436464473,1.55953756159279,10.7964748145797,0.512949194606279,0.92056256926653,3.89116290834892,4.53397484773869,5.54334095350939,0.503549611853954,0.905596995626385,9.29497927366445,5.89300125663115,1.352763253409,0.500104025790852,1.98555916468036,1.24358250772339,1.39039227464478,7.1187681159142,0.547159016481676,0.964311557034585,10.0347886960576,0.927858964532214,61.2104298110166,0.774287451322268,4.2907355234487,3.58083594559268,1.26435699379049,39.8564724196356,1.41073172040345,6.88650242848112,28.9382030849451,0.923865577501664,1.24950909565273,0.635112553565067,0.946503369148668,1.23170493923094,0.920176761908074,8.26008692428706,3.48802049679203,0.959299071826631,11.8402901768225,0.87082189127347,1.4840021904477,0.522788203871235,0.972341114417086,1.00984032546851,0.853510595162404,9.47807947929171,0.503583501751835,5.30119127773511,5.82699077625177,0.883210472449757,6.92693106205829,2.07967215384475,0.955387851294811,16.208194217975,1.08701374312038,33.5105224444103,5.42496707558094,1.08142091264758,26.5738628691433,0.900611907242558,31.64341496722,4.05483292237758,0.927151458786959,48.7524664977012,6.42127653054184,53.5603657965512,0.672041872863629,1.24105279064311,14.0559289161843,1.32986111419599,8.92436257063443,6.3518642449516,0.963514520770158,24.9863206348918,0.868175000054889,13.3830615385063,0.503272280220781,0.913920955229212,8.71642129133294,0.859225125334,41.3551889485654,17.2053876376394,0.910051014112922,35.6093756826189,0.91855587897378,13.9925088705046,0.549200768618583,0.987735678502696,5.9930896597361,2.7028483015869,6.21429283965779,1.02145204427672,0.917386729377505,7.28884530077403,5.51942297069062,2.11705924870646,0.515625061217109,6.45594206883355,1.00205334851175,0.938194718585421,1.47043374419677,0.503763099555419,11.8465122616543,1.84336445962136,0.872031608866034,1.75064425300764,0.544518950833462,0.956916915776991,1.00057743643898,0.879007739505938,16.6454564546435,0.557334212155863,0.922975575735144,16.6628666787938
1.71174850502604,0.520745638409047,5.37153275711451,0.513582780848594,0.503214341092792,2.86652569271312,7.610870300384,1.01905178796048,0.503317583670313,0.506612094548934,1.02279176201676,4.89751383245217,5.93697090263294,0.746264712502406,0.520714708336282,4.21612966970559,0.527342274849779,18.2845698287553,0.502997165501398,0.517539764082906,4.80684717695477,0.734907784115374,2.29306232371419,1.09172936363798,0.522135000604304,4.08026362609474,0.508672857361339,22.7944521942776,0.50011551005117,0.789485690244443,4.6548217354074,0.854710909751017,3.47774840564584,0.501731578252823,0.902740312616116,3.05408823012722,7.34864704121931,1.00446039430321,0.517301331357787,0.955500487133316,1.02816975823012,0.866038523014704,9.26792102889138,3.08704491010442,0.940004896389428,30.5536102078795,0.860775994140667,35.4068483389279,14.740125405186,0.917911490538385,60.7260868666883,2.86938248166081,5.57848273802967,1.3565646858333,0.908980187344589,19.4938456920001,0.850805223657481,1.05613320751314,0.552803510222477,3.9673404689698,3.44602461730429,0.864443679510166,44.2593369406764,3.00575830630614,0.922152798277843,39.8035712467542,0.888996950024744,2.87677141748362,0.554450166313663,1.18453082506673,3.68757512406456,1.53029632235335,1.44054531852832,0.600808784518358,1.03776620251903,1.4482016878122,1.50325681063491,11.2234722802161,0.503142549573776,0.905347312554859,4.130293679614,4.47133614882276,6.13115567672992,0.516826728715134,0.928669898712937,10.3264666726106,5.98712656617041,1.42298332475533,0.500899383533217,2.04027361403396,1.30422510577941,1.32746514570242,7.40745467001131,0.505737865386221,0.908036847618885,10.4453270164703,0.893232329814569,62.6421094938248,0.758478039024158,4.39067415882142,3.57636163475143,1.14408131283713,41.0719969757483,1.4734192866568,6.8156869279429,30.5377192844636,0.985226872034003,1.45693665661922,0.747393440313927,0.985174653893951,1.42437352967389,0.97811054532581,8.31989858899356,3.49312147376618,1.00918749617654,12.1746298560645,0.851165744491787,1.58478149875159,0.501794828337039,0.905722392474239,1.02342879575789,0.850494439260689,9.82338256512519,0.500471481522505,5.41480634675097,6.09885005777006,0.883637890169847,6.9203576994247,2.02464222620406,0.956514815182831,16.4867304912671,0.93883504617589,33.0215538181503,5.11587019795017,0.910437093553184,25.6833174442173,0.930882069456128,32.1694573925001,4.16368884388225,0.942973266174753,48.7967757206025,5.69649620895366,55.6729900699501,0.70712268375626,1.24541063470997,15.0959712430452,1.28243575636545,9.0870021652161,6.5671552719874,0.934211403375754,26.0179818333189,0.85378406535506,13.7094522112227,0.500639975656703,0.902872252516173,8.98707047078856,0.923859660743605,41.0916806286624,17.6035783111591,0.980938431961124,35.4530860369242,0.920447319414297,14.5508271449876,0.548474636002844,0.988312624175,6.35807619185587,2.66739393143535,6.36981478828811,0.989204816855579,0.945741468642524,7.61711846413848,5.69459813312101,2.32271730592087,0.512254172142515,6.58818500326086,1.01040847734028,0.936539028722868,1.53572494764457,0.505389085262185,11.9987219794923,1.96850687699882,0.864272610814684,1.86258759315817,0.528075245415689,0.936043325586225,1.00067374906193,0.860945113640932,16.7352405084446,0.530901370353559,0.908733710833359,17.1352689564858
1.53459943643109,0.507084681544873,5.9883555740324,0.50439007584718,0.501119396370863,3.24161281850638,7.6376123484441,1.07532482697763,0.515193970682645,0.529376904458483,1.09049962932328,4.75916291057515,6.32264104700564,0.728452311215275,0.521438663590636,4.61457149913319,0.562866905769465,19.6721204418255,0.503770341507911,0.537924160895133,5.22364329968262,0.710162517036872,2.45775286334079,1.02462595983193,0.505712789130822,4.5254499246933,0.526211230452347,24.8874538999393,0.501283258474589,0.768676205837598,5.12704580905867,0.854875026132165,3.69616140266775,0.501699755027321,0.902824930348063,3.22824230080779,7.44967307343245,1.00960768399265,0.576080406342115,1.15007386879938,1.11510392803026,0.850585323971015,9.50950630627528,3.17732296162725,0.901532702083263,32.5211314190767,0.8499988797521,30.7656707492016,18.7366337463595,0.900015721701779,61.2967695186481,2.80029237301255,6.11534773067368,1.41732307789104,0.907371896842753,21.5924709814696,0.851607141037158,1.04389494603883,0.506503900501235,4.12457349214435,3.22298533994317,0.870503663395482,44.9016688061567,4.05762824841394,0.931251459138135,41.6793731145773,0.914739251021371,3.05397582623116,0.586977596474986,1.16658827952487,3.93350324782743,1.46994593700112,1.63917748292374,0.646218150233346,1.09968279224044,1.65051009633671,1.44747381746705,11.6405987720462,0.512204384777571,0.923008756548962,4.38291457022392,4.39863067027604,6.77779467337616,0.500907601813897,0.901637274123802,11.4555491183152,6.07270527105161,1.50122631112554,0.501637405320287,2.09579525464216,1.37291894547367,1.26602117787737,7.70230311257951,0.522698819035055,0.934045915941125,10.8690658443625,0.85698785414198,64.0032712381278,0.744815331074291,4.49015771819445,3.57268147409629,1.03173024231464,42.1521520752452,1.5458090750325,6.73602814229843,32.046570188239,0.877654999427166,1.09345994693306,0.550597276684969,0.917421991428609,1.08680302731952,0.900073059576349,8.37822733374706,3.50049574647834,0.942813295873221,12.5145129894619,0.856254416050104,1.69905421844704,0.509346790543475,0.930576604500146,1.04274203525517,0.869855821745273,10.1547961701649,0.517332544461253,5.51678802195047,6.38343499889704,0.884068891266815,6.91469725806133,1.97262319897343,0.957658327808304,16.7687731536356,0.852092169793242,32.4752308053481,4.79984270141172,0.902941826944796,24.6068592536626,0.961939883237826,32.68919192646,4.27872487696922,0.958881453364152,48.8134506914697,5.0266847004979,57.551238513,0.748730649121041,1.24931168202852,16.131230717506,1.23585828368936,9.23277100371571,6.78476558665291,0.903693359977902,26.9858033160482,0.88116813812882,14.0013763076191,0.50483180154942,0.923433534038687,9.26501249369512,0.880703134777877,40.8306528493814,17.9781513966253,0.933779740726461,35.2892712578237,0.922241560932715,15.0837329705522,0.547753831234597,0.988921609935652,6.74235732220569,2.63172017981135,6.52412738254868,0.958869499409354,0.974462449463082,7.95761009094817,5.86570955440428,2.55736574559852,0.509154553384,6.71196487244355,1.02470051088556,0.934971815227165,1.6049949870411,0.50679102703804,12.1323398189347,2.10525030223943,0.856346774238601,1.98905962880713,0.512136976394038,0.915652570591686,1.00618535640976,0.877876691475388,16.820130491919,0.507621037717016,0.922454337930703,17.6149499849225
1.37940735362841,0.572172532071484,6.66706674323193,0.541010172347716,0.511896210333443,3.67586628719802,7.66300847749054,1.00433518928093,0.500839977360494,0.501728383349149,1.00535773572819,4.61571748903615,6.71624329387096,0.713115378706667,0.522220332930061,5.04779339229937,0.531651972430766,21.0540450824188,0.500901369866097,0.518332793644165,5.67342004493495,0.685153709412836,2.63583018185354,0.963604673403425,0.51492622807812,5.01484804520846,0.546761046305285,26.9689724082804,0.503719951641905,0.74602358228321,5.64326633805521,0.855044265361555,3.92523015786441,0.501660795022341,0.902911602465725,3.41189359387602,7.54642976633279,1.00099964504238,0.512537652100752,0.941562331569916,1.01845845934762,0.857645050381189,9.71844626853695,3.28751062740808,0.920267728584968,34.5139568727451,0.851058718185442,25.5451097460625,22.6788480497001,0.902441399517114,61.0046918928311,2.72741894356972,6.69011846886387,1.49368481258046,0.925493493145552,23.8116977124383,0.850397608288045,1.03847193286214,0.50158213210814,4.28978888854231,3.03936246112921,0.876478215608,44.7850962217718,5.50796048662201,0.940833692055974,43.3355727733192,0.865982695365063,3.24100812024531,0.521141244745478,1.14841439530048,4.19460815046305,1.41212344325811,1.0798478138766,0.518264065582669,0.924934291060323,1.08127621322765,1.39234064743458,12.0462490477397,0.503732373191542,0.907610433981874,4.64963583703186,4.31539137016958,7.48659907538409,0.50673817337106,0.913269518559356,12.6841316532965,6.14985857729027,1.58809970571407,0.500285828398555,2.15199084416217,1.45028569524914,1.20608261926977,8.00298183610535,0.537636177363384,0.960780206199716,11.3061354721403,0.933498176948128,65.2931217534321,0.73310942236942,4.58904103703794,3.56977664730969,0.92762809320829,43.103427291381,1.62835555695322,6.64986083079751,33.4530885775288,0.939016297654852,1.30090554409876,0.662882890575257,0.956098168384225,1.27949314237678,0.958240497428335,8.43504299521345,3.51015698335787,0.993380918278993,12.859767401893,0.861643623687491,1.82826217816224,0.516751803330794,0.955771181416456,1.0679336725429,0.867099640085793,10.4712661803095,0.514060743342645,5.60744773938864,6.68112923897005,0.884503344538828,6.90988467618842,1.92343686174548,0.958818399448462,17.0542190574814,0.855329854629023,31.8861500861395,4.47965006413633,0.907442688705752,23.4136446878198,0.993782118589382,33.203295713039,4.40017899410869,0.974857778489857,48.809219026942,4.41524372368758,59.2039285885809,0.797365282759684,1.25258352275732,17.151196218863,1.19024503566076,9.3585039919138,7.00219993321446,0.947970307139113,27.8737064053965,0.866307093054216,14.2609750309851,0.502383051802641,0.912208781753939,9.55037455394192,0.944957351489074,40.5731215499061,18.3282351512132,1.00504461392197,35.1195809528782,0.92393713943934,15.5892541482991,0.547038361371066,0.989563321359292,7.14659281138893,2.59585928259804,6.67698393621492,0.930347231404275,1.00358276374789,8.31050079353662,6.03126844679062,2.82490155186409,0.50632010725803,6.8275256841241,1.04495197404486,0.933427592275509,1.6779412190638,0.507891469791937,12.2479338184898,2.25385315861917,0.876715135330291,2.13164940137266,0.548925193554676,0.963560853926366,1.01709378911254,0.889841888114103,16.8890364524947,0.51042037199356,0.932948163289044,18.0891898277497
1.24404668741771,0.559209638107873,7.40971925547089,0.531553868768796,0.510114411170294,4.17791388304188,7.68700680364126,1.03068449559329,0.506362338831875,0.513329708648543,1.0387608168007,4.46787674038458,7.11582973022803,0.700182642748028,0.523065202959892,5.51823583349026,0.570878334639271,22.4160383204363,0.499998930034341,0.538972822907596,6.15822753094542,0.659862681897145,2.82822594254019,0.908214277115671,0.525157035505817,5.55178279275476,0.570204963259198,29.0081080904282,0.507445354609713,0.721500134108898,6.2067657364932,0.855218560025766,4.16509027992702,0.501614831104176,0.903000264875162,3.60551018034686,7.63895200535142,0.998258924397602,0.568860869443777,1.1338333714147,1.09327710567921,0.853003942566454,9.89182330013212,3.41827630455432,0.908060794389659,36.5141417303727,0.850728420065834,20.3123704311883,25.9842702537512,0.902067382771277,59.7655522050193,2.65072096495303,7.30015945977973,1.58847168153353,0.909397525813392,26.1303850482761,0.850231958989575,1.03917902564509,0.500929917781044,4.46225518499238,2.88907502263669,0.856836104429577,43.7570238935995,7.45608810841765,0.910847160007549,44.7273093097309,0.892013354422935,3.43827614538981,0.553254421373964,1.12999466133132,4.47166163729842,1.35671171487171,1.27831708043315,0.563641067948108,0.986834047252289,1.28337345354827,1.33800104213829,12.4390210553163,0.504031271741465,0.909090351988855,4.93107652522003,4.22124582148773,8.26052896453618,0.511811816336662,0.92563528341584,14.0123462975141,6.21729805472503,1.68386709602905,0.506875730505675,2.2087091467041,1.53699313568996,1.14767273553469,8.30912551989128,0.501577411708959,0.902631675286919,11.7566418048504,1.01345965762576,66.5115759896075,0.72319153884525,4.68718232996492,3.56762903238748,0.852230181697357,43.9307628330022,1.72146549598914,6.55902077428694,34.7464730602956,1.00037753895807,1.50843190728672,0.775189469633639,0.994796865383561,1.4722809491501,0.87973767555331,8.49031680651853,3.5221215084006,0.925740988858411,13.2102024337714,0.867178010932583,1.97409260714312,0.523746280134066,0.980497920034255,1.09921471940678,0.864089804231968,10.7720022498564,0.510937568903776,5.6871934530387,6.99230750576279,0.884941132629779,6.90585932317461,1.87691897702177,0.959995035141891,17.3429624797761,0.885684631520427,31.2771029001693,4.15919826164128,0.948907796378182,22.1629232163905,1.02640928223098,33.7126271018661,4.5283633822473,0.990892193130642,48.7899134117695,3.86287231123858,60.6446374426091,0.853603149019499,1.25507357554473,18.1458934371759,1.14571823557961,9.46096808731036,7.2165409230271,0.916236979048163,28.6657426777215,0.851005465503406,14.4906669553391,0.500138720375898,0.900751032522314,9.84328153970493,0.955837311359233,40.320055718596,18.6532779431641,1.01761255526639,34.9455656848615,0.925531238580814,16.0660174696524,0.546328469433438,0.990238673048942,7.57141961604595,2.55984508884821,6.82814787601713,0.90354569408444,0.915411562740664,8.67594765564784,6.18965023406821,3.12973640244256,0.503745711427097,6.93521510904864,1.07129566767766,0.931849753981838,1.75387815820346,0.500025636458682,12.3457050491618,2.41392593706828,0.868737108250872,2.29214649007433,0.533235419155277,0.943416510966291,1.03347127578837,0.85245525597749,16.9621432249575,0.500639631118091,0.9020108954361,18.5787572710788
1.12667928167261,0.545251263400845,8.21738300856045,0.522522210649274,0.508054832301059,4.7575300253425,7.70845082912554,1.00140701343846,0.500309575144527,0.500658086382289,1.00181320595603,4.31638888853366,7.51933040982508,0.689596915669157,0.523979053896777,6.02839432102743,0.536068422851224,23.7444696255893,0.501761131210255,0.519176226339072,6.68014472046374,0.634279031924955,3.03592000964744,0.858048363876116,0.506307895690904,6.13958811346328,0.596323874583221,30.9764319811224,0.512475744546451,0.69510419441347,6.82090833263264,0.855398106298711,4.41582997345505,0.501561473262372,0.903091118226786,3.8095770883993,7.72728187950849,1.00118832048117,0.50818460098757,0.928003814160852,1.01074340235564,0.867631956207571,10.0270436054028,3.57021805186942,0.948132512606399,38.5004230402068,0.859775169738927,15.5700987094977,28.1304129439264,0.935767768506187,57.4935085428091,2.57016701377741,7.94082912864638,1.70508816061111,0.903706551155874,28.5197185212199,0.850681238024953,1.04583290280372,0.502737504497926,4.6414365920657,2.7673357414556,0.856681595186395,41.6983007657375,9.96798440029736,0.911170487421609,45.8088092104564,0.919166334098289,3.64618911229341,0.583766782533995,1.11131509853944,4.76545774885449,1.3035998725065,1.47702776544591,0.609049825099049,1.04871074265744,1.48581433988326,1.2845893707713,12.8177092507046,0.504221824813391,0.910599306056432,5.2278614938785,4.11594413772339,9.10200910679508,0.516055769786789,0.938839342660482,15.4382391177596,6.27135417300029,1.78798957144153,0.509452220314514,2.26574412216985,1.63360252530327,1.09081557137261,8.62033620992778,0.516279334887299,0.929468579394079,12.2206653656192,1.0965049947274,67.6591786033909,0.714911221396719,4.78444396722604,3.5662210410228,0.87347223008509,44.6474290993213,1.82559982705033,6.46488434950122,35.9279013249786,0.892805634229068,1.14474034584566,0.578337292516199,0.926987687997068,1.13445229174092,0.938136139163494,8.54402175813475,3.53640892569393,0.977003211787822,13.5656105063663,0.850544886330312,2.1384316462907,0.500731971123109,0.902513988838094,1.13688587126804,0.860837498329436,11.0564687249865,0.507958770329717,5.75650234013338,7.31733472542293,0.885382145695595,6.90256472649398,1.8329180345693,0.961188204726329,17.6348953151643,0.850863030339109,30.6751527926314,3.84333427940831,0.901177127006418,20.9124272223179,1.05982445136168,34.2181825575449,4.66366511125411,1.00698353242379,48.7605270554027,3.36825396459349,61.8898902282962,0.918100271722741,1.25665506598705,19.1062302961336,1.10240375416373,9.53691943933736,7.42446575004073,0.962598460460705,29.3464761263096,0.879511479287376,14.6929886854037,0.503753487821923,0.922024334827371,10.14385589022,0.966637513272973,40.0723571383626,18.953004699019,1.03018513560284,34.7686694102045,0.927020046751155,16.5131996790358,0.545624371519873,0.990948681885891,8.01744611008444,2.52371291068269,6.97739352417454,0.878379084360986,0.944434452669795,9.05408237378238,6.33909384892246,3.47683649020726,0.501430162818546,7.03546349694345,1.1039679048001,0.930200513659728,1.83295826478435,0.500891609320616,12.4276347955526,2.5864243900519,0.860524593294954,2.47255484275962,0.518049851221237,0.923720372646529,1.05548110117639,0.88052372546874,17.0329234814389,0.507733524465198,0.925278533148546,19.0767651952639
1.02584668077032,0.530165829239042,9.0899177835761,0.513959067388381,0.505622700965327,5.42571145333521,7.72867907241351,1.03943274853427,0.509452013144851,0.520488074872364,1.05238448373339,4.16203918044901,7.92459486157045,0.68131543188202,0.524968001026456,6.58079598670411,0.578776640062846,25.0266027200321,0.506948476746049,0.540177069168234,7.24125561696751,0.608400977485605,3.25993699415388,0.812741278426577,0.517071774456785,6.78154724466428,0.519266117451707,32.8494270229914,0.518825131505919,0.66686432452754,7.48911182372086,0.855583260579564,4.67748479880901,0.501500213630464,0.903184361305128,4.02459612647305,7.81497632260213,1.00850133026067,0.553997115253881,1.06364427366068,1.06745978719471,0.861565321865073,10.1217850489063,3.74377311360221,0.932074004887827,40.4487008942334,0.859098523093949,11.6120586879017,28.7979693995119,0.944160641616731,54.0951940759672,2.48593824240869,8.60497592072159,1.84769681506365,0.906244172244457,30.944447509678,0.857385274598996,1.05832180601208,0.529636429164865,4.82669270243399,2.67027777415774,0.870986320864785,38.5808599417592,13.0228390291421,0.938052230864292,46.5416781233904,0.867979278721814,3.86515289326688,0.521376087712962,1.09236252405599,5.07680760922305,1.25268283135045,1.67591964405094,0.654476667808173,1.11055429543873,1.68852197770203,1.23222856548419,13.181323149084,0.504309207495149,0.912140282340028,5.54061936856688,3.99938758506261,10.0127652338948,0.503330350092123,0.908790493654456,16.9575107598662,6.31379535487146,1.90085119175788,0.525176373538449,2.32276973439606,1.74037860303701,1.03553577845605,8.93618313179992,0.52885832804678,0.957117607413971,12.6982604760145,0.864275172857334,68.7370191025573,0.708134014755439,4.8806931469198,3.56553547838129,0.863081742513489,45.2594412360804,1.94114991943715,6.36855283675145,36.9937654891196,0.954166830372519,1.3522768189848,0.690646406312827,0.965689708532758,1.32725294496028,0.859175202341355,8.59613217974596,3.55304132663073,0.908044386305641,13.9257668259257,0.870909318191629,2.32328261149158,0.525739917562307,0.985447608389999,1.18142888002461,0.857355537566537,11.3243711947415,0.505120229949912,5.81590054179376,7.65656440816602,0.885826279101988,6.89994809068183,1.79129407256372,0.962397905139561,17.9299065434449,0.860095219623447,30.1090153657572,3.53054854502012,0.950962225991366,19.722718615014,0.874637893756195,34.7210516137292,4.80654696578036,0.912501052932214,48.7252714127208,2.92860189789272,62.9577634058349,0.991597314534433,1.25723124911412,20.0243118406293,1.06042872553866,9.58318319564701,7.62229283122371,0.929709146080586,29.9014060591993,0.863885600103323,14.8704964424094,0.501669252439922,0.910374816797631,10.4522172980441,0.977355988948268,39.830847369734,19.2274054616003,1.04275335162014,34.5902214198717,0.928401949253141,16.9304764025265,0.544926007500932,0.99169434804191,8.48524476929392,2.4874989607018,7.1245079433227,0.854767493199784,0.973898428196012,9.44500788676633,6.4777030594242,3.87175394934339,0.515656513052842,7.12876348202016,1.14330896575373,0.929887405305401,1.91418643509496,0.510017367313098,12.4880661645966,2.76544796144164,0.852036577605593,2.67510690597093,0.503371086324272,0.904458778887245,1.08337738091821,0.875410760173779,17.0990275117974,0.5062843577791,0.921240955420033,19.5800957544897
1.00561963310242,0.506397845927909,10.0197288770367,0.504271029650041,0.502285889636584,6.18928795835619,7.74721581463973,1.01557579184801,0.504012819913192,0.508828251707447,1.02125553137948,4.0056362689805,8.32943705114741,0.675310337224906,0.526038411955742,7.17797103408795,0.540496808679973,26.2512190198879,0.515527046539746,0.520123674165099,7.84362941859314,0.582236205432679,3.50134443133743,0.771966936076447,0.529169759214957,7.48082067449535,0.543710765067957,34.6075160821239,0.526507202296697,0.636843762778743,8.21480992610162,0.905506531979115,4.95003082508095,0.513399977217234,0.931494409707993,4.25108586145466,7.89543981674746,1.02166705994265,0.501891843962143,0.906611454152162,1.00220177851692,0.85532923046446,10.1739462967814,3.93906466874632,0.915037768296346,42.3316027682688,0.858743813889458,8.50648709727679,27.9162266323659,0.961050979702264,49.5023334407319,2.39829660117822,9.28229518840568,2.02124170125462,0.935108828817411,33.361649391502,0.855629820441703,1.07661760893707,0.522556894290021,5.01730144270041,2.59480827561754,0.878062781061553,34.533837412275,16.4578940798292,0.956581000816166,46.899987462686,0.895466483181545,4.0955699438558,0.551401995730661,1.07312439195936,5.40653434271502,1.20386101049549,1.11523721159765,0.526334599006983,0.935887017773141,1.11739610329435,1.18102813682083,13.5291026191402,0.5042974561642,0.913716044713528,5.86997965077238,3.87165879045881,10.9936442786737,0.500895769980758,0.902657292414567,18.5633044833312,6.36208943315682,2.02832257182845,0.517574401977751,2.37972141535645,1.85869722409673,0.981857111714394,9.25620680629656,0.539257575735764,0.985636505367067,13.18945150151,0.946310776605177,69.746664322199,0.702739966348248,4.97580238855903,3.5655554819637,0.885759393982442,45.7768630820285,2.06867857752664,6.27158631160403,37.94531124642,1.01552805888762,1.55987580877529,0.80297181191332,1.00440768962026,1.52012870288209,0.917801875370236,8.64662387272358,3.57204358948403,0.96001578078101,14.2904289866775,0.850254434543424,2.5310160657833,0.500412371738205,0.902082865854012,1.23318929294028,0.853657798708681,11.5756369066875,0.502418032603391,5.86594418119978,8.01033696000869,0.886273432349043,6.89796003770706,1.75191764893052,0.963624118048543,18.2278822994348,0.850066416710733,29.6029112019087,3.23892064530617,0.900087741724977,18.6263385734516,0.906683415576861,35.2223725772323,4.95754841324573,0.928464422588428,48.6876333983473,2.54022450546329,63.8666328704792,1.07492024548656,1.25673559073376,20.893621464682,1.01991906229513,9.59675560411511,7.80605960788681,0.977815295936276,30.3174246266592,0.917823626475565,15.0256905260495,0.507426919554824,0.950913091194878,10.76848231332,0.987990490951859,39.5962550018335,19.4767283558954,1.0553084631997,34.4114261704023,0.929678105914993,17.3179726732977,0.544232680243041,0.992476449544873,8.97534553196073,2.45123981041908,7.26929165550903,0.832636084686171,1.00383741524168,9.84879677291387,6.60345088805368,4.32064318557588,0.512764238101719,7.21565325549583,1.18976794162522,0.933016765527108,1.95269309435426,0.55132258915874,12.4433804233642,2.86299749544467,0.873986306293059,2.90227403096343,0.537581455966574,0.950231450533856,1.11750889532652,0.920853484736952,17.1607232997914,0.5169734725922,0.959960561341225,20.0883962934936
1.00345079983275,0.505322946084353,11.0071072864544,0.502107135735554,0.50111228226476,7.05907995753797,7.76419350750828,1.05622133716741,0.516193671291335,0.536367951470187,1.08017324185995,3.84799763156566,8.73168146076922,0.671569344039635,0.527196803888781,7.82241842786823,0.586308193956667,27.4090884825701,0.527498226966936,0.541571005475742,8.48929642068768,0.555802548529914,3.76124817466079,0.735436753858818,0.507081968796189,8.24035592716937,0.570410198806966,36.2366044487561,0.535537668978756,0.605144518703359,9.00140857201098,0.957161942081096,5.23338373789324,0.522887237373806,0.960494752389595,4.4895815196049,7.9705707026753,1.04057453143072,0.504071966036459,0.914670290932647,1.00437503635252,0.870425080920133,10.1815681613977,4.15570300672838,0.95899337999718,44.1181899801793,0.851386985651628,6.17246997047666,25.6395604648182,0.905933343456627,43.7811072373917,2.30763961763481,9.95876122543285,2.23146509248522,0.929255571920643,35.7213950026271,0.853923315976523,1.1007507446369,0.515688869191443,5.21246203873173,2.53840993925253,0.852196148992812,29.8686990337499,19.9543844676039,0.904918777967273,46.8807253104412,0.92425037867111,4.33783426587293,0.579559985621804,1.05358926464666,5.75547441796423,1.15704013154028,1.31404894530515,0.571747152215952,0.997729680381878,1.31999393953202,1.13108356241478,13.8605057808486,0.504191436263976,0.915329643885021,6.21656844337469,3.73304815761199,12.0444424565645,0.519469294665351,0.970125403779511,20.246118891649,6.40329959722709,2.16868214608809,0.51098366697495,2.4366200815115,1.99004539202239,0.929802271448006,9.57992030539076,0.51081231854608,0.924602386904129,13.694231404518,1.03097319744311,70.690061371264,0.698621164936862,5.06965024116606,3.56626432129555,0.912671244469754,46.209812250185,2.20879577269062,6.17528111669133,38.7863325065591,0.907956189063656,1.19603813606141,0.606081645138337,0.936559097965742,1.18212377678449,0.976876344248078,8.69547407881337,3.59344329128878,1.01341280077222,14.6593372913749,0.851561612444847,2.76406687882331,0.501842688063089,0.906692504434262,1.29278140022589,0.893115586075931,11.8103904056505,0.526157376066485,5.90720198847333,8.37897773158268,0.886723509686489,6.89655443187253,1.71466894530401,0.964866783677313,18.5287061976836,0.872109276769385,29.1729099781323,2.96433435112965,0.928530726229702,17.6520643440549,0.939527499961604,35.7232901871366,5.11728675106665,0.944498549552133,48.650430607569,2.19892286151017,64.6343448669196,1.16898222440549,1.25513027704575,21.7091234949692,0.980996598840608,9.57494382558705,7.97164501845129,0.943866903034897,30.5833735125061,0.856467516341366,15.1609596329952,0.500685200186526,0.904865585962205,11.0927637458554,0.998539570970308,39.369207871039,19.7014592764459,1.06784244196091,34.2333592792845,0.930851576856023,17.6762041643966,0.543543488124398,0.993295651848604,9.48822744584293,2.41497221441554,7.41155955553538,0.811915130862707,0.913392956382995,10.265488605971,6.71418822296466,4.83025558358244,0.510120161753841,7.29670226718744,1.24390922393697,0.930633202910837,1.97110148620864,0.533317451707715,12.3874078589781,2.94501158039923,0.865388625427339,3.15677133026156,0.523147786958665,0.931188666539117,1.15832677321518,0.925333552531166,17.2182769244433,0.517577377083411,0.964402978169796,20.6012823394684
1.02737716111425,0.553777906206731,12.0431230797329,0.519052352237011,0.51213521279578,8.04507585887888,7.77973844027385,1.02641841344099,0.508285902734647,0.518871586139702,1.03903992452449,3.68993468400327,9.12920791196579,0.670096566978603,0.528449741140508,8.51656537631328,0.544797358699199,28.4931497390698,0.542894151773356,0.521178097887531,9.18021563158249,0.529128275894245,4.0407852735079,0.702897003977718,0.519849529653197,9.06279766723519,0.599041632317508,37.7280943784041,0.54593677989222,0.571910607396026,9.85223631022375,0.873474422952077,5.52738939949614,0.50475991079511,0.913225352819419,4.74063444992742,8.04119377461539,1.06502014568491,0.502331567770437,0.90855436387684,1.00230517126897,0.856553584070263,10.1427870061952,4.392513456257,0.919285039686116,45.7733924430634,0.850811370540672,4.47363863239692,22.3136519387546,0.937764484961448,37.2822812796134,2.21451647193361,10.6159163180418,2.48484790000189,0.922524210945328,37.9669255182305,0.852263556349681,1.13082128661008,0.509029775021306,5.41130708637706,2.49909382905732,0.854613932498455,25.0226077588714,23.0994971658112,0.911054667018886,46.5017716832657,0.870242863950644,4.59232612821119,0.521212893196222,1.03374689802769,6.12446530715377,1.11213071495291,1.51299630384444,0.617164610600401,1.05953089042513,1.52280079451947,1.08247620678983,14.175191241733,0.503997406630684,0.916984581757116,6.58100414665003,3.58407437971764,13.1637526212033,0.515616652878442,0.965462711971221,21.9938625262237,6.43761001531608,2.32306514703951,0.505352898154799,2.49329050257073,2.13561384717676,0.891236443533801,9.89787128164475,0.519908063314887,0.94984641945875,14.2018318376897,1.1179206975751,71.5694657009337,0.69568082723665,5.16212160271102,3.56764527475461,0.873633785915323,46.567722251645,2.36213546173284,6.08065702091392,39.5222080640098,0.969317491320842,1.40364943638572,0.718410395968923,0.975279193828455,1.37501336668844,0.897242731845849,8.74266124305443,3.61727030661137,0.942382380299395,15.032214488321,0.85055213764007,3.02576284201056,0.500618168477463,0.902284884723871,1.36098674080749,0.861679338032838,12.0289212126271,0.506906376175688,5.9402388909808,8.76279464692767,0.887176419842686,6.89568798717445,1.67943691642435,0.966125871907035,18.8322588143594,0.876074982035782,28.8323114775561,2.70902621185519,0.932897315883386,16.8183767975851,0.973184892231311,36.2249133551916,5.2864584766189,0.960608502501265,48.615867373439,1.90027863682874,65.2776870278907,1.27478436842703,1.25240343186344,22.4672777610965,0.943776327136547,9.51551942387639,8.11491952188324,0.909103426991881,30.6905959316356,0.865106587755336,15.2785502356175,0.501490498201317,0.911432994892225,11.4251704770285,0.850672235197632,39.150233049847,19.9022826411276,0.900760595978901,34.0569726438624,0.931926071690403,18.0060122659171,0.542857356037562,0.994152530422387,10.0243105135925,2.37873289037546,7.55114135310822,0.792539797826897,0.943208705366922,10.6950882280806,6.80765892277566,5.4079034323078,0.50773145735187,7.37249720368901,1.30642110186781,0.92811339803563,1.99813845939441,0.517212936882544,12.3526347360923,3.04483752381327,0.856409638412582,3.44155624957846,0.509234460754363,0.912551772453061,1.20639408754179,0.929821815309045,17.2719418709462,0.518132444085587,0.968944289142458,21.118360022334
1.02172942811657,0.55658396542135,13.1208335957192,0.518126360638847,0.513641968459688,9.16071354624558,7.79396681991193,1.00215454130021,0.50074225864112,0.501714310574476,1.0033182303673,3.53223828094581,9.51999310478465,0.670913554586279,0.529803853615298,9.26272055996246,0.500881979149227,29.4984915580175,0.561775537711946,0.500410981646636,9.9182415784224,0.513895541524573,4.34109101347121,0.674131330298398,0.533929859373023,9.95064922616832,0.568212042217548,39.0784752574011,0.557731986462247,0.537330216302964,10.7704870241807,0.925849898830543,5.83182678830832,0.513236166989137,0.942529639618954,5.00481180898358,8.10725426706591,1.09518725917659,0.520579426271187,0.977224018889068,1.01836272052435,0.850292913259707,10.0556498626699,4.64743800581554,0.900878163668134,47.2605594272152,0.850745145812186,3.25916243651498,18.5373462389951,0.900794069739136,30.5633901337465,2.11963483714411,11.2304365921809,2.78831599033907,0.914903371633671,40.0353014926882,0.850647779574199,1.16699761531127,0.502576641694093,5.6129123524758,2.47529107793066,0.855247247198368,20.4306117457056,25.5025755012941,0.907260379561203,45.8039061171671,0.899408684425498,4.85941403665357,0.548811505905677,1.01358822566245,6.51434967352429,1.06904781807491,1.71203501044668,0.66257926171372,1.12128616887911,1.72576028518142,1.03527335200776,14.4730032033124,0.503721676987411,0.918684596733373,6.96389323281633,3.42550248313046,14.3488054825304,0.512133541250211,0.960412754454401,23.7920465475922,6.46518602180057,2.49270679198487,0.500652291752708,2.54955011125272,2.29669967565206,0.850976942155642,10.2227143522785,0.5004690625617,0.901256387390117,14.727831191453,0.872204549671438,72.3873957537825,0.69383242160098,5.25310831503652,3.56968220403494,0.900943650422165,46.8592250977385,2.52935715041964,5.98847892581492,40.1595219365106,0.861745617070052,1.03973823004005,0.521501078540474,0.907411134175022,1.03691996717139,0.956536197728213,8.78816522220568,3.64355714985991,0.996538318346591,15.4087661652895,0.852324594540565,3.31898737356514,0.502478199644652,0.909396093007425,1.43870774992241,0.874221573960767,12.2316694690409,0.513497848184069,5.96561111650451,9.16207695565302,0.887632075242461,6.89532008338638,1.64611855169879,0.967401337300832,19.1384178000842,0.857233987780996,28.5888981539452,2.47411481894028,0.908938048112257,16.1322095527728,1.00767349451212,36.7282728268788,5.46584097958976,0.976804625497957,48.5855923364216,1.63988280210295,65.8120353480731,1.39341529810153,1.24856516794761,23.1659743580268,0.908363217188075,9.41691069400681,8.23194684827266,0.958380515308611,30.6335894562821,0.873850316659719,15.3805416803776,0.502186952277733,0.918182358013032,11.7658071092262,0.861616681412977,38.939759892273,20.0800438166628,0.913199320762164,33.883101078504,0.932905811513544,18.308497111595,0.542173164377143,0.995047551335387,10.5839470870654,2.34255816788506,7.68788239957246,0.774449838559775,0.973541436757482,11.1375628843824,6.88152323864334,6.0613786598672,0.505609357275009,7.44362951705416,1.37812612158516,0.92546720570307,2.03306508944874,0.504894388289317,12.3338222547393,3.16234944187004,0.880434731346331,3.75981693701735,0.541021844045961,0.956551017921029,1.26239798441766,0.934316707920733,17.3219590116702,0.518638768362308,0.97358500004567,21.6392234273726
1.01486544767351,0.559495571479408,14.2323077120934,0.51708619100311,0.5153541792617,10.4206398123573,7.80698599653139,1.05798691590112,0.524407094277727,0.557813452594265,1.09825858342375,3.37566515857911,9.90214747821088,0.674060547708316,0.531265492597544,10.0630222907363,0.548885797602374,30.4222539181566,0.584230548777177,0.522360495780395,10.705085032672,0.500778230826002,4.66286193763153,0.648931086491534,0.501894974118968,10.9054784297569,0.521968645446932,40.2475891526977,0.570678139862832,0.505224022864142,11.7428556190071,0.980159454803929,6.14639784609267,0.518996143050459,0.972651335261774,5.28269569865954,8.16870028925478,1.13134328655954,0.514743076196531,0.956379421420859,1.01193959493985,0.853683770720797,9.91868184099893,4.91618354323325,0.911362865784992,48.5276444771923,0.859876097797687,2.40543071353246,14.7747024774004,0.901090577976713,24.3008027816791,2.02385966297016,11.774069427284,3.14862365861302,0.906403542695949,41.8582667017506,0.859570197296874,1.20951576660978,0.537874995256382,5.81631095061176,2.46577826637666,0.851946127998814,16.4050548235541,26.9125890771309,0.957003570276048,44.8302469350841,0.930066850621567,5.13944523367826,0.574238803882699,0.993105799729709,6.92596203700733,1.02771078218261,1.15064590303112,0.534392173570952,0.94680389817835,1.15356130906634,0.98952844387637,14.7539561643131,0.503369893263864,0.920433481644485,7.36582551423778,3.25835070604711,15.595355155496,0.509047841930217,0.954943840298308,25.624157782607,6.48616128306704,2.67893789555454,0.500832505657359,2.60520281069602,2.47469664822934,0.853554982012665,10.553815086895,0.501520528698185,0.90452615662114,15.2725946750662,0.958339638698971,73.1465562938699,0.692998355234198,5.34250936923216,3.57235909519442,0.860479082189386,47.092077399061,2.71114193716108,5.89929248693639,40.7055617476955,0.923106918609442,1.24735845831035,0.633832210071521,0.946133720147561,1.22981999214263,0.876464233288752,8.83196692721865,3.67233832062817,0.924069614855294,15.7886810429844,0.854563468837326,3.64704896635011,0.504584870609707,0.917788038559691,1.52694806777482,0.887320409923982,12.4191920569073,0.519631923298491,5.98385440831705,9.57709229681993,0.915830138819388,6.89541270892228,1.61461835836456,1.0189532704192,19.4470582763502,0.87906676546957,28.4453442944293,2.2597801907644,0.9349923484619,15.5929597595255,1.16757173323816,37.2342820550343,5.65629455089076,1.05275802815042,48.5607524376599,1.41351144092264,66.2511415670064,1.52604928279253,1.24364273664168,23.8043968126323,0.874849241656192,9.27839259191609,8.31920199203702,0.922900194104937,30.4106105055771,0.882675322106163,15.4688279620627,0.502776131830393,0.925120764844645,12.114773521755,0.872485488892278,38.7381236232112,20.2357207466056,0.925640101101716,33.7124681161266,0.93379556630269,18.584954046159,0.541489733553,0.995981057095779,11.1674131619844,2.30648371660174,7.82164403564225,0.757589378185825,1.00442445161335,11.592839459676,6.93339226678422,6.79881284057621,0.503769204362052,7.51068359262252,1.45999348264385,0.922687954575686,2.07527140910365,0.500262551907201,12.3266568792781,3.29762348531506,0.871324436077271,4.11494637494332,0.527352359371535,0.938123138967553,1.32716485607026,0.938816782741267,17.3685566027045,0.519096500357931,0.978325443745999,22.1634538983097
1.00660077172136,0.562493481256987,15.3684448629796,0.515924070725458,0.517295009725611,11.8404869536777,7.81889515105714,1.00325901243412,0.501482752475079,0.503541863340067,1.00574702077327,3.22092597376076,10.2739447328378,0.679597935562205,0.532840913058441,10.9193783865683,0.502387900618972,31.2634413290985,0.610373407856912,0.50108267079415,11.5422735263737,0.505260832357121,5.00644329059786,0.627074696816572,0.512792749211492,11.9233383803877,0.53958905753345,41.32612641303,0.585464218158576,0.506779559992756,12.8050523119358,0.892949018350089,6.47072846388733,0.505797361878524,0.923932389208378,5.57488196883097,8.22548129715516,1.17384775674512,0.518465631693005,0.972152860143484,1.0132512215631,0.863074190182276,9.73012956742848,5.1930443406104,0.941507175546978,49.526412302047,0.878326519426494,1.81332953980559,11.4150002388435,0.901635003103829,18.9814547570785,1.92820391525582,12.2141637561941,3.57126558773,0.943663240247588,43.3633763835638,0.852917428473474,1.25868009895156,0.511497896656583,6.02050829455556,2.46962197353444,0.91512039725423,13.0835101524913,27.263534232773,1.30025691269287,43.6210879999243,0.872808814147036,5.4327420570877,0.520598402648978,0.972294007733524,7.36012327055748,0.988043117842643,1.34962443029946,0.579800921239119,1.00856489705263,1.35643649651824,0.945281558577891,15.0182177190411,0.502946951132886,0.922235048719578,7.78736885171906,3.0838822135493,16.8976369084706,0.506383735406948,0.949029716889425,27.4721895890159,6.50060878641909,2.88317781896563,0.500934704861383,2.66004144869277,2.67109716051811,0.85164897955144,10.885911573268,0.500626582208024,0.902079467787784,15.8305806977447,1.04639200261384,73.8497848962948,0.693109222793854,5.43023114419254,3.57566006312056,0.888142362517446,47.2731751399109,2.90818621713715,5.81346782969383,41.1678679583978,0.98446816347202,1.45500956484113,0.746171306363314,0.984865432980033,1.4227577861281,1.02338993024811,8.87404841899403,3.70365038752517,1.05996809268372,16.1716317505715,0.865317451706725,4.01352944872039,0.514403056945929,0.957423170286237,1.62690860356079,0.853806731563585,12.5921341228706,0.5019562301175,5.99547786952631,10.0080838593751,0.867788894010455,6.89593040628756,1.58484861709346,0.932253130896931,19.7580518561634,0.86067996457828,28.4001248533994,2.06548110057944,0.912590012114169,15.1951392135399,0.969120974332141,37.7437028078194,5.85876482638668,0.957044415432914,48.5420417142396,1.21720740619062,66.607112084584,1.67394201143361,1.2376759950838,24.3828481812886,0.850662630279062,9.10021151856763,8.37420712199694,0.902362406732024,30.0257351264502,0.891562986989547,15.5451166250776,0.503258557960822,0.932255423466451,12.4721644122178,0.883278197219671,38.5455699234705,20.3703956129154,0.938075881218104,33.545691864069,0.934600616215156,18.836816199704,0.540805852303739,0.996953238941649,11.7748996447237,2.27054432534201,7.95230356502525,0.741906654231371,0.911299026751593,12.0608027266053,6.96087626392586,7.62846200379219,0.502230390634677,7.57422557249592,1.55315309449408,0.919756820099933,2.12424357565116,0.501436086583306,12.3276240240232,3.45091688138241,0.86169143487283,4.51050071233373,0.514229815010363,0.920074259163872,1.40167776004775,0.850689533197544,17.4119510939559,0.500146236110424,0.900613030274329,22.6906210579383
1.00009787995883,0.564661218930657,16.5189269605095,0.514585676098391,0.519406747103434,13.4368147871719,7.82978599009795,1.01590411554675,0.508928538235271,0.521746204810668,1.03146654902002,3.06867530024499,10.6338444192883,0.687607976361748,0.53453631223631,11.83340200834,0.612969355953261,32.0226488040881,0.640342757873035,0.550713681830105,12.4311040845757,0.50039508585593,5.37197217309486,0.60840147907866,0.500960043970821,12.9995789124971,0.508004056460505,42.2764319598553,0.602081844071413,0.501469479695848,13.9477893565892,0.948055180813905,6.80436554511485,0.510424031434502,0.954420960639584,5.88197978435195,8.27901071609796,1.22272383330048,0.519768985262728,0.968534799338907,1.01324738694334,0.857728416567671,9.48860833224673,5.46954956929983,0.925198780457028,50.1989040575453,0.904770147048423,1.40625081099834,8.64708914159237,0.919810554271754,14.7826702071576,1.83380541885906,12.5152550249367,4.05874508651342,0.935274069635744,44.4758726200588,0.861978741005569,1.31486222206629,0.546838804979603,6.22449806066743,2.48612645954941,1.08428398663927,10.4565204462446,26.6354050131863,1.99625948359827,42.1964573931965,0.903903068931975,5.73960341731347,0.545379722896352,0.951148979348083,7.81764244850621,0.949972062151509,1.54865581370924,0.625201805495228,1.07027832064253,1.55941212514985,0.902560140306681,15.2660887817815,0.502457278840846,0.924093193038768,8.22906332413867,2.90358415778464,18.2483837767036,0.504160577069806,0.942652374213925,29.317282239733,6.50859245719561,3.10694943304146,0.500750360660185,2.71386705239443,2.88749761217584,0.892273182187076,11.2184429554858,0.513324868257361,0.952710592607339,16.4016096148261,1.13609589547489,74.4999881701604,0.69410265161896,5.51618742543583,3.57956882853577,0.894480727720627,47.4085714882392,3.12119585695708,5.7312274003733,41.5539479923571,0.876896265238903,1.09101507291046,0.549240230851943,0.916975609509925,1.08456458809165,0.942887793597996,8.91439274798064,3.73753169142952,0.986019929292388,16.5572750631683,0.866900138752752,4.42187878624889,0.514286126816405,0.950434186852314,1.74015900599206,0.866789606519002,12.751211057887,0.508153536104736,6.00096170189757,10.4552681606294,0.895969736095209,6.8968389071078,1.55672490680368,0.984080890226352,20.071268911297,0.882461546333569,28.4485745139356,1.89019146044863,0.937335106999705,14.9306332040963,1.13191607672475,38.2571038718735,6.07428451592263,1.03338563776376,48.5297573336174,1.04732023009423,66.8904760187463,1.83842410899873,1.23071324651986,24.9025547250215,0.851563114440989,8.88373742826186,8.39372970411604,0.906368236217322,29.482956181666,0.900498317403473,15.6109369319672,0.503633954574587,0.939593643323475,12.8380688172195,0.893995043832524,38.3622601651592,20.4852315510128,0.950500328683757,33.3832907813251,0.935326532100778,19.0656040418326,0.540120329484469,0.997964121612937,12.4065036965292,2.23477374587786,8.07975424204896,0.727353852704375,0.942031937098511,12.5412939686241,6.96164964167081,8.55840019183017,0.501016179625305,7.63479244669836,1.6589107565769,0.916665097628776,2.17958337558172,0.500420477499155,12.3339926355553,3.62268317401223,0.851452515575944,4.95013310745379,0.501672507022011,0.902390950049008,1.48709828170967,0.855034751291252,17.4523475389177,0.501037688790012,0.904511642066126,23.2202842656153
1.01415772925245,0.500692305676802,17.6715071360341,0.500138411497538,0.500218239983071,15.2257016261494,7.839742729524,1.02158874493188,0.515914551698871,0.539522676743733,1.05038517094303,2.91950382796725,10.9805077003875,0.698196823468817,0.536356535466199,12.8063472798819,0.626524664782217,32.7017724312327,0.674300278002955,0.556623393490943,13.372596607993,0.512548905796187,5.7593562040705,0.592762320377619,0.530419419116549,14.1253006406387,0.576360962659254,43.1065660177199,0.620643870651907,0.515276145843197,15.1739910045852,0.858313184661834,7.14677830914301,0.500792382457843,0.904607276656187,6.2046094356892,8.32657249131797,1.27911124653178,0.502927822695542,0.911915622454711,1.00160695226491,0.852463301787513,9.1932374227234,5.73418922506008,0.908264468755165,50.4816977114217,0.938005240808128,1.12751725722608,6.4890458394655,0.935548103344694,11.63249267802,1.74188890224721,12.64203641557,4.60816129064968,0.926047270379756,45.1217647538857,0.855461246322486,1.37850370321622,0.521210209894819,6.42727769082728,2.51480224013391,1.37771336064861,8.4314473105031,25.1866651058293,3.05239758816916,40.5432646130822,0.936698221284907,6.06029337935291,0.567663326302267,0.930975294158697,8.29930039796662,0.913428411668713,1.74772993055722,0.670591346484428,1.13194358259149,1.76247369184008,0.868778823834273,15.4902469174189,0.501766294227142,0.924347588638305,8.68670728991898,2.71913435235761,19.6389055478041,0.502391300722133,0.935805157829824,31.1404303528354,6.51016457636046,3.35187919492643,0.500077305924739,2.76647719767376,3.12558083645898,0.882264685653228,11.5508071514094,0.508882671179229,0.939951133717442,16.9854524876617,0.880454171861578,75.1001043061565,0.695922572506754,5.60029978262892,3.5840691522967,0.900873520878988,47.5035214651244,3.35087964991749,5.65267088649969,41.8710731398317,0.938257468869035,1.29866971300909,0.661580113614227,0.955708845502673,1.27750748952381,0.86217367242521,8.95298433314241,3.77402318746669,0.911317807889778,16.9452500201693,0.853797503024255,4.87639157037732,0.503159019860152,0.913251261023175,1.86792106409044,0.880246613751508,12.8971747281346,0.513899207116362,6.00075054130641,10.9188311848211,0.924092403205018,6.89810658466066,1.5301703273431,1.03669926995159,20.386576792677,0.864257900933704,28.5837469714972,1.73258696429304,0.916093820038135,14.7901585985253,0.928804768225336,38.7748396080774,6.30397693268092,0.937123684955415,48.5238332790022,0.900534679489989,67.1102704771454,2.02089101501969,1.22280750587735,25.3654675665978,0.852753035307791,8.63169613707888,8.37726375858799,0.911639129517014,28.7962834916961,0.909468939564969,15.667650637989,0.503901424415136,0.947142814245843,13.2125696561768,1.01234794843227,38.1882799940848,20.5814413878681,1.08712026851194,33.2256935269207,0.935978951367767,19.2728821811814,0.539432035994852,0.999013548797862,13.0622203729817,2.19920439837037,8.20390514199695,0.713886784209239,1.0626939513801,13.0341083546334,6.93351630949471,9.59612977105448,0.5021032594107,7.69287030516785,1.77876011761819,0.913401506027838,2.24096189969012,0.500950513972644,12.3435655142275,3.81353054989333,0.878877266781941,5.43749780526546,0.530530980781075,0.944601329217692,1.58479212460876,0.939632085190068,17.4899356960736,0.517711508380645,0.981525869167226,23.7519913511562
1.05594079099213,0.502592557920451,18.8153137783949,0.500441832006706,0.50088358554278,17.2161191470415,7.84884330719713,1.02076776838595,0.522470278619108,0.556898740543702,1.06294810310817,2.77404900689576,11.3126962489514,0.71151809620821,0.536046513344212,13.8410292158386,0.640263328181446,33.3037384685027,0.712429480881538,0.56278308473382,14.367450953562,0.509582693399733,6.16804313417659,0.580022821947852,0.523170845529616,15.287483725518,0.647253887717631,43.8263297681736,0.64128783995752,0.532124524308992,16.4864372215727,0.914214812772466,7.49735961790722,0.504284215549517,0.935469845451569,6.54340128628038,8.3689520281393,1.34353778988732,0.512348052197265,0.951595583036428,1.00546849749295,0.861427371609572,8.84405945183766,5.97219528891748,0.939740777614217,50.308844660956,0.976972431895808,1.0026548554991,4.8637392910555,0.90239269180593,9.34140911299956,1.65371192320207,12.5639384406614,5.20830485418594,0.916059202411445,45.2328383239579,0.864357908380702,1.45012061276506,0.555103430566565,6.62786396598733,2.55534425669538,1.80008932683403,6.88783773548191,23.1035186869376,4.40237259575505,38.6212425531617,0.875726642807607,6.39503695853029,0.519452382359217,0.909148435137929,8.80584939926229,0.878346296277125,1.18599769187499,0.542431649043448,0.957685021681044,1.18967275411868,0.853053351761754,15.7037406061188,0.500222648163048,0.904186074874895,9.16783835567895,2.53235485863519,21.0592451219742,0.501081442181317,0.92848917930358,32.9232107506164,6.50533902726459,3.61968244210975,0.500010084505311,2.81766359753124,3.38709974967193,0.894887814677857,11.8824078278408,0.510250879059694,0.955148363598509,17.5818428420542,0.969546863229785,75.6530580310158,0.698518490314373,5.682497557744,3.58914450761469,0.907307066846538,47.562542769035,3.59794212802637,5.57779796910776,42.1261348356054,0.999618695833735,1.50634956303938,0.773926547616693,0.994448376887352,1.47048069683107,1.01013149640236,8.98980798289041,3.81316571436694,1.05103036849671,17.3351858265831,0.853130324057607,5.38080084079906,0.502424904953851,0.910483022095398,2.01220311546483,0.894122915422645,13.0308026721169,0.519194418944443,5.99525712040669,11.3989255358258,0.876183910711239,6.89970347210106,1.50511331872757,0.948470003643087,20.7038392656402,0.868161822837212,28.7971649783788,1.59119765840671,0.920113805314048,14.7642299690937,1.09457985217753,39.2970050783374,6.54905719306658,1.01391639218622,48.5238992513099,0.888605997112973,67.205427527961,2.22102295809132,1.21339503586172,25.7439827923,0.854159133810952,8.34816387682037,8.3251460861417,0.918333364721238,27.9825992518298,0.969149002501801,15.7164634645211,0.506786501728989,0.995994441110305,13.5957433350638,0.867411844037692,38.0236426276197,20.6602778109768,0.920095810135801,33.0732426463911,0.936563445252737,19.4602229300309,0.538739964514164,1.00010120254197,13.7419343501465,2.16386717971789,8.32468078135903,0.701464645463297,0.967295703871569,13.53899320856,6.87458357627482,10.7480424530557,0.502013413127383,7.74892249337361,1.9144098891974,0.909949713354975,2.30809546887118,0.500336673012918,12.3545420454085,4.02419566458047,0.868380210905148,5.97612915379146,0.518242183687254,0.927104973316149,1.69635665927963,0.851060392891644,17.524905209776,0.500206020763963,0.900977347830745,24.2852900650298
1.13331036062316,0.516170212444415,19.9336432638163,0.502262915898191,0.505946245294433,19.411022858011,7.85715955887759,1.00137883086986,0.501879144624024,0.50479870663076,1.00496248640294,2.63260142637093,11.6275498608708,0.727639367168669,0.501272755981605,14.9282227831779,0.654143014035833,33.8322212494855,0.754934430542485,0.569215922210733,15.415999444184,0.506209129221921,6.59683117501097,0.570055385792304,0.514959128514671,16.4677247679721,0.558089118213518,44.4460090517475,0.664178802201189,0.513487212232075,17.8873892789118,0.972283139348859,7.85542682556866,0.504679678289667,0.967361185168972,6.89899412880331,8.40642347116205,1.41663531215427,0.520006547245782,0.985952905860497,1.00667971871907,0.850886581853472,8.44262224102409,6.16591169725394,0.903186214697128,49.6187359382204,1.02041089597946,1.00069209675958,3.66490940075721,0.900737509911494,7.70453025590894,1.5704963966483,12.2610470599662,5.83694297576041,0.905411977201163,44.754233280108,0.85795281222957,1.53030487347276,0.530212206407838,6.82530931725471,2.60760035314484,2.32202002773016,5.70991632760213,20.5842651992361,5.83408180892563,36.3768465260217,0.905546491584374,6.73570533856241,0.537911459710775,0.919975145234022,9.32916552536796,0.870456769664688,1.20749590387315,0.569382649370326,0.996474783516316,1.20913064320932,0.853183394950629,15.9053233151798,0.500122270753631,0.904349363592467,9.67255594077064,2.34515347752545,22.4984158996604,0.500229396810337,0.92071682319089,34.6484744107762,6.49409219815347,3.9121530511521,0.500651198906228,2.8672130340013,3.67385551362057,0.90808929886218,12.212657653773,0.510672685354171,0.970872269426051,18.1904750653081,1.05997467143006,76.1617370855939,0.701844941217422,5.76271809750588,3.59477852136122,0.913770713958234,47.589491293237,3.86307353635935,5.50653199886933,42.3255200314196,0.892046822667155,1.14229936068749,0.576981022894225,0.926543362231359,1.13222005646112,0.928999409126215,9.02484987682953,3.85500279761563,0.974795138475108,17.7266935911418,0.863305434442219,5.93879005796945,0.509476637459338,0.942477520384942,2.17512669821815,0.858386381351968,13.152884917454,0.503564313920303,5.98486244166,11.8956680431521,0.904296161211537,6.90160124355114,1.48148683907791,1.00137484591545,21.0229184045453,0.894670282378769,29.0794067062734,1.46451746329587,0.948585015686482,14.8436824322702,0.886636958732811,39.8234238071848,6.81083629447568,0.916989238823144,48.5293023265765,0.867857859009712,67.3174181227178,2.44241941617594,1.20338479651727,26.1010126048,0.851970056495974,8.03835580043541,8.23900235016606,0.909083014440609,27.0628756638878,0.90535232289513,15.7584363530856,0.502990056359537,0.944849120000081,13.9876593547193,0.985146035152588,37.8683022204612,20.7229965538463,1.05656146648193,32.9262090374216,0.937085455161306,19.6291771835532,0.538043200974873,1.00122653802851,14.4454125153264,2.12879180310782,8.44202131603584,0.690050401340863,1.09055033343463,14.0556511262352,6.783283655428,12.0187321151223,0.500443750924411,7.80332704527606,2.06778529862471,0.906295255365987,2.38074876665184,0.50212700863213,12.3654749385223,4.25553933137309,0.857071604472952,6.56927965744216,0.506566364366996,0.90994145629335,1.82365381881278,0.922785730107725,17.5382196132399,0.51485235976355,0.968219596319447,24.7949719192312
1.25886680773155,0.503267461441771,21.0096946123137,0.500372041565005,0.501294078282043,21.8027175502288,7.86475757616276,1.00250413933441,0.508563132104159,0.522294191858318,1.01942723992386,2.49563402586624,11.9213467666019,0.746623028856623,0.500346150157963,16.0549594998869,0.668121956673581,34.291350687858,0.802038144870986,0.57594563044155,16.5181543306231,0.502397424550321,7.04365593207051,0.562727396078054,0.505746043190444,17.6411009471052,0.63006903620078,44.9758885416879,0.689512695717432,0.532933682382335,19.3784738946508,0.878509354209774,8.22022944755093,0.500782892148878,0.915690736859626,7.27203264421898,8.43889270750535,1.4992649790596,0.514972152726069,0.96600713108935,1.00351558044331,0.855697279823434,7.99286901492558,6.29562945920811,0.921310751589698,48.3612211556415,1.06771215413859,1.01079562890656,2.78605022132701,0.91478430802945,6.54860755898832,1.49334974186939,11.7303487892615,6.45953088490292,0.948527671212214,43.6547659248776,0.85161173370527,1.6197268300828,0.506050458187998,7.01871452703288,2.67155158175676,2.73810702264588,4.79925124367266,17.9283541944094,6.3598059273779,33.756373272873,0.851058852066308,7.09418920492059,0.500709761395531,0.900390052652464,9.88283069793461,0.857692241097064,1.13021393855241,0.529704730549764,0.940366138400156,1.1328189758023,0.869068248310361,16.0892520081799,0.500022698129931,0.925887244391902,10.1972601043721,2.15945693939797,23.9447030213047,0.500182399143456,0.912506894451431,36.3009395770996,6.4763618374235,4.23114806546589,0.502241107463015,2.9149068151247,3.98767075987398,0.850883466283452,12.5409786465533,0.500140327777658,0.901071752075456,18.8110037796605,1.15153826620326,76.6289881627055,0.70586118918963,5.84090708774016,3.60095597196787,0.92025975753983,47.5876413983302,4.14693841513832,5.43874110783039,42.475037554872,0.953408107427542,1.34998610899636,0.689329397477074,0.965283859514547,1.32520058321226,1.07816771398983,9.05809730016308,3.89957984523271,1.11919770393755,18.1193687943663,0.865297911804697,6.55384606205414,0.510025881311883,0.946622405879883,2.35911144600131,0.872163554740448,13.2642074491679,0.508916583475687,5.96991598164323,12.4091363726302,0.856456880444865,6.90377360938655,1.45922938259478,0.912095375596162,21.3436738605605,0.857762059991748,29.4205404639059,1.3510749987212,0.908351270726457,15.0198794394453,1.05547171269365,40.3536104319925,7.09072182119186,0.994300510699364,48.5391534687752,0.86534004851054,67.3866885378209,2.68562526451594,1.19235231833034,26.413077940334,0.861418128182257,7.70837243376987,8.1216335094205,0.956014719767304,26.0611511565424,1.03009915634682,15.794498870023,0.507632211209935,1.04944612169085,14.3883798535652,1.10181551829457,37.7221457525677,20.7708821490666,1.1927116426854,32.7847829361987,0.937550241096672,19.7812517043049,0.537340981181452,1.00238881331066,15.1722972882061,2.09400573965269,8.55588038844016,0.679609476443506,0.993517614681208,14.5837308805195,6.65857602686703,13.4103515427143,0.499965742003827,7.85638980844954,2.24104450023907,0.902415866991047,2.45869956603987,0.500709211095682,12.3751700552187,4.50852584656885,0.888748339086548,7.21971947457189,0.532507062510386,0.950745539773201,1.96884659409115,0.85102557599131,17.5650285784428,0.50018873455207,0.900957162919568,25.3237524353068
1.45278778241572,0.519856450437256,22.0246691924691,0.50173680095341,0.508526052141442,24.3664300862662,7.87169213070359,0.998886282009441,0.514851347118332,0.539420754475226,1.02804467796415,2.36366864293729,12.1902904943175,0.768529270372161,0.507331553309843,17.2051305921868,0.509586005134556,34.685478632768,0.853980776151307,0.504344815033138,17.6733601991709,0.518004157415222,7.50529463164634,0.557886353094268,0.542752177286607,18.7747083702416,0.53830114790046,45.4258224724565,0.717518717692988,0.51031735422535,20.9605837027906,0.93741959033429,8.59094975026704,0.499951645486728,0.948030508941432,7.66316583120034,8.46624646769738,1.59241217685516,0.503197184805637,0.914450038815712,1.00045005846772,0.853997093685209,7.50187677494449,6.3423599709947,0.915594406378292,46.5170859533355,1.11856450194375,1.00778045216363,2.14016229249537,0.915027561236048,5.74160431863625,1.42318473030662,10.9904152341552,7.03093866629064,0.937685927515061,41.9388948959707,0.873184142782949,1.71914024132895,0.584789282095938,7.20724132262137,2.74729847800594,2.67659299511966,4.06902112891555,15.4642777623945,4.7182193033991,30.6509068241222,0.850740653628041,7.4714900582985,0.50046348442351,0.900277990263648,10.4683660756913,0.879716664764645,1.50304008134272,0.614754737528243,1.05594176671551,1.51310366820282,0.852311089272393,16.2601266884213,0.500297618593038,0.903162778537664,10.7445610132495,1.97713852850796,25.3859739512647,0.502804959596182,0.903884253251499,37.8676008739403,6.45205148552098,4.57856724061986,0.504812407929924,2.96052329627726,4.3303534155185,0.86341299865758,12.8668062846313,0.501643478833791,0.916221999733828,19.4430420424995,0.888832624743386,77.0575650891356,0.710530556654657,5.91701772525006,3.60766123086976,0.926771128938539,47.5597567336061,4.45016343143863,5.374252952382,42.5799076020575,1.14702488161331,2.00535207124277,1.04383933470664,1.08753390088436,1.93416969450356,0.996625635330149,9.08953735105562,3.9469398792816,1.04139947472195,18.5128047826598,0.867479888146359,7.22898852868927,0.51048373215051,0.950759754384643,2.56690592891667,0.88630052155491,13.3655459604992,0.51381338995169,5.95073882085124,12.93936611909,0.931046321603992,6.90619509372004,1.43828190698797,1.05359324192508,21.665963265347,0.884860664638315,29.8104831316628,1.24948193266486,0.937073750019719,15.2847479931087,1.2300194665536,40.8867494247782,7.39022124386726,1.07265639060425,48.5523595813763,0.906857410827904,67.4111752653367,2.95182671121119,1.18033434859564,26.6795787092674,0.858969197681008,7.36489520893591,7.97688644347603,0.946534503016558,25.0033356016865,0.966027313672711,15.825461950508,0.504574176734281,0.996872755696178,14.7979590032347,0.958300665801501,37.5850258582754,20.8051624909997,1.0260331055431,32.6491092362306,0.986792711763788,19.9178920037691,0.556623811491506,1.06140216991146,15.9221007916315,2.05953565960629,8.66622797936119,0.670111529611188,1.11952508615412,15.1228398312662,6.50007473809729,14.9218448500542,0.501383048828381,7.908317953695,2.43658313716524,0.898295194668456,2.54176314102738,0.501371739682484,12.3826521136975,4.78421491922478,0.877118505180345,7.92950179703054,0.521114309326476,0.933764322207431,2.13443842235304,0.87344154046555,17.5947408909046,0.5041681905547,0.922133065908683,25.8590355889719
1.74762838215558,0.537372238907296,22.9565417004976,0.502380334060231,0.517374642429913,27.0498290558507,7.87807545041464,1.00267863563701,0.520587618097487,0.554861725606262,1.03099564110965,2.23448190697681,12.4306210466571,0.792628342575363,0.515702376214794,18.3579027566065,0.521749292268552,35.0190160886979,0.911017737232054,0.509956418727908,18.880558570526,0.51427319188147,7.97699768954101,0.555339388211571,0.533545436810087,19.8261834108308,0.61113441291582,45.8050256923424,0.748462937529514,0.532602725822933,22.6337683025659,0.996957699127024,8.96487577616504,0.500045729689721,0.981007440950695,8.07132173780387,8.48834834436957,1.69720317236329,0.521710692039678,1.00201998887729,0.999964118107105,0.858296408972878,6.98052599810325,6.29079821563028,0.934003817559054,44.1096658171389,1.17274894607268,1.00447414446956,1.66217081822746,0.915211593204934,5.18915467103411,1.36069072404177,10.0823104868072,7.50141600053848,0.901489383137083,39.658270645416,0.851718093428509,1.8293877614996,0.506221555087136,7.3901224436203,2.83504932723545,2.62974962842365,3.4744609646633,12.9607231057808,3.51694277689441,27.2119748324588,0.889973592610647,7.86330082800222,0.522403117756292,0.915444968572705,11.081893183554,0.962095222398524,2.89751785241636,0.932866365299391,1.48822843596647,2.93547779935372,0.856635137249701,16.4195007769177,0.501777789615817,0.909116188187781,11.3156271361771,1.79995107501757,26.8100284660955,0.508031485332141,0.995860216258627,39.3379978896947,6.4210381298526,4.95632837695085,0.508407016420805,3.00384050850976,4.70365077660643,0.876513354581254,13.1895927291676,0.502203869311628,0.931909516748439,20.0861591317036,0.923861018512054,77.2444105262307,0.714436083635696,5.98385602916906,3.60350179447639,0.933299975671083,47.5081545551807,4.77332443730307,5.31286529617213,42.6447868304878,1.03945300511331,1.64126174429557,0.84688336804295,1.01961827656784,1.59586075914692,0.914881453999994,9.11915881677965,3.99712972177041,0.962810205027879,18.9065732708912,0.86987090180598,7.96653758553199,0.510845031445232,0.954895848719027,2.80164257198792,0.900758213762008,13.4576527462576,0.518249346851318,5.92762348700358,13.4863472495887,0.883262767057628,6.90884228686318,1.41859121313464,0.963242309142456,21.9896416955232,0.912910643319675,30.2392435756739,1.15845574390869,0.966398648597751,15.6306689024754,1.01448737706644,41.4216732767475,7.71093937491432,0.974469303687179,48.5676411532173,0.861928861159772,67.396342500934,3.24232531729672,1.16742522146473,26.9036445091057,0.856731677656609,7.01478826663606,7.80939337202683,0.937120463204224,23.9157184929138,0.901846357769433,15.8520300447342,0.501890607867119,0.943561670369879,15.2164428252662,1.07441636308942,37.4567382536906,20.8270730173025,1.16195144973636,32.5192628794126,0.891279934998742,20.0404680856748,0.516883821434287,0.94889080409181,16.6941992798751,2.02540545015762,8.77304421968554,0.661527794621711,1.02076783837102,15.6725283236915,6.3081698453246,16.5482107535752,0.505198535411853,7.95919932245582,2.65703209701827,0.8939146035675,2.6297653721213,0.500182416270562,12.3871559000804,5.08376607768255,0.864432120566509,8.69971097284008,0.510393952702082,0.917070574378454,2.32331327985258,0.879894737739991,17.6223590573638,0.505143572438989,0.928523485381317,26.3940623175921
2.19608479561435,0.506365594243952,23.7775453629831,0.500294643152451,0.503163954638043,29.7569818818681,7.88374696862724,1.01355826702087,0.501983587444911,0.505410909807809,1.00266942984951,2.11405579249294,12.6378192447715,0.820312558418496,0.507241508215765,19.4779286585515,0.534143222009258,35.2963208573402,0.973417558084569,0.515820169520365,20.1381605714966,0.510056366829984,8.45206016967728,0.554826557838636,0.523319246737085,20.742572523686,0.517518851495018,46.1219366255422,0.78265272211323,0.505460447291881,24.3971187658383,0.888406495937438,9.33316814866506,0.501890261020949,0.92351390439311,8.48957310743669,8.50503526023911,1.81491871638372,0.510509316812428,0.950868824637356,1.00114396929603,0.854900621198099,6.4435121364112,6.13334007011119,0.921082645923745,41.2175946022049,1.23011770159711,1.00140399130148,1.30509558439589,0.928280217605634,4.82634153376702,1.30611950595023,9.06509075096824,7.82563983432187,0.917285944018361,36.9128063056456,0.858168414601137,1.95140578069626,0.528801204160798,7.56666804465741,2.93511102662969,2.59731713732859,2.99056667223805,10.5809800618903,2.63506100933693,23.7071527884286,0.863711613584831,8.26957081801231,0.507166389274871,0.905384738857976,11.7239058819183,0.928874872292151,2.33517454769757,0.804583187855066,1.31390261080455,2.36188473441244,0.854733551712982,16.5659177028224,0.504463070171923,0.906530276658092,11.9092734588628,1.62947345153974,28.2050415272238,0.515817182750832,0.988251109740565,40.7044328474278,6.3831784615888,5.36633705898144,0.513077048425704,3.04463832775071,5.10919676669471,0.890174908637697,13.5088122769133,0.501826303482581,0.948149095341722,20.7398791536067,0.919080364181372,77.6151251848456,0.720004410800108,6.05578080817493,3.61084776024069,0.93984126479114,47.4347685710729,5.11693220287968,5.25435550712612,42.6737994725557,0.931881114749886,1.2771601474537,0.64992442412573,0.951699867669635,1.2575385298751,1.06502604146668,9.14695093364886,4.05019561764923,1.11120136361163,19.3002383808939,0.857433757391561,8.76786532712066,0.503713373430465,0.919627699422338,3.06686136072598,0.863307584107526,13.5412511357568,0.504669275410636,5.9008365915515,14.0500213637332,0.957761454606719,6.9116932504679,1.40010825811989,1.10723959177169,22.3145622445357,0.913486468670418,30.6970953495728,1.07682674722657,0.966780058149457,16.0503065736405,1.19232821853493,41.9568307157598,8.05458284189281,1.05356510477306,48.5835830449669,0.903681436105273,67.3465132785024,3.55832304397969,1.15370671604876,27.0883071538852,0.850949848323426,6.66469107025356,7.62425102747215,0.905559993498635,22.8234863755023,1.02697393158131,15.8748136810223,0.504348136551835,1.05257615926257,15.6438685942515,0.93179703044697,37.3370587839926,20.8377755583505,0.995574723466765,32.3952878921065,0.940548647874409,20.1502734368688,0.535940418122407,1.0083676284169,17.4878326312816,1.99163790329806,8.87632502785516,0.653833387155093,0.921116460311652,16.2323026111799,6.08415702987714,18.2799441254005,0.511560945900588,8.00901087624354,2.90525529746761,0.889251929504119,2.72253048829296,0.500093331381716,12.3880365910349,5.40841192696305,0.850565965569545,9.53018015965644,0.500374591823184,0.900633934617839,2.53877978378463,0.915270874474253,17.6480195336521,0.510800899651493,0.963033003977232,26.9283858155514
2.88272172107809,0.50751007212735,24.4501337226312,0.500244235180827,0.504001543008854,32.3241176682962,7.88822320872434,1.03174834061531,0.50072035413141,0.502027581937202,1.00073257686237,1.99985758049159,12.8065448590991,0.850667937252001,0.536348507470303,20.5274652434482,0.546737183811174,35.5215878932975,1.04145925697043,0.521959438090524,21.4440210205311,0.505345287436878,8.92138489947635,0.555988599426442,0.512183496895912,21.4602894588138,0.531629147962144,46.3841441369905,0.82044150291362,0.51062566019662,26.2486667004011,0.862747301068829,9.71455161025499,0.506163933047567,0.906998417862673,8.93724950648108,8.51611204359012,1.94701651511387,0.500039093526664,0.900194727112231,1.00712413076743,0.851840666126981,5.90837319985478,5.87303477461804,0.908331531688489,37.9746306865945,1.29056651080846,1.00498371080713,1.03548373993267,0.914710188524957,4.6093634594408,1.25952916943473,8.00627745859632,7.97421960908497,0.925361234093712,33.8504582842315,0.86473199041977,2.08622777779316,0.550328161559142,7.73626786105476,3.04788480739192,2.57804996463066,2.5987037042225,8.44647582635328,1.98548479997526,20.3766441711423,0.879381303699971,8.69020900916728,0.513793526364519,0.911807807188484,12.3948308928663,0.895654544278691,1.77283183266212,0.676300158333201,1.13957694015152,1.78829234605645,0.852775631044902,16.6998361421131,0.508333405029032,0.903856255803683,12.5255123386686,1.46706321571675,29.5599700841722,0.526137090775606,0.980206888146065,41.962004513682,6.33831456388767,5.8104491160157,0.518885278024788,3.08270061167557,5.54845018319311,0.904384401666096,13.8239633763524,0.50052043564756,0.964954126431715,21.4036867710761,0.913382214492262,77.9596949111799,0.726191165959959,6.12581191425962,3.61897889769938,1.01090324197805,47.3412094785786,5.48141656447928,5.19848959620491,42.6705679171542,1.12549797596087,1.93256800505559,1.0044457132277,1.07395971804071,1.86655562062876,0.982883225286556,9.17290333972844,4.10618170557731,1.03101443752295,19.6933623100175,0.898278290225211,9.63312963104135,0.521044270658125,1.0192837239537,3.3665403815633,0.877686350972221,13.6170284207091,0.509157492103627,5.87062055634067,14.6302786810857,0.910021678886672,6.91472581496928,1.38278315423828,1.01579879799814,22.6405778365024,0.914096321524366,31.1747290281794,1.0035400640598,0.967397692239069,16.5364310021572,0.971521183152601,42.4902732211679,8.42294913917942,0.954340658369605,48.5986319265015,0.858445936932494,67.2650697439785,3.90088451052829,1.13924905804041,27.2364612433548,0.859438241029489,6.32067769112913,7.42670818008944,0.960366350954618,21.7495137444498,0.962618480908986,15.8943399337375,0.502427035604253,0.997741887613048,16.0802639767212,1.04739305003715,37.2257298433888,20.8383893902492,1.13125232765094,32.2771830472927,0.99023202332778,20.2485139400557,0.554001345369576,1.06975067024068,18.3020997488169,1.95825360075631,8.97607588151857,0.647005487170119,1.04910704010018,16.8016190991804,5.83030927113361,20.1027575079945,0.520646007638839,8.05761612426222,3.18433895649495,0.884285745014894,2.81988673470356,0.501610121213763,12.384779903649,5.75946147730822,0.888590345167978,10.4192165052486,0.52268303356646,0.940266062165082,2.78461385568545,0.902872131852324,17.6718573558341,0.508481639652285,0.951535944658798,27.4615342891169
3.93897718587688,0.502112051420102,24.9182638523855,0.500059508743284,0.501195854795527,34.4900764796181,7.8915002396645,1.05734642852961,0.500036092497293,0.500119232328082,1.00002344598556,1.89222198961107,12.9310575870785,0.883322480704715,0.503339914265119,21.4552785694295,0.55950071667587,35.6987174083632,1.1154283600541,0.528397748216844,22.7953415495519,0.500731754380947,9.3728566669681,0.558340419396011,0.501633727063258,21.9096539491076,0.545859634170674,46.5983662789119,0.862233442721797,0.516580970371457,28.1853096794116,0.883323553747188,10.0983740279985,0.512692580752743,0.918310460026811,9.4064408693226,8.52134812480924,2.09513957242585,0.516437137597146,0.986474098572389,1.01791797448122,0.864383999270857,5.39353629487333,5.5243655600946,0.969437907356334,34.5543080897456,1.35394835675896,1.03149979338205,0.82974988095574,0.902522469803171,4.50934228625386,1.22063582233427,6.97025618781032,7.94001321194288,0.911914159663196,30.6444715492254,0.871494943241997,2.23499338755048,0.57075796347043,7.89839856257501,3.1738533335705,2.57016099673281,2.28447977512048,6.62425383135057,1.50520489171514,17.3910422909748,0.851717591346237,9.12504999428118,0.50074130242182,0.900701472838551,13.0950320652894,0.862434238358143,1.21048970731003,0.5480172767338,0.96525142400738,1.21470063428576,0.850773343551401,16.821818400138,0.513377425551721,0.901083224765089,13.1642950131222,1.31381962866811,30.8648824836561,0.538979850761448,0.971765666129662,43.108463001924,6.28628038190609,6.29042577955146,0.525905858624132,3.11781767338931,6.0226242383073,0.919126047182576,14.1345644169595,0.500054961097766,0.982336604014407,22.0770263106415,0.856655318817577,78.2741983041803,0.732931293528396,6.19365257100297,3.62757607841946,0.894198736902385,47.228818470113,5.86710903832442,5.14502944315384,42.6382522375705,1.01792605415302,1.56844707423861,0.807481624826517,1.00603665300506,1.52821078514191,0.900543773454678,9.19700651727874,4.16513386757263,0.950022357663428,20.0854918086422,0.885656509156551,10.5610153469166,0.514054708041476,0.98410989624005,3.705120040647,0.89234363721281,13.6856359350648,0.513173483124003,5.83719677569052,15.2269556991186,0.862299810852738,6.91792117070066,1.36657571759429,0.923807080255847,22.9675372279341,0.914718490203021,31.6633621242783,0.937651423743732,0.96822263058244,17.0817312946351,1.15269161577012,43.0196262747084,8.81793161505657,1.03425935986414,48.611145114607,0.900356065727591,67.1546590111879,4.27088596766813,1.1241122252653,27.3508269731517,0.854282191553539,5.98800318592262,7.22187641342726,0.929230427990257,20.713493332588,0.8981947683825,15.9110688139472,0.500894605400925,0.942122020870824,16.5256474801747,0.905616530051527,37.1224747785974,20.8299831754358,0.965215108692795,32.1649159709674,0.893531565704959,20.3363088293873,0.516559120824341,0.952943024927787,19.1359598117241,1.92527114693852,9.07231350616218,0.641023776443985,0.947608755345797,17.3798848569292,5.54988767748792,21.997632541782,0.53265835596687,8.1047595669436,3.49757077010127,0.87899926045362,2.92167461022759,0.500871142037718,12.3769678365581,6.1382886442697,0.874169946826782,11.3633839336239,0.513003571213448,0.923973496512603,3.06509439710027,0.890448136931712,17.6939990026279,0.506285785920359,0.939790982569317,27.9930425205625
5.55046479619883,0.517440264574587,25.1122003706778,0.500668902036455,0.510429399754826,35.8530235782882,7.8934064629259,1.09068863265864,0.500386811135852,0.501124677239469,1.00011757477151,1.7914776852888,13.0049559598252,0.917660070598665,0.509318218926912,22.2001434488217,0.548688571685181,35.8197667035729,1.19514897033649,0.529065943029118,24.1915216641223,0.502203995418606,9.7926435338563,0.561217080913434,0.504777134501031,22.0130016204122,0.505045212351975,46.733824258618,0.908801378108057,0.513382144312929,30.2148185784609,0.878096568190289,10.4822301761741,0.521553285644773,0.915462126621112,9.89676595153996,8.52047442528962,2.26112724462012,0.506610854733444,0.936198597301909,1.03361079732095,0.860989748261233,4.91580475846835,5.11097106698807,0.955834218207303,31.1412745528011,1.42006699601247,1.07997379092963,0.671122550570893,0.931237818394731,4.50777787281953,1.188914832956,6.00820246073512,7.73941370588542,0.933332269114342,27.468102806204,0.878553661862222,2.39895447365844,0.59003327623965,8.05262297421012,3.31357605336472,2.57167154871198,2.0360937714396,5.12989509996868,1.1485413146047,14.8369094782758,0.908232404665368,9.57384972887573,0.521446207621293,0.924445138417134,13.8247493616697,0.944813185364083,2.60496398297333,0.866128239347635,1.39753751063368,2.63707046560586,0.853313003715296,16.9324217524375,0.519594119257878,0.904685227866845,13.8254581724121,1.17056229775236,32.1112078838441,0.554345669907055,0.962964202237891,44.1439449840884,6.22690924850553,6.80788239506818,0.534225393819057,3.14978938481905,6.53260971937303,0.854667423322678,14.4400163196567,0.501575471855673,0.90555397781406,22.759274243261,1.01096589774266,78.5608813542483,0.740201590952618,6.25929052150384,3.63662325528319,0.965396853953873,47.098720391301,6.27422677394227,5.09373963773565,42.5795915021013,0.91035410920074,1.20431731011815,0.610515151408372,0.938111595778513,1.18985582053165,1.05164090675139,9.21925152042447,4.22709625310827,1.102440378089,20.4761703413743,0.871757160571293,11.5484807889148,0.507712949524634,0.949003947597599,4.08751789046567,0.853858156941659,13.7476865361049,0.501168722627225,5.80076781081553,15.8398327016543,0.936756078467334,6.92125973125212,1.35144335915217,1.06979523605884,23.2952900563237,0.915333610932426,32.1548084440508,0.87831854234238,0.96922513483716,17.6786311189574,0.92647204540819,43.5420794471724,9.24149937604367,0.93382445983734,48.619390386537,0.854914531787437,67.0173734681248,4.66897152474143,1.10834764464674,27.4339389706947,0.860779626721776,5.67091054380484,7.014451338705,0.980753957372926,19.7313060159798,1.01971319210087,15.9125335087641,0.500856206603773,1.0521093642259,16.9655036691931,1.02072903561003,37.0270013577172,20.8135578730449,1.10064794650577,32.0584274294093,0.943228817290383,20.4146900682598,0.534387292907758,1.01480854824288,19.988232703955,1.89270736316952,9.16506496987493,0.635870499126463,1.07858810855286,17.9664616773379,5.24707099708716,23.9413287536131,0.547832697759931,8.15006815436104,3.84841170724456,0.873374249528311,3.02772477854736,0.500197183625723,12.364258799142,6.5463232168941,0.858319556997485,12.3573258067297,0.504084681070936,0.907852116559098,3.38503616829069,0.980668199113883,17.7145601626978,0.5192600370819,1.03045444114945,28.5224554877429
7.92843858214654,0.518485243941427,24.9297126181977,0.501290609322435,0.511469953745646,35.9002906145884,7.88826775305384,1.13554158704107,0.501348515463369,0.547609112172062,1.00075493793035,1.69800501102957,13.021309754275,0.952791854195357,0.502792583845871,22.6970133599942,0.509291213399348,35.8961588686928,1.28136870709445,0.504588382674123,25.5915339464675,0.508584875162829,10.1643449136722,0.563824937299995,0.517927479874381,21.7108580357506,0.516064149872376,46.867030820179,0.959946382191054,0.506652639947664,32.2959095205346,0.872711091049514,10.864693784503,0.532877134475313,0.912526115861458,10.408761870423,8.51317957223471,2.44703353423343,0.520763371906164,1.02127320348066,1.05436081164988,0.858004055141717,4.48820726906938,4.66093376289536,0.942672372057579,27.8999736652413,1.4887221603343,1.15067575093065,0.54759081392138,0.9195996862218,4.59360402162774,1.163680559022,5.15279411654252,7.40635877300574,0.920007425389829,24.4682246258507,0.856208534613293,2.57948148093379,0.519182616450317,8.19858783195345,3.46768420239421,2.58074731754221,1.8434639150721,3.94168320625127,0.932021685045608,12.7292595665712,0.921218895377682,10.0362875913294,0.522768464002213,0.930528800643914,14.5840965539849,0.911592876897927,2.04262266226281,0.737845530930794,1.22321216169438,2.06347972274795,0.855896829636126,17.0321936017015,0.526990816998266,0.908429936646651,14.5087376589549,1.03782798366378,33.2919205787368,0.572247131963285,0.953841155255829,45.0706545446675,6.16004282839573,7.36423094243698,0.543944130025451,3.17842864219057,7.07889379966908,0.868777310346005,14.739609526548,0.505082392833902,0.922304875768017,23.4497404393099,0.954052049132753,78.8218552521126,0.747981144994178,6.32271948605983,3.64610456960128,1.03703883211929,46.9518650782943,6.70285403524004,5.04439127337206,42.496958712363,1.10397087225587,1.85974507446433,0.965041426205661,1.06037809934222,1.7988984566708,0.968913379179427,9.23963017909484,4.29211091418076,1.01982884599188,20.864939295437,0.856466622212715,12.5905703586049,0.502049807758384,0.913914397315962,4.51912787976819,0.868460215169832,13.8037530797426,0.505238872590114,5.76151951710355,16.4686313970998,0.889062449603397,6.92472343364166,1.33734779936043,0.976691229642799,23.6236838529815,0.9159238438652,32.6415155781516,0.824790405353231,0.970374760298084,18.3191238909895,1.11097187516138,44.054366482916,9.69569550407421,1.01465349114721,48.6215828508611,0.896930104279516,66.8548610921387,5.095485581598,1.09199928572681,27.4881333274867,0.856260395429699,5.37257889897256,6.80853686755361,0.949998338639205,18.8149026775089,0.944150630830539,15.8937151226537,0.500232873771208,0.984277919717759,17.3883445564556,0.879735476246509,36.9390020735119,20.790070167768,0.934973825925206,31.9576308668681,0.993219182893868,20.4846019261601,0.551189892671605,1.07869707449693,20.8576019326846,1.86057734936786,9.25436538805174,0.631530226913811,0.975171680890181,18.5606701949165,4.9267985032651,25.9073724429931,0.566435456769048,8.19305830498395,4.24046020265388,0.867395294247649,3.13786801809393,0.501139295698939,12.3463731271695,6.98504109761699,0.90326855689858,13.3937042915941,0.522841429605606,0.946981440339036,3.7498090584357,0.891274427684387,17.7336482138852,0.505974029462162,0.941411225322924,29.0493266989233
11.1841711527714,0.507053249899386,24.2659552401687,0.500896129255681,0.504449726001185,34.1357750730798,7.88313459750249,1.19116348619337,0.5009138983685,0.569318572508694,1.00799598805024,1.61213694850086,12.9732746109253,0.987473639311411,0.516047290940192,22.8781187300789,0.500232379253475,35.9108865188135,1.37361872994901,0.500117197071034,26.9620661032683,0.512491942625565,10.4721073288355,0.565264805406614,0.524969722925617,20.972192277782,0.51907649496014,46.9439605221478,1.01639899683168,0.510535977710823,34.4112920128214,0.912820749146444,11.244242067133,0.546828665704112,0.934774089621939,10.942950138455,8.49910649307159,2.65514408617498,0.511607620458216,0.971394553476573,1.0803994048758,0.855410712557329,4.118836764276,4.20154476267438,0.930124222116411,24.9517404017833,1.55965280265274,1.24457767806683,0.503758536241276,0.903337487847666,4.76097417621689,1.14416705983982,4.41828184290042,6.98296239995226,0.9074278107194,21.7484704090865,0.863265999429534,2.77807077282437,0.538899503364174,8.33602205805699,3.63687464691064,2.59631933100774,1.69789681346843,3.01808073489624,0.906977255059335,11.0377096690975,0.934842353123205,10.5119708987892,0.523080514540647,0.937124488015105,15.3730660209818,0.878372574216802,1.48028180046771,0.609562927630896,1.04888691777546,1.48988952238077,0.858519411371656,17.121668650946,0.535582461913578,0.91232451090629,15.2137670845678,0.91588279081638,34.401647028084,0.592708672987653,0.944435446645578,45.8925146252734,6.08554085854789,7.96061795869073,0.55517724855444,3.20356525861466,7.66147882280046,0.883408244247439,15.0325503237945,0.510591862884746,0.9396464698854,24.1476728414553,0.896805989297073,79.0590905951524,0.756251282447768,6.38393947322975,3.65600417248448,0.91935682065965,46.7890570681388,7.15292410112751,4.99676315464209,42.39241662665,0.996398902876358,1.49560147661376,0.76807125057429,0.992449749541869,1.46052740321179,0.885994302812636,9.25813460431391,4.36021930662894,0.936404553124169,21.2513328784996,0.906385475917117,13.6803484042355,0.515038280387618,1.01376473039768,5.005793457069,0.88330870227192,13.8543690661433,0.508823394104197,5.71962333923012,17.1130129588078,0.963484031600679,6.92829584548127,1.32425538048144,1.12525227864252,23.9525640471749,0.916472496146898,33.116582137866,0.77639701030961,0.971639783823203,18.9946455096737,0.879259871979876,44.5527607770581,10.1826130839904,0.912822960031675,48.615892648053,0.851355306371985,66.6684668708116,5.5504385608223,1.07510561671933,27.5155668247641,0.852446224055521,5.09517092712926,6.6075571424916,0.920756121612938,17.9725333618808,0.874795344738592,15.8985620683355,0.500024864845412,0.921655386188637,17.8450028193188,0.994398075997558,36.8581621797429,20.7604101972649,1.07016054919233,31.8624212479422,0.895671916945722,20.5469092280721,0.516117658505003,0.95728975290892,21.7426229801105,1.82889410989214,9.34025872020676,0.627989630447264,1.1092519656779,19.161783857749,4.59461069800449,27.8592417262487,0.58866993645837,8.23246080953816,4.6756969052204,0.861042659911639,3.2514230203826,0.500034457086053,12.3225598532549,7.45460686013696,0.886737866434748,14.4632771154292,0.514291136685201,0.930990001569638,4.1653394987151,0.97273208967512,17.7429164272875,0.517596585261892,1.02478208710573,29.563702961569
15.0878556118928,0.517433108602759,23.0673233757813,0.503826440173478,0.510913073207881,30.4142761374364,7.88085045554395,1.25411509517559,0.501938200825027,0.517370620634684,1.02083432721079,1.53418555186573,12.8552473150423,1.02012208753414,0.509254681401582,22.6851600494307,0.52474311067763,35.853906222091,1.47141263096113,0.512791102016989,28.2572384676955,0.502104520272543,10.7036677208295,0.56466554518528,0.504020005931265,19.8158056187231,0.515346665678035,46.9682653437683,1.07834656009594,0.507240668258997,36.5146179381869,0.902936905577144,11.6193320141049,0.563604074286329,0.929410755308265,11.4998028916327,8.47784968496663,2.88798782866446,0.503370980739078,0.921976632030195,1.11203582734638,0.853170252783536,3.81093147059286,3.75526269524696,0.918312921473335,22.3666413198915,1.63235877332899,1.36289949986721,0.502173133760505,0.901931654889352,5.00747134957757,1.12959818399048,3.80433753924239,6.51048501027764,0.926382428536277,19.3651812437917,0.870757183016647,2.99635037584156,0.557355843907551,8.46472803691716,3.82190847247548,2.61731927306319,1.59205642013237,2.31063671059084,0.953855561386297,9.70757064387653,0.856642068170735,11.0004284063241,0.501660226291989,0.902933309935942,16.191511540359,0.960751380993153,2.8747541314766,0.927673593446699,1.48117276447604,2.91225683096698,0.861174507803464,17.2013614142118,0.545393159259367,0.916375979745615,15.9400507979193,0.874040818362706,35.4350649219052,0.615761871901583,0.928769872237847,46.6185727534638,6.00329151253671,8.59785947373094,0.568056286823489,3.2250501418712,8.27980553726401,0.89853655680146,15.3180422368723,0.51814139877392,0.957586704632725,24.8522732377167,1.05257413456431,79.2744294549741,0.764995270641385,6.44295634284883,3.66630632636982,0.991100963112907,46.6110147159306,7.62420424742646,4.95065034699201,42.2677497635116,0.888826928853088,1.13145226891702,0.571099587895169,0.924519988360312,1.12214972442224,1.03802153914381,9.27475795112865,4.43146000943807,1.09286153580965,21.6348857802293,0.890741265846874,14.8089367449559,0.509556421874791,0.978751887762405,5.55375498369872,0.929168819077601,13.9000290066569,0.519012294236062,5.67523783357891,17.7725766743546,0.915809678924889,6.93195978057053,1.31213012079142,1.03102445608833,24.2817782347556,0.916966111946524,33.5737578355314,0.732540260816938,0.972988774904475,19.6959706125002,1.06705505417395,45.0330797521414,10.7043691112269,0.994651564739096,48.6004706867808,0.89343407716356,66.459314049092,6.03342603846215,1.05770075727802,27.5182178744706,0.85706345984984,4.83993458669514,6.4142235993574,0.964638747835344,17.2091615406283,0.856879672246291,15.9138324854757,0.500042602257221,0.90632471399443,18.3239192879171,0.854122811451909,36.7841601841105,20.7254147363217,0.904861071418639,31.7726752931832,0.945671576862407,20.6023962573351,0.532683195694383,1.02167212176407,22.6417257746072,1.79766939773058,9.42279603384101,0.625237960002632,1.00385572275505,19.7690472610246,4.25652238928435,29.7485032124801,0.614621915077937,8.26622420418413,5.15313900605348,0.854306431477526,3.3670998468679,0.500053899064543,12.2917154556462,7.95323048331984,0.868590333872316,15.5551182106141,0.506544923386068,0.915040932927209,4.63808912174234,0.875261111984574,17.7522765060859,0.50480757615033,0.92561797349455,30.0750576421194
18.9150507274148,0.527865380407537,21.4060783012745,0.509353294367825,0.516839006563191,25.2770871719536,7.87578107730928,1.3282732968102,0.500401014250649,0.50139535970701,1.03998309204995,1.46441781262708,12.664645468965,1.04891232597499,0.502340688335764,22.0842628765508,0.530873236311962,35.7152003295014,1.57392383413529,0.516374249556837,29.4186871879917,0.505425334559961,10.8534046720221,0.561366506639956,0.509792334671258,18.323538854522,0.562786776828427,46.9237459332797,1.14597919305863,0.531635229597803,38.5503523534842,0.892771745828996,11.9883986930584,0.583431452365464,0.923869177478725,12.0797483049218,8.44895291219371,3.14834599853155,0.524774099187077,1.08135533212105,1.14966390171604,0.851228525859617,3.56386785183797,3.33782152902883,0.907306342673726,20.1686341347464,1.70653470244712,1.50839476353021,0.507681074979988,0.906903772802203,5.33429560879868,1.11923837236997,3.30131867842322,6.02333737758659,0.914416080307027,17.3340250123648,0.878809779252405,3.23608634898625,0.574444214010497,8.58457694309727,4.02360599482325,2.64226535945104,1.52006627039803,1.77299392326408,0.90236926709784,8.67794997662417,0.869048247396261,11.5011044537413,0.50388697023099,0.908583423747851,17.0391309055615,0.927531078757719,2.31241380408148,0.799391098700921,1.30684762535924,2.33866729378011,0.863855400222638,17.271760884722,0.556455866427805,0.920591270037797,16.6869602062119,0.854896087368955,36.3894334144097,0.641332573322422,0.905187423432364,47.2478303815314,5.91322213804685,9.27637570200808,0.582730733839818,3.24275965664039,8.93268673787232,0.914139912950358,15.5953265756051,0.527788000889944,0.976135888673629,25.5627067942724,0.99516637885368,79.4695879712277,0.77419812066067,6.49978142403756,3.67699540616016,0.87289864171478,46.4183668381285,8.11627638181955,4.90585746278707,42.1245339926545,1.08244346250685,1.78688354467041,0.925625933021093,1.04679087566649,1.73120172571091,0.954724225781212,9.28949430400513,4.50586870303947,1.00780915808733,22.0151332697209,0.873517085281869,15.9656873623519,0.504810914344514,0.943631067349654,6.16956339385317,0.88953973211404,13.9411907017353,0.509187143391169,5.62851042441217,18.4468600158914,0.868141907745461,6.93570041154342,1.3009427812118,0.936231241785895,24.6111699169663,0.917393262642736,34.0074186772667,0.692685157243249,0.974389251831872,20.4131440500942,1.26078848960386,45.4906704664712,11.2630921235581,1.0784433330536,48.5734657607194,0.93555435727187,66.2284129181968,6.54362030963421,1.03981636370175,27.4979225206556,0.853820889826917,4.6073378160687,6.23055003493127,0.93649182304797,16.5269831774921,0.867524492190304,15.927776891261,0.500446194680737,0.916352664056676,18.812795426947,0.968365935389235,36.7166719374608,20.6858587413866,1.03980176615886,31.6882563082015,0.995877462687321,20.6517786274109,0.548201938529711,1.08816103771692,23.5532305258517,1.76691290141748,9.50203471216871,0.623266295245231,1.14112089887358,20.3816604940239,3.9186360978489,31.5426862245759,0.64451991263873,8.29372959451846,5.67360062105414,0.850107662450307,3.4844548796207,0.500025507724209,12.2538890247337,8.48121135074018,0.921073533398294,16.6569998810539,0.52159546950881,0.954489114708682,5.17500224960449,0.852894148260077,17.7677529644218,0.500380468895879,0.90297693008644,30.5906728381843
21.7336780424124,0.519198456300972,19.5011538343884,0.508609603116426,0.510970402064504,19.8123111224039,7.86815609900113,1.41508602667255,0.50003825153617,0.500149512394073,1.06595120874493,1.40301477127566,12.4040462203269,1.07199447691511,0.515411665179291,21.0818408587859,0.53694229757357,35.4831217593754,1.67983505318483,0.520135966864486,30.3755571773091,0.518029164141942,10.9277871930668,0.55505808865803,0.530408947600112,16.6190178668202,0.535373692157519,46.7946847051279,1.21917195080557,0.518797660993914,40.4411508052891,0.882329412287755,12.3498559902017,0.606578773310917,0.918136847752918,12.6831593614651,8.41190815968253,3.43925418819003,0.500012459124538,0.900088468046657,1.19377040431476,0.859253049598509,3.37452318172876,2.95828151018519,0.956367267225427,18.3480046549293,1.78183029572649,1.68482706663302,0.520555862158932,0.918901303746132,5.74518639537763,1.11242285223106,2.89505793445452,5.54666504719814,0.903486584967046,15.6418871783776,0.854272950625279,3.49918956879635,0.510702534536528,8.69550261614974,4.24284206555664,2.66996295209264,1.47746839862251,1.36580010249289,0.952730134917258,7.89379197525855,0.882090418407218,12.013355105485,0.505104262960621,0.914746564020141,17.9154497800637,0.894310777644582,1.75007377488835,0.671108666453442,1.13252254715248,1.76507812228781,0.866556590654274,17.3333271589593,0.568811641888111,0.924976861915765,17.4537379659631,0.860759544106858,37.2631708556902,0.669442987595719,0.911154994323198,47.7900115261619,5.81531010066479,9.99612859667341,0.59936983275192,3.25660002647218,9.61825774803986,0.930194413784671,15.8636732686691,0.539607565530491,0.995304412844418,26.2781017724017,1.13277458649,79.646162090857,0.783846381340112,6.55443098384832,3.68805589319881,0.944744712477293,46.2117056290201,8.62852549254349,4.86220690759458,41.9641575200022,0.974871508557756,1.42272685167096,0.728652386386516,0.978858833078543,1.39281461444502,0.871240133976746,9.3023379718296,4.58347865590052,0.921943003902082,22.3916097764395,0.854663535972498,17.1385126322175,0.500823835497894,0.90832254806274,6.85995050965343,0.936005846279011,13.9782719645114,0.517881909555775,5.57957995640641,19.1353342779811,0.942556859362778,6.93950289073443,1.29066391369401,1.08682096439991,24.9405843547679,0.91774398086137,34.4125205364206,0.65635126575659,0.975808006629754,21.13543529976,1.02088259446343,45.9204715032719,11.8608468525918,0.974147171254812,48.5330453581682,0.889886746729634,65.9767266059447,7.079686091627,1.0214828054047,27.4563828238913,0.85119291970734,4.39722847109772,6.05791384752598,0.911731290544149,15.9260213322997,0.880561434983797,15.9396991910813,0.501278352417919,0.928960435557241,19.310529495496,1.08192120262891,36.6553744391747,20.6424586714839,1.17431263293552,31.6090177078677,0.897731429284102,20.6957028182021,0.515560010556868,0.961916884311653,24.4753557330179,1.73663302297659,9.57803811800192,0.622068090121841,1.03369362437306,20.9988024355705,3.5865313292253,33.223480565549,0.678725820728911,8.3150733620929,6.23964612074433,0.850503624731687,3.60329718537071,0.500076646096198,12.2092613018508,9.03956205344344,0.90210287137038,17.75592906173,0.514245913892451,0.93864988069749,5.78340982341102,0.856741209337252,17.7830173060276,0.500846491015549,0.907011167097699,31.1032145124866
22.996639836629,0.511392381983707,17.6254614575974,0.506211690582386,0.506051004402588,15.010934479296,7.85777215059627,1.51626002925374,0.500305467960797,0.501199162410269,1.09920048737385,1.35001818833296,12.0829541031279,1.08781378599793,0.508417006537512,19.7343561750852,0.542892198049413,35.1444322588537,1.78721366833238,0.524064272452383,31.0455276352119,0.501187936485779,10.9410810223902,0.545915686041941,0.50189066989023,14.8573629906214,0.550237325225724,46.5597353579354,1.29732843687562,0.528135571765424,42.0820837942336,0.871616866424424,12.7021020536049,0.633359762635795,0.912200741266639,13.3103425890835,8.3661561904726,3.76399503957625,0.503114578624079,0.926841626765441,1.2449445505188,0.857273120942246,3.23855493785195,2.62026097062798,0.944732384760935,16.8750221481901,1.85781268510851,1.8968012434254,0.508222771651458,0.907757839624449,6.24596864342581,1.10857052714272,2.57030707157966,5.09662141757509,0.91979514993321,14.2590812430107,0.862218627121062,3.78772152533444,0.528286218405175,8.79749467188446,4.48054201981272,2.69945287339723,1.46108090833085,1.05747110862275,0.915640231307599,7.30914698242618,0.895789751311797,12.5364564572508,0.505274365765563,0.921448608632837,18.8198247543718,0.861090477653743,1.18773404389723,0.542826296704264,0.958197529855779,1.19148931649009,0.869273700866936,17.3864889365061,0.582509349621842,0.929538717781542,18.2394991274381,0.857830476426445,38.0574481022684,0.700139960187546,0.90798061160531,48.2530221968098,5.70959307071322,10.7565675323863,0.61816456968179,3.26651146917158,10.3339514593329,0.859180276718425,16.1223755468724,0.553695101493999,0.910918445621274,26.9975530005289,0.860548095735961,79.8056355268138,0.793927976934147,6.60692576963344,3.69947237817164,1.01687836361891,45.9915990206734,9.16012465137258,4.81953677084316,41.7878685227809,0.867299582227597,1.05856811880373,0.531678408977367,0.910925833907468,1.05442443904662,1.0241775996607,9.31328442272448,4.66431828726695,1.08241935888864,22.7638543786133,0.914730706310666,18.314355612751,0.509048230878529,1.00971400047822,7.63165061094547,0.89587815049033,14.0116617898001,0.509184932105437,5.52857636056851,19.8374120935127,0.894896598551701,6.94335303087041,1.28126585432971,0.990891659804006,25.2698667210484,0.918009132746348,34.7845377662528,0.623104925104678,0.97721026847929,21.8513395344445,1.18519397562943,46.3045544400103,12.4969452449767,1.05252180472125,48.4734976132109,0.976951821563526,65.7022782153709,7.6395839812133,1.00270852320825,27.3938452961014,0.854150958472846,4.20899312466457,5.89714277241496,0.94099195807887,15.4047028516751,0.854787752466996,15.9498647174414,0.502545755272404,0.904588222595787,19.8170483244367,0.942598827747169,36.5999460642562,20.5958741707397,1.00957621271496,31.5348038171217,0.947941668961332,20.734752983747,0.530844084469726,1.02889652258253,25.4062290320707,1.7068364971935,9.65087418944543,0.621638735290749,0.925235202611442,21.6196174655783,3.26506582260385,34.7680719590009,0.717508330268669,8.32955252858549,6.85117285907343,0.8514725033706,3.72350430286022,0.500110001681607,12.1581627645869,9.62946648816804,0.881456176287377,18.8387236556975,0.507718739674892,0.922672435791582,6.47089588764935,0.896730676958651,17.7971976238743,0.505583198119781,0.9491423429928,31.6111495637588
22.7795411433392,0.504448473074916,15.9836571772456,0.502736763942213,0.502169017091177,11.3092425610826,7.84431889747198,1.63384989318101,0.500554817609595,0.502354764731219,1.14030845230312,1.30527712769234,11.7181969141612,1.09544858995945,0.501705583647325,18.1445234442047,0.548652374955349,34.6851452198108,1.8934081757996,0.528134289375501,31.3397101456042,0.504870051335881,10.9162094160028,0.534458364213209,0.506530327032067,13.1730854790207,0.528185240019007,46.1889239710212,1.37910234386496,0.516478186016843,43.3332230960939,0.860641938301985,13.0435262546744,0.664137105307663,0.906047622194121,13.9615304790817,8.3110886458512,4.12608153787078,0.505341076717297,0.953276407533352,1.30388813326372,0.855516799748035,3.15136246917453,2.3235592751295,0.933957651151213,15.7111209711383,1.93395626429319,2.14980093506149,0.53002220223409,0.929506936967637,6.84419907023933,1.10718469270419,2.31276065733396,4.68203981857191,0.935842907734147,13.1490288252799,0.890498912840963,4.10389963986848,0.583432072294203,8.89059165066278,4.73767703538462,2.72995160769686,1.46884216904632,0.823510997342102,0.963418460796649,6.88752401645093,0.910164630305255,13.0696087866833,0.504363335402898,0.928714371841265,19.751440784216,0.943469183976458,2.58220587714006,0.860936877594077,1.39048326001408,2.61385587929713,0.872002687867056,17.4316417664317,0.597605736611521,0.934282276793944,19.0432301706086,0.85925655574545,38.7746064615974,0.733478587426428,0.909283516328131,48.6441792936811,5.59617845877725,11.5565859414662,0.639329899688784,3.27247190839969,11.0765021255592,0.87466828373681,16.3707463142408,0.570165102902112,0.929400856216259,27.7201222628603,0.998219121216583,79.9493785752194,0.804432125813348,6.65729076892568,3.71122957884044,0.898047762851297,45.7586135862207,9.710031874003,4.77770316775247,41.5967930618947,1.06091598104765,1.71400420239403,0.886205306076389,1.03320012958483,1.66348590759965,0.940324474237192,9.32232988217651,4.74841201026944,0.994929980503637,23.1314101987398,0.89535846925729,19.4797543927773,0.505281089848962,0.97443681610075,8.49117098620105,0.85551501110388,14.0417081873235,0.501061666255323,5.47562517366589,20.5524355997625,0.969317117815081,6.94723787185329,1.27272439856501,1.14408664788005,25.5988600341151,0.918181228245922,35.1193979144667,0.592552685359478,0.97856169380186,22.5486120376242,0.888545059787286,46.6306053913959,13.1717475970164,0.934144191540852,48.3834131609054,0.852516004145908,65.375218471213,8.21734432654575,0.983285843280819,27.2966998119836,0.852012871784539,4.04169571037283,5.74860541194431,0.919089733157822,14.9603540259994,0.895574521607808,15.9585156459588,0.504256731828805,0.94450715857167,20.332261976501,1.05583551813597,36.5500714239032,20.5467063828715,1.14385517609551,31.465454771508,0.998295184752493,20.7694543911057,0.545074138396611,1.09802554239486,26.3439052708944,1.6775286586998,9.72061492379814,0.621975671783974,1.06469985253149,22.2432313490116,2.95791869209247,36.1895874640055,0.761533911887499,8.33845041700879,7.51525910775108,0.850680206302179,3.84489583034821,0.500007441027156,12.1008275791577,10.2518550174033,0.859169786393514,19.8926791698217,0.502013478351691,0.906450954460045,7.24509991690098,0.856708540666853,17.8103533891146,0.50077569701722,0.907103864937656,32.1141023230074
21.5198168302944,0.529930089252443,14.6676621432843,0.519748972514674,0.513119095961881,8.66792344250197,7.82743384122939,1.77029671395389,0.5017218426829,0.508124194746497,1.19003179547326,1.26841204697205,11.332267092195,1.09483485465956,0.513526738364635,16.4418601234472,0.554140942528748,34.0926827204263,1.99502394965072,0.532303994219976,31.173799239379,0.50196172754449,10.877875791195,0.521429587003366,0.502010326658061,11.6636343504779,0.518203140782433,45.6337214470029,1.46225557124156,0.511037577277995,44.0217688091236,0.952951999900758,13.3725137574644,0.699327141056766,0.959186304907504,14.6368729151673,8.24605275365519,4.52922156479882,0.506586641693145,0.979391188419455,1.37143278255204,0.853926151135447,3.10868959588407,2.06565294960945,0.923984579003509,14.8164430093163,2.00962636638707,2.4502669985433,0.518212763652784,0.918655950793952,7.54893305203378,1.1078466079783,2.10999230730546,4.3064720650092,0.927013291929835,12.2746543550269,0.863161557239996,4.45010181390488,0.526005841220111,8.97487398837733,5.01526061619717,2.76112538463348,1.4996658850387,0.645387380814236,0.930178615843317,6.6014417302824,0.978333289934194,13.6119392523603,0.502581267348304,0.962684791989638,20.7093055982751,0.910248882912822,2.01986630450596,0.73265453992917,1.21615827578165,2.04026729970845,0.874739524762782,17.469146457503,0.614165593832116,0.939212523160775,19.8637884181354,0.858398071881755,39.4179038003652,0.76951825704895,0.908306260626349,48.9707327590885,5.47525148616849,12.3944934188802,0.663107273887094,3.27450000688061,11.8419840944631,0.890583148377977,16.6081103928378,0.589152012013467,0.94850537954742,28.4448404270705,1.13638281042772,80.0787093448285,0.815348617136155,6.70555282774091,3.7233122783465,0.970241517690518,45.51333917867,10.2769767026922,4.73658099326769,41.3919814079885,0.953344105088972,1.34984252526509,0.689230767629114,0.965265582541019,1.32509102005901,0.856289030007055,9.32947131209103,4.83577995178749,0.906632690688269,23.4938256325354,0.874336420524844,20.6214610745005,0.50230473822605,0.938787826169715,9.44450764549647,0.902316789502433,14.0687352440452,0.508806353568983,5.42084492662142,21.2796915303577,0.921657594286487,6.95114432072537,1.26501483947417,1.04701638192902,25.9274113945766,0.918254096172358,35.4134170616201,0.56433585127262,0.979827197292493,23.2143632078824,0.880289931997301,46.9173349332199,13.8914423097855,0.913140398213693,48.267503734294,0.881035425577345,65.0752502131854,8.81708238818858,0.963846075608526,27.2033027304262,0.850419507300938,3.89419630381062,5.61230215523202,0.903549411868809,14.5896186040156,0.897534991989239,15.9658567532898,0.506420965347691,0.947103434483241,20.8560633739603,0.917065963529631,36.5054391690403,20.4955077930582,0.979484417538392,31.4008045281552,0.899727823137231,20.8002790617496,0.514898504569613,0.966789813336875,27.2863808388713,1.64871345793209,9.78733548067048,0.623078299386044,0.954155710764387,22.8687504785797,2.66785472383967,37.4745881619806,0.811182816153605,8.34072959557692,8.23151283986037,0.856861813793133,3.96730597570125,0.50018646927849,12.0374631761615,10.9076385624137,0.919609632533867,20.9061841788166,0.512933253933834,0.947668398332466,8.11345674838664,0.9093592211938,17.8225572747821,0.506491935185286,0.963570894734623,32.6117110966766
19.6861943233699,0.523085647731324,13.6851348982648,0.515567732740478,0.509141250914715,6.85462698240561,7.80669698445707,1.92853570618919,0.50214586307329,0.51156267838134,1.24932629442342,1.23881174232574,10.9498812175988,1.08677128107219,0.507025537362646,14.7545362129747,0.502778564514986,33.3597854331519,2.08806765105867,0.501702506985202,30.4869804118581,0.509153536851395,10.8491776646447,0.5077495374288,0.505609722416308,10.3788024361574,0.521508878546398,44.8629621200623,1.54244649752722,0.513399193452818,43.925717141472,0.942492004873814,13.6874470942298,0.739406385954763,0.953646722927486,15.3364264639181,8.17035964003997,4.97726034956344,0.50673265744839,1.00518388390262,1.44855760172642,0.852448974935975,3.10693061857448,1.84284363968851,0.914732966199654,14.1541180295508,2.08406576151735,2.80564504956412,0.522613287060578,0.924505750163336,8.37041937843853,1.11020588717718,1.95170308982129,3.97000835281679,0.919015291578674,11.6019165028334,0.894240948970761,4.82887121562029,0.57602690027987,9.05045821950408,5.31434446798673,2.79177766406807,1.55335431714103,0.509024996652447,0.914657779447108,6.42882382950956,0.888249450367282,14.1625066035482,0.500055677163517,0.918838285483125,21.6922457701705,0.877028581829931,1.45752687933692,0.604372232790375,1.04183332191738,1.46667891197614,0.904678720315207,17.4993280476246,0.632261874211248,0.988657532905141,20.6999043070236,0.855399776753063,39.9912538507951,0.80832386924662,0.905278423120404,49.2396493790636,5.34708097288777,13.2680092447625,0.689767442402356,3.2726571076731,12.6258886534686,0.906892559775918,16.8338029261597,0.610811250932192,0.968236265731165,29.1707102960651,0.862873472939132,80.1947916510241,0.82666893526906,6.75174430156924,3.73570545295598,0.851085079629114,45.2563958095807,10.8594670120008,4.69606379603455,41.1744178240746,1.14696061034807,2.00529781916096,1.04376283898905,1.08754343228726,1.93417379173868,1.0101185666642,9.33470671828473,4.92643489595744,1.07107853679883,23.8506577828749,0.851712717143751,21.7270514663413,0.500127607480289,0.902660690884342,10.49680974657,0.861505509566257,14.0930346412052,0.501848868503356,5.36435159516168,22.0184006566407,0.873996144832286,6.95506062283647,1.25811621743925,0.949374626287716,26.2553644514514,0.918222661214028,35.663244516224,0.538126012194237,0.980972626914469,23.8351990066505,0.859228824526544,47.1359995161038,14.6519508127012,0.904008133068028,48.1162041655961,0.858988578676387,64.7579159441153,9.43242892102013,0.944086784657931,27.0945292158056,0.851846634029977,3.76524625240198,5.48795071375913,0.908797022070153,14.2887866979703,0.899495062809874,15.9720651506833,0.509049246725437,0.949769412846,21.3883333038527,1.03001748384596,36.4657469876491,20.4427770369747,1.11354248871547,31.3406861764944,0.950083932826375,20.8276499377117,0.52890065711744,1.03639634515832,28.2316083013466,1.62039354248283,9.85111364478344,0.624947951124014,1.09687474586919,23.495266839971,2.39676819004206,38.6244572035457,0.866994685381741,8.33613433728488,9.00149888913634,0.854263372559089,4.09055362225233,0.500966182395142,11.9682320664077,11.5976621115773,0.896448287772702,21.8692209677053,0.507636226225374,0.931394511003394,9.08287827620091,0.912322190649366,17.8338777402425,0.506513307220095,0.967328402442446,33.1036278005068
17.6270956865275,0.516852724980974,13.0035191249917,0.511308824615451,0.506003849875692,5.63010281708211,7.78161891063092,2.11205895272461,0.502960945037313,0.519250483062283,1.31937708436526,1.2156658704549,10.5940375792945,1.07270559153318,0.501065382295092,13.1849434565965,0.508530872498563,32.489960614312,2.16834751673312,0.50539532982666,29.266206481499,0.506849046182376,10.8484511602471,0.502481049059229,0.502414402763662,9.32954149186039,0.53989493986066,43.8160441156551,1.6143211725351,0.525297859026881,42.8477638167136,0.93176442397299,13.9867052712943,0.784918225291394,0.947887698086094,16.0601432067677,8.08329668792049,5.47409716209538,0.505645811709469,1.03065302254787,1.53640846247905,0.851038647200142,3.14323034232612,1.65103297015132,0.906110187270663,13.6922023932247,2.1563818892105,3.22441478492644,0.540541011639609,0.947437479534076,9.3197509593399,1.11396958947523,1.82961309770911,3.67073167742024,0.911769997795336,11.101442244961,0.86436021303257,5.24291623301677,0.523476994547313,9.11748959111699,5.63601682128647,2.82142934544599,1.62951837235645,0.505286340862069,0.908893861305932,6.35457251828062,0.952171344538937,14.7131048958842,0.50075371649487,0.952834872874742,22.6884703189349,1.04395448300217,4.28317690213182,1.24896678816387,1.91778367340854,4.34885206029615,0.85705567775733,17.5224755329611,0.651975766880419,0.911541319658914,21.5501855724206,0.86678533083231,40.4994056605952,0.849874395300701,0.916372447814821,49.4573869413761,5.21202253290261,14.1742794997878,0.719613622140322,3.26704792373285,13.4232379565942,0.923562483975404,17.0471700465693,0.635319932780005,0.988596591007157,29.8967093181259,1.00109222591748,80.298715042537,0.838385298812042,6.79589985932888,3.7483942077885,0.9233403826226,44.9884468693015,11.4557937319454,4.65606368777301,40.9450502174606,1.03938878058696,1.64113427758925,0.846788019401323,1.01960767913545,1.5957755548871,0.925722749081316,9.33803494272891,5.02038465921712,0.981176805471062,24.2014721243922,0.921388257861844,22.7854622859604,0.503392171884318,1.00740824737134,11.6520002487761,0.908851752760679,14.114872605722,0.508043817722341,5.30625716207955,22.76772770265,0.948437105996874,6.95897526886932,1.2520082111618,1.10460577675878,26.5825653052213,0.918082334263855,35.8658255029361,0.513621510136827,0.981963390600577,24.3974464940947,0.882879632099837,47.2800143189116,15.4525981800286,0.914327617604067,47.9312215480252,0.878718742215739,64.4247532484508,10.059633671962,0.924047077957544,26.9717207170707,0.850725859495261,3.6535610580129,5.37506999584878,0.898822825465074,14.0540430865018,0.901454725708415,15.9772909984797,0.512153722892637,0.952506564781444,21.9289372572217,0.891735977790065,36.430698541721,20.3889700164585,0.949523032106005,31.2849290743683,0.851308406694719,20.8519462809625,0.500372611867309,0.901793482804727,29.1775183571703,1.59257034955269,9.91202930431178,0.62758787075396,0.984224381101223,24.121866603161,2.14572384363606,39.6438480114558,0.929571733600426,8.3244053559946,9.82631111699855,0.851360459257054,4.21445303784499,0.50237043577609,11.8932606289071,12.3226627954314,0.871816932449834,22.7737297675396,0.503152320216039,0.914623276220931,10.1593751973016,0.915285780196607,17.8443782009816,0.506510896648918,0.971135569473551,33.5895238204207
15.5580506767051,0.543762132643859,12.5795284544457,0.528553367178219,0.513793993865566,4.8106527343475,7.75162854430487,2.32501467012788,0.500162592253312,0.50126757660496,1.40163922968962,1.19802288007958,10.2830060650961,1.05440355817555,0.511252301343823,11.797864161869,0.514021571584597,31.5029485529138,2.23214729656196,0.509143067910548,27.5669874682815,0.505499695513142,10.8875976006843,0.501717904541043,0.502071414678801,8.5024751570021,0.500814187647462,42.4586435068989,1.67116180388485,0.50051428437469,40.6651942794755,0.920780654376792,14.2686608496474,0.836480423831782,0.941895331032563,16.8078580002678,7.98414466772512,6.02357128808858,0.503177965728018,1.05579828330676,1.63632039227533,0.858025691965555,3.21545787166113,1.48619040471468,0.945527605564242,13.4041764751927,2.22553532288355,3.7160944209869,0.516347030285947,0.920428363768049,10.4084662618043,1.11889206047594,1.73718523642526,3.40566388878432,0.950913729588234,10.7487833231864,0.898905532609904,5.69511764932781,0.56763917539452,9.17613788131479,5.98139755088535,2.84933638163479,1.72836163304043,0.522594214057072,0.938686362392636,6.36725183256787,0.852850875089627,15.2698692750903,0.504856808248247,0.903626983056618,23.7074096333364,1.01073418185651,3.72083763552522,1.12068451355056,1.74345875391132,3.77526388950778,0.887035103236093,17.5388416290333,0.673396732316168,0.962032810539839,22.4131233703821,0.865246222537137,40.9467756261299,0.894126737546554,0.914913001138558,49.6304335669758,5.0705187065386,15.109919979948,0.752985091593608,3.25781974603356,14.2287319389753,0.940556680155313,17.2475659286894,0.662877474928805,1.00958788968472,30.621793196966,1.13964238005059,80.3914660834557,0.850490982396626,6.83805752195099,3.76136372432633,0.995751861307549,44.7102164753554,12.0640273239532,4.6165121047822,40.704814829908,0.93181696109813,1.27696944091897,0.649812920703336,0.951671418405662,1.25737548783575,1.08060217335747,9.33945583875347,5.11763006684172,1.15030634896544,24.5458449179203,0.898195756273429,23.7874126502325,0.50145612880158,0.971222660851969,12.9123704963294,0.867617089763126,14.1344926491565,0.502274407755562,5.24667091578253,23.5267820797374,0.900767562537329,6.96287709671473,1.24667144238049,1.00582053297923,26.9088619988418,0.911269791085092,36.0158244885492,0.511493004104974,0.972922401147045,24.8973959086783,0.904509957985275,47.3448590775468,16.2924158916476,0.923844871563023,47.7153706624346,0.882444860015725,64.0346018931503,10.6889483896918,0.906250980545147,26.8161007931527,0.85002731324469,3.55787228868059,5.27299841298932,0.911269407833691,13.881730842878,0.903413990160387,15.9816612468957,0.51574798122839,0.955316175980186,22.4777245119991,1.00443059071097,36.4000072250019,20.3344964888514,1.08337088575368,31.2333629222016,0.901677972029806,20.8735071442374,0.514149952460055,0.971866412580731,30.122035166103,1.56524414239767,9.97016324638422,0.631003126038065,1.13020545339708,24.7476288160567,1.91508999265034,40.5397814893881,0.999585590690884,8.30530393632707,10.7064778417846,0.85253151690229,4.33881403912116,0.504426065663141,11.8126472600812,13.0832430426347,0.938199645901529,23.6138178303829,0.510408502144835,0.958868025236145,11.347608242527,0.9182497930283,17.85411746379,0.506485477208716,0.974990813493658,34.0690905726671
13.5966636765572,0.512247842969722,12.3726971890019,0.50772887742266,0.503509242525208,4.27046504629735,7.71605849888675,2.57233315407203,0.500762931665464,0.50888586764914,1.49789441513288,1.18485642600148,10.0290185297992,1.03363235311418,0.505642968105901,10.6219367670027,0.51920242480057,30.4373232980732,2.27703517649708,0.512876945599951,25.5170915833037,0.518313126994633,10.9746623755317,0.503688133340988,0.514490348303412,7.87286125284402,0.50929422105198,40.8017555183942,1.70657885319821,0.505822728105461,37.4369169880232,0.994998397018638,14.5316746812108,0.894793183894054,0.987209719742165,17.579275026678,7.87220027505908,6.62931163192246,0.499830333952685,1.08062212516306,1.74984309621412,0.861029235245824,3.32211075598039,1.34460196145824,0.96012107378871,13.2686707724113,2.29033176403961,4.29119102145451,0.531789264877819,0.944355291672504,11.6480201324455,1.12476398839709,1.6693242363696,3.17141476565417,0.935849320876547,10.5241639323689,0.865848772949599,6.18851939878536,0.520643351639243,9.22659172483566,6.35164099313574,2.87520012933679,1.85192844314402,0.519234946631141,0.933560472381965,6.45979450795487,0.85279997636239,15.8361848841158,0.512630356361461,0.901441869848919,24.7548970117277,0.977513880679358,3.15849844759455,0.992402255073362,1.56913385148058,3.20167582645116,0.91711711668547,17.5486428399221,0.696622526387358,1.01518201938952,23.287095306783,0.877593217127164,41.338229266624,0.941151501876261,0.927044247492123,49.7646894545906,4.92309586617496,16.0710842257686,0.790261350160739,3.24516002223889,15.0369182159854,0.864193380012131,17.4343493428984,0.693706257904629,0.917216580584775,31.3448983090771,0.865228879524837,80.4739508401133,0.862979911129967,6.87825716806356,3.77459908196649,0.876245109452504,44.4224819830608,12.6820518572305,4.57735773747154,40.4546395836723,1.12543374981519,1.93244906822545,1.00435251026577,1.07395139638916,1.86648069563187,0.995851596006246,9.3389710284072,5.21816311720375,1.05882043347666,24.8833658435163,0.873576258016853,24.7256686360477,0.500327020239625,0.934332388081294,14.2781667973937,0.915481565262359,14.1521140671787,0.506893491740609,5.18570099868259,24.2946181754331,0.853092051590288,6.96675595873891,1.24208930356216,0.906463944451033,27.2341007196063,0.850505791081065,36.1133541484504,0.500091745336892,0.900622611665034,25.3043262289997,1.01749423109156,47.3265376243312,17.1698467564365,0.973714881056267,47.4711026688977,0.850307893702243,63.6819026253063,11.32592946934,0.900049060947338,26.6716231877124,0.849939240397106,3.47696103974516,5.18097635924307,0.94994423886015,13.7688099471204,0.905372985368479,15.9852838506004,0.519847080845782,0.958199395922816,23.0345280061676,0.866574610132733,36.3733944837351,20.2797266460572,0.919684130090544,31.1858164000283,0.952135664181354,20.8926360827133,0.526890872229078,1.04407657905067,31.0630947223654,1.53841420931009,10.0255980977139,0.635200778632357,1.01544141707991,25.3716391766159,1.70465158451346,41.3209112583588,1.07778761465636,8.27863275789107,11.641840549936,0.85383459447854,4.46344327482961,0.507162732939103,11.7264741974656,13.8798774839016,0.912728057817195,24.3857768215818,0.506326364221681,0.941959058023598,12.6503962611855,1.02093536577695,17.8631496822383,0.51502823845186,1.09020223083292,34.5420407028283
11.7989925153225,0.526132354890619,12.3496658160157,0.515714168687308,0.506716742329643,3.92751215945365,7.67412698278875,2.85988198748501,0.50059861618659,0.516233766760975,1.61032628371618,1.17512504770838,9.83849504473874,1.01194455885618,0.500552115076147,9.65889034877109,0.524058808557698,29.3474511776811,2.30250404131805,0.516524302179381,23.2942572420471,0.506108633355253,11.1140705424665,0.500731208065928,0.50733800131602,7.41310087428997,0.895880454084322,38.9180945690868,1.70287421708812,0.637609017793217,33.4644224158104,0.875356652054736,14.7740886625912,0.960647392034941,0.915349886991738,18.3739536994547,7.74680117908577,7.29452051182469,0.500536583767823,0.907359765639789,1.87876880990572,0.855554649735338,3.46218420677896,1.22297580252632,0.92922846119637,13.2688462585505,2.34941998153541,4.96106646024195,0.510730294308045,0.916458468210915,13.0490804856448,1.13140058224238,1.62208939522757,2.96458906405314,0.932501968359075,10.4120386744173,0.90461984911965,6.72633917961911,0.558066443425521,9.26905362856662,6.74793052662578,2.89869684814171,2.0028592197288,0.529675960411407,0.953004088322005,6.62781263557582,0.871827770476093,16.4049941324046,0.524183126012354,0.911433339631861,25.821686957376,0.944293579469539,2.59615933173005,0.86412001134959,1.3948089648382,2.62808786304297,0.869225936412313,17.5520604047091,0.721759345185389,0.933302531101696,24.1703846281331,0.874455120309822,41.6786837632168,0.991036166863944,0.9240770497231,49.8655214473939,4.77035715367035,17.0535603001069,0.831866353480256,3.22929265821347,15.8423930071832,0.930835849181287,17.6068794639116,0.728052069371811,0.998791950376695,32.0649452714309,1.00379047553378,80.5470135220722,0.875846737907104,6.9165408786281,3.78808599441275,0.94866819594776,44.1260891955967,13.3075684296038,4.53856721942603,40.1954660707804,1.01786192069197,1.56828051513682,0.80737642299793,1.00601427810533,1.52807636151627,0.910925740100562,9.33658273499137,5.32196868885361,0.966551947351585,25.2136376262603,0.950236297713258,25.5951465825836,0.500003742867059,1.04370253685641,15.7472018584784,0.873842873727487,14.1679365532398,0.502330865414963,5.12345289626303,25.0702458365221,0.927562749942482,6.97060154647122,1.23824474887805,1.0637245981447,27.5581327932998,0.854075143786187,36.1559093777121,0.500740753856848,0.90508089789313,25.6076924583742,0.945969295447958,47.2216593733301,18.0827008016343,0.942459257516449,47.2006384862472,0.857191385007583,63.3195279966756,11.9625324325077,0.901197553815394,26.5187565309086,0.85067270312083,3.40967940999038,5.09817786047271,1.01785151072904,13.712712447978,0.947885151389964,15.988250673917,0.524467621992786,1.00489673232927,23.5991639738775,0.979038635897791,36.3505912692775,20.2249911265159,1.05333217678746,31.1421189504854,0.853127689215462,20.9096036315089,0.500810656471274,0.904436801056866,31.9986637683944,1.51207879568511,10.0784157953811,0.640189596507278,1.16466299947798,25.9929863889201,1.51377087710646,41.9967197876604,1.16501446665788,8.24425084004107,12.6314714230322,0.855273843433902,4.58814488377913,0.510613393057286,11.6348114560839,14.7128840446001,0.886058948767601,25.0879580711235,0.503048711364141,0.924269350885516,14.0682482498755,0.930998381073052,17.8715233709603,0.506939558193335,0.990486617484535,35.0081162333669
10.1853085432991,0.539136354730225,12.4843036809667,0.522343407113682,0.509168295026952,3.72945745547345,7.62492373603045,3.19459469194805,0.500004636949829,0.523276009911437,1.74159571038151,1.16781632001737,9.71316072391578,0.990578284394074,0.509318102108773,8.89445578766214,0.528617931722883,28.2946280227016,2.31013156103694,0.520024006100669,21.0844062083516,0.520911778171817,11.3073676256839,0.50110055755635,0.533585344077636,7.09725310964441,0.581148231430382,36.9180379779125,1.68922616919775,0.511144271887182,29.2412202026505,0.950069086077784,14.9942192010757,1.03493029491203,0.9616916310071,19.1912980578301,7.60922236142293,8.02152082572598,0.505722434208943,0.913971691440449,2.02553474852099,0.863306639814148,3.63502612355527,1.11846928672929,0.966103611411284,13.3916820104736,2.40129981494897,5.73770426778803,0.523184056752894,0.941738341433262,14.6207405639645,1.13861368266043,1.59245061810566,2.78192013904818,0.907366526680613,10.3998351532122,0.867665249129259,7.31195032954546,0.517443106784702,9.30373923183495,7.1714875970326,2.91947829929737,2.18439070580179,0.504591124969659,0.908381362054348,6.86913509239381,0.862557040783161,16.9733366323931,0.539767797225972,0.906673264972485,26.9044774002599,0.911073278225877,2.03382028132194,0.735837780996543,1.22048409270605,2.05449999119989,0.899296508226186,17.549240295301,0.748921726736496,0.987537458627569,25.0611783944822,0.869798118829194,41.97288900486,1.04386237965845,0.919748840061082,49.9377239702647,4.61297259464088,18.0528837825714,0.878273841613672,3.21047235288658,16.6399890457905,0.8530422386524,17.7645147655965,0.76618427556718,0.903729008980518,32.7808398161968,1.1425641093036,80.6114260839537,0.889086805834469,6.95295268534464,3.80181039894169,1.02113251641755,43.82194832111,13.9381272842054,4.50012365559766,39.9282530342547,0.910290066219438,1.20410913186163,0.610399496276109,0.938076784233349,1.18966922943535,1.06665340871268,9.33229481920354,5.42902237869246,1.13945551340297,25.5362788030767,0.925004546957077,26.3928352767374,0.501314616975914,1.00673988213031,17.3145134657099,0.922205550430576,14.1821410831902,0.505355879449532,5.06003236210156,25.8526257528666,0.879871658380518,6.97440450243631,1.23512332382515,0.963227489491959,27.8808078871772,0.88128524861035,36.1410878036847,0.505787053292301,0.939451654250266,25.8011442289841,0.873871289264854,47.0275869219673,19.0280492057124,0.910626624190409,46.9060307100309,0.866756931173733,62.9499325604001,12.5944112218439,0.902911896566584,26.3588839887025,0.852944301245534,3.3549621187969,5.02372567602293,1.11805139282462,13.7111401220204,0.883086156037074,15.9906373056711,0.529628159413334,0.935716809265454,24.171428174126,1.0911378463951,36.3313381666824,20.1705849925957,1.18664523163422,31.1021011936063,0.903593898844743,20.9246510287674,0.513336651848469,0.97709422794917,32.9267559974925,1.48623532177061,10.1286992702084,0.645980369144302,1.0477906136074,26.6107735733042,1.34150961092152,42.5769515034962,1.26219492910536,8.20208389278426,13.6735840043464,0.856853211826211,4.71272136071287,0.514814664719904,11.5377218799567,15.5823955648988,0.85833344276363,25.7205336228137,0.500574541289811,0.905665873629113,15.59886884552,1.03375138232635,17.8792890205528,0.514485425009178,1.10776251959858,35.4670493214909
8.75611589647117,0.508645857612077,12.756524566583,0.504726861270807,0.501913303002931,3.6434674091162,7.56738515323185,3.58461299800856,0.501414183810273,0.506330915376545,1.89494483955354,1.16196650836494,9.65141578635235,0.970441353716548,0.517332890903806,8.30727771197006,0.532943675025125,27.3357781437844,2.30317232483634,0.523337333132822,19.0405164631544,0.549663935848118,11.5540408421344,0.500767394645474,0.59310143521235,6.90285641883038,0.512013955218426,35.0806468179554,1.65581546460014,0.50637969002231,25.2085192408455,1.02151560338834,15.1865569329567,1.11846751022169,1.00888297660983,20.0260913627408,7.45516749590551,8.81138272686673,0.515643950475352,0.902604193555348,2.19177775699693,0.857680704296175,3.84018564375567,1.02866327614557,0.936383331102031,13.6272737441616,2.44434308092476,6.6333251506774,0.50593957122314,0.912309334543398,16.3695226439633,1.14622535674555,1.57809320351355,2.62037882413986,0.916006913443329,10.4781941847376,0.91152211610772,7.94889290279757,0.547087912688634,9.33086938540132,7.62356623181016,2.9371650917641,2.40040040023703,0.516810830542947,0.931614760936614,7.18326763617004,0.8612123657026,17.5388175116957,0.559734260345059,0.90604759225323,28.000845740839,0.877852976947195,1.47148128976045,0.607555562631523,1.04615923380601,1.48091220283859,0.851330372043565,17.5402945084708,0.778232646611515,0.902384704672256,25.9575919264681,0.863705152507757,42.2253777429796,1.09971518776023,0.914105364760609,49.985551488885,4.45166647271817,19.0644634395002,0.930013222764602,3.18897786820131,17.4249535446249,0.920545916616841,17.9066034960685,0.808395928955428,0.987235645377706,33.4914796072191,0.867544766170245,80.6679104760356,0.902695969496085,6.98753771590836,3.81575872799678,0.90145538957688,43.5110290438754,14.5711656912591,4.46202549172354,39.6539761748653,1.10390697570257,1.85960056041537,0.964943047925053,1.06035809221456,1.79878467838572,0.981381375911469,9.3261132975651,5.53928992835111,1.04564442945881,25.8509248420334,0.898603031262819,27.1175889593988,0.504791858027069,0.968845041353068,18.9721054342224,0.880177974673715,14.1948897816194,0.50201417546082,4.99554310744294,26.6406850772804,0.951705647447909,6.97784310628349,1.2328271819299,1.11224168289579,28.206772383757,0.851420200793906,36.0684443721808,0.500268970429653,0.901804647581552,25.8767934881266,0.987642497812159,46.7425643710979,20.0021691545305,0.961893964763057,46.589244768328,0.912846066777514,62.5740175669925,13.2169993645456,0.91142655544373,26.1926409817703,0.856928198430412,3.3118329223482,4.95671358300124,1.25364657592839,13.7621620332881,0.92560973827823,15.9925151878767,0.535347927585815,0.983216259334519,24.7511097298976,0.953811071351334,36.3153850369389,20.1167689258447,1.02341683753856,31.0655949697375,0.954121236988823,20.9379934096684,0.524859247195263,1.05183145346969,33.8454497881589,1.46088038146354,10.1765301593221,0.652585617475231,0.92986994997837,27.2241200099382,1.186727863328,43.0712015370954,1.3703554509971,8.15213130846564,14.7654596545988,0.858576232638996,4.8369748526242,0.5198069460641,11.4352675381006,16.4883443868001,0.929444650994879,26.2851722043024,0.50378172108805,0.955061005082986,17.236749133446,0.943755425114324,17.8864866299997,0.507187918712424,1.00641148045276,35.9186328296818
7.50148029342242,0.519148463545293,13.1508085334879,0.509925523568051,0.504108540455058,3.64949314612168,7.50026590609232,4.03939282247456,0.505456801295753,0.513255272271669,2.07432047521595,1.1566757866797,9.64955468499511,0.952151637117794,0.501117421709774,7.8747280124762,0.537123853727354,26.5144717357448,2.28578885942303,0.526454054991159,17.2604298624751,0.504796771503362,11.8520831204005,0.499992583676512,0.509683140671559,6.81113287763408,0.530373872933313,33.4923878894996,1.61079834066018,0.514838979204033,21.7200664383387,0.884564801237874,15.3453504688507,1.21198542234791,0.925991404621606,20.8716558168205,7.28609916019286,9.66384903697734,0.530999887967763,0.901489177881785,2.38051071507741,0.851735736182006,4.07726185756283,0.951513291957309,0.907770412366813,13.9682043204433,2.47683061612865,7.65985324377537,0.514800708600587,0.939290881167729,18.2983229369816,1.15404775463639,1.5772647476533,2.47720760414512,0.920886874861512,10.6399677816154,0.869849009650626,8.64084949994502,0.51381062738321,9.35067388387104,8.1054703954448,2.95134199773366,2.65543749175418,0.528219209217668,0.954817631542661,7.57099133038644,0.859799282339606,18.0988724581363,0.584520873303342,0.905363144379974,29.1082098983138,1.04477886606365,4.29713194780623,1.2521502560968,1.92210963573523,4.36308590547155,0.881386060088176,17.5253017578607,0.809823233819809,0.957701538900254,26.8576753397517,0.850386632494965,42.4404114486206,1.15869057919358,0.900423232860846,50.0127459069856,4.28720235294871,20.0837142265319,0.987676018057948,3.1651044006036,18.1931071328608,0.989312506912262,18.0324920073847,0.855003281409817,1.07400160099328,34.1957481874669,1.00633610264726,80.717115061454,0.916670572128319,7.02034196153546,3.82991696169251,0.973878950100481,43.194365104273,15.2040245320005,4.42428590779871,39.3736419043817,0.996335068886661,1.49542389273219,0.76796449947664,0.992419969957914,1.46037252453345,0.895938516010231,9.3180451623119,5.65272712864942,0.951074759546664,26.157230105673,0.871167287982289,27.7698940481548,0.510455212193085,0.929916837923649,20.708864201217,0.929022733802079,14.2063305659294,0.503436118573034,4.93008957553305,27.4333107259775,0.899167959249433,6.98079857522742,1.23129569687084,0.992081287065497,28.5335999864203,0.896607420424331,35.9382786038595,0.509197945920027,0.959648315506062,25.8320117615979,0.915114304948479,46.3658045135134,21.0005478410694,0.92951974542437,46.2522385799023,0.870071312813767,62.1943507472295,13.826060259692,0.903762314297387,26.0213829944644,0.862822135405959,3.27940820969332,4.89622642381959,1.42775010036816,13.8642932739275,0.860776282258767,15.9939393264499,0.541648650469862,0.911949604761571,25.3379730236755,1.0657620372312,36.3024920101516,20.0637726389334,1.15656728935722,31.0324345861356,0.85495106966724,20.9498220174802,0.501162696327304,0.907258243874576,34.7529026728822,1.43660567934649,10.2219724511647,0.660238547935563,1.05973050342215,27.8407459857473,1.04819297121272,43.4640773359562,1.49012152700875,8.09317849304112,15.8919826109199,0.860445841752379,4.96070840970421,0.525634561501818,11.3275151744058,17.4304487659964,0.9011445073603,26.7846986104736,0.501705041448975,0.936049846211367,18.9728916776105,0.853733355202044,17.8931623897108,0.500276085964626,0.904262027511255,36.3626248102136
6.40629933671051,0.523469670552743,13.654897854633,0.511429197366003,0.50528169347406,3.73607528320485,7.42214047582944,4.56982585180712,0.512570428948689,0.519787429792672,2.28452817510381,1.15112231039044,9.70266165921972,0.936099212685935,0.5031134662594,7.5760452907876,0.541254241214208,25.8570585582688,2.26226399029558,0.529389725633953,15.7872231342576,0.540785309622914,12.1982682258229,0.50221610078669,0.586870201977892,6.80651741903174,0.526871874253633,32.2451178100327,1.56157681168383,0.512045953864779,18.9146225121531,0.862953493718644,15.4879896716044,1.31757454425338,0.908325490958909,21.7499168760747,7.10206741999027,10.5767853389228,0.552597458752886,0.90923387996985,2.59477807145524,0.860237747888208,4.34575817722356,0.885298353691915,0.941278275803869,14.4090183855386,2.49701102233139,8.82817259147409,0.502295364983208,0.907691815378545,20.405252091524,1.16185793920921,1.58865659451936,2.34990381107354,0.902834156047201,10.8797027356128,0.919761374994964,9.39165292994686,0.534466638587672,9.36338184814173,8.61854779047245,2.96155313606375,2.95475681311033,0.539259835811648,0.978909794974503,8.03401438732096,0.893282475600447,18.65075443098,0.614669278480814,0.924088732056781,30.2238386059259,1.01155856430104,3.73479295423981,1.12386804283174,1.74778478516295,3.78949813112994,0.911393608929064,17.50430830233,0.843832816578293,1.01577051432878,27.7594273809358,0.849995913170499,42.6219443219342,1.22088779423263,0.900151265814167,50.0225686096014,4.12036678939431,21.1061864695197,1.05192299254293,3.13915541774801,18.9409671735816,0.909759309048069,18.1415075248766,0.906344266025272,0.974913376520542,34.8925296953507,1.14527176967129,80.7596309912123,0.931007460424385,7.05141242478759,3.8442712667166,0.854200012269777,42.8730381637067,15.8340054156532,4.38693085607385,39.0882739846127,0.888763129983723,1.13124439054644,0.570985044838828,0.924481572008701,1.12195781944381,1.05249206775843,9.30809949709669,5.76927900709619,1.12762119838318,26.4548679687933,0.953366492268611,28.3515951413857,0.518345791069715,1.04619542505316,22.5106566361152,0.886618261938805,14.2165951895826,0.501324097005095,4.86377445334646,28.2293684200017,0.863708754988137,6.98370637356548,1.23027163640725,0.92847070360548,28.8508116034782,0.858678578213289,35.7529946454569,0.501777512863773,0.911177197633427,25.6637462933397,1.13084331526743,45.897586700011,22.0178729086536,1.02928202980601,45.8970094327623,0.915862576681845,61.8134620208465,14.4176556072332,0.912841798339338,25.8464429653649,0.870854492898387,3.25689601379744,4.84134140852122,1.64345536215523,14.0164621071796,0.903312058071024,15.9949594957925,0.548553452177913,0.960256727788146,25.9317701770496,0.92872103817386,36.2924283868462,20.0117967414112,0.993614965431404,31.0024561110841,0.905484477793243,20.960307073885,0.512483646036607,0.982416460512284,35.6473652807114,1.41253150746974,10.2649927932086,0.668653240699258,0.927277173085747,28.4471407696712,0.924612669201126,43.8136174566101,1.62350589697109,8.02817710299452,17.0690193204425,0.862464548867776,5.08372711757296,0.532346010588432,11.2145404431899,18.4081979181778,0.872080478448079,27.2227455680407,0.500430518492143,0.915864297445609,20.7946858205503,0.941665459643651,17.8965823531165,0.507116290916329,1.00359751964024,36.8091307378092
5.45321488269372,0.502496510567574,14.2587546500403,0.501105008062753,0.500690063380938,3.89777345455094,7.33140602941804,5.18828915679002,0.523328884464772,0.503938352734221,2.53141299116572,1.14458159693096,9.80522141427719,0.922513004718445,0.512955530179415,7.39370674736244,0.545425996878802,25.3735846132898,2.23644119259932,0.532178224318664,14.6234004364427,0.598230680407773,12.5881573547285,0.508404247396438,0.715730137774058,6.87599491183599,0.533629655098888,31.3761598349279,1.51387329192049,0.513759124483792,16.782157398629,0.896551592328841,15.6023641797757,1.43622587734987,0.930523581897116,22.6479221229226,6.9033032996646,11.5460370176347,0.581492516932903,0.900369580482247,2.83802963876595,0.853883916301637,4.64494478390038,0.828570949278886,0.914147797493136,14.9457772488457,2.50318164129258,10.1472023275503,0.506892075707333,0.936692278375048,22.6825530460497,1.16939880679669,1.61131539463806,2.23617799964383,0.903838345862713,11.1934621822649,0.872441237375708,10.2052558685342,0.509677628248646,9.36922600420714,9.1642169578872,2.96729812850059,3.30433824118298,0.502758117230374,0.905685038787743,8.57463199393757,0.873388265009891,19.1915143968596,0.650838380750544,0.913187137646473,31.3448585913355,0.978338262319474,3.17245395578362,0.995585830931495,1.57345993770052,3.21591035944021,0.863458047205573,17.4773302759441,0.880408265451969,0.925623926753004,28.6608135552816,0.856943719515051,42.7735001187745,1.28640862575472,0.90453706406778,50.0179777370254,3.95195264138615,22.1276822986315,1.12349196317816,3.11143434087058,19.6658274879487,0.979002531501333,18.2329686225739,0.962778971810532,1.06357318292187,35.5807000235427,0.869867965733865,80.7960005689014,0.945703885622258,7.08079658836572,3.85880796459348,0.926579624347743,42.5481728535647,16.4584006272238,4.34999767738895,38.7989166210551,1.08237983598838,1.78672674482331,0.925525695944783,1.04676365941697,1.73106642357576,0.96671241349581,9.29628747019501,5.88887944133379,1.03156308407787,26.7435315183988,0.925467625583039,28.86555311119,0.52852104800868,1.00702260351775,24.3605963379562,0.935931879575643,14.2258035205774,0.501144281360297,4.79670138027603,29.0276949334865,0.854936459458069,6.98623247295658,1.2298339475973,0.910666516755507,29.1615094248027,0.882238445726031,35.5165996213894,0.506931311464203,0.941727605581898,25.3742677666831,0.871841232964015,45.3393378094722,23.0480545706345,0.910114740267544,45.5256352243999,0.873324531483876,61.4338205581184,14.9882411930533,0.904669687498611,25.6691234015642,0.881285926047894,3.24359197443609,4.79112034710001,1.90381075537181,14.2180049769766,0.945875308137801,15.9956145713571,0.556087532244519,1.01046814536029,26.5322338950396,1.0405459658767,36.2849736196078,19.9610152050174,1.1266163250137,30.9754986409597,0.956060435353373,20.969600212091,0.522850337717615,1.05955984595398,36.5271955790794,1.38863007914496,10.3053478189327,0.677809361145857,0.910593053657113,29.0406234767432,0.851624074322885,44.1038518744516,1.77154202398034,7.95576251236048,18.2826000707699,0.875446510161072,5.20581879233088,0.539990570201416,11.0963406954908,19.420821020652,0.945989607479305,27.6034163910768,0.500039047289592,0.971086565935751,22.6859846028419,0.852542597747953,17.9013641594683,0.500905371053294,0.902938522602088,37.2398911424118
4.62418757382541,0.500001289286392,14.9537882097334,0.500011804532949,0.502742378972268,4.1336429826972,7.22628666533159,5.90855244753213,0.538486174471056,0.510314326618262,2.82206579672876,1.1364296488232,9.95148734703318,0.911513932546842,0.501111224114471,7.31369129799479,0.504163478463203,25.0613750955434,2.21145713171039,0.502925449713505,13.7480365366635,0.671527329871618,13.0167125621953,0.518664227351764,0.882408130890747,7.00871252078372,0.528103004355781,30.8790909596562,1.4713089725267,0.510539771619928,15.2392022542714,0.868242163996411,15.6854486410835,1.56934078273591,0.912159411663378,23.5628156687598,6.69034194353336,12.5650365779204,0.619047649383054,0.953135685778401,3.11410589051488,0.863215337824983,4.97373401070892,0.780106906062083,0.938832185180646,15.5756865551472,2.49379272759464,11.6227924880273,0.500248602104814,0.902326136380805,25.1156636400105,1.17636883498493,1.6445804986974,2.13391419839044,0.900597970505252,11.578447459513,0.929497718528375,11.0857333809825,0.519950767611257,9.36843437827232,9.74395911596945,2.96802992683422,3.71088441747773,0.514389055685974,0.93067944799704,9.19540270728358,0.852777282062101,19.7179959164968,0.693813853717653,0.901585999479045,32.468275523277,0.945117960092663,2.61011493971812,0.867303618112327,1.39913509119486,2.64232257444582,0.893404400374214,17.4443364611777,0.919703110057589,0.984775990939037,29.5597389179134,0.878242699469395,42.8979058033723,1.35533429351766,0.922744389383795,50.0022641516364,3.78274295358434,23.1443511449337,1.20320620227963,3.08223649803141,20.3657905076172,0.898556206476554,18.3061764048328,1.02468307595537,0.961825752672257,36.2591392695905,1.00880785427727,80.8267174794546,0.960757479047205,7.10854235212104,3.87351346775257,0.998825808934064,42.2209299548676,17.0745321793143,4.31353377872265,38.5066326804567,0.974807872111045,1.42254420992291,0.728545282859552,0.978824823633505,1.39264882469758,0.880766944851104,9.28262211430296,6.01144992316406,0.93477643120005,27.022938315174,0.89680393934138,29.3153068336858,0.541052023908934,0.966655366220269,26.2394816007164,0.8931602880618,14.2340625910638,0.500264700471932,4.72897203260321,29.8271183893597,0.874189234316355,6.98808431773595,1.22998309018797,0.952604313990917,29.4666537676814,0.862909911788698,35.2343484953073,0.502895169585135,0.916765315496805,24.9751894505231,0.901080572991484,44.6936602213041,24.0842782015052,0.923970993288352,45.1403002188416,0.918770709971197,61.0577964337649,15.5347205066136,0.914245097287604,25.4906812866297,0.894412444094557,3.23887588860347,4.74460274484368,2.21178856144876,14.4687025654754,0.880993963186556,15.9959381565389,0.564278443834354,0.93597003406798,27.1390784442003,0.903741349414116,36.2799162619469,19.9115775591346,0.963915166583466,30.9514035604982,0.85677728850851,20.9778359770017,0.501434934598907,0.910246568287022,37.3908664311038,1.36517800328376,10.3427707625467,0.687807856931115,0.909900342459407,29.6230567154411,0.874713205795073,44.3387008019841,1.93536332670989,7.87496996585157,19.526154285929,0.858009499761749,5.32655163323357,0.548602728309044,10.9726587251971,20.4664250190946,0.912746327520167,27.929304370182,0.50024134781255,0.948367203576095,24.6270549633415,0.859132464322517,17.9060521953907,0.500568975484534,0.910635629660035,37.6575160573379
3.90086054148708,0.532103884558126,15.7312567786255,0.520263916246495,0.500110880274081,4.44632252888717,7.104857497004,6.74547715582149,0.559040320996653,0.516165304369556,3.16505789721356,1.12614049251393,10.1356690696554,0.903149729533216,0.502112837412074,7.32526186836101,0.508865631067736,24.9091951361115,2.18970298107203,0.506148894080684,13.1304315671241,0.531851126662244,13.4789860033539,0.53273083713203,0.571112358188499,7.19618809157228,0.522980825619672,30.7221043332225,1.43576848208173,0.507940192613264,14.1839476752608,0.936369237252374,15.7352545996475,1.71847200223836,0.959020956202842,24.4927624631264,6.46409284313648,13.624638986701,0.66702323993522,0.938671508252384,3.42727103318902,0.856371217747252,5.33057764668928,0.738862160924035,0.914678735150332,16.2967955641345,2.46757341445335,13.2564818389804,0.499899119724248,0.933603930377558,27.6825918109166,1.18241324296612,1.68804020657149,2.04112218533985,0.921786812081843,12.0329856165096,0.875486252230116,12.0372410510043,0.504972526612305,9.36123160932228,10.3593523891193,2.96321377188064,4.18140970792794,0.526388634299097,0.95650286357793,9.89903532214784,0.925062458488408,20.2267933385076,0.74453943576645,0.943687783157508,33.5909747756617,0.911897657594329,2.04777589332378,0.739021402090518,1.22481024349287,2.06873476019024,0.922757077107028,17.4051121271195,0.961889254136025,1.04511510586659,30.4548410681151,0.913048781900667,42.9975712828252,1.42774936570609,0.954119714807237,49.9785920494402,3.61349625468583,24.1527580857572,1.29198327302064,3.05184173823609,21.0397525735258,0.968121372077676,18.360410008903,1.09244969121649,1.05235397923175,36.9267114786033,1.14781566401937,80.8522292077865,0.976166250779558,7.13469799966867,3.88837434746145,0.879324114480852,41.8924867320835,17.6798013766494,4.27759420952452,38.2124887332412,0.867235914114705,1.05836134142461,0.531564766783094,0.910885808136291,1.0542307764337,1.03812194989101,9.26711869143478,6.13690047940451,1.11480794513381,27.2928264330992,0.867494640202193,29.7047469007897,0.55602119891387,0.925052359327129,28.1263772901835,0.850208351342418,14.2414696875749,0.50000035202563,4.66068889051603,30.6264519107651,0.851220704024108,6.98911049333647,1.23069071904175,0.902665435629177,29.7655857958031,0.878889984191766,34.9138558286163,0.506794938000105,0.937631796682492,24.4809442461397,0.930056783957435,43.9643384164599,25.1190884927661,0.938109299175246,44.743315890013,0.876510358782079,60.6876223577793,16.0545224939456,0.905616819057061,25.3123124079899,0.910571078904628,3.24220941960994,4.7007946456586,2.57024833230398,14.7687923924754,0.92356848084398,15.9959560886522,0.573155616908473,0.987026818444912,27.7520017885075,1.17393254050709,36.2770544047922,19.8636102741757,1.28523899826433,30.9300153117822,0.896670365866993,20.9822366646462,0.510840933313689,0.964505619326842,38.2449122370253,1.34214932586472,10.3770124076774,0.698636081184065,0.924825320708798,30.1926539558214,0.866582961551302,44.5220388406545,2.11625644606218,7.78604748038675,20.7912754206816,0.850127108068076,5.44555621333426,0.558257397689906,10.8442841982087,21.5419872083022,0.85120543276659,28.2050086670422,0.502361373505041,0.900929490187099,26.5937226458371,0.876967727482448,17.9093061167687,0.501572149199924,0.931646771073263,38.0639439814159
3.26339536317884,0.638933007519938,16.5782696916253,0.581639655766634,0.507468791288631,4.84158845036823,6.96509828315954,7.71439504434765,0.586323287668841,0.501787530787201,3.5706888574973,1.1133031810927,10.3520510066097,0.897431369915692,0.500872367431016,7.42055981393806,0.513577211088975,24.9007897360094,2.17291437421603,0.509272095125604,12.7386501177927,0.575549719682252,13.9713299241324,0.549687553997778,0.664711141029033,7.43355972635294,0.542831930245471,30.8617976145177,1.40796937312248,0.513679662173612,13.5238017286076,0.907887192287759,15.7497601413116,1.88525398283545,0.940284976549865,25.435688075711,6.22584157151429,14.7130765001313,0.72767760954672,0.924332528381984,3.78219589563152,0.866435022236449,5.7133931484175,0.703935926989343,0.918750202280898,17.1077522756592,2.42378560717937,15.044095193862,0.503796374208569,0.9147842267897,30.3548754488635,1.18713013292072,1.74150660381911,1.95587364697724,0.979631643850708,12.5567895635519,0.938096533467087,13.0631842396088,0.50349837708797,9.346883386444,11.0120180731042,2.95187455093246,4.72538180012266,0.501914753731736,0.904596266182087,10.6874894018713,0.904378958731564,20.7142307349082,0.804134613593196,0.932061880827121,34.7097379258546,0.878677354798192,1.48543680388106,0.61073918058234,1.05048539244145,1.49514690071692,0.871961382817532,17.3582937621141,1.00717170776248,0.939416683114147,31.3462594581646,0.960372940953883,43.0746770058192,1.50374652521973,0.997797496582996,49.9495313779689,3.44493397432528,25.1499212000093,1.39084404938947,3.02050801577825,21.6873467220317,0.887024417058907,18.3949130249767,1.1664757633735,0.947978542247476,37.5822140200876,0.872186381603568,80.8729502272992,0.991928500565434,7.15931178852736,3.90337748330526,0.951465063816331,41.5640316281524,18.2717200992671,4.24224046821881,37.9175549161865,1.06085229856254,1.71382755544364,0.886099652139158,1.03316839456279,1.66332840972363,0.951850464831801,9.24979475769526,6.26512849531522,1.01659886053641,27.5529576780068,0.953066828529242,30.0378632177164,0.573519016692957,1.04904805906113,29.9993356357694,0.899800865025292,14.2481031715002,0.500348853845497,4.59194984360917,31.4244946147386,0.85302368793026,6.98917655678908,1.23192498102686,0.90663817503627,30.0573833229176,0.859501251500958,34.5645670417344,0.502321236881525,0.912399135946975,23.9103421215923,0.958652098814653,43.1563141437815,26.1445207094762,0.952515159882221,44.3371340017826,0.972880196100383,60.3253651547486,16.5456041501098,0.926922744776394,25.1351394909176,0.930145735688439,3.25313392415844,4.65865055131308,2.98189888807424,15.118979973179,0.858655479582228,15.9956913168725,0.582750947449465,0.910312071997835,28.3706844135531,1.03731932375991,36.2761951628097,19.8172187944891,1.12276381150432,30.9111811792559,0.854492637359827,20.9870716986234,0.500888211289821,0.906931636812095,39.0695285856653,1.31924845203681,10.4078258684011,0.710170685457385,0.913763417935596,30.747251044801,0.851540623160305,44.6602052690388,2.31569007096945,7.68991933901613,22.0696450735289,0.850595042828066,5.56222106424089,0.568983674242369,10.7108685378471,22.6438877599403,0.861402075686609,28.4364593633342,0.506387865940638,0.909060005286359,28.5632503457035,0.890334148080748,17.9107758852651,0.502207001190736,0.947678765384968,38.4579352886815
2.69156562505339,0.839593716525694,17.4789209825841,0.699397879318129,0.528871926271679,5.32889370636654,6.80498459309072,8.83005261253633,0.622127410101248,0.507429385504156,4.0512267292369,1.09762599667004,10.5950631621758,0.894357261506669,0.516363694251219,7.5945330359168,0.51835673130584,25.01742746772,2.16230844118502,0.51232571452045,12.5438216407768,0.543548425913246,14.4934479442159,0.567595047299726,0.570510641633316,7.72242775247043,0.563467425473258,31.251256120927,1.38795301910827,0.518979634704558,13.1843896628991,0.879255144880588,15.7269252140439,2.07138586863122,0.920749146397078,26.3892624341836,5.97725414552251,15.8159461353462,0.803922256824231,0.910093130463648,4.18395250462127,0.859074417255152,6.1195295102925,0.674538659256347,0.900811612901601,18.0076115639433,2.36176357718371,16.9730132307408,0.518748823992015,0.900324915277675,33.092967849517,1.19006568234634,1.80500857150551,1.87624316309648,1.08562467369069,13.1507829188171,0.872072287079477,14.1684382723435,0.499954460501417,9.32631499302849,11.7037504843953,2.93411439571373,5.34725357084014,0.506854248055885,0.917391473231397,11.5622225256407,0.883022403071269,21.1763353595013,0.873915105183805,0.919725061936089,35.8212581079516,1.04560326533986,4.31109045707516,1.25533420427772,1.92643606868479,4.37732424334388,0.852092946616107,17.3041131088181,1.05550246219949,0.904290372777997,32.219715022156,1.01917095510195,43.1311775038339,1.58342220864477,1.05284290855224,49.9171560337537,3.27773046656979,26.1333167620945,1.500921559339,2.98846615901759,22.3088501422403,0.950210656380603,18.4075027141009,1.24721176990958,1.02906218270732,38.2307020752629,1.0111860519103,80.8892646235719,1.008042876625,7.18243206343399,3.91851036769518,1.02334068599601,41.2367465739622,18.8479542478817,4.20753830452534,37.6228911395833,0.953280380339775,1.34964586187871,0.68911960050564,0.965229100687633,1.32491080746551,0.865419004407491,9.23067030463255,6.39601725210033,0.91769710422475,27.8031212154893,0.923459123211496,30.318665528205,0.593640777399993,1.00704791271693,31.8363402942152,0.856492526351187,14.2540344868776,0.501306938765703,4.52285296379706,32.2200476450105,0.870076934274399,6.98814085405196,1.2336505135028,0.944351805399882,30.3410496322108,0.875865378140268,34.1973814431197,0.506554514798462,0.933814355141914,23.2853498956798,0.986749779204673,42.2756129870349,27.1522611752804,0.967169316648686,43.9243443394137,0.981862165562764,59.9728799485388,17.0065133779996,0.92955660368931,24.9601923476198,0.953573550536726,3.27126932055035,4.6170520785675,3.4492597484388,15.5204729294679,0.901241926619359,15.9951622269251,0.593098689348932,0.96221884650156,28.9947910207314,0.900786267849094,36.2771554194779,19.7724920737588,0.960392185254318,30.8947524051399,0.861212580292154,20.9894007402682,0.502140974394747,0.917454867365566,39.8675260220592,1.29644442452949,10.4349797033906,0.722388418591531,0.916250793168221,31.2849224215219,0.905581371652173,44.7585692341368,2.53514439707007,7.58746673823691,23.352392709958,0.851561598647562,5.67595803749941,0.58082257136904,10.5724982789083,23.7677383390546,0.881117471534613,28.6268808391998,0.512290883443882,0.925444094181429,30.5116459389176,0.851965856567182,17.9101381244843,0.500102406178314,0.902336203872565,38.8381843697342
2.16499936871865,1.15385906916003,18.4144931771448,0.891946873882321,0.568702245366637,5.92174256825985,6.62266085782459,10.1009402298954,0.668848285532381,0.512162395605915,4.61934955367511,1.07892587173573,10.859308305731,0.893923140999073,0.55061242454607,7.84496327376901,0.536867605678791,25.239542674907,2.15872041719809,0.52430535108083,12.5217130983389,0.507396080814017,15.0504053069835,0.585191789379188,0.505287374204255,8.07424997428915,0.585272925249501,31.8441856398242,1.37543112182838,0.524237522021221,13.1098318345916,0.850531849301613,15.6647211941116,2.27860233026266,0.900384059861398,27.3508815169734,5.72033688413808,16.916487957002,0.899490982859559,1.01063919166713,4.63795656338402,0.85138397026289,6.54577734124426,0.649960959975029,0.910767623073669,18.9958092727548,2.28149143241503,19.02166740167,0.546309495052478,0.909574241137969,35.8542769152088,1.19069541208431,1.8788012577422,1.80026420272331,1.25343048144725,13.8171997875849,0.853171219094394,15.358138387235,0.502573976976496,9.30116468219613,12.4364627962355,2.90773319447332,6.06429583099921,0.508468461160162,0.923268591773334,12.5243760555618,0.861028383377007,21.6088042574178,0.955415602142691,0.906674618335513,36.9221507126952,1.0123829614037,3.74875123425269,1.12705197296825,1.75211121133712,3.80373622604079,0.850961064350615,17.2409889975763,1.1070423024215,0.90201496786245,33.0746179187261,1.08836632031273,43.1687872749113,1.66687583600868,1.11826225168972,49.8830411509844,3.11250588683875,27.1008537509528,1.62346913871427,2.95591594439506,22.9050653895622,0.883720240314435,18.3980595667929,1.33494389380795,0.944247565491237,38.8607037022664,1.15021497016628,80.9015229528331,1.02450831093455,7.20410701853009,3.93376076877404,0.90423940639276,40.9117948095578,19.4063495337429,4.17355615288219,37.3295379226111,1.14689667291463,2.00510974603164,1.04365280966344,1.08751229954907,1.93400972695584,1.00704972298555,9.20812608762946,6.52970429832733,1.07626036265879,28.0529581402775,0.893420751891742,30.5508414152732,0.616480527729398,0.963795377676441,33.6158873776855,0.906547424608648,14.2593218606713,0.502872341180997,4.45349347477677,33.011911595812,0.862355306708923,6.98586305660105,1.23583021636275,0.927426023415769,30.6155731005898,0.858630680409074,33.8240801319895,0.502241504792215,0.91129985560754,22.6295425147136,1.0142401356857,41.3292250029419,28.1338270069648,0.982046690462877,43.507655700706,0.853619259234299,59.6318264973044,17.4362836676862,0.900820631243956,24.78841499755,0.981352172190859,3.29631570371778,4.5747854272489,3.97462216014469,15.9750209888835,0.94385822658145,15.9943834841135,0.604235508090803,1.01612638496753,29.6239698528505,1.17061644326628,36.2797601993026,19.7294983084081,1.28118063180445,30.8805828411797,0.864207020803627,20.9880722613561,0.502626494097707,0.92232379953266,40.6363679164844,1.27375334923889,10.4582352003847,0.735283605083021,0.919737531913203,31.8034921778727,0.876165872634274,44.8216861124903,2.77607504960342,7.47953918330712,24.6302902306363,0.854344314990326,5.78613819226435,0.593814070825754,10.4293627916677,24.9083058226674,0.862493118237698,28.7792850337948,0.520039333773047,0.910470778855449,32.4136225935385,0.865328644489685,17.9070761404683,0.500752446796165,0.918344698077945,39.2033450733799
1.66297964264587,1.60061023118095,19.3633368830004,1.18068412881768,0.631694132039479,6.63865594147884,6.41713805188668,11.5020850875156,0.729385876980396,0.503271242642405,5.27644771435923,1.05712695466989,11.1395994510822,0.896135028719424,0.605500329115811,8.17154191826026,0.555831678843462,25.5476970908534,2.16271520044054,0.536150238884974,12.6528270212256,0.52973537473644,15.643648941193,0.606832665243491,0.520925251977794,8.49541081797287,0.505089314205725,32.596542400786,1.3699914520198,0.501407812591603,13.2593540969199,0.918896871778217,15.5611864184623,2.50861945317221,0.951340702045569,28.3176588462815,5.45738328625431,17.9959198004037,1.01917267538891,0.960054905943107,5.14988755300056,0.861450788208931,6.9884404426911,0.629528813645992,0.965071258124502,20.072907576065,2.18411087591289,21.1591997198378,0.58894799459996,0.911854277860158,38.5907504444911,1.18841141553849,1.96339451773898,1.72586258536467,1.49897997022593,14.5599755827397,0.858631249613549,16.6345021592133,0.512064404242093,9.27043452879996,13.2120218632038,2.8727056286038,6.88230981991736,0.525465402489942,0.978019169139091,13.5735862756709,0.992463038675988,22.0069655358588,1.05041468064353,0.98821748215865,38.0089588904655,0.979162656884838,3.18641192618466,0.998769732872168,1.57778634721791,3.23014810700847,0.854471099813766,17.167919335216,1.16185322377617,0.909573594071821,33.9066497050088,1.16682524579359,43.1889964286684,1.75420867912865,1.19297776098439,49.8483147065526,2.94982191538825,28.0508208073352,1.75986723321929,2.9230234994741,23.4771840095586,0.851452155016697,18.3658067394263,1.42995830073061,0.901935855085365,39.4655638912361,0.874486599483279,80.9100419219535,1.04132391071814,7.22438407201661,3.94911634813475,0.975960214093895,40.5903088418196,19.9449698949687,4.14036335238345,37.0385092962175,1.0393248210131,1.64093097694382,0.846673853701489,1.01957280165313,1.59559387384748,0.909484708183019,9.18403856707448,6.66554859467835,0.960648086875804,28.2870671392138,0.863040900826767,30.7376015329089,0.642125341938357,0.919325123594636,35.3176199881923,0.862886605670676,14.2640122970369,0.505042282436151,4.38396400771461,33.7988928720515,0.854634861430267,6.98220228822172,1.23842487050324,0.910337909573445,30.8799185611354,0.89871625434163,33.4566231590633,0.512841605775655,0.96397558884806,21.966423803397,1.04102733279723,40.324950210419,29.0807618929591,0.99711525260227,43.0898661801508,0.86304925150638,59.3036356132657,17.8344544156187,0.903013885807592,24.6206503454128,1.01404807681738,3.32805782884611,4.5305114310386,4.56000974041476,16.484986807125,0.87889556136692,15.9933673868936,0.616200985880335,0.936003226656825,30.2578535141169,1.03421572510844,36.2838432703491,19.6882899088931,1.1189978666278,30.8685298916103,0.86719813085317,20.9823851438979,0.503083998459909,0.927271987671721,41.3725300212967,1.25119620630402,10.4773486196046,0.748846419367965,0.901083181712264,32.3007627601423,0.931284259635004,44.8533336053379,3.03986445137227,7.36695771037948,25.8939081333465,0.855147927559276,5.89207562317551,0.607993672398623,10.2817229132616,26.0594110904625,0.876685073837741,28.8961067414799,0.529594223964761,0.922973982205201,34.2446901428267,0.876267553307697,17.901292301221,0.501215116182348,0.931651773546005,39.5520868558608
1.16400954831551,2.19618909396099,20.3013054325286,1.58969211709358,0.722498776423697,7.50477597101544,6.18900117990785,12.9922697692538,0.807469029351828,0.505263892961837,6.02011746189131,1.03225064594584,11.4309979741589,0.901016624919953,0.682731459949485,8.57559778557112,0.575387261987265,25.9231516238878,2.17467383199069,0.547993175795226,12.9218318158742,0.535177060260082,16.2688421748986,0.633410218329154,0.524520920168622,8.98496999245895,0.526662988065912,33.4673315820352,1.37121669430532,0.507205536464428,13.6038960223779,0.890111835531389,15.4144858138673,2.76307288234771,0.930541039418964,29.28646093121,5.19091419821041,19.0338236488887,1.16908535861138,0.909447548965408,5.72557507692335,0.853575539212425,7.44347110247892,0.612576124983816,1.07660262013332,21.240938362116,2.07173538067141,23.3455395588295,0.65025851430911,0.914641269632846,41.2515564121593,1.18250306427519,2.05960565430427,1.65077679754033,1.84053539418019,15.3852080165814,0.85308848531373,17.9993435447668,0.529284761734605,9.23396908288724,14.0322676904818,2.82829510915307,7.81073643026483,0.501238734914736,0.904141559049648,14.7078315860696,0.869799887738626,22.365739226287,1.16095673197168,0.912352804455222,39.0781577042262,0.945942351728205,2.62407251958761,0.870487482201567,1.40346147459815,2.65655986908366,0.8607687939774,17.083990205039,1.2199548266045,0.923572724241954,34.7108362359713,1.25332836779825,43.1930974277671,1.8455224866837,1.27580232538532,49.8137197493321,2.79018023051443,28.9818138485702,1.91162767330917,2.88992006999085,24.0266479811643,0.853719279312656,18.3085815435058,1.53252003340678,0.905028808003493,40.0459313111141,1.01351228371179,80.9151061108509,1.05848896735408,7.24331008785167,3.9645647328376,0.857246563646878,40.2733760349825,20.4621103452385,4.10802855107255,36.7507796985279,0.931753002561726,1.27675374553197,0.649695501604417,0.951633220609966,1.25717889538982,0.851239231277074,9.15849684956395,6.80327255939414,0.901446211226092,28.5034850161812,0.950317986674368,30.8816350687758,0.670648918930209,1.05055841995624,36.9229015843008,0.910412795282412,14.2672003463336,0.507753702122938,4.31375099716908,34.5792513080642,0.878432396486188,6.97701596754398,1.24139188428706,0.963828489492809,31.1330145415999,0.881529671657678,33.1064247616443,0.508314750820791,0.941546123830497,21.3178755108447,1.05081831860139,39.2689137656852,29.9831303648769,1.00780533649383,42.6761607007554,0.872396374339978,58.9894847304612,18.2010756502871,0.905264310875556,24.4576288025553,1.05230593195743,3.36637171352632,4.48273004169377,5.20713807674342,17.0534340161327,0.921526628509052,15.9921224401145,0.62903729908501,0.990788270293701,30.8960583340024,0.897868160455517,36.2892483136649,19.6489111311327,0.956900573466407,30.8584560275099,0.861485544981225,20.9716632542742,0.502003505217763,0.918370220415737,42.0723646984372,1.22879504464527,10.4920674547071,0.763062531639949,0.920619395051384,32.7745013271972,0.90151740295918,44.8566097573979,3.3277543134364,7.25051719505253,27.1338483795272,0.856267603581894,5.99301412886481,0.623389237119342,10.1299023008999,27.2138337809493,0.890933845719986,28.9791541241887,0.540903530209051,0.936162919252849,35.9817590801743,0.887195073864277,17.8925002757255,0.501627909550087,0.94512005575752,39.883083769932
1.09525541540482,1.8687359061439,21.1437749773048,1.63051967113921,0.718751507772206,8.51943880218538,5.94033056107159,14.5413062841873,0.908159848975972,0.505526302332993,6.85583920046714,1.00440152126105,11.728850568175,0.908613665761566,0.783783278730717,9.06012267358795,0.517109214057426,26.3481888195174,2.19485651486854,0.510769012933406,13.316703177624,0.541009309423633,16.9212720000768,0.665596671127611,0.528445991239052,9.54211089625308,0.549563836794652,34.4190053932093,1.37874693266657,0.513292560158159,14.1230234649071,0.867776881425753,15.2216332979996,3.04331322992768,0.913922222982455,30.2536296206955,4.92363320604017,20.0085814282485,1.35701537140724,0.975068621477186,6.37106520147355,0.862395267063787,7.90665855630816,0.598433795700916,1.26039274475126,22.503268239824,1.94725977927388,25.5319120587031,0.735328188374903,0.937709333816942,43.7854658065612,1.17212593469955,2.16864481142341,1.57245664101681,2.29870633774361,16.3018955268464,0.861152272514713,19.45347640545,0.555529035705426,9.19175819393604,14.8989974769329,2.7738225266273,8.85845477425961,0.509580893351544,0.93728857599957,15.9233864966317,0.901979239366014,22.6796163200498,1.2893603293479,0.933006066162165,40.126156471041,0.91272204587875,2.06173300117808,0.742205219168553,1.22913659174883,2.08297149510312,0.861450218193661,16.98830573348,1.28131333951197,0.925600162962358,35.4817765255967,1.34655976501302,43.1822027491291,1.94091780227025,1.36543058374484,49.7796450811517,2.63402307158999,29.8926471202134,2.0803947450738,2.85670187364081,24.5550078737502,0.850679434593391,18.2249568594734,1.64278563086425,0.900930041712858,40.5991535880577,1.15253236125986,80.9169706755908,1.07600294624207,7.26093125481392,3.98009359055803,0.928812661814089,39.9620294893684,20.9563144157113,4.07661832429877,36.4672782840923,1.12536960211299,1.93223696060703,1.00423470914928,1.07391695398521,1.86629425203868,0.851232058318674,9.13081725788961,6.94271900693902,0.901442020493254,28.705291453931,0.919763146824064,30.9850309881396,0.702103410296958,1.00563792990005,38.4151537741954,0.864349570325029,14.2692144445107,0.511063680559988,4.24373093506277,35.3492312174055,0.902199972465343,6.97016049066844,1.24468681402689,1.01793856228079,31.3737715388978,0.939026615543617,32.7836750386377,0.523091758018048,1.01802811666843,20.7029200533942,0.854997216137919,38.1702950139917,30.8336784472619,0.902631365482719,42.2659333617816,0.881659503641844,58.6903002938495,18.5366385778716,0.907560735852204,24.2999683373972,1.09685845447498,3.4112373143415,4.42974394446695,5.91737243396473,17.6842413426146,0.856527985565513,15.9906549985451,0.64278985617269,0.908343822538228,31.5381851227248,1.16747531210967,36.295825864295,19.611385897957,1.27725257741115,30.8502259830984,0.851070377642946,20.9541373331162,0.500751011795276,0.900232114140428,42.7367512632144,1.20657027710878,10.5021268129048,0.777912176795607,0.907090688448453,33.2224281235531,0.871395828555579,44.8340698226092,3.64077547714097,7.13098782402935,28.3409753387754,0.861888799271793,6.08811123843274,0.640017096234085,9.97428799947358,28.3631766859075,0.905197823398099,29.029514021037,0.553895583483397,0.949984307750443,37.6037262301012,0.898105098648012,17.8804208301829,0.502003186904,0.958736823535567,40.195006252897
1.00264420759755,1.33509517706911,22.0158958980713,1.52125877236042,0.673876628726753,9.67866047577166,5.67404897017497,16.1182705763915,1.03824078500851,0.505626174232839,7.79117260475836,0.97375399305555,12.0288232539136,0.918999764737943,0.909860572558116,9.62953275440945,0.580653265045648,26.806250438446,2.22343779307166,0.549990607750245,13.8278528453174,0.547241853878791,17.5957381459517,0.704208677792334,0.53274884930218,10.1659964820881,0.573880685697226,35.4176981137871,1.39230598466542,0.519941607122458,14.8023707729636,0.862695267054542,14.9840841306839,3.35078605737382,0.910145111351159,31.2160904825972,4.65822426168037,20.8977410565508,1.59291234399238,0.913790418554518,7.09164456023364,0.854856105256287,8.37385731923882,0.586404594483064,1.53367191577161,23.8650449388491,1.81423321456048,27.6622919704473,0.851204816765882,0.95191934177142,46.143128142502,1.15625836704818,2.29224682867507,1.4879239950485,2.89640156921179,17.3230112430268,0.870402375216784,20.9962356216834,0.59261618001011,9.14374994145907,15.8138512449284,2.70871341050765,10.0332467312573,0.51508013255459,0.971076922284444,17.2146270342096,0.926768112938542,22.9413602989377,1.43816140397975,0.951487678102325,41.1519852992312,0.879501739281419,1.49939335767261,0.613922941985237,1.05481169694095,1.50938296790361,0.874139735210913,16.8799714335107,1.34582975597171,0.955299171666135,36.2138001491047,1.44510542945438,43.1572609491198,2.04049221657149,1.46043997935828,49.7461501447422,2.4817357632687,30.7822567654914,2.26794109450405,2.82343110318026,25.0637921901675,0.873395672996884,18.1137624727936,1.76078786360207,0.932528530528541,41.12167418609,0.876792697035035,80.9158719061537,1.09386544570153,7.27729299000136,3.99569087098105,0.999954279037117,39.6572349769924,21.4263968436597,4.04619556624253,36.1888784026349,1.01779781558106,1.56806092182834,0.807256922252246,1.00597722563431,1.52787964537716,0.882141111807908,9.10066022337661,7.08354948422937,0.937813232077215,28.8931230625692,0.889026670268559,31.0491868899458,0.736509371842653,0.959625510142673,39.7799593965288,0.850563756864917,14.269668775677,0.514972508871218,4.17409358322765,36.105503456555,0.854516402276373,6.96149023604367,1.24826137762989,0.910231315280375,31.6010654154214,0.895642312782524,32.4968482248346,0.511574715717811,0.9608449124723,20.1370021671947,0.870404875361,37.0398940986342,31.6264420374967,0.91086668029783,41.8551616997136,0.89084057675981,58.4067736372482,18.841984967974,0.909892603096618,24.1481801801648,1.1485366209772,3.4627562585343,4.36961656988957,6.69168425140573,18.382257332743,0.899174467841776,15.9889689728109,0.657507299219636,0.964009036585027,32.1838195711319,1.03121079165488,36.3034345992738,19.5757264767758,1.11530907018665,30.8437084022924,0.860142472857634,20.9333778396866,0.500099856937587,0.937893689921715,43.3530540115276,1.18455434153946,10.5072472398877,0.793366876278616,0.910437083714892,33.6422139038678,0.927458739360408,44.7878283876509,3.97966269742819,7.00911348712994,29.5066397804255,0.850789110000197,6.17642225421467,0.657877579484659,9.81532967761097,29.4977512572512,0.919436909191144,29.0475150146963,0.568472410951808,0.964367700743355,39.0917016132738,0.908991843623916,17.8647813505438,0.502352940324381,0.972490039255446,40.4865200349255
1.00078553193904,0.945418291272186,22.9182451283097,1.42634541844969,0.628364676397083,10.9907490541132,5.39383332392938,17.6872635953553,1.20678518589011,0.505544760654775,8.83312440287025,0.940536699118434,12.3269295311175,0.932281210762494,1.06183535450515,10.2895983485417,0.554697079531881,27.2780708551151,2.26032626146977,0.535829684842734,14.4498486992191,0.581580114588535,18.286472313277,0.750236085869945,0.556788978084992,10.8554467043893,0.5996153910076,36.4334887473988,1.4117113590771,0.527399766524037,15.6317954534403,0.882203090074835,14.6996268145655,3.68625720234699,0.926492571874815,32.1697324977732,4.39765983058049,21.6781978766674,1.88921502866444,0.933849307557398,7.8921298565392,0.860021933798303,8.8412540114628,0.575730735104597,1.91585541080036,25.3340045080141,1.67684888353367,29.6750034103062,1.00746245552781,0.901029606241856,48.2803401712486,1.13363902239529,2.43287272458352,1.39358111354607,3.65868828019765,18.4670303434024,0.880947536798129,22.6248658035387,0.643106145073967,9.08983622245197,16.7781720482268,2.63255207964291,11.3411833505506,0.517328769398707,1.00560152657331,18.5740714358941,0.864065360228996,23.1456435654851,1.61025717132995,0.909280671667327,42.1465135677117,1.21629427587418,7.20049158534133,1.91446954480699,2.82214509241127,7.32452777389533,0.857288470305396,16.7580839244414,1.41332628440432,0.916996311898667,36.900913092893,1.54745052970874,43.1190781868681,2.14433801285377,1.55929272808858,49.7129981562549,2.3336505061493,31.6496039227607,2.47615682919657,2.79013783667728,25.5543916689867,0.905385846425815,17.9739673068098,1.88641051283374,0.97836045758493,41.6097872410122,1.01579729288558,80.9120194790844,1.11207615754169,7.29243983246656,4.01134438732283,0.881982863605448,39.3598852663407,21.8714323858722,4.01681875338877,35.9163919920565,0.910226020837329,1.20388413836968,0.610278964002626,0.938037426272318,1.18946422172174,0.885859751957178,9.06793715676321,7.22543658513752,0.942377191167929,29.066350024417,0.858180256504279,31.0747502768684,0.77384367266735,0.912609779318954,41.0049809574229,0.852321850981341,14.2676373582372,0.51943235960533,4.10461024823322,36.8445493995618,0.878267149663955,6.95085838214888,1.2520642634375,0.96443550560305,31.8137509697875,0.962157510718983,32.2524062643415,0.527179964337223,1.05089163526723,19.6317251514888,0.858404818786078,35.8820543069389,32.3515137453033,0.904555775868428,41.448675215137,0.899943686165483,58.1393727216897,19.1182423229723,0.912250212329629,24.0026725279303,1.2082800883147,3.52117546276028,4.30012136724395,7.5306067075332,19.1535085454477,1.00549394939519,15.9870658992195,0.67324151450883,1.10744856433146,32.8325321252253,0.894977175601343,36.3119425436385,19.5419419384004,0.953434254893578,30.8387774052878,5.81541181645518,21.1934230487509,0.669058481996944,13.0751047590922,44.2121219710581,1.16276563277474,10.5071332397583,0.809393596591843,0.90195002011415,34.0314800832372,0.897061058610255,44.7196382067604,4.34476460686236,6.88560866647964,30.6228697272652,0.857542746305271,6.25687893795007,0.676948871173256,9.65354001455599,30.606412861129,0.899735804792926,29.0326674029589,0.584501408359908,0.947016157457321,40.4290065025499,0.919849377232624,17.8453138268407,0.502689756857007,0.986367399578035,40.7562862574939
1.00621323905866,0.66343711756768,23.824198068603,1.34425406678871,0.581987847908333,12.4641342268481,5.10392158362664,19.2090275499153,1.42591413881149,0.505897547626611,9.98771300904992,0.905015775126753,12.6195493015956,0.948601947331109,1.24016831592816,11.0474116837337,0.575739298578042,27.7567037780234,2.29377455568682,0.523942057569337,15.1714837701557,0.56158093945019,18.9870782536713,0.804870414405831,0.54314124164759,11.6086038596052,0.507603487222385,37.4405971229465,1.43687503886304,0.502135210446195,16.6039456354108,0.856835583899808,14.3677183015037,4.05004605984901,0.90576548392698,33.1100365087008,4.14488307530494,22.3262357521849,2.26155390039491,0.922291184008346,8.77670553499833,0.853657085459846,9.30566810855678,0.56556048820852,2.42851286281015,26.9213937613206,1.53965702457972,31.504432086618,1.21689217930538,0.913991642750516,50.1532756032199,1.10267946833777,2.59401981312753,1.28494028592634,4.61249564337156,19.7601926795942,0.892890475623208,24.3337523625276,0.710588604588448,9.02983992638704,17.7928108070732,2.5451380077072,12.786001221802,0.503734631231992,0.929388950723828,19.9925815333286,0.853291874838385,23.2845501186348,1.80865542724348,0.902193364800169,43.1023222686684,1.18307396762185,6.63815175503856,1.78618725962328,2.64782019240051,6.75093901367388,0.869786099672398,16.6217274469776,1.48352567013612,0.947320758640533,37.5367450697194,1.65197268304644,43.0683410536712,2.2525394449529,1.66033571095139,49.6796891067632,2.19005092866012,32.4935831964592,2.7070297129861,2.75682270667598,26.0279616323164,0.880912837195143,17.8047164455396,2.01935361085836,0.944309608161987,42.0596247333859,1.15476618323444,80.905604506733,1.13063489519361,7.30641552100232,4.02704220162707,0.952930867755534,39.0706992503885,22.2907349599299,3.98853834953708,35.6504609483359,1.10384298063568,1.85938852349261,0.96482587279487,1.06032150985,1.7985942706815,0.870074912319209,9.03256742752774,7.36801188918525,0.923815770988932,29.2243410220818,0.945829802390874,31.061586557339,0.814025068555279,1.04961851214756,42.0797319004074,0.858649745655192,14.2625677537928,0.524414994647057,4.03533154735975,37.5627182692187,0.901960030256809,6.93811666140364,1.25604056065649,1.01918657797413,32.0106567218565,0.914491333129473,32.0546516002102,0.515014190083146,0.987391148297501,19.1949305141396,0.912086604367021,34.7044367015343,33.0015710613835,0.934339850917064,41.0476144943714,0.908973564019386,57.8883545247027,19.3667690692904,0.914625121979685,23.8637545389431,1.27714743741503,3.58691898031419,4.21867895414345,8.43418766501206,20.0054827333744,0.940434875830337,15.9849462202877,0.690048626247369,1.02146134040689,33.4838801779564,1.16447641493919,36.3212242546795,19.5100237451783,1.27344375805304,30.8353098646788,6.80884703798898,21.1209550186696,0.722860905194162,13.7012578538761,46.0556780656585,1.14123814484816,10.5014723972718,0.82594810940442,0.900745492275076,34.3878227561228,0.866363523112384,44.6309745458321,4.73595757491418,6.76115598950964,31.6825356250397,0.867765912148534,6.3282616561142,0.697178729974856,9.48949657477106,31.6763388311396,0.880025020894481,28.9835998622772,0.601805694347848,0.928914605893026,41.6009541784628,0.930670684540575,17.8217531765033,0.503027844675075,1.00035442442055,41.0029631327846
1.00214738546245,0.504466892848388,24.7148658853796,1.27391131509905,0.534767234449758,14.1131580263208,4.80887529601072,20.6425183140838,1.71177789431087,0.505808813573217,11.259430154936,0.867479120952774,12.9034302633645,0.968149707643612,1.44481498398631,11.9112310014588,2.61566730019433,28.1008527676033,2.02930254345705,1.33851126720271,16.0764715686351,0.540124629160581,19.6904510043578,0.869539481087113,0.528363795222329,12.4226205176803,0.532466929261875,38.4174688155909,1.46779979541259,0.50945242682595,17.7131475155955,0.880822722851335,13.9878209703054,4.44170694930635,0.92683224709848,34.0299914386277,3.90294640497498,22.817416340641,2.72909382587394,0.907685704374909,9.74789078426724,0.850111198692876,9.76487482405664,0.55490643713894,3.0952809917372,28.643215741078,1.39917475407581,33.0844556505304,1.49467401501383,0.904819481306721,51.7310285634148,1.06134439601161,2.78071079182378,1.15622903202408,5.78612782488925,21.2399211619801,0.906317836744988,26.1135032548149,0.800064189626829,8.96350335845118,18.8578806180681,2.44654277711923,14.3684855443269,0.50473059664463,0.964166377628219,21.4596526471059,0.877923970942916,23.3490140300873,2.03634879258579,0.919006954458104,44.0140163013155,1.14985365845837,6.07581179287728,1.65790496315031,2.47349528290401,6.17735008877337,0.853223467867626,16.469973537045,1.55603280785977,0.907854018448624,38.1145136636717,1.75693124834616,43.0056375103214,2.3651698693473,1.76179762336273,49.6454871260029,2.0511768608642,33.3129428539857,2.96261400902152,2.72346018125197,26.4853455249206,0.85665483986994,17.6053649500456,2.15910385198906,0.909670001662722,42.4671514623887,0.879083394202758,80.8968130092065,1.14954162019393,7.31926308793006,4.04277319127252,1.02336887393189,38.7901599479354,22.6838151938421,3.96139496579699,35.3914877198169,0.996271138986086,1.49520864155441,0.767846925373139,0.992381580927504,1.46017628053571,0.854251401095984,8.99448252267397,7.51088166078807,0.905062841845113,29.3665109256841,0.914885729081928,31.0087435163477,0.856897152231795,1.00220738528697,42.995222004967,0.865211594558157,14.2539965186139,0.529893508594715,3.96637121176685,38.2562680401791,0.85438919766656,6.92311577699981,1.26013082357561,0.910093236748469,32.1905880066804,0.860670219569287,31.9058057317407,0.502374084567465,0.914569010228837,18.831122830323,1.00445995574383,33.5145698607116,33.5701214491717,0.987328028722452,40.6531458198145,0.917935067785442,57.6537816835297,19.589100873766,0.917010118561955,23.7316423512417,1.35632573448238,3.66063380638701,4.1222860073806,9.40194255170158,20.9474946008291,0.875353536349457,15.9826074411116,0.707987577378656,0.934279612679229,34.1374049729298,1.02828563722761,36.3311618284873,19.4799549933511,1.11169047081767,30.8331868665683,6.06618652653503,20.9575683074789,0.711468243936821,10.7720665847933,47.5394599509039,1.11999953560984,10.4899348854575,0.842978630746763,0.910482923812689,34.7090511445758,0.886409117273257,44.5231305692445,5.15255033215027,6.63640346936858,32.6795118635019,0.88326122728686,6.3891776011347,0.718475752439266,9.32384129862828,32.692892184665,0.860350679366501,28.8980067044454,0.620153666021843,0.910144521670553,42.5944602948577,0.941447747364378,17.7938365788828,0.50338276274644,1.01443451253738,41.2252095121959
1.00048097276329,0.505319300175648,25.5632083059714,1.21442693109423,0.501396698873145,15.9540415802534,4.51331483487098,21.9462320561977,2.08577294718814,0.505244855216857,12.6505950723587,0.828222183685068,13.175668795964,0.991162650035132,1.67511055729474,12.890294967144,1.9646406111864,28.4616452735173,2.05707347459652,1.11924041963639,17.0834630308105,0.517199436487998,20.3886905000543,0.945946756770119,0.512297587386223,13.2933050811368,0.558593183638201,39.3467171438137,1.50457410858355,0.517822897948351,18.954517039914,0.855732487454982,13.5601514112291,4.85985616757448,0.905125125206528,34.9214545757742,3.67496293206106,23.126462760952,3.3147393574308,0.916439143803564,10.8061543759506,0.850633459125329,10.2179596919467,0.542587671329186,3.94170111068,30.5220534482978,1.26627835742168,34.3481775186537,1.8626124098825,0.903603717691165,52.9857600892236,1.00699278082909,3.00027859498011,0.999812055627468,7.20844862979429,22.9601103260266,0.855528395679142,27.9496470018644,0.918527872061271,8.89047222083809,19.9724335928273,2.33716216595662,16.0859158979585,0.50176145000295,0.999761156453966,22.9638564493049,0.896005558993224,23.3304616795927,2.29624710626532,0.932014539270029,44.8741571427288,1.11663334832879,5.51347168726697,1.529622654021,2.2991703625847,5.60376098407864,0.865488571743353,16.3018852748354,1.63031612274121,0.938753151040204,38.6269950689853,1.86045268533102,42.9314757405598,2.48228885652942,1.861782976325,49.6094425171368,1.91722868169761,34.1062238578135,3.24498523680753,2.69000229650472,26.9270227203396,0.888074676510514,17.3755366578734,2.30488238565831,0.956458981359499,42.8281439332246,1.01803820357987,80.8858154916961,1.16879640445275,7.33102462292606,4.05852653429163,0.906300478536623,38.518685583424,23.0503944899356,3.93542529792838,35.1398202055668,0.888699249366328,1.13102586153485,0.570866971733117,0.924441586121862,1.12175613476208,0.876823743542631,8.95362843905397,7.65362771592788,0.932087827416861,29.4923356615425,0.883973633011304,30.9144236538296,0.902208534166483,0.953994673807902,43.7435208447042,0.864744290519227,14.241448359183,0.535835483619306,3.89785760510625,38.9211854318627,0.878058396608789,6.90570660644732,1.26427199856644,0.96492085354177,32.3523410732194,0.939574407715519,31.8062114260312,0.518572693570553,1.02364600637071,18.5420237205597,0.934365186123168,32.3196654185064,34.0515780872634,0.948445561360873,40.2663660330394,0.998885494187279,57.435544465139,19.7868927092096,0.937669025682487,23.6064674134297,1.44713906577738,3.74324455865252,4.0074231106225,10.4328030665568,21.9911593308634,0.981772688651222,15.9800341833394,0.727121552946529,1.08247001384733,34.7925971485828,0.89210776870771,36.3416453131127,19.4517163906138,0.949990514175943,30.8322945447802,5.39110601841406,20.80813093946,0.698649795882533,8.53688276197162,48.6904154771478,1.09907641609307,10.4721732494803,0.860424430120388,0.930257732694774,34.9933023816772,0.9066588796137,44.3972814297569,5.59322505864259,6.51196271923211,33.6087640974968,0.859623471411605,6.43803461106983,0.740698122446167,9.15728103045136,33.6394348904723,0.958928079566124,28.7725957908794,0.63924583752226,1.00945716402382,43.397498304481,0.851850256677502,17.7613038275987,0.500068260932963,0.902321683839209,41.421690061186
1.0036177565356,0.505177087685446,26.3569619555491,1.16516962711471,0.501438185269607,18.0061543782757,4.22165802884498,23.0790010358973,2.57600346260357,0.504184324196813,14.1605749858678,0.787535955105699,13.4336671858033,1.01793676022336,1.92963187342353,13.9945076452072,1.47001020682875,28.8659942413139,2.10024530090737,0.9363892947257,18.1465110265873,0.58636879015997,21.0729991612128,1.03611513519596,0.563014232016551,14.2147127772154,0.585845323264567,40.2148933294989,1.54736636076078,0.527449538191494,20.3231851415486,0.879336433125005,13.0860809110129,5.30204778286668,0.927113365233035,35.7758160197141,3.45280918661328,23.2278619543015,4.04388935572213,0.900867077217641,11.9496585866217,0.85962807456412,10.665693293004,0.527143203920973,4.99514923918713,32.5896221495927,1.14057822824691,35.2283722764744,2.34467838474258,0.919328319660395,53.8939701651431,0.93617430550664,3.26366766037096,0.805320156486184,8.90753059453166,24.9996134421902,0.854961451876094,29.8204212790477,1.07572537977825,8.80987129886713,21.1340517433871,2.21775180801831,17.9316222004496,0.500824605753652,0.921085728314504,24.4933682651243,0.901744740531322,23.2205292547323,2.59088281914347,0.936835380344803,45.6748122946159,1.08341303717815,4.95113142661705,1.40134033086827,2.12484543010546,5.03017168447453,0.877379806218989,16.1165259436847,1.70568612572692,0.970414276443251,39.066495550726,1.96051209941302,42.8463026281339,2.60393921997745,1.95826287710883,49.5704117179028,1.78837306957298,34.8716985793347,3.55618042209551,2.65638303149437,27.3530623399399,0.864102119844312,17.1151582986872,2.45562116932317,0.921229853296865,43.1381938106736,1.15694359555024,80.8727682122824,1.18839939828128,7.34174121941113,4.07429166026969,0.976513632326734,38.2565350403185,23.3903886297617,3.91065814991772,34.8956510664668,1.08231620085086,1.78652969566714,0.925414726008586,1.04672581547758,1.7308831348178,0.899443002728266,8.90996001958985,7.7958149909366,0.959403642080156,29.6013290411259,0.853171003731361,30.7759792712721,0.949590569519616,0.905085748352107,44.3173227231742,0.85554479687454,14.2244389580126,0.542202672031773,3.82992660858834,39.5532912805358,0.901635579399432,6.88574024221984,1.26839692971714,1.0202065322266,32.4947010475672,0.877821679692882,31.7545745101725,0.505473523737873,0.938698858525987,18.3271116616264,0.866151384431524,31.1264870471136,34.4412862555935,0.909419265420259,39.8882147991343,0.875318614353511,57.2333818720216,19.9618696432214,0.906427517938864,23.4882846696115,1.55105318515122,3.83604871956196,3.86991864103659,11.5250531991191,23.1511786768724,0.916643254355196,15.9771981212965,0.74751773046453,0.992882704032134,35.4488970388747,1.16159037467831,36.3525717856947,19.4252764712494,1.26974417879465,30.8325228689076,4.78483522610893,20.6657086871208,0.684801929643067,6.80804600243699,49.546631395061,1.07849588762196,10.4478228741581,0.878214800305866,0.959035678100053,35.2386953279714,0.927095166113035,44.2545532250754,6.05598852664248,6.38840760759417,34.466422023941,0.878540495083383,6.47301799401277,0.763640715698463,8.9905895213109,34.4971692306912,0.939001061215129,28.6030572260665,0.658700874569426,0.990896990810608,43.998535047046,0.916366330372063,17.7238992779192,0.502465248696136,0.983879987000322,41.5910885892384
1.0377231358702,0.501809660671922,27.0906561644085,1.1255859794315,0.50057034268329,20.281401718008,3.93791735385366,24.0000361085128,3.21875971686441,0.500338044456852,15.784945149096,0.745698369805361,13.6750588114994,1.04883381152883,2.20603569596265,15.2338535275272,1.09523329121442,29.2836289404149,2.15651005709748,0.783045645939608,19.2544347913784,0.562840372846746,21.7335801731176,1.14242548459518,0.546598466009896,15.1787404888364,0.692322847134972,41.0120986289216,1.59641830211864,0.565544696623834,21.8135774366518,0.854635940584276,12.5682063984006,5.76464958781488,0.904405631376486,36.5839695114545,3.24217988133189,23.0968773757676,4.94607472374834,0.910277098138144,13.1722580082776,0.880832185782084,11.111033932354,0.507136222391769,6.28447656640896,34.8906340180398,1.02406033470197,35.6603454413038,2.96755210318529,0.900192361810277,54.4355939024235,0.896896528743505,3.58770052886442,0.626154351242008,10.8806289449446,27.4766799532152,0.853162043269698,31.6966207074992,1.28553970396285,8.72193339716285,22.3383465319222,2.08943163144066,19.8937920858344,0.510500603709446,0.956891830159397,26.0363554511737,0.907339929829863,23.0114363116861,2.92208685415835,0.941827281613312,46.4076180564541,1.05019272495149,4.388790999337,1.27305799232504,1.95052048412922,4.45658217484588,0.861292975153175,15.9129740017035,1.78127499406527,0.929642498116499,39.4248452841691,2.05491108116252,42.7505229889364,2.73014389136112,2.04906253757622,49.5270769712543,1.66474595360543,35.6073542427846,3.898118450619,2.62252274996596,27.763118654052,0.868341777293149,16.8245009953731,2.60993542403329,0.92814609845089,43.3927101514069,0.881369903700917,80.8577975324511,1.20835065862952,7.35145238063058,4.09005713178483,0.860121724609175,38.0040447926766,23.7039268285904,3.88712240931964,34.659274359526,0.974744244701415,1.42234289470091,0.728433286150865,0.978785717069477,1.39246020378974,0.922096000213451,8.86344539584826,7.9369842860592,0.986981918789842,29.6930630612244,0.939825394298575,30.5899392464174,0.998533529956631,1.04601314280034,44.7095672760288,0.882052896326665,14.2024645675362,0.548949942922469,3.76272100361046,40.148207290422,0.854256125544726,6.86307048553669,1.27243459884167,0.909932357137987,32.6164634785252,0.971917125085943,31.7482540308173,0.522232335222333,1.07136488247781,18.1841478669909,0.954760827725213,29.9411768122466,34.7356346380799,0.962436370263373,39.5193751169827,0.955969609693769,57.046897815683,20.1157995640427,0.927118570669121,23.3770791176241,1.66967724357199,3.94083158668704,3.70479642695614,12.6762600152266,24.4462574075234,0.851487822029142,15.9740705853513,0.769246210345749,0.902085563603329,36.105736897525,1.0254233657995,36.3638453135496,19.4005980987424,1.10813654336555,30.833766289364,4.2445132925184,20.5239255924576,0.670112860956999,5.4568474175878,50.138143231268,1.05828769045549,10.4165037106613,0.896267424749614,0.995652600049711,35.4431922281449,0.947699123410475,44.0960947861494,6.53814132286071,6.26627299704922,35.2498310913946,0.906873071578896,6.49207547135334,0.787020605800003,8.82460980081615,35.2450558968356,0.919166002102104,28.3840759029351,0.678042457709799,0.971774019848252,44.3860701646593,0.980540067362078,17.6813717398072,0.504995054663885,1.06613728207168,41.7321063162129
1.11555957524111,0.511630161643804,27.7575801293738,1.0951411674091,0.504014620592049,22.7767607520431,3.66555383279586,24.6684960235334,4.05977001021568,0.500230116101736,17.5145661550658,0.702969821156481,13.8975963459344,1.08428869728729,2.50086863667546,16.6174566694723,0.812384120270537,29.6903310237298,2.22406122177728,0.653967969241669,20.3930819876416,0.537888691623907,22.3595289613688,1.26764799219141,0.528602674147705,16.1746904374109,0.668859137117844,41.7314645917014,1.65203707724872,0.56063211113011,23.4186878356776,0.877762122915791,12.0103893680899,6.24275259818213,0.927299745457499,37.3362939555194,3.0462453880367,22.7092200790236,6.05221497022239,0.913902180010553,14.4645716835199,0.901288664571519,11.5535047273229,0.524254494085373,7.27453435805655,37.4631996619655,0.918096375425138,35.5845785217891,3.75622452786202,0.916397272956757,54.5914585736828,0.921947344819873,3.95745202966096,0.663818756952854,9.5180167187007,30.195560246048,0.865453485381998,33.5354487744434,1.56733282575436,8.62545061057466,23.578331940237,1.95368404163018,21.9544362779815,0.531932305033294,0.993527987998244,27.5813412400891,0.912736929562059,22.6965300807885,3.29054556720283,0.946980624239931,47.0637397595636,1.01697241159386,3.82645039383626,1.14477563702422,1.77619552331888,3.88299244007755,0.872824716430739,15.6903445937519,1.85602031110343,0.961706249072582,39.6934261492792,2.14125192909743,42.6445193076964,2.86090268019144,2.13184528083195,49.4779649087973,1.54645408789269,36.31090706247,4.27249995803196,2.58833276329834,28.1564501161445,0.872449630685225,16.5042155387828,2.7661040907617,0.935147472800156,43.5869269557016,1.02025937732344,80.841024491927,1.22865031815949,7.36019675822276,4.10581208944863,0.930113346936662,37.7614750527617,23.9913265724392,3.86484062031628,34.43092167369,0.867172259330627,1.05815436078977,0.531451135532426,0.910845574015411,1.05403624185797,0.944769289161438,8.81406567359122,8.07665513424191,1.01479435152898,29.7671687743264,0.908978170068928,30.3520749489524,1.04836287644686,0.996815102328631,44.9131774351653,0.872827398572092,14.1749942539342,0.556024059885131,3.69638979749093,40.7013363026969,0.877799511732842,6.83755490524097,1.27631025633607,0.965266867123406,32.7164399102508,0.90058120258379,31.7835627062913,0.508741229408692,0.971599572884281,18.1096300891772,0.888564708603739,28.7691674875112,34.9319910703843,0.92333767928778,39.1602006038124,1.03593429901736,56.8755766616645,20.2504619734757,0.947886440476355,23.2727719692413,1.80475922323412,4.06003450764663,3.50603482715271,13.8831941635776,25.9005132864262,0.947006050771558,15.9681259094605,0.792456135894102,1.03233305259726,36.774070124977,0.889255149223485,36.3753767035656,19.3776414717211,0.946568355504567,30.8359239724064,3.76533772835396,20.3769474463266,0.654640289441245,4.39204320841214,50.4883316754768,1.0384848000911,10.3778236867746,0.914487057916312,1.03881222271507,35.6046293411601,0.96845161274525,43.9231314607936,7.03629138670795,6.14605414282246,35.9575572250664,0.859005033428121,6.49291846237122,0.810462202149492,8.66025692105131,35.8598747746587,0.899486448467071,28.1094140081228,0.696688219008835,0.952175155970534,44.548378033596,0.891398251124702,17.6334803774241,0.501608248773548,0.952818937088694,41.8434923185684
1.25248927107719,0.501522433570422,28.346795114676,1.07339079865197,0.500647844674225,25.4753097576254,3.40740082352114,25.0429892492265,5.1545532758839,0.500269057328832,19.3346605860843,0.659593911659831,14.0989885598335,1.12481456882115,2.80933898530975,18.1520552963007,0.599900356740677,30.0664425464763,2.30137224371192,0.545084780652541,21.5446386693884,0.511601212562536,22.9387189775843,1.41495781675341,0.508928801064932,17.1887860297866,0.644299930154051,42.3685382045759,1.71458449934474,0.554695056645211,25.1292949373011,0.85356034979545,11.4177163311045,6.73015134868083,0.903602066141381,38.0226325817052,2.86567912792746,22.0440472655424,7.39074123357264,0.907836631190843,15.8115499361325,0.863726548094422,11.943886829158,0.564307772113815,6.1897514124789,40.0342035176998,0.851467596139377,34.9528261672945,4.72678351272444,0.90265507271901,54.3420095031558,0.942707876602491,4.34720089960356,0.706426445969219,8.34294150790102,32.8174575563789,0.887213284335386,35.2789328817832,1.94817727967101,8.51940404640322,24.8436600843436,1.8123474589395,24.0903726860493,0.5670478123118,0.912222533461799,29.1177473010397,0.851438093625175,22.2709349096006,3.69531526338244,0.901099756614408,47.6338847402609,0.983752097050289,3.26410959852429,1.01649326359874,1.60187054633734,3.30940246505436,0.857257086153757,15.4478220300582,1.92865308372901,0.920058657224548,39.8632513893032,2.21690861336727,42.5286712864461,2.99618905862804,2.20409296112551,49.4214627908032,1.43357846972391,36.9798123281473,4.6806911143896,2.55372041206213,28.5319373031504,0.876406686375076,16.1553598604661,2.92206228711849,0.942215913620894,43.7159230508557,1.15908040429097,80.8225545696089,1.24929849075848,7.36801179772944,4.12154557944192,0.999513084444434,37.5291267432008,24.2530995154467,3.84383267359031,34.2108893041453,1.06078881418383,1.71363595672413,0.8859915126486,1.0331297923088,1.66314645486709,0.856843102873854,8.76181439773818,8.21433019941591,0.908303236917454,29.8233363857535,0.878417044701619,30.057528986725,1.09821815720694,0.947132550927338,44.9209830314038,0.863578029254279,14.141463451715,0.563362207027569,3.63108778475268,41.2078461945069,0.901207437440914,6.80905553725759,1.27994549826184,1.02094172861012,32.7934643659675,1.01208753336723,31.8560412224577,0.526002819047871,1.13160665314813,18.0991426548386,0.973142824217836,27.6151167298819,35.0286469939281,0.976127558426928,38.8106548121162,0.913637453584272,56.7188282432075,20.3675749841085,0.916423805166667,23.1752388155817,1.95817346561364,4.1970029303599,3.26623227528587,15.1417414523538,27.5454892090097,0.876646772229055,15.961811598344,0.817068431575272,0.934458271294519,37.4301287101653,1.15878728999317,36.3870837231034,19.3563594160365,1.26613950389412,30.8388995162537,3.34173279493745,20.2194754493125,0.638360451422009,3.54743376560004,50.6151678026804,1.01912382841804,10.3313837727581,0.932764351511845,1.08708804700735,35.7207539348941,0.9893304136805,43.7370007994491,7.5464143067312,6.02820652703716,36.5893502967784,0.891251137829124,6.47304969808644,0.833483605391132,8.4985212935336,36.3165150160938,0.88003782435955,27.7720931154082,0.713942919223953,0.932184407825417,44.47354510216,0.948149363240385,17.5786980945085,0.504328613896573,1.02379575327128,41.9306908505871
1.47470003254695,0.523372207944428,28.8488515102491,1.05986458037294,0.509702969989317,28.3341286123157,3.16565757649991,25.0818427842366,6.56678140716584,0.503281371866912,21.2241566391505,0.615803988385346,14.276661334069,1.17100137468331,3.1250683917177,19.839505463333,0.502684609307697,30.3942989897361,2.38734848685379,0.501618382848297,22.6894897949302,0.587889587067993,23.4577015298105,1.5879181434638,0.569694479481664,18.2036532255323,0.618779024528201,42.9206025100182,1.78446140944064,0.54758284107769,26.9330618670315,0.876125735879688,10.7963909488137,7.21937981014759,0.927352508366965,38.6322435528888,2.7009706657505,21.0869342252487,8.98277879872055,0.90710226454937,17.1912644130794,0.853240340160596,12.2825212854531,0.610577596738597,5.25968085180227,42.5179810689437,0.874809434948906,33.7374240568538,5.87471318795412,0.947342798015968,53.6646421254984,0.959233618003363,4.7509536726861,0.754489951191835,7.31976978359413,35.2575111093657,0.876233220748623,36.8489256205631,2.46536585243621,8.40250859219718,26.1196912175902,1.66754658802349,26.273784797853,0.618779710020244,0.949041754780846,30.636142408961,0.902625740516068,21.7322745819222,4.1333003399138,0.941673966506824,48.1083265858026,0.95053178126583,2.70176860181055,0.888210870681499,1.42754555184751,2.73581223466117,0.868368348107865,15.1847015364365,1.99769575158914,0.952432012880271,39.9251130677719,2.27899439325431,42.4033751269749,3.13594711251751,2.26308227176691,49.3558321226707,1.32617529419046,37.6113148397435,5.12358953954552,2.51859413017405,28.888131121824,0.880194366355323,15.779421273214,3.07540699374288,0.949332381069558,43.7746577861791,0.883652613058796,80.8024855581896,1.2702952590956,7.37493387627928,4.13724682922389,0.884222966317792,37.3071895484339,24.4899125921312,3.82410965487024,33.999375232228,0.953216833348097,1.34944753024269,0.689009264776511,0.965189597566853,1.32472280560447,0.879484271696926,8.70669771348245,8.34949837149285,0.935910282146644,29.8613177361439,0.962728423283666,29.7010288770071,1.14703876519642,1.09001724028497,44.7258892682014,0.854317298632139,14.1012702022957,0.570890837123516,3.56697487565614,41.6626724423605,0.854116009666949,6.77744336032359,1.28325879907804,0.909744738146384,32.8464265227894,0.929790319525256,31.9607012472652,0.512162818358612,1.01472590391163,18.1476128249354,0.991340001798044,26.4828650243353,35.0247510160196,0.988999802353202,38.4702588105223,0.993377881743228,56.5759734652547,20.4688272596021,0.937174140920063,23.0843040927057,2.13189167908766,4.35638275634483,2.9760650439017,16.4467130396667,29.4234217987794,0.853049668767666,15.9542513045021,0.84315148356871,0.904450696867643,38.073177145005,1.02260551115299,36.39889062348,19.3367013751375,1.10463777127929,30.8426012355068,2.96800963022308,20.04677047578,0.621202858345455,2.87394174977889,50.5324714005858,1.00024548032787,10.2767856507216,0.950974732768238,1.1389305934694,35.78925097746,0.867689373268597,43.5391719077773,8.06396188549433,5.91314606838671,37.1460716962851,0.850332433124124,6.42963464089115,0.855432933518071,8.33985782491498,36.5885704498076,0.86090892154765,27.3647185293203,0.729000255643316,0.911884514216037,44.1499292548586,0.873475672411339,17.5184421659765,0.50101034900152,0.929943754561234,41.9837429564619
1.82647746100867,0.528897193476215,29.2447552982179,1.05393230793289,0.513115028531457,31.2727521866449,2.9419187552066,24.7453064521719,8.36311186630321,0.509496543462886,23.1553119402969,0.571836873384919,14.4274106960383,1.22350088504806,3.43982164478987,21.6729294373076,0.501034800575104,30.6494340435475,2.47974597573574,0.500630026495874,23.8099262653667,0.560939572323936,23.9016457904094,1.79040709942919,0.5493908385797,19.1977969800413,0.557823227352107,43.3632684291458,1.86252466949647,0.532437786339951,28.8213893073844,0.852519574977445,10.1535296428148,7.70183684805901,0.902713647592703,39.1537331039807,2.55208895996391,19.8419060702252,10.8365135666795,0.914473505262197,18.5797996953907,0.852907608771344,12.5665022619103,0.663696088645965,4.46104754061056,44.8803741657063,0.852053709549588,31.9491246755695,7.16314444860294,0.904154569208792,52.5390237415669,0.971620280936407,5.15969655251209,0.808273884507859,6.42308071438039,37.4217130524669,0.921354579159784,38.1423928705429,3.16888398224342,8.27312556266605,27.3863835317873,1.52158659161168,28.4725551463212,0.691392254210417,0.986665911440486,32.1282361051639,0.881437757793672,21.0804839191042,4.59869793110389,0.926683213473433,48.4800411291333,0.917311464185521,2.13942739210448,0.759928456905428,1.25322053851229,2.16222173378281,0.853451942214489,14.9004463451164,2.06147293426249,0.910096625114886,39.8698280738634,2.32432664119303,42.2690629808934,3.28008882010527,2.30585695105617,49.2792205618398,1.2242768506737,38.2025193454682,5.60147922991066,2.4828685843275,29.2233152256047,0.883794374398453,15.3783227434419,3.22342459707561,0.956475012400771,43.7580307309133,1.02245284246297,80.7809048716006,1.29164067360948,7.38099824784034,4.15290515035614,0.953396425323174,37.0958397768687,24.7025851028347,3.80567746983023,33.7965836447648,1.14683301365856,2.00490895756431,1.04354157229721,1.0874737698897,1.93382156332862,0.9021298871644,8.64873433164261,8.48163861477134,0.963719661562614,29.8809279629178,0.932073463856559,29.2772092392842,1.19356227301755,1.04005080300635,44.3213525880075,0.880822047395273,14.0537751850412,0.57852476975799,3.50421559443814,42.060538155394,0.877478729029556,6.74259966472358,1.28616604210391,0.965435923725626,32.8742808543788,1.06022240097765,32.0922382605467,0.529911698779217,1.20476175111797,18.2494973543664,1.00855135270619,25.3754264768089,34.9202216161803,1.00166996050717,38.1380530879748,0.871806925259198,56.4463016471449,20.555797762455,0.9056628475393,22.9997646551874,2.32793233103899,4.5447327243847,2.62352423480953,17.7914887356219,31.5920986516729,0.863453225613976,15.9441518206628,0.870774772098755,0.919902526397239,38.7049502156026,0.886412107189417,36.4107278696124,19.3186150275761,0.943163438958423,30.8469422921513,2.6387027200717,19.8547165497844,0.603075573526988,2.33461830843513,50.2511579701587,0.981894877547502,10.2136416801872,0.968977660475285,1.19267928220282,35.8077803518288,0.888267794707415,43.3312540369302,8.58400295459264,5.80124909398912,37.629603742258,0.854136822880954,6.3603602288516,0.875682070597051,8.18655289465141,36.6495420707988,0.953877832172434,26.8799876764203,0.740958769951356,1.01608961368669,43.5671585677757,0.853372125211784,17.4531048976159,0.500149921598111,0.904360497164537,41.9989555533883
2.38238944893311,0.568569719533241,29.5069466362139,1.05451316402558,0.534098283389308,34.1470936839843,2.73721428275547,24.0007528148377,10.6027755455637,0.518710454327464,25.0934515775511,0.527955245659383,14.546884931782,1.28298377739469,3.74323308175182,23.6306767077337,0.53880889388568,30.8222436277902,2.57702415245977,0.52395752156977,24.8732473529111,0.532946731103422,24.2543549387681,2.02645868908944,0.527312562806249,20.1451043196596,0.516503651929442,43.7409826331148,1.94836623730157,0.507355670494666,30.7575799013691,0.874457697227318,9.49689682341356,8.16796495294697,0.927232823200503,39.5749568512439,2.41893531523292,18.3289315344124,12.9407912028136,0.959438899602659,19.9480956510822,0.851131440084641,12.79357258075,0.72427703796417,3.77542652731214,47.084410793241,0.859344015394033,29.6496396155439,8.51312905324853,0.920796430310058,50.9455434824177,0.980027200233972,5.56080960764567,0.867646929853909,5.63425122382059,39.2100288934371,0.916151872420202,39.0277677145903,4.12251178172506,8.12907937208407,28.6170233461553,1.37694867452305,30.6505795837833,0.791019352628842,0.919355898898913,33.5886733805889,0.853093428345602,20.3218683001808,5.08290478070427,0.902595003516072,48.7325312179247,0.884091145754406,1.57708595781555,0.631646020903443,1.07889550499461,1.58863094730414,0.86407762541475,14.5947573547144,2.11814047650089,0.942674045807685,39.6885948239273,2.34938934373512,42.1262234442502,3.42849174181932,2.32919585482518,49.1896735631141,1.12789151161807,38.7504850081395,6.11388242340459,2.44646973175606,29.5355850767458,0.887189823140128,14.9544101776255,3.36314316397868,0.96361860801206,43.6609706199963,1.16117440766964,80.7578947390409,1.31333477172461,7.38623914569173,4.16851018723174,1.02195300870717,36.8951308001974,24.8920440177801,3.78853303818512,33.60260486235,1.03926109185381,1.64072373275831,0.846560384397191,1.01953355442625,1.5954002697596,0.924762468860668,8.58795538757857,8.61022592333564,0.991696590258574,29.8820472764908,0.901932212665368,28.7810481044842,1.23634061920081,0.989805666368374,43.7021649880836,0.871539828942456,13.9983043158263,0.586166144378304,3.442979043891,42.3959822712629,0.899132906317273,6.70424417912329,1.28866773764407,1.01362516464114,32.8797331589494,0.965892909861167,32.2452071465457,0.515743657094148,1.06892521518782,18.3989018182269,1.02475783574706,24.2950050450122,34.7156504898778,1.01409756686595,37.8125720060936,0.951339646659098,56.3290588271237,20.629986388089,0.926395749293475,22.9213855162688,2.4174667918653,4.7554841886047,2.74344417063538,14.970453764916,33.8929697081861,0.855813718587369,15.9310030085816,0.899981600993752,0.908703566334587,39.3228724231081,1.15603873970737,36.4225318728416,19.3020430136961,1.26260995226723,30.8518400063571,2.34874353162,19.6399267887918,0.583886028357023,1.90119517221636,49.7805195781375,0.964121819409799,10.1415874448305,0.986616344606121,1.24657411751539,35.7740366525227,0.908956342624022,43.1147682807534,9.1013790475162,5.69284490436978,38.042481793015,0.851908443507606,6.26265698073884,0.893384419581632,8.03948542815841,36.4746710727102,0.93405235798299,26.3114011543804,0.748856744852867,0.995716359717449,42.7176905982874,0.868689796842392,17.3816545537979,0.500891072624814,0.924283465033833,41.9797391459138
3.26596695820102,0.50101966726405,29.5886125845733,1.0596079955072,0.500540332811899,36.7156219641367,2.55213226341383,22.814133193868,13.3189348024884,0.530552996083711,26.9769720700892,0.506737605046972,14.6235499417404,1.35807564024302,3.49306917313631,25.6148905881526,0.514202271844913,30.9065306317309,2.6776661192471,0.508886746438083,25.8371798934742,0.50415070633002,24.4984225009161,2.29997444072665,0.503521782547152,21.0144528836857,0.515955512389506,44.0306627722762,2.04256926750686,0.50754022687711,32.7168504422957,0.851525333127418,8.83457635348046,8.60750347526435,0.901745666751351,39.8829279649498,2.30104543812919,16.5896621954748,15.259503577545,0.947147514094573,21.2628471721095,0.852395999669508,12.9615391818918,0.792834630154857,3.18758099709961,49.0897189649459,0.85495142960081,26.9550424162915,9.80420329488722,0.912360058368601,48.8780660791741,0.984697761683903,5.93780375190179,0.931890192887969,4.93917640769491,40.5216029913322,0.86340303145526,39.3469661147458,5.40081234159115,7.96785598141775,29.7770268388884,1.23568543274175,32.768049362257,0.926156623924548,0.919844462863816,35.0064535914575,0.876629482860488,19.4645786822515,5.57401210273948,0.923198169951371,48.8574615527505,0.850870825917526,1.0147442873532,0.503363561308459,0.904570449957348,1.01503986010999,0.873951181660481,14.2676580657798,2.16573653947629,0.975434831179578,39.3734846301582,2.35029380171184,41.9754233384327,3.58099723399417,2.3295766218643,49.0851458462345,1.03700341703177,39.2523367321116,6.65942065491689,2.40933967861028,29.8229380957888,0.890366086289497,14.5104235860085,3.49140879759898,0.970734933522151,43.4785613490001,0.885924146301405,80.7335441170999,1.33537766622166,7.39069004914917,4.1840526211334,0.907821748415001,36.7050843178312,25.0593124467333,3.77266832700317,33.4175105949538,0.93168922038393,1.27654126660072,0.649580208734476,0.951593339070278,1.25698079847263,0.947363650008774,8.52440509344159,8.73473455398437,1.01980480755769,29.8646261652993,0.872446132027639,28.2084330782985,1.27378261881221,0.939384154479308,42.8655707076574,0.862275599357224,13.934155153601,0.593703618168776,3.38343893726695,42.6634090561964,0.856665899438541,6.6624372927986,1.29059537653295,0.915974322022875,32.8580408792034,21.1853465606489,33.7061004838808,1.69452129955752,29.9760682282427,19.9878396159718,1.0399426345499,23.2430331217058,34.4121970392714,1.02624356015947,37.4918275089944,1.03040208789077,56.223476989513,20.6927846864379,0.947091663232928,22.848912262255,2.44439704785677,4.95273219461714,3.03836539978454,11.8712045360447,35.7911945008403,0.856597804552018,15.9144030906621,0.930805788168825,0.910002437849965,39.9235005427665,1.01981433734246,36.4342450175806,19.2869266015484,1.1011801270111,30.8572165792485,2.09351742073055,19.3998859142708,0.56355838870257,1.55185091748482,49.1295016557601,0.946981413845523,10.0602981294088,1.00371825840879,1.29875221938045,35.6858322890307,0.929721708850219,42.8906209782751,9.61080537271071,5.5882001903952,38.3871685477284,0.850346465399272,6.13446361128489,0.907627447587273,7.89980940363932,36.0432854752178,0.914667902858885,25.6541629199548,0.751729528863574,0.975138947427402,41.5988664419459,0.860408649582692,17.3038746087731,0.500532736329916,0.91357789310116,41.9257729096164
4.66994526742046,0.518538883124672,29.4251484438766,1.06547812088955,0.510552203957113,38.5832790541014,2.38726422330766,21.1409228102018,16.4856752658991,0.544252697659676,28.6726164565768,0.50080989337363,14.6247724017959,1.44529152960009,2.88427127553402,27.2682599434046,0.556748606264729,30.895845070647,2.77970292960624,0.53618794201883,26.6522412870256,0.583950090476471,24.6156255545378,2.61425774061133,0.573663619989619,21.7695876736027,0.508108093376315,44.2194056247675,2.14553230336293,0.504053560098553,34.6638333256957,0.872787626723335,8.1746250879847,9.00977214020578,0.926905278452303,40.0637373177308,2.19766758060921,14.6883260681348,17.7301546573302,0.934043366952514,22.488941033311,0.856518892926333,13.0678905340637,0.869679257469272,2.68460562348896,50.8517810718447,0.867106448167134,24.0266965849443,10.8908906884971,0.95026433801545,46.3493792196824,0.985975683096967,6.27066623144877,0.999482074792798,4.32681845676346,41.2628241798066,0.862276907500003,38.9289132491615,7.07722679544455,7.78707905232492,30.8231276968236,1.10002000423061,34.7812839269989,1.10886854254998,0.929169000039537,36.3768478377944,0.876537310973231,18.5214516361629,6.05719254218983,0.923964163604958,48.8442096636917,1.1876635241086,6.71586474304369,1.80391160548918,2.67190514020908,6.83021332955425,0.86003543347691,13.9195935409271,2.20226097909532,0.932545095389632,38.9180839991081,2.32273836747867,41.8173308866706,3.73740935036878,2.30313469636853,48.9635127462557,0.951571973832173,39.705388652034,7.23569973883672,2.37144115039215,30.0833716570843,0.893310791003613,14.0494548707772,3.60498540505616,0.977793285319845,43.206213568549,1.02462712227739,80.7079261516331,1.35776936335709,7.39438312124408,4.19952277803681,0.976149146891161,36.5256331831088,25.2054863220194,3.75806779733621,33.2412928415677,1.12530551731502,1.93201021652209,1.0041135879017,1.07387766898147,1.86608878225396,0.859414800993526,8.45814113803842,8.85464311533949,0.911600896643677,29.8286880012726,0.951714589348642,27.556824827023,1.30422705113857,1.0826848493733,41.8126176227278,0.853047947273628,13.8606087004841,0.601011938722315,3.32577365137413,42.8571690832832,0.851224073318385,6.6172930287226,1.29176978087463,0.902942640801931,32.8049692335047,16.3107109283548,33.5630810322903,1.62414863882039,16.1284915327215,24.8552030287331,1.05409163482625,22.2202310167519,34.0114815459344,1.0380695475707,37.1733052690746,0.909737108918554,56.128773509336,20.7455029357648,0.915604635511208,22.7820721725791,2.45055300877385,5.12801665896273,3.33927715282303,9.57744700382268,37.2416614207697,0.874812180980133,15.8939446379676,0.963270651368116,0.938147750114822,40.5031050302336,0.883571260222269,36.4458155245735,19.2732068738714,0.939767859234694,30.8629992626546,1.86887782100748,19.1331149396215,0.542049114702643,1.26956118515197,48.3079378938604,0.930534531134015,9.96950671133701,1.02009640355686,1.34724780553261,35.5411914580516,0.944279278507118,42.6573469610727,10.1061402728631,5.48694796441526,38.6658346830057,0.850469182221298,5.97455193640907,0.917480160790732,7.76890706214726,35.3417354176417,0.895851842336148,24.9062175179951,0.748691359931625,0.954439773613367,40.2152833517318,0.852180581416862,17.2196790586701,0.500120401348748,0.902855438758624,41.8364824771279
6.85536549652529,0.524397226300317,28.9104602537052,1.06575357227998,0.514650473640275,39.1885011003372,2.24334550479815,18.9811082568079,19.9833211344581,0.558520233779032,29.9907727819313,0.500952683469358,14.5319059656013,1.53539009981689,2.36331806737857,28.3847887391362,0.531817750231386,30.7836018210929,2.88063969088432,0.520639378319504,27.2627607930281,0.546153652313432,24.5828034348573,2.97130410811551,0.542243681927796,22.3751642509801,0.528979551444353,44.3151184417479,2.25672318692924,0.515340785578264,36.5388732087084,0.850586147086717,7.52473740488435,9.36399168763037,0.900710496488249,40.1025800835862,2.10777990352087,12.706659501934,20.2678386411243,0.920067199971448,23.5912754237218,0.852538923040823,13.1095572966562,0.954777353043217,2.25540621812265,52.3211406680381,0.859903046933561,21.0464662395551,11.6344304588615,0.934638537396417,43.4018827509915,0.98431314404243,6.53726679451311,1.06792173585481,3.78820968286681,41.3591661164201,0.857107591164895,37.6188352677547,9.19706252161623,7.58374644209115,31.7037313556425,0.971773199793832,36.6416575394581,1.35586329482958,0.946068049481188,37.6924864388018,0.876351932471684,17.5091018563506,6.51532314424758,0.924688884681469,48.6815410435392,1.15444320228584,6.15352287384702,1.67562915352273,2.4975800927783,6.25662197955935,0.869246417938238,13.5515314657173,2.22577741341671,0.965180391161496,38.3182227719414,2.26196826049374,41.6527405521501,3.89749462389582,2.24561734812232,48.8225818918913,0.871531388071456,40.1072730842041,7.83923524533928,2.33276134882992,30.3149845028199,0.896013757049939,13.5748934913209,3.70067708901077,0.984760679169784,42.8398890636182,1.12191907847723,80.5159089321868,1.37866114604424,7.39076336785518,4.20496904012345,0.862797034372627,36.3566978983216,25.3317177506219,3.74471235179649,33.0739418692179,1.01773372708559,1.56783214974979,0.807135153401144,1.00593745066195,1.52767193353131,0.882014351975847,8.38923493989114,8.9694389858171,0.939566683463744,29.7743319146707,0.92222949074131,26.8259656652739,1.32604831417776,1.03207776955226,40.5496007378493,0.879226138037839,13.7769479591458,0.607952135521806,3.27016628929953,42.9716785055018,0.852529995136932,6.56857922789593,1.29219445144691,0.906097640920127,32.723908374659,12.7912599634627,33.5514546541259,1.55072449547248,10.2555680213155,28.2869089071575,0.865928553573086,21.2266849834559,33.5155024604038,0.910867816881725,36.853982095766,0.988663487861347,56.0441742252186,20.7893353803908,0.936265544097191,22.7205835513581,2.44066635477914,5.27317071244527,3.64175206472432,7.82268205013793,38.2178981115169,0.860030590408499,15.8692075150894,0.997385768564047,0.915589017198477,41.057657752768,1.15332382283754,36.4571964308066,19.2608208767458,1.25913789055484,30.8691189257822,1.67112508142593,18.8393370348764,0.519360080408203,1.04094974603461,47.3276640672111,0.914847998210619,9.86902525659609,1.03555149860447,1.38999972335117,35.3384631254928,0.855269275843161,42.417995615172,10.5832805568311,5.39002259126622,38.8812943850367,0.852909689486935,5.78287369696068,0.922064289786469,7.64822579049559,34.366790389772,0.877735587229879,24.0692797461724,0.739035348622032,0.933703500209259,38.5810680926116,0.891323449861103,17.1290338979988,0.502521411717076,0.954367484592281,41.7115117841854
10.0600988335619,0.504064264230121,27.9170440838244,1.0509093248376,0.502518447310008,37.8763401292113,2.12115196593543,16.3920125422708,23.5727501333121,0.571334198723813,30.6683843158259,0.502933770906139,14.3272010066538,1.62422856361787,1.92560060268241,28.7722628420674,0.506783613270406,30.5636323180108,2.97744067055324,0.504482044710883,27.6103332504017,0.501677438659055,24.3910457067462,3.37090123953885,0.501539589971213,22.7768425409299,0.536461460318056,44.2999935387479,2.3756132831491,0.520342596520288,38.2737734909591,0.871139019282369,6.89194425051476,9.65962425129662,0.926340483135388,39.9839353220281,2.03013647557983,10.7339583390791,22.7742950453747,0.905207021138343,24.5360633741853,0.887398688079984,13.0826733453488,1.04755398049072,1.89028929181731,53.4428966866036,0.854376596488681,18.1839955668528,11.9395221186131,0.918929502620131,40.1146193341716,0.980265876373253,6.71612209982323,1.13369346418896,3.31578463126527,40.7703376813739,0.866644375939269,35.3342377768556,11.7358479205258,7.35605386803219,32.3614579044063,0.852838321638823,38.2941853981083,1.69009513228198,0.905341800199306,38.9445245028136,0.876077394640573,16.4470011753117,6.92985745094711,0.925363262929863,48.358126531469,1.12122287911297,5.59118080236073,1.54734668697843,2.32325503198493,5.68303036898787,0.856338512808684,13.1650682758659,2.23454777826157,0.922193045490791,37.5728297515513,2.16273681858902,41.4825999159625,4.06098291448134,2.1523322047959,48.6601058607918,0.85118750780466,40.4541715329834,8.46460424171195,2.29303595646781,30.5160649495002,0.898467916533724,13.0903613126365,3.77547047045309,0.991602046526992,42.3763808850363,0.861320941711911,80.3969081785213,1.39983328117123,7.38878156370559,4.21352874597959,0.930904494202791,36.1981412320069,25.4391985464678,3.73257718226337,32.9153982243879,0.910161963867161,1.20365549314681,0.61015738618061,0.937997226800233,1.18925567665108,0.967582241335005,8.31777212192141,9.07862558357202,1.04585994424259,29.701737133576,0.893711849876905,26.0185417641341,1.33778791082454,0.981502772811291,39.0893634302842,0.869986101568677,13.6824830192273,0.614372435085534,3.2168047052795,43.0015750620351,0.857011999865596,6.51631274611541,1.29177270062005,0.917067649852902,32.6138160879249,10.2209874195654,33.5825441242868,1.48177792161257,7.04683617388863,30.6483343228123,0.883703386201815,20.261936548675,32.9265860187175,0.923401645999954,36.53036416242,0.868485831779391,55.9689084897087,20.8253898129378,0.90483614788305,22.6641551859546,2.41849905766979,5.37912787061906,3.93877555678998,6.44781973700878,38.6941117820864,0.895615426957546,15.839750021845,1.03314390415044,0.971974862269166,41.5828003397926,1.01703835692273,36.4683460960648,19.2497058571037,1.09775234658748,30.8755112931538,1.49704925055826,18.5195179816209,0.50134316801325,0.909590827468583,46.2051676226779,0.899994144871873,9.75876933480291,1.04987526573046,1.42488020421381,35.0764540104282,0.851202519037695,42.1748941656105,11.0385687817995,5.29802945085258,39.0371473591731,0.850109041901333,5.56090615861594,0.920648951844738,7.53925076563616,33.1285951381209,0.855549365987164,23.1488599551655,0.722350194487882,0.906225350872318,36.7242578634995,0.887564489210143,17.0313437750502,0.502693779827417,0.948402164712546,41.5538683163093
14.2305376353411,0.511996230698312,26.3456409045789,1.01011959952657,0.507489039844053,34.2373195045819,2.02153451273061,13.4836518858701,26.8919214952443,0.579625451808685,30.3410473094174,0.500917593208881,13.9929826297747,1.70572894196525,1.56464154279783,28.2562763835217,0.549069202145902,30.2313312267988,3.06658281499064,0.533203729211423,27.640081047261,0.51104835528485,24.0242394218908,3.80967477262452,0.510410129823548,22.9315781107423,0.604828529750567,44.1584220136773,2.50067301675639,0.561721212857123,39.773959393937,0.890871335218331,6.2823971404298,9.88673320715396,0.952322609311234,39.6920483064371,1.96334486561146,8.85469251476322,25.1493551324103,0.963150873524952,25.2910510606554,1.15939275527514,12.9812577376353,1.14638684117233,1.58029297658656,54.1569766414287,0.850603486942127,15.5694596964102,11.7800547244808,0.903396632156133,36.6038109641629,0.974471292879743,6.79031977623408,1.19248780622134,2.90293467608358,39.5056692644476,0.861834231572828,32.1273211054948,14.5546126567753,7.10417447789109,32.7384329957044,0.852182639030136,39.6730964622724,2.14230246332074,0.903938039263802,40.1224660661328,0.875721173095909,15.3562543631903,7.28209784249506,0.925975419764778,47.8627400577706,1.08800255455185,5.0288385222304,1.41906420548954,2.14892995741988,5.10943848924424,0.864829428241409,12.7625109127771,2.22717383520254,0.954549532125163,36.6847133637705,2.0192697471843,41.3080389554954,4.22756947498466,2.01808944116008,48.473796364107,0.853466503483244,40.7452116050813,9.10611330047049,2.25237678703323,30.6852385402123,0.900668181650386,12.5996422902264,3.82668884525222,0.998280152308659,41.8136490508394,0.920813808703108,80.3917974182913,1.42258472967775,7.39118803988277,4.22861158002415,0.998423753125906,36.0498018849212,25.5291442259296,3.7216335350011,32.7655865424818,1.10377877027734,1.85915334537139,0.964700829058558,1.06028180608601,1.79838388115005,0.879838534188909,8.24385270974294,9.18172691168739,0.937058444453054,29.6111652262082,0.866316530849874,25.1406801393143,1.33830256135151,0.931068332633498,37.4521649656956,0.860825237679639,13.5765840385189,0.620110070550043,3.16588141734788,42.9419195700159,0.855671224109729,6.46049200264683,1.29042990596266,0.913863545647928,32.474951140098,8.29571396676678,33.5851572910525,1.41661300318172,5.06157167275809,32.0829347558143,0.900466026996849,19.3250836875719,32.2473760037402,0.935659961791417,36.1985517606387,0.947281688619357,55.9022277627786,20.8546693291402,0.92546450536072,22.6124943480679,2.38717708434352,5.43655057266085,4.22099049874252,5.35177375355481,38.6508433089707,0.880831120197237,15.8051007823174,1.07051578714897,0.94915387453617,42.0738009726415,0.880729822187547,36.4792280136946,19.2397999944589,0.936376532679672,30.882116994088,1.34396937242823,18.1755818957218,0.502718680830088,0.917679272580891,44.9639128137514,0.886050372718338,9.63878123287781,1.06285470258982,1.44971550043704,34.7545586473068,0.852819890972297,41.9276397563711,11.4673395509723,5.21057152911243,39.1374602814497,0.856048836267169,5.3118618849243,0.9127481818866,7.4434367933321,31.6524405190768,0.85145631491659,22.157826946991,0.698566976308358,0.901868072762484,34.6756316225006,0.853936531161372,16.927719497658,0.500281533989299,0.905200853067863,41.3583039218275
